Site Name,OutageUID,Project ID,Date,Emp ID,Firm,Role,ST Hours,OT Hours,Total Cost
North Substation,NS_MO_2025,PRJ-NS-1286,01-12-2025,C-1067,PrimeFix Solutions,Millwright,8,0,754.21
North Substation,NS_MO_2025,PRJ-NS-1390,01-12-2025,C-1013,Atlas Heavy Eng,Safety Officer,8,0,603.13
North Substation,NS_MO_2025,PRJ-NS-1255,01-12-2025,C-1000,PrimeFix Solutions,Millwright,8,0,741.9
North Substation,NS_MO_2025,PRJ-NS-1315,01-12-2025,C-1020,Midwest Mech Pros,Field Engineer,8,0,1163.54
North Substation,NS_MO_2025,PRJ-NS-1366,01-12-2025,C-1010,PrimeFix Solutions,Field Engineer,8,0,1566.23
North Substation,NS_MO_2025,PRJ-NS-1259,01-12-2025,C-1043,Apex Industrial,Crane Operator,8,0,793.44
North Substation,NS_MO_2025,PRJ-NS-1176,01-12-2025,C-1029,Midwest Mech Pros,Controls Tech,8,0,1057.37
North Substation,NS_MO_2025,PRJ-NS-1181,01-12-2025,C-1069,Precision Welding,Safety Officer,8,0,516.32
North Substation,NS_MO_2025,PRJ-NS-1200,01-12-2025,C-1005,Atlas Heavy Eng,Millwright,8,0,616.43
North Substation,NS_MO_2025,PRJ-NS-1244,01-12-2025,C-1078,Atlas Heavy Eng,Millwright,8,0,672.79
North Substation,NS_MO_2025,PRJ-NS-1226,01-12-2025,C-1018,Atlas Heavy Eng,Controls Tech,8,0,1150.14
North Substation,NS_MO_2025,PRJ-NS-1324,01-12-2025,C-1072,Apex Industrial,Crane Operator,8,0,733.07
North Substation,NS_MO_2025,PRJ-NS-1151,01-12-2025,C-1065,PrimeFix Solutions,Safety Officer,8,0,659.68
North Substation,NS_MO_2025,PRJ-NS-1369,01-12-2025,C-1008,Apex Industrial,Safety Officer,8,0,644.77
North Substation,NS_MO_2025,PRJ-NS-1346,01-12-2025,C-1006,Apex Industrial,Field Engineer,8,0,1392.54
North Substation,NS_MO_2025,PRJ-NS-1334,01-12-2025,C-1010,PrimeFix Solutions,Field Engineer,8,0,1605.99
North Substation,NS_MO_2025,PRJ-NS-1332,01-12-2025,C-1052,PrimeFix Solutions,General Labor,8,0,344.69
North Substation,NS_MO_2025,PRJ-NS-1275,01-12-2025,C-1024,Apex Industrial,Millwright,8,0,721.53
North Substation,NS_MO_2025,PRJ-NS-1261,01-12-2025,C-1018,Atlas Heavy Eng,Controls Tech,8,0,1113.36
North Substation,NS_MO_2025,PRJ-NS-1190,01-12-2025,C-1021,Summit Field Techs,Millwright,8,0,696.43
North Substation,NS_MO_2025,PRJ-NS-1276,01-12-2025,C-1003,Summit Field Techs,Millwright,8,0,665.73
North Substation,NS_MO_2025,PRJ-NS-1330,01-12-2025,C-1071,PrimeFix Solutions,Crane Operator,8,0,803.53
North Substation,NS_MO_2025,PRJ-NS-1372,01-12-2025,C-1066,Apex Industrial,General Labor,8,0,400.72
North Substation,NS_MO_2025,PRJ-NS-1162,01-12-2025,C-1040,Atlas Heavy Eng,Crane Operator,8,0,855.58
North Substation,NS_MO_2025,PRJ-NS-1394,01-12-2025,C-1029,Midwest Mech Pros,Controls Tech,8,0,1029.68
North Substation,NS_MO_2025,PRJ-NS-1291,01-12-2025,C-1005,Atlas Heavy Eng,Millwright,8,0,580.77
North Substation,NS_MO_2025,PRJ-NS-1265,01-12-2025,C-1079,Precision Welding,Crane Operator,8,0,724.07
North Substation,NS_MO_2025,PRJ-NS-1191,01-12-2025,C-1047,Atlas Heavy Eng,Millwright,8,0,617.54
North Substation,NS_MO_2025,PRJ-NS-1226,01-12-2025,C-1023,Summit Field Techs,Field Engineer,8,0,1660.77
North Substation,NS_MO_2025,PRJ-NS-1374,01-12-2025,C-1019,Midwest Mech Pros,Controls Tech,8,0,1031.55
North Substation,NS_MO_2025,PRJ-NS-1361,01-12-2025,C-1073,Precision Welding,General Labor,8,0,361.9
North Substation,NS_MO_2025,PRJ-NS-1236,01-12-2025,C-1005,Atlas Heavy Eng,Millwright,8,0,613.47
North Substation,NS_MO_2025,PRJ-NS-1307,01-12-2025,C-1066,Apex Industrial,General Labor,8,0,399.27
North Substation,NS_MO_2025,PRJ-NS-1302,01-12-2025,C-1035,Summit Field Techs,General Labor,8,0,354.23
North Substation,NS_MO_2025,PRJ-NS-1205,01-12-2025,C-1012,Midwest Mech Pros,Controls Tech,8,0,1068.46
North Substation,NS_MO_2025,PRJ-NS-1380,01-12-2025,C-1006,Apex Industrial,Field Engineer,8,0,1399.16
North Substation,NS_MO_2025,PRJ-NS-1257,01-12-2025,C-1077,Precision Welding,Safety Officer,8,0,562.11
North Substation,NS_MO_2025,PRJ-NS-1324,01-12-2025,C-1078,Atlas Heavy Eng,Millwright,8,0,684.25
North Substation,NS_MO_2025,PRJ-NS-1226,01-12-2025,C-1001,Apex Industrial,General Labor,8,0,407.84
North Substation,NS_MO_2025,PRJ-NS-1198,01-12-2025,C-1043,Apex Industrial,Crane Operator,8,0,856.25
North Substation,NS_MO_2025,PRJ-NS-1322,01-12-2025,C-1031,Summit Field Techs,Crane Operator,8,0,775.72
North Substation,NS_MO_2025,PRJ-NS-1378,01-12-2025,C-1020,Midwest Mech Pros,Field Engineer,8,0,1161.07
North Substation,NS_MO_2025,PRJ-NS-1160,01-12-2025,C-1021,Summit Field Techs,Millwright,8,0,656.44
North Substation,NS_MO_2025,PRJ-NS-1153,01-12-2025,C-1035,Summit Field Techs,General Labor,8,0,370.46
North Substation,NS_MO_2025,PRJ-NS-1189,01-12-2025,C-1024,Apex Industrial,Millwright,8,0,774.46
North Substation,NS_MO_2025,PRJ-NS-1349,01-12-2025,C-1011,Midwest Mech Pros,General Labor,8,0,421.58
North Substation,NS_MO_2025,PRJ-NS-1270,01-12-2025,C-1006,Apex Industrial,Field Engineer,8,0,1409.79
North Substation,NS_MO_2025,PRJ-NS-1373,01-12-2025,C-1037,PrimeFix Solutions,Controls Tech,8,0,1125.82
North Substation,NS_MO_2025,PRJ-NS-1185,01-12-2025,C-1023,Summit Field Techs,Field Engineer,8,0,1600.12
North Substation,NS_MO_2025,PRJ-NS-1207,01-12-2025,C-1006,Apex Industrial,Field Engineer,8,0,1344.05
North Substation,NS_MO_2025,PRJ-NS-1323,01-12-2025,C-1079,Precision Welding,Crane Operator,8,0,795.16
North Substation,NS_MO_2025,PRJ-NS-1196,01-12-2025,C-1023,Summit Field Techs,Field Engineer,8,0,1571.19
North Substation,NS_MO_2025,PRJ-NS-1304,01-12-2025,C-1059,PrimeFix Solutions,Field Engineer,8,0,1186.1
North Substation,NS_MO_2025,PRJ-NS-1311,01-12-2025,C-1039,PrimeFix Solutions,Field Engineer,8,0,1504.99
North Substation,NS_MO_2025,PRJ-NS-1326,01-12-2025,C-1076,Apex Industrial,Safety Officer,8,0,640.05
North Substation,NS_MO_2025,PRJ-NS-1379,01-12-2025,C-1019,Midwest Mech Pros,Controls Tech,8,0,1015.04
North Substation,NS_MO_2025,PRJ-NS-1300,01-12-2025,C-1023,Summit Field Techs,Field Engineer,8,0,1654.73
North Substation,NS_MO_2025,PRJ-NS-1187,01-12-2025,C-1028,Midwest Mech Pros,Field Engineer,8,0,1501.64
North Substation,NS_MO_2025,PRJ-NS-1190,01-12-2025,C-1006,Apex Industrial,Field Engineer,8,0,1411.75
North Substation,NS_MO_2025,PRJ-NS-1222,01-12-2025,C-1041,Precision Welding,Millwright,8,0,692.4
North Substation,NS_MO_2025,PRJ-NS-1380,01-12-2025,C-1039,PrimeFix Solutions,Field Engineer,8,0,1458.34
North Substation,NS_MO_2025,PRJ-NS-1271,01-12-2025,C-1013,Atlas Heavy Eng,Safety Officer,8,0,570.62
North Substation,NS_MO_2025,PRJ-NS-1183,01-12-2025,C-1078,Atlas Heavy Eng,Millwright,8,0,722.99
North Substation,NS_MO_2025,PRJ-NS-1211,01-12-2025,C-1067,PrimeFix Solutions,Millwright,8,0,749.56
North Substation,NS_MO_2025,PRJ-NS-1288,01-12-2025,C-1077,Precision Welding,Safety Officer,8,0,572.97
North Substation,NS_MO_2025,PRJ-NS-1263,01-12-2025,C-1054,Midwest Mech Pros,General Labor,8,0,414.21
North Substation,NS_MO_2025,PRJ-NS-1347,01-12-2025,C-1027,Precision Welding,Crane Operator,8,0,848.0
North Substation,NS_MO_2025,PRJ-NS-1228,01-12-2025,C-1020,Midwest Mech Pros,Field Engineer,8,0,1226.48
North Substation,NS_MO_2025,PRJ-NS-1313,01-12-2025,C-1005,Atlas Heavy Eng,Millwright,8,0,600.47
North Substation,NS_MO_2025,PRJ-NS-1234,01-12-2025,C-1043,Apex Industrial,Crane Operator,8,0,812.05
North Substation,NS_MO_2025,PRJ-NS-1250,01-12-2025,C-1072,Apex Industrial,Crane Operator,8,0,725.03
North Substation,NS_MO_2025,PRJ-NS-1302,01-12-2025,C-1011,Midwest Mech Pros,General Labor,8,0,439.51
North Substation,NS_MO_2025,PRJ-NS-1356,01-12-2025,C-1039,PrimeFix Solutions,Field Engineer,8,0,1497.46
North Substation,NS_MO_2025,PRJ-NS-1334,01-12-2025,C-1005,Atlas Heavy Eng,Millwright,8,0,618.68
North Substation,NS_MO_2025,PRJ-NS-1375,01-12-2025,C-1012,Midwest Mech Pros,Controls Tech,8,0,1001.65
North Substation,NS_MO_2025,PRJ-NS-1162,01-12-2025,C-1069,Precision Welding,Safety Officer,8,0,535.9
North Substation,NS_MO_2025,PRJ-NS-1197,01-12-2025,C-1051,Apex Industrial,Crane Operator,8,0,894.88
North Substation,NS_MO_2025,PRJ-NS-1325,01-12-2025,C-1019,Midwest Mech Pros,Controls Tech,8,0,1040.14
North Substation,NS_MO_2025,PRJ-NS-1258,01-12-2025,C-1015,Atlas Heavy Eng,Controls Tech,8,0,1287.72
North Substation,NS_MO_2025,PRJ-NS-1181,01-12-2025,C-1039,PrimeFix Solutions,Field Engineer,8,0,1515.92
North Substation,NS_MO_2025,PRJ-NS-1354,01-12-2025,C-1066,Apex Industrial,General Labor,8,0,374.61
North Substation,NS_MO_2025,PRJ-NS-1312,01-12-2025,C-1010,PrimeFix Solutions,Field Engineer,8,0,1550.07
North Substation,NS_MO_2025,PRJ-NS-1335,01-12-2025,C-1019,Midwest Mech Pros,Controls Tech,8,0,1086.06
North Substation,NS_MO_2025,PRJ-NS-1329,01-12-2025,C-1067,PrimeFix Solutions,Millwright,8,0,711.1
North Substation,NS_MO_2025,PRJ-NS-1188,01-12-2025,C-1024,Apex Industrial,Millwright,8,0,711.47
North Substation,NS_MO_2025,PRJ-NS-1189,01-12-2025,C-1074,Apex Industrial,Controls Tech,8,0,1115.9
North Substation,NS_MO_2025,PRJ-NS-1192,01-12-2025,C-1040,Atlas Heavy Eng,Crane Operator,8,0,860.2
North Substation,NS_MO_2025,PRJ-NS-1194,01-12-2025,C-1030,Summit Field Techs,Millwright,8,0,602.43
North Substation,NS_MO_2025,PRJ-NS-1393,01-12-2025,C-1037,PrimeFix Solutions,Controls Tech,8,0,1087.21
North Substation,NS_MO_2025,PRJ-NS-1326,01-12-2025,C-1053,Precision Welding,Millwright,8,0,639.41
North Substation,NS_MO_2025,PRJ-NS-1186,01-12-2025,C-1058,Midwest Mech Pros,Controls Tech,8,0,1272.61
North Substation,NS_MO_2025,PRJ-NS-1312,01-12-2025,C-1042,PrimeFix Solutions,General Labor,8,0,406.84
North Substation,NS_MO_2025,PRJ-NS-1232,01-12-2025,C-1073,Precision Welding,General Labor,8,0,393.02
North Substation,NS_MO_2025,PRJ-NS-1186,02-12-2025,C-1058,Midwest Mech Pros,Controls Tech,8,0,1322.18
North Substation,NS_MO_2025,PRJ-NS-1263,02-12-2025,C-1054,Midwest Mech Pros,General Labor,8,0,389.03
North Substation,NS_MO_2025,PRJ-NS-1198,02-12-2025,C-1043,Apex Industrial,Crane Operator,8,0,783.38
North Substation,NS_MO_2025,PRJ-NS-1236,02-12-2025,C-1005,Atlas Heavy Eng,Millwright,8,0,631.1
North Substation,NS_MO_2025,PRJ-NS-1323,02-12-2025,C-1079,Precision Welding,Crane Operator,8,0,761.52
North Substation,NS_MO_2025,PRJ-NS-1356,02-12-2025,C-1067,PrimeFix Solutions,Millwright,8,0,730.06
North Substation,NS_MO_2025,PRJ-NS-1307,02-12-2025,C-1066,Apex Industrial,General Labor,8,0,402.66
North Substation,NS_MO_2025,PRJ-NS-1356,02-12-2025,C-1054,Midwest Mech Pros,General Labor,8,0,403.18
North Substation,NS_MO_2025,PRJ-NS-1228,02-12-2025,C-1027,Precision Welding,Crane Operator,8,0,914.3
North Substation,NS_MO_2025,PRJ-NS-1166,02-12-2025,C-1023,Summit Field Techs,Field Engineer,8,0,1668.07
North Substation,NS_MO_2025,PRJ-NS-1172,02-12-2025,C-1005,Atlas Heavy Eng,Millwright,8,0,613.13
North Substation,NS_MO_2025,PRJ-NS-1226,02-12-2025,C-1018,Atlas Heavy Eng,Controls Tech,8,0,1184.6
North Substation,NS_MO_2025,PRJ-NS-1234,02-12-2025,C-1043,Apex Industrial,Crane Operator,8,0,838.43
North Substation,NS_MO_2025,PRJ-NS-1261,02-12-2025,C-1018,Atlas Heavy Eng,Controls Tech,8,0,1082.44
North Substation,NS_MO_2025,PRJ-NS-1222,02-12-2025,C-1041,Precision Welding,Millwright,8,0,733.6
North Substation,NS_MO_2025,PRJ-NS-1206,02-12-2025,C-1026,Precision Welding,Controls Tech,8,0,1038.72
North Substation,NS_MO_2025,PRJ-NS-1194,02-12-2025,C-1006,Apex Industrial,Field Engineer,8,0,1388.73
North Substation,NS_MO_2025,PRJ-NS-1269,02-12-2025,C-1029,Midwest Mech Pros,Controls Tech,8,0,978.54
North Substation,NS_MO_2025,PRJ-NS-1334,02-12-2025,C-1010,PrimeFix Solutions,Field Engineer,8,0,1531.07
North Substation,NS_MO_2025,PRJ-NS-1311,02-12-2025,C-1039,PrimeFix Solutions,Field Engineer,8,0,1493.52
North Substation,NS_MO_2025,PRJ-NS-1258,02-12-2025,C-1060,Summit Field Techs,General Labor,8,0,447.44
North Substation,NS_MO_2025,PRJ-NS-1196,02-12-2025,C-1023,Summit Field Techs,Field Engineer,8,0,1532.3
North Substation,NS_MO_2025,PRJ-NS-1194,02-12-2025,C-1046,Precision Welding,General Labor,8,0,430.67
North Substation,NS_MO_2025,PRJ-NS-1390,02-12-2025,C-1013,Atlas Heavy Eng,Safety Officer,8,0,609.07
North Substation,NS_MO_2025,PRJ-NS-1326,02-12-2025,C-1053,Precision Welding,Millwright,8,0,631.22
North Substation,NS_MO_2025,PRJ-NS-1372,02-12-2025,C-1066,Apex Industrial,General Labor,8,0,369.65
North Substation,NS_MO_2025,PRJ-NS-1162,02-12-2025,C-1069,Precision Welding,Safety Officer,8,0,535.99
North Substation,NS_MO_2025,PRJ-NS-1370,02-12-2025,C-1028,Midwest Mech Pros,Field Engineer,8,0,1449.14
North Substation,NS_MO_2025,PRJ-NS-1176,02-12-2025,C-1029,Midwest Mech Pros,Controls Tech,8,0,994.01
North Substation,NS_MO_2025,PRJ-NS-1185,03-12-2025,C-1023,Summit Field Techs,Field Engineer,8,0,1627.11
North Substation,NS_MO_2025,PRJ-NS-1188,03-12-2025,C-1003,Summit Field Techs,Millwright,8,0,683.04
North Substation,NS_MO_2025,PRJ-NS-1190,03-12-2025,C-1006,Apex Industrial,Field Engineer,8,0,1321.31
North Substation,NS_MO_2025,PRJ-NS-1352,03-12-2025,C-1060,Summit Field Techs,General Labor,8,0,460.76
North Substation,NS_MO_2025,PRJ-NS-1185,03-12-2025,C-1023,Summit Field Techs,Field Engineer,8,0,1517.68
North Substation,NS_MO_2025,PRJ-NS-1350,03-12-2025,C-1079,Precision Welding,Crane Operator,8,0,789.48
North Substation,NS_MO_2025,PRJ-NS-1379,03-12-2025,C-1019,Midwest Mech Pros,Controls Tech,8,0,1023.32
North Substation,NS_MO_2025,PRJ-NS-1304,03-12-2025,C-1013,Atlas Heavy Eng,Safety Officer,8,0,583.33
North Substation,NS_MO_2025,PRJ-NS-1379,03-12-2025,C-1019,Midwest Mech Pros,Controls Tech,8,0,1119.6
North Substation,NS_MO_2025,PRJ-NS-1192,03-12-2025,C-1040,Atlas Heavy Eng,Crane Operator,8,0,886.96
North Substation,NS_MO_2025,PRJ-NS-1302,03-12-2025,C-1035,Summit Field Techs,General Labor,8,0,359.61
North Substation,NS_MO_2025,PRJ-NS-1390,03-12-2025,C-1062,PrimeFix Solutions,General Labor,8,0,387.99
North Substation,NS_MO_2025,PRJ-NS-1270,03-12-2025,C-1006,Apex Industrial,Field Engineer,8,0,1365.66
North Substation,NS_MO_2025,PRJ-NS-1302,03-12-2025,C-1011,Midwest Mech Pros,General Labor,8,0,421.39
North Substation,NS_MO_2025,PRJ-NS-1315,03-12-2025,C-1020,Midwest Mech Pros,Field Engineer,8,0,1237.01
North Substation,NS_MO_2025,PRJ-NS-1393,03-12-2025,C-1003,Summit Field Techs,Millwright,8,0,652.38
North Substation,NS_MO_2025,PRJ-NS-1206,03-12-2025,C-1026,Precision Welding,Controls Tech,8,0,1052.54
North Substation,NS_MO_2025,PRJ-NS-1182,03-12-2025,C-1029,Midwest Mech Pros,Controls Tech,8,0,971.81
North Substation,NS_MO_2025,PRJ-NS-1390,03-12-2025,C-1013,Atlas Heavy Eng,Safety Officer,8,0,583.2
North Substation,NS_MO_2025,PRJ-NS-1276,03-12-2025,C-1003,Summit Field Techs,Millwright,8,0,670.65
North Substation,NS_MO_2025,PRJ-NS-1150,03-12-2025,C-1071,PrimeFix Solutions,Crane Operator,8,0,763.02
North Substation,NS_MO_2025,PRJ-NS-1388,03-12-2025,C-1045,Midwest Mech Pros,Crane Operator,8,0,814.29
North Substation,NS_MO_2025,PRJ-NS-1236,03-12-2025,C-1005,Atlas Heavy Eng,Millwright,8,0,616.77
North Substation,NS_MO_2025,PRJ-NS-1324,03-12-2025,C-1078,Atlas Heavy Eng,Millwright,8,0,689.3
North Substation,NS_MO_2025,PRJ-NS-1203,03-12-2025,C-1006,Apex Industrial,Field Engineer,8,0,1419.46
North Substation,NS_MO_2025,PRJ-NS-1206,03-12-2025,C-1026,Precision Welding,Controls Tech,8,0,1043.99
North Substation,NS_MO_2025,PRJ-NS-1246,03-12-2025,C-1079,Precision Welding,Crane Operator,8,0,797.46
North Substation,NS_MO_2025,PRJ-NS-1258,03-12-2025,C-1015,Atlas Heavy Eng,Controls Tech,8,0,1240.6
North Substation,NS_MO_2025,PRJ-NS-1384,03-12-2025,C-1035,Summit Field Techs,General Labor,8,0,359.16
North Substation,NS_MO_2025,PRJ-NS-1369,03-12-2025,C-1008,Apex Industrial,Safety Officer,8,0,699.32
North Substation,NS_MO_2025,PRJ-NS-1372,03-12-2025,C-1066,Apex Industrial,General Labor,8,0,382.38
North Substation,NS_MO_2025,PRJ-NS-1347,03-12-2025,C-1027,Precision Welding,Crane Operator,8,0,862.1
North Substation,NS_MO_2025,PRJ-NS-1373,03-12-2025,C-1037,PrimeFix Solutions,Controls Tech,8,0,1059.1
North Substation,NS_MO_2025,PRJ-NS-1259,03-12-2025,C-1035,Summit Field Techs,General Labor,8,0,371.16
North Substation,NS_MO_2025,PRJ-NS-1324,03-12-2025,C-1072,Apex Industrial,Crane Operator,8,0,742.83
North Substation,NS_MO_2025,PRJ-NS-1324,03-12-2025,C-1078,Atlas Heavy Eng,Millwright,8,0,722.86
North Substation,NS_MO_2025,PRJ-NS-1370,03-12-2025,C-1028,Midwest Mech Pros,Field Engineer,8,0,1417.12
North Substation,NS_MO_2025,PRJ-NS-1162,03-12-2025,C-1069,Precision Welding,Safety Officer,8,0,512.92
North Substation,NS_MO_2025,PRJ-NS-1205,03-12-2025,C-1012,Midwest Mech Pros,Controls Tech,8,0,990.9
North Substation,NS_MO_2025,PRJ-NS-1213,03-12-2025,C-1067,PrimeFix Solutions,Millwright,8,0,752.71
North Substation,NS_MO_2025,PRJ-NS-1186,03-12-2025,C-1058,Midwest Mech Pros,Controls Tech,8,0,1316.81
North Substation,NS_MO_2025,PRJ-NS-1236,03-12-2025,C-1005,Atlas Heavy Eng,Millwright,8,0,597.55
North Substation,NS_MO_2025,PRJ-NS-1300,03-12-2025,C-1023,Summit Field Techs,Field Engineer,8,0,1571.16
North Substation,NS_MO_2025,PRJ-NS-1250,03-12-2025,C-1072,Apex Industrial,Crane Operator,8,0,783.8
North Substation,NS_MO_2025,PRJ-NS-1257,03-12-2025,C-1077,Precision Welding,Safety Officer,8,0,576.86
North Substation,NS_MO_2025,PRJ-NS-1200,03-12-2025,C-1023,Summit Field Techs,Field Engineer,8,0,1556.29
North Substation,NS_MO_2025,PRJ-NS-1159,03-12-2025,C-1006,Apex Industrial,Field Engineer,8,0,1368.0
North Substation,NS_MO_2025,PRJ-NS-1384,03-12-2025,C-1035,Summit Field Techs,General Labor,8,0,363.09
North Substation,NS_MO_2025,PRJ-NS-1150,03-12-2025,C-1071,PrimeFix Solutions,Crane Operator,8,0,825.18
North Substation,NS_MO_2025,PRJ-NS-1352,03-12-2025,C-1060,Summit Field Techs,General Labor,8,0,443.51
North Substation,NS_MO_2025,PRJ-NS-1373,03-12-2025,C-1037,PrimeFix Solutions,Controls Tech,8,0,1080.6
North Substation,NS_MO_2025,PRJ-NS-1154,03-12-2025,C-1020,Midwest Mech Pros,Field Engineer,8,0,1194.02
North Substation,NS_MO_2025,PRJ-NS-1275,03-12-2025,C-1024,Apex Industrial,Millwright,8,0,743.97
North Substation,NS_MO_2025,PRJ-NS-1334,03-12-2025,C-1005,Atlas Heavy Eng,Millwright,8,0,616.84
North Substation,NS_MO_2025,PRJ-NS-1162,03-12-2025,C-1040,Atlas Heavy Eng,Crane Operator,8,0,815.81
North Substation,NS_MO_2025,PRJ-NS-1265,03-12-2025,C-1079,Precision Welding,Crane Operator,8,0,784.73
North Substation,NS_MO_2025,PRJ-NS-1324,03-12-2025,C-1078,Atlas Heavy Eng,Millwright,8,0,664.54
North Substation,NS_MO_2025,PRJ-NS-1206,03-12-2025,C-1026,Precision Welding,Controls Tech,8,0,1078.08
North Substation,NS_MO_2025,PRJ-NS-1349,03-12-2025,C-1011,Midwest Mech Pros,General Labor,8,0,422.79
North Substation,NS_MO_2025,PRJ-NS-1374,03-12-2025,C-1019,Midwest Mech Pros,Controls Tech,8,0,1076.92
North Substation,NS_MO_2025,PRJ-NS-1393,03-12-2025,C-1000,PrimeFix Solutions,Millwright,8,0,715.79
North Substation,NS_MO_2025,PRJ-NS-1334,03-12-2025,C-1010,PrimeFix Solutions,Field Engineer,8,0,1629.21
North Substation,NS_MO_2025,PRJ-NS-1200,03-12-2025,C-1023,Summit Field Techs,Field Engineer,8,0,1636.99
North Substation,NS_MO_2025,PRJ-NS-1342,03-12-2025,C-1030,Summit Field Techs,Millwright,8,0,602.02
North Substation,NS_MO_2025,PRJ-NS-1304,03-12-2025,C-1013,Atlas Heavy Eng,Safety Officer,8,0,602.54
North Substation,NS_MO_2025,PRJ-NS-1261,03-12-2025,C-1052,PrimeFix Solutions,General Labor,8,0,356.01
North Substation,NS_MO_2025,PRJ-NS-1302,03-12-2025,C-1035,Summit Field Techs,General Labor,8,0,365.56
North Substation,NS_MO_2025,PRJ-NS-1181,03-12-2025,C-1069,Precision Welding,Safety Officer,8,0,534.64
North Substation,NS_MO_2025,PRJ-NS-1335,03-12-2025,C-1019,Midwest Mech Pros,Controls Tech,8,0,1033.76
North Substation,NS_MO_2025,PRJ-NS-1334,03-12-2025,C-1010,PrimeFix Solutions,Field Engineer,8,0,1601.7
North Substation,NS_MO_2025,PRJ-NS-1196,03-12-2025,C-1023,Summit Field Techs,Field Engineer,8,0,1627.01
North Substation,NS_MO_2025,PRJ-NS-1268,03-12-2025,C-1028,Midwest Mech Pros,Field Engineer,8,0,1521.9
North Substation,NS_MO_2025,PRJ-NS-1226,03-12-2025,C-1023,Summit Field Techs,Field Engineer,8,0,1602.76
North Substation,NS_MO_2025,PRJ-NS-1321,03-12-2025,C-1062,PrimeFix Solutions,General Labor,8,0,368.07
North Substation,NS_MO_2025,PRJ-NS-1172,03-12-2025,C-1013,Atlas Heavy Eng,Safety Officer,8,0,572.07
North Substation,NS_MO_2025,PRJ-NS-1159,03-12-2025,C-1041,Precision Welding,Millwright,8,0,709.91
North Substation,NS_MO_2025,PRJ-NS-1380,03-12-2025,C-1006,Apex Industrial,Field Engineer,8,0,1348.41
North Substation,NS_MO_2025,PRJ-NS-1315,03-12-2025,C-1020,Midwest Mech Pros,Field Engineer,8,0,1228.33
North Substation,NS_MO_2025,PRJ-NS-1200,03-12-2025,C-1023,Summit Field Techs,Field Engineer,8,0,1593.86
North Substation,NS_MO_2025,PRJ-NS-1394,03-12-2025,C-1029,Midwest Mech Pros,Controls Tech,8,0,1021.65
North Substation,NS_MO_2025,PRJ-NS-1313,03-12-2025,C-1005,Atlas Heavy Eng,Millwright,8,0,580.03
North Substation,NS_MO_2025,PRJ-NS-1226,03-12-2025,C-1023,Summit Field Techs,Field Engineer,8,0,1581.2
North Substation,NS_MO_2025,PRJ-NS-1211,03-12-2025,C-1067,PrimeFix Solutions,Millwright,8,0,761.23
North Substation,NS_MO_2025,PRJ-NS-1271,03-12-2025,C-1013,Atlas Heavy Eng,Safety Officer,8,0,578.88
North Substation,NS_MO_2025,PRJ-NS-1248,03-12-2025,C-1026,Precision Welding,Controls Tech,8,0,991.71
North Substation,NS_MO_2025,PRJ-NS-1194,03-12-2025,C-1030,Summit Field Techs,Millwright,8,0,603.36
North Substation,NS_MO_2025,PRJ-NS-1288,03-12-2025,C-1077,Precision Welding,Safety Officer,8,0,581.66
North Substation,NS_MO_2025,PRJ-NS-1302,03-12-2025,C-1011,Midwest Mech Pros,General Labor,8,0,421.52
North Substation,NS_MO_2025,PRJ-NS-1325,03-12-2025,C-1019,Midwest Mech Pros,Controls Tech,8,0,1094.36
North Substation,NS_MO_2025,PRJ-NS-1304,03-12-2025,C-1013,Atlas Heavy Eng,Safety Officer,8,0,605.21
North Substation,NS_MO_2025,PRJ-NS-1356,03-12-2025,C-1054,Midwest Mech Pros,General Labor,8,0,401.95
North Substation,NS_MO_2025,PRJ-NS-1342,03-12-2025,C-1031,Summit Field Techs,Crane Operator,8,0,762.95
North Substation,NS_MO_2025,PRJ-NS-1304,03-12-2025,C-1059,PrimeFix Solutions,Field Engineer,8,0,1251.36
North Substation,NS_MO_2025,PRJ-NS-1208,03-12-2025,C-1045,Midwest Mech Pros,Crane Operator,8,0,830.92
North Substation,NS_MO_2025,PRJ-NS-1172,03-12-2025,C-1005,Atlas Heavy Eng,Millwright,8,0,589.22
North Substation,NS_MO_2025,PRJ-NS-1213,03-12-2025,C-1067,PrimeFix Solutions,Millwright,8,0,705.75
North Substation,NS_MO_2025,PRJ-NS-1257,03-12-2025,C-1077,Precision Welding,Safety Officer,8,0,556.53
North Substation,NS_MO_2025,PRJ-NS-1207,03-12-2025,C-1006,Apex Industrial,Field Engineer,8,0,1337.42
North Substation,NS_MO_2025,PRJ-NS-1182,03-12-2025,C-1029,Midwest Mech Pros,Controls Tech,8,0,983.46
North Substation,NS_MO_2025,PRJ-NS-1291,03-12-2025,C-1005,Atlas Heavy Eng,Millwright,8,0,627.76
North Substation,NS_MO_2025,PRJ-NS-1257,03-12-2025,C-1077,Precision Welding,Safety Officer,8,0,585.39
North Substation,NS_MO_2025,PRJ-NS-1295,03-12-2025,C-1005,Atlas Heavy Eng,Millwright,8,0,582.73
North Substation,NS_MO_2025,PRJ-NS-1228,03-12-2025,C-1027,Precision Welding,Crane Operator,8,0,835.77
North Substation,NS_MO_2025,PRJ-NS-1159,03-12-2025,C-1006,Apex Industrial,Field Engineer,8,0,1304.87
North Substation,NS_MO_2025,PRJ-NS-1194,03-12-2025,C-1006,Apex Industrial,Field Engineer,8,0,1377.69
North Substation,NS_MO_2025,PRJ-NS-1222,03-12-2025,C-1041,Precision Welding,Millwright,8,0,681.6
North Substation,NS_MO_2025,PRJ-NS-1329,03-12-2025,C-1067,PrimeFix Solutions,Millwright,8,0,759.24
North Substation,NS_MO_2025,PRJ-NS-1151,03-12-2025,C-1065,PrimeFix Solutions,Safety Officer,8,0,653.39
North Substation,NS_MO_2025,PRJ-NS-1213,03-12-2025,C-1067,PrimeFix Solutions,Millwright,8,0,733.1
North Substation,NS_MO_2025,PRJ-NS-1349,03-12-2025,C-1011,Midwest Mech Pros,General Labor,8,0,437.69
North Substation,NS_MO_2025,PRJ-NS-1354,03-12-2025,C-1066,Apex Industrial,General Labor,8,0,372.19
North Substation,NS_MO_2025,PRJ-NS-1390,03-12-2025,C-1013,Atlas Heavy Eng,Safety Officer,8,0,603.09
North Substation,NS_MO_2025,PRJ-NS-1236,03-12-2025,C-1005,Atlas Heavy Eng,Millwright,8,0,608.0
North Substation,NS_MO_2025,PRJ-NS-1181,03-12-2025,C-1039,PrimeFix Solutions,Field Engineer,8,0,1466.66
North Substation,NS_MO_2025,PRJ-NS-1261,03-12-2025,C-1052,PrimeFix Solutions,General Labor,8,0,358.07
North Substation,NS_MO_2025,PRJ-NS-1372,03-12-2025,C-1066,Apex Industrial,General Labor,8,0,399.18
North Substation,NS_MO_2025,PRJ-NS-1206,03-12-2025,C-1026,Precision Welding,Controls Tech,8,0,1040.35
North Substation,NS_MO_2025,PRJ-NS-1349,03-12-2025,C-1011,Midwest Mech Pros,General Labor,8,0,440.47
North Substation,NS_MO_2025,PRJ-NS-1183,03-12-2025,C-1078,Atlas Heavy Eng,Millwright,8,0,686.87
North Substation,NS_MO_2025,PRJ-NS-1194,03-12-2025,C-1030,Summit Field Techs,Millwright,8,0,647.45
North Substation,NS_MO_2025,PRJ-NS-1259,03-12-2025,C-1023,Summit Field Techs,Field Engineer,8,0,1580.03
North Substation,NS_MO_2025,PRJ-NS-1353,03-12-2025,C-1073,Precision Welding,General Labor,8,0,390.03
North Substation,NS_MO_2025,PRJ-NS-1352,03-12-2025,C-1060,Summit Field Techs,General Labor,8,0,446.12
North Substation,NS_MO_2025,PRJ-NS-1342,03-12-2025,C-1031,Summit Field Techs,Crane Operator,8,0,752.4
North Substation,NS_MO_2025,PRJ-NS-1375,03-12-2025,C-1012,Midwest Mech Pros,Controls Tech,8,0,1004.84
North Substation,NS_MO_2025,PRJ-NS-1205,03-12-2025,C-1012,Midwest Mech Pros,Controls Tech,8,0,1028.45
North Substation,NS_MO_2025,PRJ-NS-1259,03-12-2025,C-1043,Apex Industrial,Crane Operator,8,0,819.24
North Substation,NS_MO_2025,PRJ-NS-1374,03-12-2025,C-1019,Midwest Mech Pros,Controls Tech,8,0,1111.51
North Substation,NS_MO_2025,PRJ-NS-1200,03-12-2025,C-1023,Summit Field Techs,Field Engineer,8,0,1564.85
North Substation,NS_MO_2025,PRJ-NS-1312,03-12-2025,C-1042,PrimeFix Solutions,General Labor,8,0,418.18
North Substation,NS_MO_2025,PRJ-NS-1207,03-12-2025,C-1006,Apex Industrial,Field Engineer,8,0,1395.28
North Substation,NS_MO_2025,PRJ-NS-1222,03-12-2025,C-1041,Precision Welding,Millwright,8,0,732.86
North Substation,NS_MO_2025,PRJ-NS-1326,03-12-2025,C-1076,Apex Industrial,Safety Officer,8,0,636.76
North Substation,NS_MO_2025,PRJ-NS-1226,03-12-2025,C-1018,Atlas Heavy Eng,Controls Tech,8,0,1172.46
North Substation,NS_MO_2025,PRJ-NS-1291,03-12-2025,C-1054,Midwest Mech Pros,General Labor,8,0,409.28
North Substation,NS_MO_2025,PRJ-NS-1228,03-12-2025,C-1027,Precision Welding,Crane Operator,8,0,837.47
North Substation,NS_MO_2025,PRJ-NS-1374,03-12-2025,C-1019,Midwest Mech Pros,Controls Tech,8,0,1019.19
North Substation,NS_MO_2025,PRJ-NS-1189,03-12-2025,C-1074,Apex Industrial,Controls Tech,8,0,1129.08
North Substation,NS_MO_2025,PRJ-NS-1350,03-12-2025,C-1079,Precision Welding,Crane Operator,8,0,749.82
North Substation,NS_MO_2025,PRJ-NS-1259,03-12-2025,C-1035,Summit Field Techs,General Labor,8,0,358.62
North Substation,NS_MO_2025,PRJ-NS-1346,03-12-2025,C-1006,Apex Industrial,Field Engineer,8,0,1379.14
North Substation,NS_MO_2025,PRJ-NS-1181,03-12-2025,C-1078,Atlas Heavy Eng,Millwright,8,0,684.42
North Substation,NS_MO_2025,PRJ-NS-1384,03-12-2025,C-1035,Summit Field Techs,General Labor,8,0,370.74
North Substation,NS_MO_2025,PRJ-NS-1347,03-12-2025,C-1027,Precision Welding,Crane Operator,8,0,879.59
North Substation,NS_MO_2025,PRJ-NS-1349,03-12-2025,C-1011,Midwest Mech Pros,General Labor,8,0,400.01
North Substation,NS_MO_2025,PRJ-NS-1326,03-12-2025,C-1053,Precision Welding,Millwright,8,0,667.17
North Substation,NS_MO_2025,PRJ-NS-1275,03-12-2025,C-1024,Apex Industrial,Millwright,8,0,748.96
North Substation,NS_MO_2025,PRJ-NS-1187,03-12-2025,C-1028,Midwest Mech Pros,Field Engineer,8,0,1468.26
North Substation,NS_MO_2025,PRJ-NS-1356,03-12-2025,C-1039,PrimeFix Solutions,Field Engineer,8,0,1567.81
North Substation,NS_MO_2025,PRJ-NS-1207,03-12-2025,C-1006,Apex Industrial,Field Engineer,8,0,1341.94
North Substation,NS_MO_2025,PRJ-NS-1302,03-12-2025,C-1011,Midwest Mech Pros,General Labor,8,0,433.37
North Substation,NS_MO_2025,PRJ-NS-1200,03-12-2025,C-1005,Atlas Heavy Eng,Millwright,8,0,579.98
North Substation,NS_MO_2025,PRJ-NS-1205,03-12-2025,C-1012,Midwest Mech Pros,Controls Tech,8,0,1058.66
North Substation,NS_MO_2025,PRJ-NS-1307,03-12-2025,C-1066,Apex Industrial,General Labor,8,0,391.89
North Substation,NS_MO_2025,PRJ-NS-1327,03-12-2025,C-1023,Summit Field Techs,Field Engineer,8,0,1593.93
North Substation,NS_MO_2025,PRJ-NS-1255,03-12-2025,C-1000,PrimeFix Solutions,Millwright,8,0,706.02
North Substation,NS_MO_2025,PRJ-NS-1324,03-12-2025,C-1072,Apex Industrial,Crane Operator,8,0,775.13
North Substation,NS_MO_2025,PRJ-NS-1206,03-12-2025,C-1026,Precision Welding,Controls Tech,8,0,1056.93
North Substation,NS_MO_2025,PRJ-NS-1185,03-12-2025,C-1023,Summit Field Techs,Field Engineer,8,0,1645.84
North Substation,NS_MO_2025,PRJ-NS-1263,03-12-2025,C-1037,PrimeFix Solutions,Controls Tech,8,0,1155.91
North Substation,NS_MO_2025,PRJ-NS-1222,03-12-2025,C-1041,Precision Welding,Millwright,8,0,720.11
North Substation,NS_MO_2025,PRJ-NS-1268,03-12-2025,C-1028,Midwest Mech Pros,Field Engineer,8,0,1542.47
North Substation,NS_MO_2025,PRJ-NS-1334,03-12-2025,C-1005,Atlas Heavy Eng,Millwright,8,0,611.42
North Substation,NS_MO_2025,PRJ-NS-1388,03-12-2025,C-1045,Midwest Mech Pros,Crane Operator,8,0,852.69
North Substation,NS_MO_2025,PRJ-NS-1312,03-12-2025,C-1010,PrimeFix Solutions,Field Engineer,8,0,1526.43
North Substation,NS_MO_2025,PRJ-NS-1352,03-12-2025,C-1060,Summit Field Techs,General Labor,8,0,446.67
North Substation,NS_MO_2025,PRJ-NS-1321,03-12-2025,C-1062,PrimeFix Solutions,General Labor,8,0,363.22
North Substation,NS_MO_2025,PRJ-NS-1259,04-12-2025,C-1043,Apex Industrial,Crane Operator,8,0,783.61
North Substation,NS_MO_2025,PRJ-NS-1258,04-12-2025,C-1060,Summit Field Techs,General Labor,8,0,483.84
North Substation,NS_MO_2025,PRJ-NS-1326,04-12-2025,C-1053,Precision Welding,Millwright,8,0,627.17
North Substation,NS_MO_2025,PRJ-NS-1347,04-12-2025,C-1027,Precision Welding,Crane Operator,8,0,871.14
North Substation,NS_MO_2025,PRJ-NS-1265,04-12-2025,C-1079,Precision Welding,Crane Operator,8,0,793.84
North Substation,NS_MO_2025,PRJ-NS-1172,04-12-2025,C-1005,Atlas Heavy Eng,Millwright,8,0,631.15
North Substation,NS_MO_2025,PRJ-NS-1324,04-12-2025,C-1072,Apex Industrial,Crane Operator,8,0,771.5
North Substation,NS_MO_2025,PRJ-NS-1194,04-12-2025,C-1046,Precision Welding,General Labor,8,0,424.59
North Substation,NS_MO_2025,PRJ-NS-1226,04-12-2025,C-1018,Atlas Heavy Eng,Controls Tech,8,0,1145.78
North Substation,NS_MO_2025,PRJ-NS-1207,04-12-2025,C-1006,Apex Industrial,Field Engineer,8,0,1369.05
North Substation,NS_MO_2025,PRJ-NS-1300,04-12-2025,C-1023,Summit Field Techs,Field Engineer,8,0,1610.89
North Substation,NS_MO_2025,PRJ-NS-1188,04-12-2025,C-1024,Apex Industrial,Millwright,8,0,719.06
North Substation,NS_MO_2025,PRJ-NS-1291,04-12-2025,C-1005,Atlas Heavy Eng,Millwright,8,0,631.94
North Substation,NS_MO_2025,PRJ-NS-1349,04-12-2025,C-1011,Midwest Mech Pros,General Labor,8,0,418.48
North Substation,NS_MO_2025,PRJ-NS-1325,04-12-2025,C-1019,Midwest Mech Pros,Controls Tech,8,0,1057.09
North Substation,NS_MO_2025,PRJ-NS-1189,04-12-2025,C-1074,Apex Industrial,Controls Tech,8,0,1128.03
North Substation,NS_MO_2025,PRJ-NS-1228,04-12-2025,C-1020,Midwest Mech Pros,Field Engineer,8,0,1259.76
North Substation,NS_MO_2025,PRJ-NS-1311,04-12-2025,C-1039,PrimeFix Solutions,Field Engineer,8,0,1583.09
North Substation,NS_MO_2025,PRJ-NS-1208,04-12-2025,C-1045,Midwest Mech Pros,Crane Operator,8,0,846.68
North Substation,NS_MO_2025,PRJ-NS-1275,04-12-2025,C-1024,Apex Industrial,Millwright,8,0,759.53
North Substation,NS_MO_2025,PRJ-NS-1356,04-12-2025,C-1054,Midwest Mech Pros,General Labor,8,0,415.4
North Substation,NS_MO_2025,PRJ-NS-1189,04-12-2025,C-1024,Apex Industrial,Millwright,8,0,760.32
North Substation,NS_MO_2025,PRJ-NS-1335,04-12-2025,C-1019,Midwest Mech Pros,Controls Tech,8,0,1030.58
North Substation,NS_MO_2025,PRJ-NS-1192,04-12-2025,C-1040,Atlas Heavy Eng,Crane Operator,8,0,857.98
North Substation,NS_MO_2025,PRJ-NS-1162,04-12-2025,C-1040,Atlas Heavy Eng,Crane Operator,8,0,862.89
North Substation,NS_MO_2025,PRJ-NS-1276,04-12-2025,C-1003,Summit Field Techs,Millwright,8,0,695.47
North Substation,NS_MO_2025,PRJ-NS-1295,04-12-2025,C-1005,Atlas Heavy Eng,Millwright,8,0,607.46
North Substation,NS_MO_2025,PRJ-NS-1384,04-12-2025,C-1035,Summit Field Techs,General Labor,8,0,360.19
North Substation,NS_MO_2025,PRJ-NS-1304,04-12-2025,C-1013,Atlas Heavy Eng,Safety Officer,8,0,572.23
North Substation,NS_MO_2025,PRJ-NS-1226,04-12-2025,C-1001,Apex Industrial,General Labor,8,0,389.66
North Substation,NS_MO_2025,PRJ-NS-1354,04-12-2025,C-1066,Apex Industrial,General Labor,8,0,391.36
North Substation,NS_MO_2025,PRJ-NS-1234,05-12-2025,C-1043,Apex Industrial,Crane Operator,8,0,824.94
North Substation,NS_MO_2025,PRJ-NS-1197,05-12-2025,C-1051,Apex Industrial,Crane Operator,8,0,874.89
North Substation,NS_MO_2025,PRJ-NS-1393,05-12-2025,C-1003,Summit Field Techs,Millwright,8,0,693.27
North Substation,NS_MO_2025,PRJ-NS-1346,05-12-2025,C-1010,PrimeFix Solutions,Field Engineer,8,0,1597.63
North Substation,NS_MO_2025,PRJ-NS-1194,05-12-2025,C-1046,Precision Welding,General Labor,8,0,440.85
North Substation,NS_MO_2025,PRJ-NS-1159,05-12-2025,C-1006,Apex Industrial,Field Engineer,8,0,1378.15
North Substation,NS_MO_2025,PRJ-NS-1232,05-12-2025,C-1073,Precision Welding,General Labor,8,0,373.99
North Substation,NS_MO_2025,PRJ-NS-1162,05-12-2025,C-1069,Precision Welding,Safety Officer,8,0,519.16
North Substation,NS_MO_2025,PRJ-NS-1191,05-12-2025,C-1047,Atlas Heavy Eng,Millwright,8,0,612.89
North Substation,NS_MO_2025,PRJ-NS-1204,05-12-2025,C-1024,Apex Industrial,Millwright,8,0,734.8
North Substation,NS_MO_2025,PRJ-NS-1205,05-12-2025,C-1012,Midwest Mech Pros,Controls Tech,8,0,1026.69
North Substation,NS_MO_2025,PRJ-NS-1288,05-12-2025,C-1077,Precision Welding,Safety Officer,8,0,574.18
North Substation,NS_MO_2025,PRJ-NS-1315,05-12-2025,C-1020,Midwest Mech Pros,Field Engineer,8,0,1228.5
North Substation,NS_MO_2025,PRJ-NS-1366,05-12-2025,C-1066,Apex Industrial,General Labor,8,0,394.01
North Substation,NS_MO_2025,PRJ-NS-1322,05-12-2025,C-1031,Summit Field Techs,Crane Operator,8,0,740.62
North Substation,NS_MO_2025,PRJ-NS-1185,05-12-2025,C-1023,Summit Field Techs,Field Engineer,8,0,1600.7
North Substation,NS_MO_2025,PRJ-NS-1374,05-12-2025,C-1019,Midwest Mech Pros,Controls Tech,8,0,1062.89
North Substation,NS_MO_2025,PRJ-NS-1211,05-12-2025,C-1067,PrimeFix Solutions,Millwright,8,0,694.83
North Substation,NS_MO_2025,PRJ-NS-1172,05-12-2025,C-1013,Atlas Heavy Eng,Safety Officer,8,0,595.44
North Substation,NS_MO_2025,PRJ-NS-1356,05-12-2025,C-1054,Midwest Mech Pros,General Labor,8,0,413.9
North Substation,NS_MO_2025,PRJ-NS-1329,05-12-2025,C-1067,PrimeFix Solutions,Millwright,8,0,754.59
North Substation,NS_MO_2025,PRJ-NS-1390,05-12-2025,C-1013,Atlas Heavy Eng,Safety Officer,8,0,606.34
North Substation,NS_MO_2025,PRJ-NS-1194,05-12-2025,C-1046,Precision Welding,General Labor,8,0,426.21
North Substation,NS_MO_2025,PRJ-NS-1194,05-12-2025,C-1030,Summit Field Techs,Millwright,8,0,618.86
North Substation,NS_MO_2025,PRJ-NS-1304,05-12-2025,C-1059,PrimeFix Solutions,Field Engineer,8,0,1216.01
North Substation,NS_MO_2025,PRJ-NS-1197,05-12-2025,C-1051,Apex Industrial,Crane Operator,8,0,812.12
North Substation,NS_MO_2025,PRJ-NS-1204,05-12-2025,C-1024,Apex Industrial,Millwright,8,0,762.18
North Substation,NS_MO_2025,PRJ-NS-1290,05-12-2025,C-1037,PrimeFix Solutions,Controls Tech,8,0,1113.62
North Substation,NS_MO_2025,PRJ-NS-1291,05-12-2025,C-1005,Atlas Heavy Eng,Millwright,8,0,594.98
North Substation,NS_MO_2025,PRJ-NS-1353,05-12-2025,C-1073,Precision Welding,General Labor,8,0,362.18
North Substation,NS_MO_2025,PRJ-NS-1159,05-12-2025,C-1006,Apex Industrial,Field Engineer,8,0,1354.32
North Substation,NS_MO_2025,PRJ-NS-1150,05-12-2025,C-1071,PrimeFix Solutions,Crane Operator,8,0,772.82
North Substation,NS_MO_2025,PRJ-NS-1286,05-12-2025,C-1067,PrimeFix Solutions,Millwright,8,0,733.07
North Substation,NS_MO_2025,PRJ-NS-1301,05-12-2025,C-1013,Atlas Heavy Eng,Safety Officer,8,0,580.02
North Substation,NS_MO_2025,PRJ-NS-1354,05-12-2025,C-1066,Apex Industrial,General Labor,8,0,370.44
North Substation,NS_MO_2025,PRJ-NS-1394,05-12-2025,C-1029,Midwest Mech Pros,Controls Tech,8,0,971.43
North Substation,NS_MO_2025,PRJ-NS-1269,05-12-2025,C-1029,Midwest Mech Pros,Controls Tech,8,0,967.8
North Substation,NS_MO_2025,PRJ-NS-1354,05-12-2025,C-1066,Apex Industrial,General Labor,8,0,369.35
North Substation,NS_MO_2025,PRJ-NS-1189,05-12-2025,C-1074,Apex Industrial,Controls Tech,8,0,1067.63
North Substation,NS_MO_2025,PRJ-NS-1372,05-12-2025,C-1066,Apex Industrial,General Labor,8,0,399.87
North Substation,NS_MO_2025,PRJ-NS-1159,05-12-2025,C-1006,Apex Industrial,Field Engineer,8,0,1352.36
North Substation,NS_MO_2025,PRJ-NS-1295,05-12-2025,C-1005,Atlas Heavy Eng,Millwright,8,0,585.85
North Substation,NS_MO_2025,PRJ-NS-1325,05-12-2025,C-1019,Midwest Mech Pros,Controls Tech,8,0,1014.32
North Substation,NS_MO_2025,PRJ-NS-1197,05-12-2025,C-1051,Apex Industrial,Crane Operator,8,0,896.46
North Substation,NS_MO_2025,PRJ-NS-1228,05-12-2025,C-1020,Midwest Mech Pros,Field Engineer,8,0,1200.34
North Substation,NS_MO_2025,PRJ-NS-1197,05-12-2025,C-1051,Apex Industrial,Crane Operator,8,0,847.87
North Substation,NS_MO_2025,PRJ-NS-1295,05-12-2025,C-1059,PrimeFix Solutions,Field Engineer,8,0,1226.81
North Substation,NS_MO_2025,PRJ-NS-1226,05-12-2025,C-1018,Atlas Heavy Eng,Controls Tech,8,0,1098.83
North Substation,NS_MO_2025,PRJ-NS-1259,05-12-2025,C-1023,Summit Field Techs,Field Engineer,8,0,1567.51
North Substation,NS_MO_2025,PRJ-NS-1213,05-12-2025,C-1041,Precision Welding,Millwright,8,0,683.51
North Substation,NS_MO_2025,PRJ-NS-1342,05-12-2025,C-1031,Summit Field Techs,Crane Operator,8,0,709.17
North Substation,NS_MO_2025,PRJ-NS-1352,05-12-2025,C-1060,Summit Field Techs,General Labor,8,0,488.3
North Substation,NS_MO_2025,PRJ-NS-1326,05-12-2025,C-1076,Apex Industrial,Safety Officer,8,0,607.54
North Substation,NS_MO_2025,PRJ-NS-1191,05-12-2025,C-1047,Atlas Heavy Eng,Millwright,8,0,585.24
North Substation,NS_MO_2025,PRJ-NS-1353,05-12-2025,C-1073,Precision Welding,General Labor,8,0,361.59
North Substation,NS_MO_2025,PRJ-NS-1248,05-12-2025,C-1026,Precision Welding,Controls Tech,8,0,1038.2
North Substation,NS_MO_2025,PRJ-NS-1200,05-12-2025,C-1023,Summit Field Techs,Field Engineer,8,0,1612.82
North Substation,NS_MO_2025,PRJ-NS-1325,05-12-2025,C-1019,Midwest Mech Pros,Controls Tech,8,0,1100.5
North Substation,NS_MO_2025,PRJ-NS-1189,05-12-2025,C-1074,Apex Industrial,Controls Tech,8,0,1138.46
North Substation,NS_MO_2025,PRJ-NS-1291,05-12-2025,C-1054,Midwest Mech Pros,General Labor,8,0,392.64
North Substation,NS_MO_2025,PRJ-NS-1181,05-12-2025,C-1069,Precision Welding,Safety Officer,8,0,514.11
North Substation,NS_MO_2025,PRJ-NS-1380,05-12-2025,C-1006,Apex Industrial,Field Engineer,8,0,1364.72
North Substation,NS_MO_2025,PRJ-NS-1288,05-12-2025,C-1077,Precision Welding,Safety Officer,8,0,577.76
North Substation,NS_MO_2025,PRJ-NS-1194,05-12-2025,C-1046,Precision Welding,General Labor,8,0,413.07
North Substation,NS_MO_2025,PRJ-NS-1191,05-12-2025,C-1047,Atlas Heavy Eng,Millwright,8,0,638.86
North Substation,NS_MO_2025,PRJ-NS-1315,05-12-2025,C-1020,Midwest Mech Pros,Field Engineer,8,0,1252.25
North Substation,NS_MO_2025,PRJ-NS-1189,05-12-2025,C-1074,Apex Industrial,Controls Tech,8,0,1153.7
North Substation,NS_MO_2025,PRJ-NS-1322,05-12-2025,C-1031,Summit Field Techs,Crane Operator,8,0,720.86
North Substation,NS_MO_2025,PRJ-NS-1246,05-12-2025,C-1079,Precision Welding,Crane Operator,8,0,754.8
North Substation,NS_MO_2025,PRJ-NS-1190,05-12-2025,C-1006,Apex Industrial,Field Engineer,8,0,1431.47
North Substation,NS_MO_2025,PRJ-NS-1200,05-12-2025,C-1005,Atlas Heavy Eng,Millwright,8,0,622.42
North Substation,NS_MO_2025,PRJ-NS-1312,05-12-2025,C-1010,PrimeFix Solutions,Field Engineer,8,0,1621.85
North Substation,NS_MO_2025,PRJ-NS-1206,05-12-2025,C-1026,Precision Welding,Controls Tech,8,0,1066.48
North Substation,NS_MO_2025,PRJ-NS-1315,05-12-2025,C-1020,Midwest Mech Pros,Field Engineer,8,0,1164.39
North Substation,NS_MO_2025,PRJ-NS-1370,05-12-2025,C-1028,Midwest Mech Pros,Field Engineer,8,0,1444.22
North Substation,NS_MO_2025,PRJ-NS-1172,05-12-2025,C-1013,Atlas Heavy Eng,Safety Officer,8,0,579.64
North Substation,NS_MO_2025,PRJ-NS-1191,05-12-2025,C-1047,Atlas Heavy Eng,Millwright,8,0,641.55
North Substation,NS_MO_2025,PRJ-NS-1324,05-12-2025,C-1072,Apex Industrial,Crane Operator,8,0,760.33
North Substation,NS_MO_2025,PRJ-NS-1334,05-12-2025,C-1010,PrimeFix Solutions,Field Engineer,8,0,1518.97
North Substation,NS_MO_2025,PRJ-NS-1192,05-12-2025,C-1040,Atlas Heavy Eng,Crane Operator,8,0,865.34
North Substation,NS_MO_2025,PRJ-NS-1302,05-12-2025,C-1011,Midwest Mech Pros,General Labor,8,0,401.24
North Substation,NS_MO_2025,PRJ-NS-1327,05-12-2025,C-1023,Summit Field Techs,Field Engineer,8,0,1627.97
North Substation,NS_MO_2025,PRJ-NS-1194,05-12-2025,C-1006,Apex Industrial,Field Engineer,8,0,1388.31
North Substation,NS_MO_2025,PRJ-NS-1374,05-12-2025,C-1019,Midwest Mech Pros,Controls Tech,8,0,1105.35
North Substation,NS_MO_2025,PRJ-NS-1356,05-12-2025,C-1054,Midwest Mech Pros,General Labor,8,0,417.71
North Substation,NS_MO_2025,PRJ-NS-1248,05-12-2025,C-1026,Precision Welding,Controls Tech,8,0,1056.71
North Substation,NS_MO_2025,PRJ-NS-1366,05-12-2025,C-1010,PrimeFix Solutions,Field Engineer,8,0,1627.19
North Substation,NS_MO_2025,PRJ-NS-1191,05-12-2025,C-1047,Atlas Heavy Eng,Millwright,8,0,626.87
North Substation,NS_MO_2025,PRJ-NS-1372,05-12-2025,C-1066,Apex Industrial,General Labor,8,0,393.8
North Substation,NS_MO_2025,PRJ-NS-1290,05-12-2025,C-1037,PrimeFix Solutions,Controls Tech,8,0,1139.83
North Substation,NS_MO_2025,PRJ-NS-1326,05-12-2025,C-1076,Apex Industrial,Safety Officer,8,0,668.65
North Substation,NS_MO_2025,PRJ-NS-1257,05-12-2025,C-1077,Precision Welding,Safety Officer,8,0,547.13
North Substation,NS_MO_2025,PRJ-NS-1188,05-12-2025,C-1003,Summit Field Techs,Millwright,8,0,683.69
North Substation,NS_MO_2025,PRJ-NS-1307,05-12-2025,C-1066,Apex Industrial,General Labor,8,0,373.46
North Substation,NS_MO_2025,PRJ-NS-1172,05-12-2025,C-1013,Atlas Heavy Eng,Safety Officer,8,0,604.64
North Substation,NS_MO_2025,PRJ-NS-1181,05-12-2025,C-1078,Atlas Heavy Eng,Millwright,8,0,710.43
North Substation,NS_MO_2025,PRJ-NS-1203,05-12-2025,C-1006,Apex Industrial,Field Engineer,8,0,1337.76
North Substation,NS_MO_2025,PRJ-NS-1194,05-12-2025,C-1030,Summit Field Techs,Millwright,8,0,615.59
North Substation,NS_MO_2025,PRJ-NS-1384,05-12-2025,C-1035,Summit Field Techs,General Labor,8,0,382.96
North Substation,NS_MO_2025,PRJ-NS-1248,05-12-2025,C-1026,Precision Welding,Controls Tech,8,0,1044.62
North Substation,NS_MO_2025,PRJ-NS-1324,05-12-2025,C-1078,Atlas Heavy Eng,Millwright,8,0,711.71
North Substation,NS_MO_2025,PRJ-NS-1172,05-12-2025,C-1005,Atlas Heavy Eng,Millwright,8,0,626.93
North Substation,NS_MO_2025,PRJ-NS-1291,05-12-2025,C-1054,Midwest Mech Pros,General Labor,8,0,400.3
North Substation,NS_MO_2025,PRJ-NS-1349,05-12-2025,C-1011,Midwest Mech Pros,General Labor,8,0,426.89
North Substation,NS_MO_2025,PRJ-NS-1393,05-12-2025,C-1037,PrimeFix Solutions,Controls Tech,8,0,1119.04
North Substation,NS_MO_2025,PRJ-NS-1342,05-12-2025,C-1030,Summit Field Techs,Millwright,8,0,657.36
North Substation,NS_MO_2025,PRJ-NS-1311,05-12-2025,C-1039,PrimeFix Solutions,Field Engineer,8,0,1519.96
North Substation,NS_MO_2025,PRJ-NS-1152,05-12-2025,C-1053,Precision Welding,Millwright,8,0,630.04
North Substation,NS_MO_2025,PRJ-NS-1189,05-12-2025,C-1074,Apex Industrial,Controls Tech,8,0,1158.32
North Substation,NS_MO_2025,PRJ-NS-1324,05-12-2025,C-1072,Apex Industrial,Crane Operator,8,0,790.72
North Substation,NS_MO_2025,PRJ-NS-1153,05-12-2025,C-1035,Summit Field Techs,General Labor,8,0,383.93
North Substation,NS_MO_2025,PRJ-NS-1200,05-12-2025,C-1023,Summit Field Techs,Field Engineer,8,0,1534.75
North Substation,NS_MO_2025,PRJ-NS-1228,05-12-2025,C-1020,Midwest Mech Pros,Field Engineer,8,0,1266.25
North Substation,NS_MO_2025,PRJ-NS-1334,05-12-2025,C-1005,Atlas Heavy Eng,Millwright,8,0,606.85
North Substation,NS_MO_2025,PRJ-NS-1384,05-12-2025,C-1035,Summit Field Techs,General Labor,8,0,352.69
North Substation,NS_MO_2025,PRJ-NS-1196,05-12-2025,C-1023,Summit Field Techs,Field Engineer,8,0,1628.38
North Substation,NS_MO_2025,PRJ-NS-1200,05-12-2025,C-1005,Atlas Heavy Eng,Millwright,8,0,574.94
North Substation,NS_MO_2025,PRJ-NS-1194,05-12-2025,C-1046,Precision Welding,General Labor,8,0,431.65
North Substation,NS_MO_2025,PRJ-NS-1162,05-12-2025,C-1040,Atlas Heavy Eng,Crane Operator,8,0,832.28
North Substation,NS_MO_2025,PRJ-NS-1258,05-12-2025,C-1015,Atlas Heavy Eng,Controls Tech,8,0,1174.23
North Substation,NS_MO_2025,PRJ-NS-1263,05-12-2025,C-1037,PrimeFix Solutions,Controls Tech,8,0,1137.25
North Substation,NS_MO_2025,PRJ-NS-1259,05-12-2025,C-1023,Summit Field Techs,Field Engineer,8,0,1542.88
North Substation,NS_MO_2025,PRJ-NS-1263,05-12-2025,C-1039,PrimeFix Solutions,Field Engineer,8,0,1477.87
North Substation,NS_MO_2025,PRJ-NS-1192,05-12-2025,C-1040,Atlas Heavy Eng,Crane Operator,8,0,840.39
North Substation,NS_MO_2025,PRJ-NS-1182,05-12-2025,C-1029,Midwest Mech Pros,Controls Tech,8,0,974.2
North Substation,NS_MO_2025,PRJ-NS-1151,05-12-2025,C-1065,PrimeFix Solutions,Safety Officer,8,0,662.82
North Substation,NS_MO_2025,PRJ-NS-1186,05-12-2025,C-1058,Midwest Mech Pros,Controls Tech,8,0,1250.87
North Substation,NS_MO_2025,PRJ-NS-1312,05-12-2025,C-1042,PrimeFix Solutions,General Labor,8,0,399.85
North Substation,NS_MO_2025,PRJ-NS-1366,05-12-2025,C-1010,PrimeFix Solutions,Field Engineer,8,0,1542.68
North Substation,NS_MO_2025,PRJ-NS-1257,05-12-2025,C-1077,Precision Welding,Safety Officer,8,0,556.95
North Substation,NS_MO_2025,PRJ-NS-1259,05-12-2025,C-1043,Apex Industrial,Crane Operator,8,0,844.41
North Substation,NS_MO_2025,PRJ-NS-1194,05-12-2025,C-1046,Precision Welding,General Labor,8,0,430.24
North Substation,NS_MO_2025,PRJ-NS-1393,05-12-2025,C-1037,PrimeFix Solutions,Controls Tech,8,0,1055.69
North Substation,NS_MO_2025,PRJ-NS-1394,05-12-2025,C-1029,Midwest Mech Pros,Controls Tech,8,0,996.3
North Substation,NS_MO_2025,PRJ-NS-1394,05-12-2025,C-1029,Midwest Mech Pros,Controls Tech,8,0,1054.53
North Substation,NS_MO_2025,PRJ-NS-1205,05-12-2025,C-1012,Midwest Mech Pros,Controls Tech,8,0,1061.55
North Substation,NS_MO_2025,PRJ-NS-1176,05-12-2025,C-1029,Midwest Mech Pros,Controls Tech,8,0,962.99
North Substation,NS_MO_2025,PRJ-NS-1198,05-12-2025,C-1043,Apex Industrial,Crane Operator,8,0,854.49
North Substation,NS_MO_2025,PRJ-NS-1176,05-12-2025,C-1029,Midwest Mech Pros,Controls Tech,8,0,1009.62
North Substation,NS_MO_2025,PRJ-NS-1181,05-12-2025,C-1069,Precision Welding,Safety Officer,8,0,546.33
North Substation,NS_MO_2025,PRJ-NS-1372,05-12-2025,C-1066,Apex Industrial,General Labor,8,0,403.22
North Substation,NS_MO_2025,PRJ-NS-1160,05-12-2025,C-1021,Summit Field Techs,Millwright,8,0,652.9
North Substation,NS_MO_2025,PRJ-NS-1288,05-12-2025,C-1077,Precision Welding,Safety Officer,8,0,582.08
North Substation,NS_MO_2025,PRJ-NS-1182,05-12-2025,C-1029,Midwest Mech Pros,Controls Tech,8,0,973.19
North Substation,NS_MO_2025,PRJ-NS-1301,05-12-2025,C-1013,Atlas Heavy Eng,Safety Officer,8,0,606.2
North Substation,NS_MO_2025,PRJ-NS-1350,05-12-2025,C-1079,Precision Welding,Crane Operator,8,0,740.78
North Substation,NS_MO_2025,PRJ-NS-1346,05-12-2025,C-1006,Apex Industrial,Field Engineer,8,0,1427.29
North Substation,NS_MO_2025,PRJ-NS-1361,05-12-2025,C-1073,Precision Welding,General Labor,8,0,368.26
North Substation,NS_MO_2025,PRJ-NS-1312,05-12-2025,C-1010,PrimeFix Solutions,Field Engineer,8,0,1517.58
North Substation,NS_MO_2025,PRJ-NS-1246,05-12-2025,C-1079,Precision Welding,Crane Operator,8,0,752.61
North Substation,NS_MO_2025,PRJ-NS-1226,05-12-2025,C-1001,Apex Industrial,General Labor,8,0,395.6
North Substation,NS_MO_2025,PRJ-NS-1369,05-12-2025,C-1008,Apex Industrial,Safety Officer,8,0,651.8
North Substation,NS_MO_2025,PRJ-NS-1313,05-12-2025,C-1005,Atlas Heavy Eng,Millwright,8,0,624.88
North Substation,NS_MO_2025,PRJ-NS-1222,05-12-2025,C-1041,Precision Welding,Millwright,8,0,692.58
North Substation,NS_MO_2025,PRJ-NS-1332,05-12-2025,C-1052,PrimeFix Solutions,General Labor,8,0,373.48
North Substation,NS_MO_2025,PRJ-NS-1259,05-12-2025,C-1023,Summit Field Techs,Field Engineer,8,0,1581.4
North Substation,NS_MO_2025,PRJ-NS-1176,05-12-2025,C-1029,Midwest Mech Pros,Controls Tech,8,0,969.05
North Substation,NS_MO_2025,PRJ-NS-1192,05-12-2025,C-1040,Atlas Heavy Eng,Crane Operator,8,0,871.59
North Substation,NS_MO_2025,PRJ-NS-1321,05-12-2025,C-1062,PrimeFix Solutions,General Labor,8,0,396.66
North Substation,NS_MO_2025,PRJ-NS-1291,05-12-2025,C-1054,Midwest Mech Pros,General Labor,8,0,380.1
North Substation,NS_MO_2025,PRJ-NS-1232,05-12-2025,C-1073,Precision Welding,General Labor,8,0,392.84
North Substation,NS_MO_2025,PRJ-NS-1330,05-12-2025,C-1071,PrimeFix Solutions,Crane Operator,8,0,821.27
North Substation,NS_MO_2025,PRJ-NS-1372,05-12-2025,C-1066,Apex Industrial,General Labor,8,0,407.13
North Substation,NS_MO_2025,PRJ-NS-1182,05-12-2025,C-1029,Midwest Mech Pros,Controls Tech,8,0,1022.09
North Substation,NS_MO_2025,PRJ-NS-1268,05-12-2025,C-1028,Midwest Mech Pros,Field Engineer,8,0,1436.29
North Substation,NS_MO_2025,PRJ-NS-1261,05-12-2025,C-1018,Atlas Heavy Eng,Controls Tech,8,0,1167.46
North Substation,NS_MO_2025,PRJ-NS-1255,05-12-2025,C-1000,PrimeFix Solutions,Millwright,8,0,744.16
North Substation,NS_MO_2025,PRJ-NS-1226,05-12-2025,C-1001,Apex Industrial,General Labor,8,0,398.12
North Substation,NS_MO_2025,PRJ-NS-1228,05-12-2025,C-1027,Precision Welding,Crane Operator,8,0,841.25
North Substation,NS_MO_2025,PRJ-NS-1203,05-12-2025,C-1006,Apex Industrial,Field Engineer,8,0,1306.0
North Substation,NS_MO_2025,PRJ-NS-1236,05-12-2025,C-1005,Atlas Heavy Eng,Millwright,8,0,629.7
North Substation,NS_MO_2025,PRJ-NS-1215,05-12-2025,C-1001,Apex Industrial,General Labor,8,0,406.54
North Substation,NS_MO_2025,PRJ-NS-1207,05-12-2025,C-1006,Apex Industrial,Field Engineer,8,0,1430.81
North Substation,NS_MO_2025,PRJ-NS-1375,05-12-2025,C-1012,Midwest Mech Pros,Controls Tech,8,0,982.04
North Substation,NS_MO_2025,PRJ-NS-1188,05-12-2025,C-1003,Summit Field Techs,Millwright,8,0,702.76
North Substation,NS_MO_2025,PRJ-NS-1226,05-12-2025,C-1023,Summit Field Techs,Field Engineer,8,0,1653.37
North Substation,NS_MO_2025,PRJ-NS-1270,05-12-2025,C-1006,Apex Industrial,Field Engineer,8,0,1305.9
North Substation,NS_MO_2025,PRJ-NS-1342,05-12-2025,C-1031,Summit Field Techs,Crane Operator,8,0,744.34
North Substation,NS_MO_2025,PRJ-NS-1375,05-12-2025,C-1012,Midwest Mech Pros,Controls Tech,8,0,1005.29
North Substation,NS_MO_2025,PRJ-NS-1393,05-12-2025,C-1037,PrimeFix Solutions,Controls Tech,8,0,1099.03
North Substation,NS_MO_2025,PRJ-NS-1259,05-12-2025,C-1035,Summit Field Techs,General Labor,8,0,367.79
North Substation,NS_MO_2025,PRJ-NS-1372,05-12-2025,C-1066,Apex Industrial,General Labor,8,0,402.39
North Substation,NS_MO_2025,PRJ-NS-1324,05-12-2025,C-1072,Apex Industrial,Crane Operator,8,0,778.27
North Substation,NS_MO_2025,PRJ-NS-1320,05-12-2025,C-1001,Apex Industrial,General Labor,8,0,383.76
North Substation,NS_MO_2025,PRJ-NS-1348,05-12-2025,C-1026,Precision Welding,Controls Tech,8,0,1068.24
North Substation,NS_MO_2025,PRJ-NS-1346,05-12-2025,C-1010,PrimeFix Solutions,Field Engineer,8,0,1611.09
North Substation,NS_MO_2025,PRJ-NS-1248,05-12-2025,C-1026,Precision Welding,Controls Tech,8,0,1083.57
North Substation,NS_MO_2025,PRJ-NS-1198,05-12-2025,C-1043,Apex Industrial,Crane Operator,8,0,856.0
North Substation,NS_MO_2025,PRJ-NS-1326,05-12-2025,C-1076,Apex Industrial,Safety Officer,8,0,637.02
North Substation,NS_MO_2025,PRJ-NS-1194,05-12-2025,C-1006,Apex Industrial,Field Engineer,8,0,1329.43
North Substation,NS_MO_2025,PRJ-NS-1304,05-12-2025,C-1059,PrimeFix Solutions,Field Engineer,8,0,1222.23
North Substation,NS_MO_2025,PRJ-NS-1258,05-12-2025,C-1060,Summit Field Techs,General Labor,8,0,471.02
North Substation,NS_MO_2025,PRJ-NS-1378,05-12-2025,C-1020,Midwest Mech Pros,Field Engineer,8,0,1226.03
North Substation,NS_MO_2025,PRJ-NS-1356,05-12-2025,C-1054,Midwest Mech Pros,General Labor,8,0,389.0
North Substation,NS_MO_2025,PRJ-NS-1288,05-12-2025,C-1077,Precision Welding,Safety Officer,8,0,571.59
North Substation,NS_MO_2025,PRJ-NS-1159,05-12-2025,C-1041,Precision Welding,Millwright,8,0,711.13
North Substation,NS_MO_2025,PRJ-NS-1388,05-12-2025,C-1045,Midwest Mech Pros,Crane Operator,8,0,882.95
North Substation,NS_MO_2025,PRJ-NS-1312,05-12-2025,C-1010,PrimeFix Solutions,Field Engineer,8,0,1595.5
North Substation,NS_MO_2025,PRJ-NS-1268,05-12-2025,C-1028,Midwest Mech Pros,Field Engineer,8,0,1416.49
North Substation,NS_MO_2025,PRJ-NS-1271,06-12-2025,C-1013,Atlas Heavy Eng,Safety Officer,8,0,584.28
North Substation,NS_MO_2025,PRJ-NS-1198,06-12-2025,C-1043,Apex Industrial,Crane Operator,8,0,831.3
North Substation,NS_MO_2025,PRJ-NS-1172,06-12-2025,C-1013,Atlas Heavy Eng,Safety Officer,8,0,597.7
North Substation,NS_MO_2025,PRJ-NS-1268,06-12-2025,C-1028,Midwest Mech Pros,Field Engineer,8,0,1468.95
North Substation,NS_MO_2025,PRJ-NS-1275,06-12-2025,C-1024,Apex Industrial,Millwright,8,0,710.67
North Substation,NS_MO_2025,PRJ-NS-1190,06-12-2025,C-1006,Apex Industrial,Field Engineer,8,0,1322.27
North Substation,NS_MO_2025,PRJ-NS-1183,06-12-2025,C-1078,Atlas Heavy Eng,Millwright,8,0,694.36
North Substation,NS_MO_2025,PRJ-NS-1370,06-12-2025,C-1028,Midwest Mech Pros,Field Engineer,8,0,1488.28
North Substation,NS_MO_2025,PRJ-NS-1250,06-12-2025,C-1072,Apex Industrial,Crane Operator,8,0,722.21
North Substation,NS_MO_2025,PRJ-NS-1263,06-12-2025,C-1037,PrimeFix Solutions,Controls Tech,8,0,1128.99
North Substation,NS_MO_2025,PRJ-NS-1222,06-12-2025,C-1041,Precision Welding,Millwright,8,0,720.68
North Substation,NS_MO_2025,PRJ-NS-1194,06-12-2025,C-1046,Precision Welding,General Labor,8,0,446.98
North Substation,NS_MO_2025,PRJ-NS-1307,06-12-2025,C-1066,Apex Industrial,General Labor,8,0,405.3
North Substation,NS_MO_2025,PRJ-NS-1162,06-12-2025,C-1040,Atlas Heavy Eng,Crane Operator,8,0,875.0
North Substation,NS_MO_2025,PRJ-NS-1315,06-12-2025,C-1062,PrimeFix Solutions,General Labor,8,0,382.43
North Substation,NS_MO_2025,PRJ-NS-1332,06-12-2025,C-1052,PrimeFix Solutions,General Labor,8,0,365.49
North Substation,NS_MO_2025,PRJ-NS-1301,06-12-2025,C-1013,Atlas Heavy Eng,Safety Officer,8,0,586.71
North Substation,NS_MO_2025,PRJ-NS-1329,06-12-2025,C-1067,PrimeFix Solutions,Millwright,8,0,756.01
North Substation,NS_MO_2025,PRJ-NS-1181,06-12-2025,C-1069,Precision Welding,Safety Officer,8,0,502.62
North Substation,NS_MO_2025,PRJ-NS-1300,06-12-2025,C-1023,Summit Field Techs,Field Engineer,8,0,1564.99
North Substation,NS_MO_2025,PRJ-NS-1232,06-12-2025,C-1073,Precision Welding,General Labor,8,0,384.03
North Substation,NS_MO_2025,PRJ-NS-1379,06-12-2025,C-1019,Midwest Mech Pros,Controls Tech,8,0,1018.69
North Substation,NS_MO_2025,PRJ-NS-1228,06-12-2025,C-1020,Midwest Mech Pros,Field Engineer,8,0,1249.22
North Substation,NS_MO_2025,PRJ-NS-1356,06-12-2025,C-1039,PrimeFix Solutions,Field Engineer,8,0,1546.84
North Substation,NS_MO_2025,PRJ-NS-1276,06-12-2025,C-1003,Summit Field Techs,Millwright,8,0,661.83
North Substation,NS_MO_2025,PRJ-NS-1394,06-12-2025,C-1029,Midwest Mech Pros,Controls Tech,8,0,1061.49
North Substation,NS_MO_2025,PRJ-NS-1369,06-12-2025,C-1008,Apex Industrial,Safety Officer,8,0,665.47
North Substation,NS_MO_2025,PRJ-NS-1226,06-12-2025,C-1001,Apex Industrial,General Labor,8,0,396.76
North Substation,NS_MO_2025,PRJ-NS-1324,06-12-2025,C-1072,Apex Industrial,Crane Operator,8,0,778.14
North Substation,NS_MO_2025,PRJ-NS-1234,06-12-2025,C-1043,Apex Industrial,Crane Operator,8,0,860.46
North Substation,NS_MO_2025,PRJ-NS-1390,07-12-2025,C-1062,PrimeFix Solutions,General Labor,8,0,391.29
North Substation,NS_MO_2025,PRJ-NS-1390,07-12-2025,C-1013,Atlas Heavy Eng,Safety Officer,8,0,605.28
North Substation,NS_MO_2025,PRJ-NS-1369,07-12-2025,C-1008,Apex Industrial,Safety Officer,8,0,698.78
North Substation,NS_MO_2025,PRJ-NS-1162,07-12-2025,C-1069,Precision Welding,Safety Officer,8,0,501.82
North Substation,NS_MO_2025,PRJ-NS-1327,07-12-2025,C-1023,Summit Field Techs,Field Engineer,8,0,1580.25
North Substation,NS_MO_2025,PRJ-NS-1275,07-12-2025,C-1024,Apex Industrial,Millwright,8,0,746.86
North Substation,NS_MO_2025,PRJ-NS-1200,07-12-2025,C-1005,Atlas Heavy Eng,Millwright,8,0,589.52
North Substation,NS_MO_2025,PRJ-NS-1270,07-12-2025,C-1006,Apex Industrial,Field Engineer,8,0,1365.05
North Substation,NS_MO_2025,PRJ-NS-1324,07-12-2025,C-1072,Apex Industrial,Crane Operator,8,0,757.4
North Substation,NS_MO_2025,PRJ-NS-1259,07-12-2025,C-1035,Summit Field Techs,General Labor,8,0,356.4
North Substation,NS_MO_2025,PRJ-NS-1324,07-12-2025,C-1078,Atlas Heavy Eng,Millwright,8,0,726.84
North Substation,NS_MO_2025,PRJ-NS-1263,07-12-2025,C-1054,Midwest Mech Pros,General Labor,8,0,402.41
North Substation,NS_MO_2025,PRJ-NS-1366,07-12-2025,C-1010,PrimeFix Solutions,Field Engineer,8,0,1591.59
North Substation,NS_MO_2025,PRJ-NS-1356,07-12-2025,C-1039,PrimeFix Solutions,Field Engineer,8,0,1556.88
North Substation,NS_MO_2025,PRJ-NS-1321,07-12-2025,C-1062,PrimeFix Solutions,General Labor,8,0,383.55
North Substation,NS_MO_2025,PRJ-NS-1261,07-12-2025,C-1018,Atlas Heavy Eng,Controls Tech,8,0,1096.09
North Substation,NS_MO_2025,PRJ-NS-1176,07-12-2025,C-1029,Midwest Mech Pros,Controls Tech,8,0,1021.94
North Substation,NS_MO_2025,PRJ-NS-1234,07-12-2025,C-1043,Apex Industrial,Crane Operator,8,0,783.32
North Substation,NS_MO_2025,PRJ-NS-1322,07-12-2025,C-1031,Summit Field Techs,Crane Operator,8,0,741.93
North Substation,NS_MO_2025,PRJ-NS-1394,07-12-2025,C-1029,Midwest Mech Pros,Controls Tech,8,0,1017.75
North Substation,NS_MO_2025,PRJ-NS-1288,07-12-2025,C-1077,Precision Welding,Safety Officer,8,0,584.81
North Substation,NS_MO_2025,PRJ-NS-1300,07-12-2025,C-1023,Summit Field Techs,Field Engineer,8,0,1604.87
North Substation,NS_MO_2025,PRJ-NS-1250,07-12-2025,C-1072,Apex Industrial,Crane Operator,8,0,756.87
North Substation,NS_MO_2025,PRJ-NS-1307,07-12-2025,C-1066,Apex Industrial,General Labor,8,0,396.77
North Substation,NS_MO_2025,PRJ-NS-1159,07-12-2025,C-1006,Apex Industrial,Field Engineer,8,0,1326.45
North Substation,NS_MO_2025,PRJ-NS-1213,07-12-2025,C-1041,Precision Welding,Millwright,8,0,734.71
North Substation,NS_MO_2025,PRJ-NS-1323,07-12-2025,C-1079,Precision Welding,Crane Operator,8,0,732.75
North Substation,NS_MO_2025,PRJ-NS-1361,07-12-2025,C-1073,Precision Welding,General Labor,8,0,378.45
North Substation,NS_MO_2025,PRJ-NS-1200,07-12-2025,C-1023,Summit Field Techs,Field Engineer,8,0,1648.73
North Substation,NS_MO_2025,PRJ-NS-1301,07-12-2025,C-1065,PrimeFix Solutions,Safety Officer,8,0,690.29
North Substation,NS_MO_2025,PRJ-NS-1350,07-12-2025,C-1079,Precision Welding,Crane Operator,8,0,753.82
North Substation,NS_MO_2025,PRJ-NS-1346,07-12-2025,C-1006,Apex Industrial,Field Engineer,8,0,1398.02
North Substation,NS_MO_2025,PRJ-NS-1329,07-12-2025,C-1067,PrimeFix Solutions,Millwright,8,0,697.36
North Substation,NS_MO_2025,PRJ-NS-1196,07-12-2025,C-1023,Summit Field Techs,Field Engineer,8,0,1610.05
North Substation,NS_MO_2025,PRJ-NS-1393,07-12-2025,C-1000,PrimeFix Solutions,Millwright,8,0,713.98
North Substation,NS_MO_2025,PRJ-NS-1366,07-12-2025,C-1066,Apex Industrial,General Labor,8,0,405.09
North Substation,NS_MO_2025,PRJ-NS-1198,07-12-2025,C-1043,Apex Industrial,Crane Operator,8,0,837.28
North Substation,NS_MO_2025,PRJ-NS-1208,07-12-2025,C-1045,Midwest Mech Pros,Crane Operator,8,0,843.14
North Substation,NS_MO_2025,PRJ-NS-1160,07-12-2025,C-1017,Summit Field Techs,Crane Operator,8,0,861.59
North Substation,NS_MO_2025,PRJ-NS-1160,07-12-2025,C-1021,Summit Field Techs,Millwright,8,0,651.36
North Substation,NS_MO_2025,PRJ-NS-1379,07-12-2025,C-1019,Midwest Mech Pros,Controls Tech,8,0,1054.91
North Substation,NS_MO_2025,PRJ-NS-1248,07-12-2025,C-1026,Precision Welding,Controls Tech,8,0,1040.23
North Substation,NS_MO_2025,PRJ-NS-1207,07-12-2025,C-1006,Apex Industrial,Field Engineer,8,0,1326.8
North Substation,NS_MO_2025,PRJ-NS-1222,07-12-2025,C-1041,Precision Welding,Millwright,8,0,703.22
North Substation,NS_MO_2025,PRJ-NS-1159,07-12-2025,C-1041,Precision Welding,Millwright,8,0,722.77
North Substation,NS_MO_2025,PRJ-NS-1204,07-12-2025,C-1024,Apex Industrial,Millwright,8,0,778.75
North Substation,NS_MO_2025,PRJ-NS-1215,07-12-2025,C-1001,Apex Industrial,General Labor,8,0,385.22
North Substation,NS_MO_2025,PRJ-NS-1304,07-12-2025,C-1059,PrimeFix Solutions,Field Engineer,8,0,1268.4
North Substation,NS_MO_2025,PRJ-NS-1312,07-12-2025,C-1042,PrimeFix Solutions,General Labor,8,0,414.32
North Substation,NS_MO_2025,PRJ-NS-1162,07-12-2025,C-1040,Atlas Heavy Eng,Crane Operator,8,0,852.69
North Substation,NS_MO_2025,PRJ-NS-1372,07-12-2025,C-1066,Apex Industrial,General Labor,8,0,390.86
North Substation,NS_MO_2025,PRJ-NS-1259,07-12-2025,C-1043,Apex Industrial,Crane Operator,8,0,861.43
North Substation,NS_MO_2025,PRJ-NS-1259,07-12-2025,C-1023,Summit Field Techs,Field Engineer,8,0,1617.92
North Substation,NS_MO_2025,PRJ-NS-1152,07-12-2025,C-1053,Precision Welding,Millwright,8,0,679.71
North Substation,NS_MO_2025,PRJ-NS-1342,07-12-2025,C-1030,Summit Field Techs,Millwright,8,0,650.35
North Substation,NS_MO_2025,PRJ-NS-1346,07-12-2025,C-1010,PrimeFix Solutions,Field Engineer,8,0,1529.95
North Substation,NS_MO_2025,PRJ-NS-1269,07-12-2025,C-1029,Midwest Mech Pros,Controls Tech,8,0,1040.32
North Substation,NS_MO_2025,PRJ-NS-1271,07-12-2025,C-1013,Atlas Heavy Eng,Safety Officer,8,0,602.39
North Substation,NS_MO_2025,PRJ-NS-1228,07-12-2025,C-1027,Precision Welding,Crane Operator,8,0,904.41
North Substation,NS_MO_2025,PRJ-NS-1236,07-12-2025,C-1005,Atlas Heavy Eng,Millwright,8,0,589.4
North Substation,NS_MO_2025,PRJ-NS-1295,07-12-2025,C-1059,PrimeFix Solutions,Field Engineer,8,0,1161.14
North Substation,NS_MO_2025,PRJ-NS-1194,07-12-2025,C-1006,Apex Industrial,Field Engineer,8,0,1351.04
North Substation,NS_MO_2025,PRJ-NS-1380,07-12-2025,C-1006,Apex Industrial,Field Engineer,8,0,1433.73
North Substation,NS_MO_2025,PRJ-NS-1374,07-12-2025,C-1019,Midwest Mech Pros,Controls Tech,8,0,1084.94
North Substation,NS_MO_2025,PRJ-NS-1258,07-12-2025,C-1015,Atlas Heavy Eng,Controls Tech,8,0,1198.03
North Substation,NS_MO_2025,PRJ-NS-1194,07-12-2025,C-1030,Summit Field Techs,Millwright,8,0,614.91
North Substation,NS_MO_2025,PRJ-NS-1354,07-12-2025,C-1066,Apex Industrial,General Labor,8,0,375.05
North Substation,NS_MO_2025,PRJ-NS-1263,07-12-2025,C-1039,PrimeFix Solutions,Field Engineer,8,0,1552.55
North Substation,NS_MO_2025,PRJ-NS-1370,07-12-2025,C-1028,Midwest Mech Pros,Field Engineer,8,0,1425.89
North Substation,NS_MO_2025,PRJ-NS-1187,07-12-2025,C-1028,Midwest Mech Pros,Field Engineer,8,0,1422.07
North Substation,NS_MO_2025,PRJ-NS-1185,07-12-2025,C-1023,Summit Field Techs,Field Engineer,8,0,1634.32
North Substation,NS_MO_2025,PRJ-NS-1226,07-12-2025,C-1018,Atlas Heavy Eng,Controls Tech,8,0,1093.27
North Substation,NS_MO_2025,PRJ-NS-1203,07-12-2025,C-1006,Apex Industrial,Field Engineer,8,0,1317.99
North Substation,NS_MO_2025,PRJ-NS-1181,07-12-2025,C-1078,Atlas Heavy Eng,Millwright,8,0,669.41
North Substation,NS_MO_2025,PRJ-NS-1192,07-12-2025,C-1040,Atlas Heavy Eng,Crane Operator,8,0,860.23
North Substation,NS_MO_2025,PRJ-NS-1348,07-12-2025,C-1026,Precision Welding,Controls Tech,8,0,1045.76
North Substation,NS_MO_2025,PRJ-NS-1188,07-12-2025,C-1024,Apex Industrial,Millwright,8,0,752.37
North Substation,NS_MO_2025,PRJ-NS-1190,07-12-2025,C-1006,Apex Industrial,Field Engineer,8,0,1428.56
North Substation,NS_MO_2025,PRJ-NS-1356,07-12-2025,C-1054,Midwest Mech Pros,General Labor,8,0,416.09
North Substation,NS_MO_2025,PRJ-NS-1189,07-12-2025,C-1024,Apex Industrial,Millwright,8,0,757.32
North Substation,NS_MO_2025,PRJ-NS-1335,07-12-2025,C-1019,Midwest Mech Pros,Controls Tech,8,0,1083.6
North Substation,NS_MO_2025,PRJ-NS-1211,07-12-2025,C-1067,PrimeFix Solutions,Millwright,8,0,714.72
North Substation,NS_MO_2025,PRJ-NS-1151,07-12-2025,C-1065,PrimeFix Solutions,Safety Officer,8,0,680.41
North Substation,NS_MO_2025,PRJ-NS-1315,07-12-2025,C-1020,Midwest Mech Pros,Field Engineer,8,0,1185.73
North Substation,NS_MO_2025,PRJ-NS-1315,07-12-2025,C-1062,PrimeFix Solutions,General Labor,8,0,392.11
North Substation,NS_MO_2025,PRJ-NS-1352,07-12-2025,C-1060,Summit Field Techs,General Labor,8,0,457.95
North Substation,NS_MO_2025,PRJ-NS-1181,07-12-2025,C-1039,PrimeFix Solutions,Field Engineer,8,0,1574.87
North Substation,NS_MO_2025,PRJ-NS-1326,07-12-2025,C-1053,Precision Welding,Millwright,8,0,678.59
North Substation,NS_MO_2025,PRJ-NS-1255,07-12-2025,C-1000,PrimeFix Solutions,Millwright,8,0,707.28
North Substation,NS_MO_2025,PRJ-NS-1191,07-12-2025,C-1047,Atlas Heavy Eng,Millwright,8,0,637.05
North Substation,NS_MO_2025,PRJ-NS-1317,07-12-2025,C-1000,PrimeFix Solutions,Millwright,8,0,730.55
North Substation,NS_MO_2025,PRJ-NS-1342,07-12-2025,C-1031,Summit Field Techs,Crane Operator,8,0,736.8
North Substation,NS_MO_2025,PRJ-NS-1190,07-12-2025,C-1021,Summit Field Techs,Millwright,8,0,647.5
North Substation,NS_MO_2025,PRJ-NS-1347,07-12-2025,C-1027,Precision Welding,Crane Operator,8,0,888.62
North Substation,NS_MO_2025,PRJ-NS-1232,07-12-2025,C-1073,Precision Welding,General Labor,8,0,371.88
North Substation,NS_MO_2025,PRJ-NS-1189,07-12-2025,C-1074,Apex Industrial,Controls Tech,8,0,1077.59
North Substation,NS_MO_2025,PRJ-NS-1290,07-12-2025,C-1037,PrimeFix Solutions,Controls Tech,8,0,1090.91
North Substation,NS_MO_2025,PRJ-NS-1388,07-12-2025,C-1045,Midwest Mech Pros,Crane Operator,8,0,847.69
North Substation,NS_MO_2025,PRJ-NS-1183,07-12-2025,C-1078,Atlas Heavy Eng,Millwright,8,0,702.74
North Substation,NS_MO_2025,PRJ-NS-1334,07-12-2025,C-1010,PrimeFix Solutions,Field Engineer,8,0,1670.04
North Substation,NS_MO_2025,PRJ-NS-1205,07-12-2025,C-1012,Midwest Mech Pros,Controls Tech,8,0,1054.61
North Substation,NS_MO_2025,PRJ-NS-1153,07-12-2025,C-1035,Summit Field Techs,General Labor,8,0,354.23
North Substation,NS_MO_2025,PRJ-NS-1166,07-12-2025,C-1023,Summit Field Techs,Field Engineer,8,0,1563.37
North Substation,NS_MO_2025,PRJ-NS-1213,07-12-2025,C-1067,PrimeFix Solutions,Millwright,8,0,753.85
North Substation,NS_MO_2025,PRJ-NS-1194,08-12-2025,C-1046,Precision Welding,General Labor,8,0,408.07
North Substation,NS_MO_2025,PRJ-NS-1374,08-12-2025,C-1019,Midwest Mech Pros,Controls Tech,8,0,1093.97
North Substation,NS_MO_2025,PRJ-NS-1349,08-12-2025,C-1011,Midwest Mech Pros,General Labor,8,0,426.76
North Substation,NS_MO_2025,PRJ-NS-1324,08-12-2025,C-1078,Atlas Heavy Eng,Millwright,8,0,716.45
North Substation,NS_MO_2025,PRJ-NS-1374,08-12-2025,C-1019,Midwest Mech Pros,Controls Tech,8,0,1025.55
North Substation,NS_MO_2025,PRJ-NS-1222,08-12-2025,C-1041,Precision Welding,Millwright,8,0,678.7
North Substation,NS_MO_2025,PRJ-NS-1373,08-12-2025,C-1037,PrimeFix Solutions,Controls Tech,8,0,1112.07
North Substation,NS_MO_2025,PRJ-NS-1356,08-12-2025,C-1039,PrimeFix Solutions,Field Engineer,8,0,1588.96
North Substation,NS_MO_2025,PRJ-NS-1374,08-12-2025,C-1019,Midwest Mech Pros,Controls Tech,8,0,1063.62
North Substation,NS_MO_2025,PRJ-NS-1211,08-12-2025,C-1067,PrimeFix Solutions,Millwright,8,0,762.95
North Substation,NS_MO_2025,PRJ-NS-1150,08-12-2025,C-1071,PrimeFix Solutions,Crane Operator,8,0,825.86
North Substation,NS_MO_2025,PRJ-NS-1288,08-12-2025,C-1077,Precision Welding,Safety Officer,8,0,586.92
North Substation,NS_MO_2025,PRJ-NS-1295,08-12-2025,C-1059,PrimeFix Solutions,Field Engineer,8,0,1202.29
North Substation,NS_MO_2025,PRJ-NS-1334,08-12-2025,C-1010,PrimeFix Solutions,Field Engineer,8,0,1577.54
North Substation,NS_MO_2025,PRJ-NS-1369,08-12-2025,C-1008,Apex Industrial,Safety Officer,8,0,680.88
North Substation,NS_MO_2025,PRJ-NS-1356,08-12-2025,C-1067,PrimeFix Solutions,Millwright,8,0,694.32
North Substation,NS_MO_2025,PRJ-NS-1295,08-12-2025,C-1059,PrimeFix Solutions,Field Engineer,8,0,1260.33
North Substation,NS_MO_2025,PRJ-NS-1393,08-12-2025,C-1000,PrimeFix Solutions,Millwright,8,0,703.68
North Substation,NS_MO_2025,PRJ-NS-1153,08-12-2025,C-1035,Summit Field Techs,General Labor,8,0,367.26
North Substation,NS_MO_2025,PRJ-NS-1353,08-12-2025,C-1073,Precision Welding,General Labor,8,0,368.28
North Substation,NS_MO_2025,PRJ-NS-1321,08-12-2025,C-1062,PrimeFix Solutions,General Labor,8,0,363.25
North Substation,NS_MO_2025,PRJ-NS-1188,08-12-2025,C-1003,Summit Field Techs,Millwright,8,0,652.82
North Substation,NS_MO_2025,PRJ-NS-1354,08-12-2025,C-1066,Apex Industrial,General Labor,8,0,384.22
North Substation,NS_MO_2025,PRJ-NS-1261,08-12-2025,C-1052,PrimeFix Solutions,General Labor,8,0,377.76
North Substation,NS_MO_2025,PRJ-NS-1261,08-12-2025,C-1018,Atlas Heavy Eng,Controls Tech,8,0,1092.09
North Substation,NS_MO_2025,PRJ-NS-1304,08-12-2025,C-1013,Atlas Heavy Eng,Safety Officer,8,0,558.08
North Substation,NS_MO_2025,PRJ-NS-1393,08-12-2025,C-1000,PrimeFix Solutions,Millwright,8,0,722.97
North Substation,NS_MO_2025,PRJ-NS-1324,08-12-2025,C-1072,Apex Industrial,Crane Operator,8,0,787.06
North Substation,NS_MO_2025,PRJ-NS-1270,08-12-2025,C-1006,Apex Industrial,Field Engineer,8,0,1410.5
North Substation,NS_MO_2025,PRJ-NS-1259,08-12-2025,C-1023,Summit Field Techs,Field Engineer,8,0,1529.47
North Substation,NS_MO_2025,PRJ-NS-1215,08-12-2025,C-1001,Apex Industrial,General Labor,8,0,393.6
North Substation,NS_MO_2025,PRJ-NS-1250,08-12-2025,C-1072,Apex Industrial,Crane Operator,8,0,786.11
North Substation,NS_MO_2025,PRJ-NS-1393,08-12-2025,C-1037,PrimeFix Solutions,Controls Tech,8,0,1142.36
North Substation,NS_MO_2025,PRJ-NS-1211,08-12-2025,C-1067,PrimeFix Solutions,Millwright,8,0,750.84
North Substation,NS_MO_2025,PRJ-NS-1315,08-12-2025,C-1062,PrimeFix Solutions,General Labor,8,0,377.99
North Substation,NS_MO_2025,PRJ-NS-1159,08-12-2025,C-1006,Apex Industrial,Field Engineer,8,0,1352.69
North Substation,NS_MO_2025,PRJ-NS-1366,08-12-2025,C-1010,PrimeFix Solutions,Field Engineer,8,0,1583.58
North Substation,NS_MO_2025,PRJ-NS-1261,08-12-2025,C-1052,PrimeFix Solutions,General Labor,8,0,351.42
North Substation,NS_MO_2025,PRJ-NS-1182,08-12-2025,C-1029,Midwest Mech Pros,Controls Tech,8,0,1052.57
North Substation,NS_MO_2025,PRJ-NS-1263,08-12-2025,C-1054,Midwest Mech Pros,General Labor,8,0,396.59
North Substation,NS_MO_2025,PRJ-NS-1194,08-12-2025,C-1046,Precision Welding,General Labor,8,0,448.73
North Substation,NS_MO_2025,PRJ-NS-1390,08-12-2025,C-1013,Atlas Heavy Eng,Safety Officer,8,0,576.8
North Substation,NS_MO_2025,PRJ-NS-1380,08-12-2025,C-1006,Apex Industrial,Field Engineer,8,0,1305.81
North Substation,NS_MO_2025,PRJ-NS-1211,08-12-2025,C-1067,PrimeFix Solutions,Millwright,8,0,728.27
North Substation,NS_MO_2025,PRJ-NS-1154,08-12-2025,C-1020,Midwest Mech Pros,Field Engineer,8,0,1222.25
North Substation,NS_MO_2025,PRJ-NS-1213,08-12-2025,C-1067,PrimeFix Solutions,Millwright,8,0,697.75
North Substation,NS_MO_2025,PRJ-NS-1349,08-12-2025,C-1011,Midwest Mech Pros,General Labor,8,0,414.87
North Substation,NS_MO_2025,PRJ-NS-1172,08-12-2025,C-1013,Atlas Heavy Eng,Safety Officer,8,0,584.11
North Substation,NS_MO_2025,PRJ-NS-1346,08-12-2025,C-1006,Apex Industrial,Field Engineer,8,0,1353.01
North Substation,NS_MO_2025,PRJ-NS-1330,08-12-2025,C-1071,PrimeFix Solutions,Crane Operator,8,0,764.28
North Substation,NS_MO_2025,PRJ-NS-1353,08-12-2025,C-1073,Precision Welding,General Labor,8,0,369.06
North Substation,NS_MO_2025,PRJ-NS-1342,08-12-2025,C-1030,Summit Field Techs,Millwright,8,0,658.74
North Substation,NS_MO_2025,PRJ-NS-1324,08-12-2025,C-1072,Apex Industrial,Crane Operator,8,0,724.35
North Substation,NS_MO_2025,PRJ-NS-1354,08-12-2025,C-1066,Apex Industrial,General Labor,8,0,395.24
North Substation,NS_MO_2025,PRJ-NS-1203,08-12-2025,C-1006,Apex Industrial,Field Engineer,8,0,1301.57
North Substation,NS_MO_2025,PRJ-NS-1159,08-12-2025,C-1041,Precision Welding,Millwright,8,0,746.81
North Substation,NS_MO_2025,PRJ-NS-1317,08-12-2025,C-1000,PrimeFix Solutions,Millwright,8,0,723.88
North Substation,NS_MO_2025,PRJ-NS-1380,08-12-2025,C-1006,Apex Industrial,Field Engineer,8,0,1343.19
North Substation,NS_MO_2025,PRJ-NS-1181,08-12-2025,C-1069,Precision Welding,Safety Officer,8,0,542.05
North Substation,NS_MO_2025,PRJ-NS-1244,08-12-2025,C-1078,Atlas Heavy Eng,Millwright,8,0,678.64
North Substation,NS_MO_2025,PRJ-NS-1190,08-12-2025,C-1006,Apex Industrial,Field Engineer,8,0,1374.26
North Substation,NS_MO_2025,PRJ-NS-1259,08-12-2025,C-1023,Summit Field Techs,Field Engineer,8,0,1618.85
North Substation,NS_MO_2025,PRJ-NS-1335,08-12-2025,C-1019,Midwest Mech Pros,Controls Tech,8,0,1067.26
North Substation,NS_MO_2025,PRJ-NS-1322,08-12-2025,C-1019,Midwest Mech Pros,Controls Tech,8,0,1106.07
North Substation,NS_MO_2025,PRJ-NS-1366,08-12-2025,C-1010,PrimeFix Solutions,Field Engineer,8,0,1536.87
North Substation,NS_MO_2025,PRJ-NS-1301,08-12-2025,C-1065,PrimeFix Solutions,Safety Officer,8,0,666.56
North Substation,NS_MO_2025,PRJ-NS-1181,08-12-2025,C-1069,Precision Welding,Safety Officer,8,0,543.07
North Substation,NS_MO_2025,PRJ-NS-1327,08-12-2025,C-1023,Summit Field Techs,Field Engineer,8,0,1642.24
North Substation,NS_MO_2025,PRJ-NS-1366,08-12-2025,C-1010,PrimeFix Solutions,Field Engineer,8,0,1548.21
North Substation,NS_MO_2025,PRJ-NS-1197,08-12-2025,C-1051,Apex Industrial,Crane Operator,8,0,895.24
North Substation,NS_MO_2025,PRJ-NS-1300,08-12-2025,C-1023,Summit Field Techs,Field Engineer,8,0,1623.85
North Substation,NS_MO_2025,PRJ-NS-1213,08-12-2025,C-1041,Precision Welding,Millwright,8,0,676.91
North Substation,NS_MO_2025,PRJ-NS-1181,08-12-2025,C-1078,Atlas Heavy Eng,Millwright,8,0,678.43
North Substation,NS_MO_2025,PRJ-NS-1182,08-12-2025,C-1029,Midwest Mech Pros,Controls Tech,8,0,988.88
North Substation,NS_MO_2025,PRJ-NS-1228,08-12-2025,C-1027,Precision Welding,Crane Operator,8,0,837.73
North Substation,NS_MO_2025,PRJ-NS-1356,08-12-2025,C-1054,Midwest Mech Pros,General Labor,8,0,416.89
North Substation,NS_MO_2025,PRJ-NS-1244,08-12-2025,C-1078,Atlas Heavy Eng,Millwright,8,0,693.93
North Substation,NS_MO_2025,PRJ-NS-1302,08-12-2025,C-1011,Midwest Mech Pros,General Labor,8,0,436.71
North Substation,NS_MO_2025,PRJ-NS-1226,08-12-2025,C-1001,Apex Industrial,General Labor,8,0,395.32
North Substation,NS_MO_2025,PRJ-NS-1215,08-12-2025,C-1001,Apex Industrial,General Labor,8,0,387.4
North Substation,NS_MO_2025,PRJ-NS-1342,08-12-2025,C-1031,Summit Field Techs,Crane Operator,8,0,744.17
North Substation,NS_MO_2025,PRJ-NS-1354,08-12-2025,C-1066,Apex Industrial,General Labor,8,0,373.41
North Substation,NS_MO_2025,PRJ-NS-1228,08-12-2025,C-1027,Precision Welding,Crane Operator,8,0,874.22
North Substation,NS_MO_2025,PRJ-NS-1248,08-12-2025,C-1026,Precision Welding,Controls Tech,8,0,1086.21
North Substation,NS_MO_2025,PRJ-NS-1194,08-12-2025,C-1046,Precision Welding,General Labor,8,0,428.73
North Substation,NS_MO_2025,PRJ-NS-1356,08-12-2025,C-1067,PrimeFix Solutions,Millwright,8,0,696.85
North Substation,NS_MO_2025,PRJ-NS-1159,08-12-2025,C-1006,Apex Industrial,Field Engineer,8,0,1383.85
North Substation,NS_MO_2025,PRJ-NS-1346,08-12-2025,C-1006,Apex Industrial,Field Engineer,8,0,1431.7
North Substation,NS_MO_2025,PRJ-NS-1258,08-12-2025,C-1015,Atlas Heavy Eng,Controls Tech,8,0,1246.71
North Substation,NS_MO_2025,PRJ-NS-1388,08-12-2025,C-1045,Midwest Mech Pros,Crane Operator,8,0,849.13
North Substation,NS_MO_2025,PRJ-NS-1160,08-12-2025,C-1017,Summit Field Techs,Crane Operator,8,0,888.77
North Substation,NS_MO_2025,PRJ-NS-1234,08-12-2025,C-1043,Apex Industrial,Crane Operator,8,0,854.24
North Substation,NS_MO_2025,PRJ-NS-1384,08-12-2025,C-1035,Summit Field Techs,General Labor,8,0,361.15
North Substation,NS_MO_2025,PRJ-NS-1261,08-12-2025,C-1018,Atlas Heavy Eng,Controls Tech,8,0,1077.03
North Substation,NS_MO_2025,PRJ-NS-1269,08-12-2025,C-1029,Midwest Mech Pros,Controls Tech,8,0,964.26
North Substation,NS_MO_2025,PRJ-NS-1257,08-12-2025,C-1077,Precision Welding,Safety Officer,8,0,576.57
North Substation,NS_MO_2025,PRJ-NS-1172,08-12-2025,C-1013,Atlas Heavy Eng,Safety Officer,8,0,573.34
North Substation,NS_MO_2025,PRJ-NS-1160,08-12-2025,C-1021,Summit Field Techs,Millwright,8,0,648.37
North Substation,NS_MO_2025,PRJ-NS-1248,08-12-2025,C-1026,Precision Welding,Controls Tech,8,0,1030.56
North Substation,NS_MO_2025,PRJ-NS-1375,08-12-2025,C-1012,Midwest Mech Pros,Controls Tech,8,0,996.94
North Substation,NS_MO_2025,PRJ-NS-1190,08-12-2025,C-1021,Summit Field Techs,Millwright,8,0,654.42
North Substation,NS_MO_2025,PRJ-NS-1322,08-12-2025,C-1019,Midwest Mech Pros,Controls Tech,8,0,1066.04
North Substation,NS_MO_2025,PRJ-NS-1257,08-12-2025,C-1077,Precision Welding,Safety Officer,8,0,585.23
North Substation,NS_MO_2025,PRJ-NS-1185,08-12-2025,C-1023,Summit Field Techs,Field Engineer,8,0,1616.21
North Substation,NS_MO_2025,PRJ-NS-1263,08-12-2025,C-1037,PrimeFix Solutions,Controls Tech,8,0,1088.6
North Substation,NS_MO_2025,PRJ-NS-1154,08-12-2025,C-1020,Midwest Mech Pros,Field Engineer,8,0,1201.89
North Substation,NS_MO_2025,PRJ-NS-1166,08-12-2025,C-1023,Summit Field Techs,Field Engineer,8,0,1544.52
North Substation,NS_MO_2025,PRJ-NS-1190,08-12-2025,C-1006,Apex Industrial,Field Engineer,8,0,1377.06
North Substation,NS_MO_2025,PRJ-NS-1226,08-12-2025,C-1023,Summit Field Techs,Field Engineer,8,0,1529.18
North Substation,NS_MO_2025,PRJ-NS-1246,08-12-2025,C-1079,Precision Welding,Crane Operator,8,0,782.51
North Substation,NS_MO_2025,PRJ-NS-1334,08-12-2025,C-1010,PrimeFix Solutions,Field Engineer,8,0,1548.96
North Substation,NS_MO_2025,PRJ-NS-1350,08-12-2025,C-1079,Precision Welding,Crane Operator,8,0,740.39
North Substation,NS_MO_2025,PRJ-NS-1206,08-12-2025,C-1026,Precision Welding,Controls Tech,8,0,1090.07
North Substation,NS_MO_2025,PRJ-NS-1370,08-12-2025,C-1028,Midwest Mech Pros,Field Engineer,8,0,1482.51
North Substation,NS_MO_2025,PRJ-NS-1186,08-12-2025,C-1058,Midwest Mech Pros,Controls Tech,8,0,1328.04
North Substation,NS_MO_2025,PRJ-NS-1346,08-12-2025,C-1006,Apex Industrial,Field Engineer,8,0,1378.52
North Substation,NS_MO_2025,PRJ-NS-1182,08-12-2025,C-1029,Midwest Mech Pros,Controls Tech,8,0,1011.03
North Substation,NS_MO_2025,PRJ-NS-1327,08-12-2025,C-1023,Summit Field Techs,Field Engineer,8,0,1567.37
North Substation,NS_MO_2025,PRJ-NS-1334,08-12-2025,C-1010,PrimeFix Solutions,Field Engineer,8,0,1608.45
North Substation,NS_MO_2025,PRJ-NS-1208,08-12-2025,C-1045,Midwest Mech Pros,Crane Operator,8,0,805.87
North Substation,NS_MO_2025,PRJ-NS-1203,08-12-2025,C-1006,Apex Industrial,Field Engineer,8,0,1318.87
North Substation,NS_MO_2025,PRJ-NS-1232,08-12-2025,C-1073,Precision Welding,General Labor,8,0,390.04
North Substation,NS_MO_2025,PRJ-NS-1304,08-12-2025,C-1059,PrimeFix Solutions,Field Engineer,8,0,1197.74
North Substation,NS_MO_2025,PRJ-NS-1153,08-12-2025,C-1035,Summit Field Techs,General Labor,8,0,386.08
North Substation,NS_MO_2025,PRJ-NS-1321,08-12-2025,C-1062,PrimeFix Solutions,General Labor,8,0,390.46
North Substation,NS_MO_2025,PRJ-NS-1226,08-12-2025,C-1018,Atlas Heavy Eng,Controls Tech,8,0,1152.53
North Substation,NS_MO_2025,PRJ-NS-1206,08-12-2025,C-1026,Precision Welding,Controls Tech,8,0,1002.97
North Substation,NS_MO_2025,PRJ-NS-1332,08-12-2025,C-1052,PrimeFix Solutions,General Labor,8,0,360.49
North Substation,NS_MO_2025,PRJ-NS-1366,08-12-2025,C-1010,PrimeFix Solutions,Field Engineer,8,0,1592.49
North Substation,NS_MO_2025,PRJ-NS-1394,08-12-2025,C-1029,Midwest Mech Pros,Controls Tech,8,0,1053.47
North Substation,NS_MO_2025,PRJ-NS-1268,08-12-2025,C-1028,Midwest Mech Pros,Field Engineer,8,0,1513.37
North Substation,NS_MO_2025,PRJ-NS-1312,08-12-2025,C-1042,PrimeFix Solutions,General Labor,8,0,407.41
North Substation,NS_MO_2025,PRJ-NS-1172,08-12-2025,C-1013,Atlas Heavy Eng,Safety Officer,8,0,562.47
North Substation,NS_MO_2025,PRJ-NS-1190,08-12-2025,C-1021,Summit Field Techs,Millwright,8,0,686.03
North Substation,NS_MO_2025,PRJ-NS-1250,08-12-2025,C-1072,Apex Industrial,Crane Operator,8,0,730.29
North Substation,NS_MO_2025,PRJ-NS-1346,08-12-2025,C-1006,Apex Industrial,Field Engineer,8,0,1384.51
North Substation,NS_MO_2025,PRJ-NS-1197,08-12-2025,C-1051,Apex Industrial,Crane Operator,8,0,839.48
North Substation,NS_MO_2025,PRJ-NS-1259,08-12-2025,C-1035,Summit Field Techs,General Labor,8,0,381.71
North Substation,NS_MO_2025,PRJ-NS-1182,08-12-2025,C-1029,Midwest Mech Pros,Controls Tech,8,0,1026.22
North Substation,NS_MO_2025,PRJ-NS-1286,08-12-2025,C-1067,PrimeFix Solutions,Millwright,8,0,705.3
North Substation,NS_MO_2025,PRJ-NS-1393,08-12-2025,C-1003,Summit Field Techs,Millwright,8,0,652.54
North Substation,NS_MO_2025,PRJ-NS-1185,08-12-2025,C-1023,Summit Field Techs,Field Engineer,8,0,1610.24
North Substation,NS_MO_2025,PRJ-NS-1317,08-12-2025,C-1000,PrimeFix Solutions,Millwright,8,0,679.13
North Substation,NS_MO_2025,PRJ-NS-1286,08-12-2025,C-1067,PrimeFix Solutions,Millwright,8,0,710.17
North Substation,NS_MO_2025,PRJ-NS-1226,08-12-2025,C-1018,Atlas Heavy Eng,Controls Tech,8,0,1150.24
North Substation,NS_MO_2025,PRJ-NS-1270,08-12-2025,C-1006,Apex Industrial,Field Engineer,8,0,1368.15
North Substation,NS_MO_2025,PRJ-NS-1187,08-12-2025,C-1028,Midwest Mech Pros,Field Engineer,8,0,1437.32
North Substation,NS_MO_2025,PRJ-NS-1172,08-12-2025,C-1013,Atlas Heavy Eng,Safety Officer,8,0,560.81
North Substation,NS_MO_2025,PRJ-NS-1154,08-12-2025,C-1020,Midwest Mech Pros,Field Engineer,8,0,1165.2
North Substation,NS_MO_2025,PRJ-NS-1259,08-12-2025,C-1023,Summit Field Techs,Field Engineer,8,0,1655.36
North Substation,NS_MO_2025,PRJ-NS-1369,08-12-2025,C-1008,Apex Industrial,Safety Officer,8,0,660.14
North Substation,NS_MO_2025,PRJ-NS-1373,08-12-2025,C-1037,PrimeFix Solutions,Controls Tech,8,0,1096.83
North Substation,NS_MO_2025,PRJ-NS-1194,08-12-2025,C-1030,Summit Field Techs,Millwright,8,0,650.02
North Substation,NS_MO_2025,PRJ-NS-1378,08-12-2025,C-1020,Midwest Mech Pros,Field Engineer,8,0,1200.47
North Substation,NS_MO_2025,PRJ-NS-1261,08-12-2025,C-1018,Atlas Heavy Eng,Controls Tech,8,0,1092.17
North Substation,NS_MO_2025,PRJ-NS-1188,08-12-2025,C-1003,Summit Field Techs,Millwright,8,0,695.31
North Substation,NS_MO_2025,PRJ-NS-1332,08-12-2025,C-1052,PrimeFix Solutions,General Labor,8,0,365.54
North Substation,NS_MO_2025,PRJ-NS-1181,08-12-2025,C-1069,Precision Welding,Safety Officer,8,0,529.2
North Substation,NS_MO_2025,PRJ-NS-1366,08-12-2025,C-1010,PrimeFix Solutions,Field Engineer,8,0,1548.37
North Substation,NS_MO_2025,PRJ-NS-1375,08-12-2025,C-1012,Midwest Mech Pros,Controls Tech,8,0,1001.14
North Substation,NS_MO_2025,PRJ-NS-1380,08-12-2025,C-1006,Apex Industrial,Field Engineer,8,0,1330.04
North Substation,NS_MO_2025,PRJ-NS-1176,08-12-2025,C-1029,Midwest Mech Pros,Controls Tech,8,0,980.07
North Substation,NS_MO_2025,PRJ-NS-1172,08-12-2025,C-1005,Atlas Heavy Eng,Millwright,8,0,614.3
North Substation,NS_MO_2025,PRJ-NS-1204,08-12-2025,C-1024,Apex Industrial,Millwright,8,0,770.8
North Substation,NS_MO_2025,PRJ-NS-1263,08-12-2025,C-1054,Midwest Mech Pros,General Labor,8,0,407.5
North Substation,NS_MO_2025,PRJ-NS-1196,08-12-2025,C-1023,Summit Field Techs,Field Engineer,8,0,1643.77
North Substation,NS_MO_2025,PRJ-NS-1215,08-12-2025,C-1001,Apex Industrial,General Labor,8,0,398.65
North Substation,NS_MO_2025,PRJ-NS-1152,08-12-2025,C-1053,Precision Welding,Millwright,8,0,662.45
North Substation,NS_MO_2025,PRJ-NS-1353,08-12-2025,C-1073,Precision Welding,General Labor,8,0,372.1
North Substation,NS_MO_2025,PRJ-NS-1203,08-12-2025,C-1006,Apex Industrial,Field Engineer,8,0,1371.73
North Substation,NS_MO_2025,PRJ-NS-1226,08-12-2025,C-1001,Apex Industrial,General Labor,8,0,401.74
North Substation,NS_MO_2025,PRJ-NS-1226,08-12-2025,C-1023,Summit Field Techs,Field Engineer,8,0,1545.51
North Substation,NS_MO_2025,PRJ-NS-1354,08-12-2025,C-1066,Apex Industrial,General Labor,8,0,384.01
North Substation,NS_MO_2025,PRJ-NS-1334,08-12-2025,C-1010,PrimeFix Solutions,Field Engineer,8,0,1551.51
North Substation,NS_MO_2025,PRJ-NS-1181,08-12-2025,C-1069,Precision Welding,Safety Officer,8,0,538.47
North Substation,NS_MO_2025,PRJ-NS-1356,08-12-2025,C-1067,PrimeFix Solutions,Millwright,8,0,752.76
North Substation,NS_MO_2025,PRJ-NS-1311,08-12-2025,C-1039,PrimeFix Solutions,Field Engineer,8,0,1575.56
North Substation,NS_MO_2025,PRJ-NS-1380,09-12-2025,C-1006,Apex Industrial,Field Engineer,8,0,1433.85
North Substation,NS_MO_2025,PRJ-NS-1261,09-12-2025,C-1018,Atlas Heavy Eng,Controls Tech,8,0,1125.62
North Substation,NS_MO_2025,PRJ-NS-1312,09-12-2025,C-1042,PrimeFix Solutions,General Labor,8,0,431.58
North Substation,NS_MO_2025,PRJ-NS-1330,09-12-2025,C-1071,PrimeFix Solutions,Crane Operator,8,0,772.54
North Substation,NS_MO_2025,PRJ-NS-1172,09-12-2025,C-1013,Atlas Heavy Eng,Safety Officer,8,0,561.23
North Substation,NS_MO_2025,PRJ-NS-1250,09-12-2025,C-1072,Apex Industrial,Crane Operator,8,0,780.29
North Substation,NS_MO_2025,PRJ-NS-1301,09-12-2025,C-1013,Atlas Heavy Eng,Safety Officer,8,0,554.84
North Substation,NS_MO_2025,PRJ-NS-1246,09-12-2025,C-1079,Precision Welding,Crane Operator,8,0,770.55
North Substation,NS_MO_2025,PRJ-NS-1288,09-12-2025,C-1077,Precision Welding,Safety Officer,8,0,574.26
North Substation,NS_MO_2025,PRJ-NS-1321,09-12-2025,C-1062,PrimeFix Solutions,General Labor,8,0,372.33
North Substation,NS_MO_2025,PRJ-NS-1311,09-12-2025,C-1039,PrimeFix Solutions,Field Engineer,8,0,1489.47
North Substation,NS_MO_2025,PRJ-NS-1271,09-12-2025,C-1013,Atlas Heavy Eng,Safety Officer,8,0,597.0
North Substation,NS_MO_2025,PRJ-NS-1366,09-12-2025,C-1066,Apex Industrial,General Labor,8,0,372.34
North Substation,NS_MO_2025,PRJ-NS-1393,09-12-2025,C-1003,Summit Field Techs,Millwright,8,0,664.28
North Substation,NS_MO_2025,PRJ-NS-1228,09-12-2025,C-1020,Midwest Mech Pros,Field Engineer,8,0,1238.45
North Substation,NS_MO_2025,PRJ-NS-1198,09-12-2025,C-1043,Apex Industrial,Crane Operator,8,0,862.37
North Substation,NS_MO_2025,PRJ-NS-1380,09-12-2025,C-1039,PrimeFix Solutions,Field Engineer,8,0,1524.85
North Substation,NS_MO_2025,PRJ-NS-1326,09-12-2025,C-1053,Precision Welding,Millwright,8,0,677.33
North Substation,NS_MO_2025,PRJ-NS-1347,09-12-2025,C-1027,Precision Welding,Crane Operator,8,0,866.11
North Substation,NS_MO_2025,PRJ-NS-1317,09-12-2025,C-1000,PrimeFix Solutions,Millwright,8,0,735.01
North Substation,NS_MO_2025,PRJ-NS-1327,09-12-2025,C-1023,Summit Field Techs,Field Engineer,8,0,1643.07
North Substation,NS_MO_2025,PRJ-NS-1315,09-12-2025,C-1062,PrimeFix Solutions,General Labor,8,0,382.87
North Substation,NS_MO_2025,PRJ-NS-1188,09-12-2025,C-1024,Apex Industrial,Millwright,8,0,744.47
North Substation,NS_MO_2025,PRJ-NS-1190,09-12-2025,C-1021,Summit Field Techs,Millwright,8,0,649.92
North Substation,NS_MO_2025,PRJ-NS-1203,09-12-2025,C-1006,Apex Industrial,Field Engineer,8,0,1399.05
North Substation,NS_MO_2025,PRJ-NS-1194,09-12-2025,C-1046,Precision Welding,General Labor,8,0,414.63
North Substation,NS_MO_2025,PRJ-NS-1200,09-12-2025,C-1005,Atlas Heavy Eng,Millwright,8,0,595.1
North Substation,NS_MO_2025,PRJ-NS-1263,09-12-2025,C-1054,Midwest Mech Pros,General Labor,8,0,390.94
North Substation,NS_MO_2025,PRJ-NS-1276,09-12-2025,C-1003,Summit Field Techs,Millwright,8,0,712.74
North Substation,NS_MO_2025,PRJ-NS-1189,09-12-2025,C-1074,Apex Industrial,Controls Tech,8,0,1167.74
North Substation,NS_MO_2025,PRJ-NS-1154,09-12-2025,C-1020,Midwest Mech Pros,Field Engineer,8,0,1171.95
North Substation,NS_MO_2025,PRJ-NS-1354,09-12-2025,C-1066,Apex Industrial,General Labor,8,0,373.95
North Substation,NS_MO_2025,PRJ-NS-1151,09-12-2025,C-1065,PrimeFix Solutions,Safety Officer,8,0,677.8
North Substation,NS_MO_2025,PRJ-NS-1172,09-12-2025,C-1005,Atlas Heavy Eng,Millwright,8,0,597.09
North Substation,NS_MO_2025,PRJ-NS-1259,09-12-2025,C-1023,Summit Field Techs,Field Engineer,8,0,1561.3
North Substation,NS_MO_2025,PRJ-NS-1236,09-12-2025,C-1005,Atlas Heavy Eng,Millwright,8,0,577.65
North Substation,NS_MO_2025,PRJ-NS-1390,09-12-2025,C-1062,PrimeFix Solutions,General Labor,8,0,383.12
North Substation,NS_MO_2025,PRJ-NS-1370,09-12-2025,C-1028,Midwest Mech Pros,Field Engineer,8,0,1502.08
North Substation,NS_MO_2025,PRJ-NS-1189,09-12-2025,C-1024,Apex Industrial,Millwright,8,0,728.17
North Substation,NS_MO_2025,PRJ-NS-1255,09-12-2025,C-1000,PrimeFix Solutions,Millwright,8,0,707.07
North Substation,NS_MO_2025,PRJ-NS-1206,09-12-2025,C-1026,Precision Welding,Controls Tech,8,0,1040.41
North Substation,NS_MO_2025,PRJ-NS-1302,09-12-2025,C-1035,Summit Field Techs,General Labor,8,0,367.95
North Substation,NS_MO_2025,PRJ-NS-1248,09-12-2025,C-1026,Precision Welding,Controls Tech,8,0,1029.57
North Substation,NS_MO_2025,PRJ-NS-1200,09-12-2025,C-1023,Summit Field Techs,Field Engineer,8,0,1553.29
North Substation,NS_MO_2025,PRJ-NS-1346,09-12-2025,C-1006,Apex Industrial,Field Engineer,8,0,1416.5
North Substation,NS_MO_2025,PRJ-NS-1307,09-12-2025,C-1066,Apex Industrial,General Labor,8,0,371.16
North Substation,NS_MO_2025,PRJ-NS-1334,09-12-2025,C-1005,Atlas Heavy Eng,Millwright,8,0,621.97
North Substation,NS_MO_2025,PRJ-NS-1374,09-12-2025,C-1019,Midwest Mech Pros,Controls Tech,8,0,1113.55
North Substation,NS_MO_2025,PRJ-NS-1335,09-12-2025,C-1019,Midwest Mech Pros,Controls Tech,8,0,1088.78
North Substation,NS_MO_2025,PRJ-NS-1263,09-12-2025,C-1037,PrimeFix Solutions,Controls Tech,8,0,1120.73
North Substation,NS_MO_2025,PRJ-NS-1329,09-12-2025,C-1067,PrimeFix Solutions,Millwright,8,0,733.44
North Substation,NS_MO_2025,PRJ-NS-1162,09-12-2025,C-1069,Precision Welding,Safety Officer,8,0,532.7
North Substation,NS_MO_2025,PRJ-NS-1304,09-12-2025,C-1059,PrimeFix Solutions,Field Engineer,8,0,1269.28
North Substation,NS_MO_2025,PRJ-NS-1222,09-12-2025,C-1041,Precision Welding,Millwright,8,0,740.9
North Substation,NS_MO_2025,PRJ-NS-1197,09-12-2025,C-1051,Apex Industrial,Crane Operator,8,0,891.93
North Substation,NS_MO_2025,PRJ-NS-1353,09-12-2025,C-1073,Precision Welding,General Labor,8,0,358.99
North Substation,NS_MO_2025,PRJ-NS-1301,09-12-2025,C-1065,PrimeFix Solutions,Safety Officer,8,0,677.34
North Substation,NS_MO_2025,PRJ-NS-1322,09-12-2025,C-1031,Summit Field Techs,Crane Operator,8,0,711.48
North Substation,NS_MO_2025,PRJ-NS-1265,09-12-2025,C-1079,Precision Welding,Crane Operator,8,0,744.9
North Substation,NS_MO_2025,PRJ-NS-1275,09-12-2025,C-1024,Apex Industrial,Millwright,8,0,708.63
North Substation,NS_MO_2025,PRJ-NS-1258,09-12-2025,C-1060,Summit Field Techs,General Labor,8,0,465.18
North Substation,NS_MO_2025,PRJ-NS-1191,09-12-2025,C-1047,Atlas Heavy Eng,Millwright,8,0,583.21
North Substation,NS_MO_2025,PRJ-NS-1176,09-12-2025,C-1029,Midwest Mech Pros,Controls Tech,8,0,1002.87
North Substation,NS_MO_2025,PRJ-NS-1181,09-12-2025,C-1039,PrimeFix Solutions,Field Engineer,8,0,1461.58
North Substation,NS_MO_2025,PRJ-NS-1342,09-12-2025,C-1030,Summit Field Techs,Millwright,8,0,614.32
North Substation,NS_MO_2025,PRJ-NS-1332,09-12-2025,C-1052,PrimeFix Solutions,General Labor,8,0,345.29
North Substation,NS_MO_2025,PRJ-NS-1160,09-12-2025,C-1017,Summit Field Techs,Crane Operator,8,0,887.59
North Substation,NS_MO_2025,PRJ-NS-1246,10-12-2025,C-1079,Precision Welding,Crane Operator,8,0,771.65
North Substation,NS_MO_2025,PRJ-NS-1394,10-12-2025,C-1029,Midwest Mech Pros,Controls Tech,8,0,1028.43
North Substation,NS_MO_2025,PRJ-NS-1325,10-12-2025,C-1019,Midwest Mech Pros,Controls Tech,8,0,1080.59
North Substation,NS_MO_2025,PRJ-NS-1190,10-12-2025,C-1006,Apex Industrial,Field Engineer,8,0,1348.04
North Substation,NS_MO_2025,PRJ-NS-1317,10-12-2025,C-1000,PrimeFix Solutions,Millwright,8,0,735.98
North Substation,NS_MO_2025,PRJ-NS-1222,10-12-2025,C-1041,Precision Welding,Millwright,8,0,709.72
North Substation,NS_MO_2025,PRJ-NS-1270,10-12-2025,C-1006,Apex Industrial,Field Engineer,8,0,1433.79
North Substation,NS_MO_2025,PRJ-NS-1346,10-12-2025,C-1010,PrimeFix Solutions,Field Engineer,8,0,1532.04
North Substation,NS_MO_2025,PRJ-NS-1347,10-12-2025,C-1027,Precision Welding,Crane Operator,8,0,906.58
North Substation,NS_MO_2025,PRJ-NS-1232,10-12-2025,C-1073,Precision Welding,General Labor,8,0,371.0
North Substation,NS_MO_2025,PRJ-NS-1153,10-12-2025,C-1035,Summit Field Techs,General Labor,8,0,361.21
North Substation,NS_MO_2025,PRJ-NS-1311,10-12-2025,C-1039,PrimeFix Solutions,Field Engineer,8,0,1568.67
North Substation,NS_MO_2025,PRJ-NS-1187,10-12-2025,C-1028,Midwest Mech Pros,Field Engineer,8,0,1431.61
North Substation,NS_MO_2025,PRJ-NS-1259,10-12-2025,C-1035,Summit Field Techs,General Labor,8,0,357.35
North Substation,NS_MO_2025,PRJ-NS-1263,10-12-2025,C-1037,PrimeFix Solutions,Controls Tech,8,0,1063.3
North Substation,NS_MO_2025,PRJ-NS-1380,10-12-2025,C-1039,PrimeFix Solutions,Field Engineer,8,0,1555.28
North Substation,NS_MO_2025,PRJ-NS-1204,10-12-2025,C-1024,Apex Industrial,Millwright,8,0,758.76
North Substation,NS_MO_2025,PRJ-NS-1166,10-12-2025,C-1023,Summit Field Techs,Field Engineer,8,0,1625.26
North Substation,NS_MO_2025,PRJ-NS-1353,10-12-2025,C-1073,Precision Welding,General Labor,8,0,375.73
North Substation,NS_MO_2025,PRJ-NS-1372,10-12-2025,C-1066,Apex Industrial,General Labor,8,0,372.89
North Substation,NS_MO_2025,PRJ-NS-1196,10-12-2025,C-1023,Summit Field Techs,Field Engineer,8,0,1539.94
North Substation,NS_MO_2025,PRJ-NS-1354,10-12-2025,C-1066,Apex Industrial,General Labor,8,0,382.49
North Substation,NS_MO_2025,PRJ-NS-1380,10-12-2025,C-1006,Apex Industrial,Field Engineer,8,0,1412.25
North Substation,NS_MO_2025,PRJ-NS-1315,10-12-2025,C-1062,PrimeFix Solutions,General Labor,8,0,376.62
North Substation,NS_MO_2025,PRJ-NS-1334,10-12-2025,C-1010,PrimeFix Solutions,Field Engineer,8,0,1568.89
North Substation,NS_MO_2025,PRJ-NS-1194,10-12-2025,C-1030,Summit Field Techs,Millwright,8,0,652.41
North Substation,NS_MO_2025,PRJ-NS-1295,10-12-2025,C-1005,Atlas Heavy Eng,Millwright,8,0,604.53
North Substation,NS_MO_2025,PRJ-NS-1205,10-12-2025,C-1012,Midwest Mech Pros,Controls Tech,8,0,995.08
North Substation,NS_MO_2025,PRJ-NS-1265,10-12-2025,C-1079,Precision Welding,Crane Operator,8,0,777.58
North Substation,NS_MO_2025,PRJ-NS-1366,10-12-2025,C-1066,Apex Industrial,General Labor,8,0,401.06
North Substation,NS_MO_2025,PRJ-NS-1291,10-12-2025,C-1054,Midwest Mech Pros,General Labor,8,0,388.19
North Substation,NS_MO_2025,PRJ-NS-1361,10-12-2025,C-1073,Precision Welding,General Labor,8,0,371.38
North Substation,NS_MO_2025,PRJ-NS-1291,11-12-2025,C-1054,Midwest Mech Pros,General Labor,8,0,401.84
North Substation,NS_MO_2025,PRJ-NS-1194,11-12-2025,C-1006,Apex Industrial,Field Engineer,8,0,1417.16
North Substation,NS_MO_2025,PRJ-NS-1329,11-12-2025,C-1067,PrimeFix Solutions,Millwright,8,0,757.5
North Substation,NS_MO_2025,PRJ-NS-1182,11-12-2025,C-1029,Midwest Mech Pros,Controls Tech,8,0,1006.13
North Substation,NS_MO_2025,PRJ-NS-1302,11-12-2025,C-1035,Summit Field Techs,General Labor,8,0,362.67
North Substation,NS_MO_2025,PRJ-NS-1188,11-12-2025,C-1024,Apex Industrial,Millwright,8,0,735.28
North Substation,NS_MO_2025,PRJ-NS-1191,11-12-2025,C-1047,Atlas Heavy Eng,Millwright,8,0,590.68
North Substation,NS_MO_2025,PRJ-NS-1248,11-12-2025,C-1026,Precision Welding,Controls Tech,8,0,1063.83
North Substation,NS_MO_2025,PRJ-NS-1259,11-12-2025,C-1043,Apex Industrial,Crane Operator,8,0,838.79
North Substation,NS_MO_2025,PRJ-NS-1222,11-12-2025,C-1041,Precision Welding,Millwright,8,0,702.83
North Substation,NS_MO_2025,PRJ-NS-1259,11-12-2025,C-1023,Summit Field Techs,Field Engineer,8,0,1648.61
North Substation,NS_MO_2025,PRJ-NS-1232,11-12-2025,C-1073,Precision Welding,General Labor,8,0,374.98
North Substation,NS_MO_2025,PRJ-NS-1370,11-12-2025,C-1028,Midwest Mech Pros,Field Engineer,8,0,1419.16
North Substation,NS_MO_2025,PRJ-NS-1384,11-12-2025,C-1035,Summit Field Techs,General Labor,8,0,373.09
North Substation,NS_MO_2025,PRJ-NS-1190,11-12-2025,C-1021,Summit Field Techs,Millwright,8,0,689.28
North Substation,NS_MO_2025,PRJ-NS-1300,11-12-2025,C-1023,Summit Field Techs,Field Engineer,8,0,1594.88
North Substation,NS_MO_2025,PRJ-NS-1159,11-12-2025,C-1006,Apex Industrial,Field Engineer,8,0,1376.26
North Substation,NS_MO_2025,PRJ-NS-1349,11-12-2025,C-1011,Midwest Mech Pros,General Labor,8,0,405.05
North Substation,NS_MO_2025,PRJ-NS-1276,11-12-2025,C-1003,Summit Field Techs,Millwright,8,0,708.85
North Substation,NS_MO_2025,PRJ-NS-1393,11-12-2025,C-1003,Summit Field Techs,Millwright,8,0,684.56
North Substation,NS_MO_2025,PRJ-NS-1176,11-12-2025,C-1029,Midwest Mech Pros,Controls Tech,8,0,969.2
North Substation,NS_MO_2025,PRJ-NS-1172,11-12-2025,C-1005,Atlas Heavy Eng,Millwright,8,0,629.22
North Substation,NS_MO_2025,PRJ-NS-1322,11-12-2025,C-1019,Midwest Mech Pros,Controls Tech,8,0,1027.17
North Substation,NS_MO_2025,PRJ-NS-1330,11-12-2025,C-1071,PrimeFix Solutions,Crane Operator,8,0,778.48
North Substation,NS_MO_2025,PRJ-NS-1366,11-12-2025,C-1010,PrimeFix Solutions,Field Engineer,8,0,1627.17
North Substation,NS_MO_2025,PRJ-NS-1295,11-12-2025,C-1005,Atlas Heavy Eng,Millwright,8,0,575.34
North Substation,NS_MO_2025,PRJ-NS-1192,11-12-2025,C-1040,Atlas Heavy Eng,Crane Operator,8,0,844.25
North Substation,NS_MO_2025,PRJ-NS-1307,11-12-2025,C-1066,Apex Industrial,General Labor,8,0,380.44
North Substation,NS_MO_2025,PRJ-NS-1194,11-12-2025,C-1046,Precision Welding,General Labor,8,0,431.14
North Substation,NS_MO_2025,PRJ-NS-1315,11-12-2025,C-1062,PrimeFix Solutions,General Labor,8,0,360.91
North Substation,NS_MO_2025,PRJ-NS-1215,11-12-2025,C-1001,Apex Industrial,General Labor,8,0,387.31
North Substation,NS_MO_2025,PRJ-NS-1236,11-12-2025,C-1005,Atlas Heavy Eng,Millwright,8,0,627.48
North Substation,NS_MO_2025,PRJ-NS-1390,11-12-2025,C-1062,PrimeFix Solutions,General Labor,8,0,372.33
North Substation,NS_MO_2025,PRJ-NS-1258,11-12-2025,C-1060,Summit Field Techs,General Labor,8,0,475.46
North Substation,NS_MO_2025,PRJ-NS-1317,11-12-2025,C-1000,PrimeFix Solutions,Millwright,8,0,677.91
North Substation,NS_MO_2025,PRJ-NS-1204,11-12-2025,C-1024,Apex Industrial,Millwright,8,0,736.25
North Substation,NS_MO_2025,PRJ-NS-1211,11-12-2025,C-1067,PrimeFix Solutions,Millwright,8,0,693.68
North Substation,NS_MO_2025,PRJ-NS-1353,11-12-2025,C-1073,Precision Welding,General Labor,8,0,359.89
North Substation,NS_MO_2025,PRJ-NS-1269,11-12-2025,C-1029,Midwest Mech Pros,Controls Tech,8,0,1001.77
North Substation,NS_MO_2025,PRJ-NS-1263,11-12-2025,C-1037,PrimeFix Solutions,Controls Tech,8,0,1073.34
North Substation,NS_MO_2025,PRJ-NS-1257,11-12-2025,C-1077,Precision Welding,Safety Officer,8,0,543.52
North Substation,NS_MO_2025,PRJ-NS-1226,11-12-2025,C-1018,Atlas Heavy Eng,Controls Tech,8,0,1186.28
North Substation,NS_MO_2025,PRJ-NS-1268,11-12-2025,C-1028,Midwest Mech Pros,Field Engineer,8,0,1509.47
North Substation,NS_MO_2025,PRJ-NS-1304,11-12-2025,C-1059,PrimeFix Solutions,Field Engineer,8,0,1214.94
North Substation,NS_MO_2025,PRJ-NS-1393,11-12-2025,C-1037,PrimeFix Solutions,Controls Tech,8,0,1087.7
North Substation,NS_MO_2025,PRJ-NS-1190,11-12-2025,C-1006,Apex Industrial,Field Engineer,8,0,1422.98
North Substation,NS_MO_2025,PRJ-NS-1342,11-12-2025,C-1030,Summit Field Techs,Millwright,8,0,607.43
North Substation,NS_MO_2025,PRJ-NS-1228,11-12-2025,C-1027,Precision Welding,Crane Operator,8,0,869.31
North Substation,NS_MO_2025,PRJ-NS-1302,11-12-2025,C-1011,Midwest Mech Pros,General Labor,8,0,434.6
North Substation,NS_MO_2025,PRJ-NS-1313,11-12-2025,C-1005,Atlas Heavy Eng,Millwright,8,0,611.69
North Substation,NS_MO_2025,PRJ-NS-1275,11-12-2025,C-1024,Apex Industrial,Millwright,8,0,719.14
North Substation,NS_MO_2025,PRJ-NS-1327,11-12-2025,C-1023,Summit Field Techs,Field Engineer,8,0,1597.99
North Substation,NS_MO_2025,PRJ-NS-1326,11-12-2025,C-1076,Apex Industrial,Safety Officer,8,0,638.44
North Substation,NS_MO_2025,PRJ-NS-1185,11-12-2025,C-1023,Summit Field Techs,Field Engineer,8,0,1620.41
North Substation,NS_MO_2025,PRJ-NS-1346,11-12-2025,C-1006,Apex Industrial,Field Engineer,8,0,1386.97
North Substation,NS_MO_2025,PRJ-NS-1393,11-12-2025,C-1000,PrimeFix Solutions,Millwright,8,0,700.34
North Substation,NS_MO_2025,PRJ-NS-1162,11-12-2025,C-1040,Atlas Heavy Eng,Crane Operator,8,0,863.84
North Substation,NS_MO_2025,PRJ-NS-1322,11-12-2025,C-1031,Summit Field Techs,Crane Operator,8,0,739.34
North Substation,NS_MO_2025,PRJ-NS-1347,11-12-2025,C-1027,Precision Welding,Crane Operator,8,0,858.91
North Substation,NS_MO_2025,PRJ-NS-1205,11-12-2025,C-1012,Midwest Mech Pros,Controls Tech,8,0,980.04
North Substation,NS_MO_2025,PRJ-NS-1189,11-12-2025,C-1024,Apex Industrial,Millwright,8,0,758.07
North Substation,NS_MO_2025,PRJ-NS-1228,11-12-2025,C-1020,Midwest Mech Pros,Field Engineer,8,0,1193.93
North Substation,NS_MO_2025,PRJ-NS-1250,11-12-2025,C-1072,Apex Industrial,Crane Operator,8,0,732.42
North Substation,NS_MO_2025,PRJ-NS-1160,11-12-2025,C-1021,Summit Field Techs,Millwright,8,0,706.73
North Substation,NS_MO_2025,PRJ-NS-1159,11-12-2025,C-1041,Precision Welding,Millwright,8,0,708.49
North Substation,NS_MO_2025,PRJ-NS-1290,11-12-2025,C-1037,PrimeFix Solutions,Controls Tech,8,0,1132.04
North Substation,NS_MO_2025,PRJ-NS-1198,11-12-2025,C-1043,Apex Industrial,Crane Operator,8,0,793.69
North Substation,NS_MO_2025,PRJ-NS-1348,11-12-2025,C-1026,Precision Welding,Controls Tech,8,0,1053.43
North Substation,NS_MO_2025,PRJ-NS-1375,11-12-2025,C-1012,Midwest Mech Pros,Controls Tech,8,0,1071.15
North Substation,NS_MO_2025,PRJ-NS-1301,11-12-2025,C-1013,Atlas Heavy Eng,Safety Officer,8,0,556.31
North Substation,NS_MO_2025,PRJ-NS-1261,11-12-2025,C-1052,PrimeFix Solutions,General Labor,8,0,343.58
North Substation,NS_MO_2025,PRJ-NS-1186,11-12-2025,C-1058,Midwest Mech Pros,Controls Tech,8,0,1272.14
North Substation,NS_MO_2025,PRJ-NS-1311,11-12-2025,C-1039,PrimeFix Solutions,Field Engineer,8,0,1574.31
North Substation,NS_MO_2025,PRJ-NS-1323,11-12-2025,C-1079,Precision Welding,Crane Operator,8,0,762.0
North Substation,NS_MO_2025,PRJ-NS-1244,11-12-2025,C-1078,Atlas Heavy Eng,Millwright,8,0,684.68
North Substation,NS_MO_2025,PRJ-NS-1304,11-12-2025,C-1013,Atlas Heavy Eng,Safety Officer,8,0,558.76
North Substation,NS_MO_2025,PRJ-NS-1356,11-12-2025,C-1054,Midwest Mech Pros,General Labor,8,0,403.23
North Substation,NS_MO_2025,PRJ-NS-1380,11-12-2025,C-1039,PrimeFix Solutions,Field Engineer,8,0,1454.86
North Substation,NS_MO_2025,PRJ-NS-1301,11-12-2025,C-1065,PrimeFix Solutions,Safety Officer,8,0,652.09
North Substation,NS_MO_2025,PRJ-NS-1366,11-12-2025,C-1066,Apex Industrial,General Labor,8,0,405.17
North Substation,NS_MO_2025,PRJ-NS-1206,11-12-2025,C-1026,Precision Welding,Controls Tech,8,0,1020.87
North Substation,NS_MO_2025,PRJ-NS-1312,11-12-2025,C-1042,PrimeFix Solutions,General Labor,8,0,417.73
North Substation,NS_MO_2025,PRJ-NS-1261,11-12-2025,C-1018,Atlas Heavy Eng,Controls Tech,8,0,1141.85
North Substation,NS_MO_2025,PRJ-NS-1291,11-12-2025,C-1005,Atlas Heavy Eng,Millwright,8,0,623.18
North Substation,NS_MO_2025,PRJ-NS-1154,11-12-2025,C-1020,Midwest Mech Pros,Field Engineer,8,0,1190.82
North Substation,NS_MO_2025,PRJ-NS-1334,11-12-2025,C-1005,Atlas Heavy Eng,Millwright,8,0,581.17
North Substation,NS_MO_2025,PRJ-NS-1234,11-12-2025,C-1043,Apex Industrial,Crane Operator,8,0,785.14
North Substation,NS_MO_2025,PRJ-NS-1255,11-12-2025,C-1000,PrimeFix Solutions,Millwright,8,0,691.69
North Substation,NS_MO_2025,PRJ-NS-1379,11-12-2025,C-1019,Midwest Mech Pros,Controls Tech,8,0,1082.21
North Substation,NS_MO_2025,PRJ-NS-1342,11-12-2025,C-1031,Summit Field Techs,Crane Operator,8,0,758.98
North Substation,NS_MO_2025,PRJ-NS-1271,11-12-2025,C-1013,Atlas Heavy Eng,Safety Officer,8,0,568.15
North Substation,NS_MO_2025,PRJ-NS-1326,11-12-2025,C-1053,Precision Welding,Millwright,8,0,639.76
North Substation,NS_MO_2025,PRJ-NS-1151,11-12-2025,C-1065,PrimeFix Solutions,Safety Officer,8,0,677.92
North Substation,NS_MO_2025,PRJ-NS-1152,11-12-2025,C-1053,Precision Welding,Millwright,8,0,648.9
North Substation,NS_MO_2025,PRJ-NS-1295,11-12-2025,C-1059,PrimeFix Solutions,Field Engineer,8,0,1244.68
North Substation,NS_MO_2025,PRJ-NS-1388,11-12-2025,C-1045,Midwest Mech Pros,Crane Operator,8,0,866.3
North Substation,NS_MO_2025,PRJ-NS-1181,11-12-2025,C-1039,PrimeFix Solutions,Field Engineer,8,0,1471.4
North Substation,NS_MO_2025,PRJ-NS-1286,11-12-2025,C-1067,PrimeFix Solutions,Millwright,8,0,735.26
North Substation,NS_MO_2025,PRJ-NS-1369,11-12-2025,C-1008,Apex Industrial,Safety Officer,8,0,662.66
North Substation,NS_MO_2025,PRJ-NS-1258,11-12-2025,C-1015,Atlas Heavy Eng,Controls Tech,8,0,1192.1
North Substation,NS_MO_2025,PRJ-NS-1312,11-12-2025,C-1010,PrimeFix Solutions,Field Engineer,8,0,1594.16
North Substation,NS_MO_2025,PRJ-NS-1325,11-12-2025,C-1019,Midwest Mech Pros,Controls Tech,8,0,1015.11
North Substation,NS_MO_2025,PRJ-NS-1270,11-12-2025,C-1006,Apex Industrial,Field Engineer,8,0,1365.78
North Substation,NS_MO_2025,PRJ-NS-1187,11-12-2025,C-1028,Midwest Mech Pros,Field Engineer,8,0,1544.29
North Substation,NS_MO_2025,PRJ-NS-1346,11-12-2025,C-1010,PrimeFix Solutions,Field Engineer,8,0,1512.82
North Substation,NS_MO_2025,PRJ-NS-1226,11-12-2025,C-1023,Summit Field Techs,Field Engineer,8,0,1561.14
North Substation,NS_MO_2025,PRJ-NS-1356,11-12-2025,C-1039,PrimeFix Solutions,Field Engineer,8,0,1499.89
North Substation,NS_MO_2025,PRJ-NS-1263,11-12-2025,C-1039,PrimeFix Solutions,Field Engineer,8,0,1510.88
North Substation,NS_MO_2025,PRJ-NS-1335,11-12-2025,C-1019,Midwest Mech Pros,Controls Tech,8,0,1053.7
North Substation,NS_MO_2025,PRJ-NS-1315,11-12-2025,C-1020,Midwest Mech Pros,Field Engineer,8,0,1164.45
North Substation,NS_MO_2025,PRJ-NS-1197,11-12-2025,C-1051,Apex Industrial,Crane Operator,8,0,847.63
North Substation,NS_MO_2025,PRJ-NS-1378,11-12-2025,C-1020,Midwest Mech Pros,Field Engineer,8,0,1240.72
North Substation,NS_MO_2025,PRJ-NS-1213,11-12-2025,C-1067,PrimeFix Solutions,Millwright,8,0,699.17
North Substation,NS_MO_2025,PRJ-NS-1200,11-12-2025,C-1005,Atlas Heavy Eng,Millwright,8,0,579.49
North Substation,NS_MO_2025,PRJ-NS-1265,11-12-2025,C-1079,Precision Welding,Crane Operator,8,0,795.07
North Substation,NS_MO_2025,PRJ-NS-1226,11-12-2025,C-1001,Apex Industrial,General Labor,8,0,409.26
North Substation,NS_MO_2025,PRJ-NS-1150,11-12-2025,C-1071,PrimeFix Solutions,Crane Operator,8,0,805.01
North Substation,NS_MO_2025,PRJ-NS-1332,11-12-2025,C-1052,PrimeFix Solutions,General Labor,8,0,347.97
North Substation,NS_MO_2025,PRJ-NS-1352,11-12-2025,C-1060,Summit Field Techs,General Labor,8,0,470.85
North Substation,NS_MO_2025,PRJ-NS-1324,11-12-2025,C-1072,Apex Industrial,Crane Operator,8,0,743.27
North Substation,NS_MO_2025,PRJ-NS-1153,11-12-2025,C-1035,Summit Field Techs,General Labor,8,0,364.0
North Substation,NS_MO_2025,PRJ-NS-1183,11-12-2025,C-1078,Atlas Heavy Eng,Millwright,8,0,708.42
North Substation,NS_MO_2025,PRJ-NS-1361,11-12-2025,C-1073,Precision Welding,General Labor,8,0,361.4
North Substation,NS_MO_2025,PRJ-NS-1172,11-12-2025,C-1013,Atlas Heavy Eng,Safety Officer,8,0,555.6
North Substation,NS_MO_2025,PRJ-NS-1259,11-12-2025,C-1035,Summit Field Techs,General Labor,8,0,366.07
North Substation,NS_MO_2025,PRJ-NS-1162,11-12-2025,C-1069,Precision Welding,Safety Officer,8,0,527.66
North Substation,NS_MO_2025,PRJ-NS-1203,11-12-2025,C-1006,Apex Industrial,Field Engineer,8,0,1424.01
North Substation,NS_MO_2025,PRJ-NS-1181,11-12-2025,C-1069,Precision Welding,Safety Officer,8,0,533.42
North Substation,NS_MO_2025,PRJ-NS-1166,11-12-2025,C-1023,Summit Field Techs,Field Engineer,8,0,1584.64
North Substation,NS_MO_2025,PRJ-NS-1390,11-12-2025,C-1013,Atlas Heavy Eng,Safety Officer,8,0,570.12
North Substation,NS_MO_2025,PRJ-NS-1354,11-12-2025,C-1066,Apex Industrial,General Labor,8,0,400.98
North Substation,NS_MO_2025,PRJ-NS-1374,11-12-2025,C-1019,Midwest Mech Pros,Controls Tech,8,0,1079.2
North Substation,NS_MO_2025,PRJ-NS-1334,11-12-2025,C-1010,PrimeFix Solutions,Field Engineer,8,0,1663.94
North Substation,NS_MO_2025,PRJ-NS-1372,11-12-2025,C-1066,Apex Industrial,General Labor,8,0,400.88
North Substation,NS_MO_2025,PRJ-NS-1356,11-12-2025,C-1067,PrimeFix Solutions,Millwright,8,0,690.95
North Substation,NS_MO_2025,PRJ-NS-1373,11-12-2025,C-1037,PrimeFix Solutions,Controls Tech,8,0,1126.28
North Substation,NS_MO_2025,PRJ-NS-1188,11-12-2025,C-1003,Summit Field Techs,Millwright,8,0,651.62
North Substation,NS_MO_2025,PRJ-NS-1160,11-12-2025,C-1017,Summit Field Techs,Crane Operator,8,0,830.96
North Substation,NS_MO_2025,PRJ-NS-1394,11-12-2025,C-1029,Midwest Mech Pros,Controls Tech,8,0,1002.44
North Substation,NS_MO_2025,PRJ-NS-1211,12-12-2025,C-1067,PrimeFix Solutions,Millwright,8,0,700.4
North Substation,NS_MO_2025,PRJ-NS-1189,12-12-2025,C-1074,Apex Industrial,Controls Tech,8,0,1155.44
North Substation,NS_MO_2025,PRJ-NS-1321,12-12-2025,C-1062,PrimeFix Solutions,General Labor,8,0,381.01
North Substation,NS_MO_2025,PRJ-NS-1353,12-12-2025,C-1073,Precision Welding,General Labor,8,0,367.02
North Substation,NS_MO_2025,PRJ-NS-1185,12-12-2025,C-1023,Summit Field Techs,Field Engineer,8,0,1529.46
North Substation,NS_MO_2025,PRJ-NS-1356,12-12-2025,C-1054,Midwest Mech Pros,General Labor,8,0,393.88
North Substation,NS_MO_2025,PRJ-NS-1159,12-12-2025,C-1006,Apex Industrial,Field Engineer,8,0,1350.14
North Substation,NS_MO_2025,PRJ-NS-1354,12-12-2025,C-1066,Apex Industrial,General Labor,8,0,377.65
North Substation,NS_MO_2025,PRJ-NS-1205,12-12-2025,C-1012,Midwest Mech Pros,Controls Tech,8,0,1022.01
North Substation,NS_MO_2025,PRJ-NS-1370,12-12-2025,C-1028,Midwest Mech Pros,Field Engineer,8,0,1447.05
North Substation,NS_MO_2025,PRJ-NS-1211,12-12-2025,C-1067,PrimeFix Solutions,Millwright,8,0,715.7
North Substation,NS_MO_2025,PRJ-NS-1325,12-12-2025,C-1019,Midwest Mech Pros,Controls Tech,8,0,1093.2
North Substation,NS_MO_2025,PRJ-NS-1390,12-12-2025,C-1013,Atlas Heavy Eng,Safety Officer,8,0,589.44
North Substation,NS_MO_2025,PRJ-NS-1182,12-12-2025,C-1029,Midwest Mech Pros,Controls Tech,8,0,1020.28
North Substation,NS_MO_2025,PRJ-NS-1326,12-12-2025,C-1076,Apex Industrial,Safety Officer,8,0,643.71
North Substation,NS_MO_2025,PRJ-NS-1257,12-12-2025,C-1077,Precision Welding,Safety Officer,8,0,557.44
North Substation,NS_MO_2025,PRJ-NS-1375,12-12-2025,C-1012,Midwest Mech Pros,Controls Tech,8,0,1045.41
North Substation,NS_MO_2025,PRJ-NS-1160,12-12-2025,C-1021,Summit Field Techs,Millwright,8,0,652.39
North Substation,NS_MO_2025,PRJ-NS-1208,12-12-2025,C-1045,Midwest Mech Pros,Crane Operator,8,0,837.41
North Substation,NS_MO_2025,PRJ-NS-1268,12-12-2025,C-1028,Midwest Mech Pros,Field Engineer,8,0,1499.44
North Substation,NS_MO_2025,PRJ-NS-1152,12-12-2025,C-1053,Precision Welding,Millwright,8,0,645.72
North Substation,NS_MO_2025,PRJ-NS-1315,12-12-2025,C-1020,Midwest Mech Pros,Field Engineer,8,0,1216.18
North Substation,NS_MO_2025,PRJ-NS-1194,12-12-2025,C-1006,Apex Industrial,Field Engineer,8,0,1391.07
North Substation,NS_MO_2025,PRJ-NS-1194,12-12-2025,C-1006,Apex Industrial,Field Engineer,8,0,1412.48
North Substation,NS_MO_2025,PRJ-NS-1205,12-12-2025,C-1012,Midwest Mech Pros,Controls Tech,8,0,1057.65
North Substation,NS_MO_2025,PRJ-NS-1291,12-12-2025,C-1005,Atlas Heavy Eng,Millwright,8,0,607.53
North Substation,NS_MO_2025,PRJ-NS-1269,12-12-2025,C-1029,Midwest Mech Pros,Controls Tech,8,0,972.58
North Substation,NS_MO_2025,PRJ-NS-1191,12-12-2025,C-1047,Atlas Heavy Eng,Millwright,8,0,595.27
North Substation,NS_MO_2025,PRJ-NS-1213,12-12-2025,C-1041,Precision Welding,Millwright,8,0,741.02
North Substation,NS_MO_2025,PRJ-NS-1354,12-12-2025,C-1066,Apex Industrial,General Labor,8,0,401.54
North Substation,NS_MO_2025,PRJ-NS-1312,12-12-2025,C-1042,PrimeFix Solutions,General Labor,8,0,425.94
North Substation,NS_MO_2025,PRJ-NS-1187,12-12-2025,C-1028,Midwest Mech Pros,Field Engineer,8,0,1537.82
North Substation,NS_MO_2025,PRJ-NS-1311,12-12-2025,C-1039,PrimeFix Solutions,Field Engineer,8,0,1446.41
North Substation,NS_MO_2025,PRJ-NS-1356,12-12-2025,C-1054,Midwest Mech Pros,General Labor,8,0,407.97
North Substation,NS_MO_2025,PRJ-NS-1348,12-12-2025,C-1026,Precision Welding,Controls Tech,8,0,1024.7
North Substation,NS_MO_2025,PRJ-NS-1295,12-12-2025,C-1005,Atlas Heavy Eng,Millwright,8,0,629.44
North Substation,NS_MO_2025,PRJ-NS-1354,12-12-2025,C-1066,Apex Industrial,General Labor,8,0,379.34
North Substation,NS_MO_2025,PRJ-NS-1394,12-12-2025,C-1029,Midwest Mech Pros,Controls Tech,8,0,1035.9
North Substation,NS_MO_2025,PRJ-NS-1172,12-12-2025,C-1005,Atlas Heavy Eng,Millwright,8,0,627.72
North Substation,NS_MO_2025,PRJ-NS-1346,12-12-2025,C-1006,Apex Industrial,Field Engineer,8,0,1305.53
North Substation,NS_MO_2025,PRJ-NS-1379,12-12-2025,C-1019,Midwest Mech Pros,Controls Tech,8,0,1095.69
North Substation,NS_MO_2025,PRJ-NS-1380,12-12-2025,C-1006,Apex Industrial,Field Engineer,8,0,1420.13
North Substation,NS_MO_2025,PRJ-NS-1250,12-12-2025,C-1072,Apex Industrial,Crane Operator,8,0,728.35
North Substation,NS_MO_2025,PRJ-NS-1206,12-12-2025,C-1026,Precision Welding,Controls Tech,8,0,1047.3
North Substation,NS_MO_2025,PRJ-NS-1300,12-12-2025,C-1023,Summit Field Techs,Field Engineer,8,0,1652.57
North Substation,NS_MO_2025,PRJ-NS-1244,12-12-2025,C-1078,Atlas Heavy Eng,Millwright,8,0,682.58
North Substation,NS_MO_2025,PRJ-NS-1324,12-12-2025,C-1078,Atlas Heavy Eng,Millwright,8,0,679.88
North Substation,NS_MO_2025,PRJ-NS-1332,12-12-2025,C-1052,PrimeFix Solutions,General Labor,8,0,378.68
North Substation,NS_MO_2025,PRJ-NS-1329,12-12-2025,C-1067,PrimeFix Solutions,Millwright,8,0,729.18
North Substation,NS_MO_2025,PRJ-NS-1374,12-12-2025,C-1019,Midwest Mech Pros,Controls Tech,8,0,1111.07
North Substation,NS_MO_2025,PRJ-NS-1315,12-12-2025,C-1062,PrimeFix Solutions,General Labor,8,0,360.88
North Substation,NS_MO_2025,PRJ-NS-1244,12-12-2025,C-1078,Atlas Heavy Eng,Millwright,8,0,705.37
North Substation,NS_MO_2025,PRJ-NS-1187,12-12-2025,C-1028,Midwest Mech Pros,Field Engineer,8,0,1517.36
North Substation,NS_MO_2025,PRJ-NS-1259,12-12-2025,C-1043,Apex Industrial,Crane Operator,8,0,860.11
North Substation,NS_MO_2025,PRJ-NS-1361,12-12-2025,C-1073,Precision Welding,General Labor,8,0,371.46
North Substation,NS_MO_2025,PRJ-NS-1350,12-12-2025,C-1079,Precision Welding,Crane Operator,8,0,778.57
North Substation,NS_MO_2025,PRJ-NS-1373,12-12-2025,C-1037,PrimeFix Solutions,Controls Tech,8,0,1115.43
North Substation,NS_MO_2025,PRJ-NS-1304,12-12-2025,C-1059,PrimeFix Solutions,Field Engineer,8,0,1166.4
North Substation,NS_MO_2025,PRJ-NS-1379,12-12-2025,C-1019,Midwest Mech Pros,Controls Tech,8,0,1087.97
North Substation,NS_MO_2025,PRJ-NS-1194,12-12-2025,C-1046,Precision Welding,General Labor,8,0,435.97
North Substation,NS_MO_2025,PRJ-NS-1258,12-12-2025,C-1015,Atlas Heavy Eng,Controls Tech,8,0,1280.96
North Substation,NS_MO_2025,PRJ-NS-1334,12-12-2025,C-1010,PrimeFix Solutions,Field Engineer,8,0,1591.09
North Substation,NS_MO_2025,PRJ-NS-1291,12-12-2025,C-1054,Midwest Mech Pros,General Labor,8,0,387.81
North Substation,NS_MO_2025,PRJ-NS-1250,12-12-2025,C-1072,Apex Industrial,Crane Operator,8,0,783.53
North Substation,NS_MO_2025,PRJ-NS-1226,12-12-2025,C-1018,Atlas Heavy Eng,Controls Tech,8,0,1147.25
North Substation,NS_MO_2025,PRJ-NS-1347,12-12-2025,C-1027,Precision Welding,Crane Operator,8,0,895.19
North Substation,NS_MO_2025,PRJ-NS-1302,12-12-2025,C-1035,Summit Field Techs,General Labor,8,0,358.46
North Substation,NS_MO_2025,PRJ-NS-1373,12-12-2025,C-1037,PrimeFix Solutions,Controls Tech,8,0,1147.76
North Substation,NS_MO_2025,PRJ-NS-1271,12-12-2025,C-1013,Atlas Heavy Eng,Safety Officer,8,0,587.37
North Substation,NS_MO_2025,PRJ-NS-1312,12-12-2025,C-1010,PrimeFix Solutions,Field Engineer,8,0,1558.28
North Substation,NS_MO_2025,PRJ-NS-1390,12-12-2025,C-1062,PrimeFix Solutions,General Labor,8,0,367.08
North Substation,NS_MO_2025,PRJ-NS-1315,12-12-2025,C-1020,Midwest Mech Pros,Field Engineer,8,0,1168.24
North Substation,NS_MO_2025,PRJ-NS-1353,12-12-2025,C-1073,Precision Welding,General Labor,8,0,392.68
North Substation,NS_MO_2025,PRJ-NS-1295,12-12-2025,C-1059,PrimeFix Solutions,Field Engineer,8,0,1245.64
North Substation,NS_MO_2025,PRJ-NS-1356,12-12-2025,C-1039,PrimeFix Solutions,Field Engineer,8,0,1583.89
North Substation,NS_MO_2025,PRJ-NS-1388,12-12-2025,C-1045,Midwest Mech Pros,Crane Operator,8,0,849.89
North Substation,NS_MO_2025,PRJ-NS-1375,12-12-2025,C-1012,Midwest Mech Pros,Controls Tech,8,0,1046.7
North Substation,NS_MO_2025,PRJ-NS-1361,12-12-2025,C-1073,Precision Welding,General Labor,8,0,376.6
North Substation,NS_MO_2025,PRJ-NS-1320,12-12-2025,C-1001,Apex Industrial,General Labor,8,0,409.39
North Substation,NS_MO_2025,PRJ-NS-1250,12-12-2025,C-1072,Apex Industrial,Crane Operator,8,0,759.88
North Substation,NS_MO_2025,PRJ-NS-1342,12-12-2025,C-1031,Summit Field Techs,Crane Operator,8,0,782.65
North Substation,NS_MO_2025,PRJ-NS-1207,12-12-2025,C-1006,Apex Industrial,Field Engineer,8,0,1332.55
North Substation,NS_MO_2025,PRJ-NS-1269,12-12-2025,C-1029,Midwest Mech Pros,Controls Tech,8,0,1016.23
North Substation,NS_MO_2025,PRJ-NS-1393,12-12-2025,C-1000,PrimeFix Solutions,Millwright,8,0,722.42
North Substation,NS_MO_2025,PRJ-NS-1181,12-12-2025,C-1078,Atlas Heavy Eng,Millwright,8,0,705.5
North Substation,NS_MO_2025,PRJ-NS-1361,12-12-2025,C-1073,Precision Welding,General Labor,8,0,379.91
North Substation,NS_MO_2025,PRJ-NS-1276,12-12-2025,C-1003,Summit Field Techs,Millwright,8,0,701.13
North Substation,NS_MO_2025,PRJ-NS-1312,12-12-2025,C-1010,PrimeFix Solutions,Field Engineer,8,0,1521.45
North Substation,NS_MO_2025,PRJ-NS-1269,12-12-2025,C-1029,Midwest Mech Pros,Controls Tech,8,0,971.11
North Substation,NS_MO_2025,PRJ-NS-1393,12-12-2025,C-1037,PrimeFix Solutions,Controls Tech,8,0,1108.39
North Substation,NS_MO_2025,PRJ-NS-1189,12-12-2025,C-1024,Apex Industrial,Millwright,8,0,742.51
North Substation,NS_MO_2025,PRJ-NS-1346,12-12-2025,C-1006,Apex Industrial,Field Engineer,8,0,1406.96
North Substation,NS_MO_2025,PRJ-NS-1393,12-12-2025,C-1037,PrimeFix Solutions,Controls Tech,8,0,1135.01
North Substation,NS_MO_2025,PRJ-NS-1259,12-12-2025,C-1035,Summit Field Techs,General Labor,8,0,372.81
North Substation,NS_MO_2025,PRJ-NS-1301,12-12-2025,C-1013,Atlas Heavy Eng,Safety Officer,8,0,604.2
North Substation,NS_MO_2025,PRJ-NS-1226,12-12-2025,C-1001,Apex Industrial,General Labor,8,0,405.83
North Substation,NS_MO_2025,PRJ-NS-1390,12-12-2025,C-1062,PrimeFix Solutions,General Labor,8,0,376.91
North Substation,NS_MO_2025,PRJ-NS-1208,12-12-2025,C-1045,Midwest Mech Pros,Crane Operator,8,0,827.77
North Substation,NS_MO_2025,PRJ-NS-1261,12-12-2025,C-1052,PrimeFix Solutions,General Labor,8,0,377.19
North Substation,NS_MO_2025,PRJ-NS-1188,12-12-2025,C-1024,Apex Industrial,Millwright,8,0,713.8
North Substation,NS_MO_2025,PRJ-NS-1346,12-12-2025,C-1010,PrimeFix Solutions,Field Engineer,8,0,1660.1
North Substation,NS_MO_2025,PRJ-NS-1190,12-12-2025,C-1021,Summit Field Techs,Millwright,8,0,695.86
North Substation,NS_MO_2025,PRJ-NS-1232,12-12-2025,C-1073,Precision Welding,General Labor,8,0,363.63
North Substation,NS_MO_2025,PRJ-NS-1150,12-12-2025,C-1071,PrimeFix Solutions,Crane Operator,8,0,796.02
North Substation,NS_MO_2025,PRJ-NS-1378,12-12-2025,C-1020,Midwest Mech Pros,Field Engineer,8,0,1254.68
North Substation,NS_MO_2025,PRJ-NS-1261,12-12-2025,C-1018,Atlas Heavy Eng,Controls Tech,8,0,1141.82
North Substation,NS_MO_2025,PRJ-NS-1206,12-12-2025,C-1026,Precision Welding,Controls Tech,8,0,1084.85
North Substation,NS_MO_2025,PRJ-NS-1259,12-12-2025,C-1043,Apex Industrial,Crane Operator,8,0,859.75
North Substation,NS_MO_2025,PRJ-NS-1393,12-12-2025,C-1037,PrimeFix Solutions,Controls Tech,8,0,1102.5
North Substation,NS_MO_2025,PRJ-NS-1188,12-12-2025,C-1024,Apex Industrial,Millwright,8,0,735.74
North Substation,NS_MO_2025,PRJ-NS-1393,12-12-2025,C-1003,Summit Field Techs,Millwright,8,0,661.03
North Substation,NS_MO_2025,PRJ-NS-1200,12-12-2025,C-1005,Atlas Heavy Eng,Millwright,8,0,631.27
North Substation,NS_MO_2025,PRJ-NS-1228,12-12-2025,C-1020,Midwest Mech Pros,Field Engineer,8,0,1162.24
North Substation,NS_MO_2025,PRJ-NS-1291,12-12-2025,C-1054,Midwest Mech Pros,General Labor,8,0,389.45
North Substation,NS_MO_2025,PRJ-NS-1213,12-12-2025,C-1067,PrimeFix Solutions,Millwright,8,0,753.88
North Substation,NS_MO_2025,PRJ-NS-1353,12-12-2025,C-1073,Precision Welding,General Labor,8,0,375.86
North Substation,NS_MO_2025,PRJ-NS-1228,12-12-2025,C-1020,Midwest Mech Pros,Field Engineer,8,0,1249.22
North Substation,NS_MO_2025,PRJ-NS-1342,12-12-2025,C-1030,Summit Field Techs,Millwright,8,0,635.13
North Substation,NS_MO_2025,PRJ-NS-1366,12-12-2025,C-1066,Apex Industrial,General Labor,8,0,393.72
North Substation,NS_MO_2025,PRJ-NS-1205,12-12-2025,C-1012,Midwest Mech Pros,Controls Tech,8,0,1031.34
North Substation,NS_MO_2025,PRJ-NS-1372,12-12-2025,C-1066,Apex Industrial,General Labor,8,0,386.97
North Substation,NS_MO_2025,PRJ-NS-1263,12-12-2025,C-1054,Midwest Mech Pros,General Labor,8,0,387.98
North Substation,NS_MO_2025,PRJ-NS-1258,12-12-2025,C-1060,Summit Field Techs,General Labor,8,0,457.3
North Substation,NS_MO_2025,PRJ-NS-1379,12-12-2025,C-1019,Midwest Mech Pros,Controls Tech,8,0,1045.26
North Substation,NS_MO_2025,PRJ-NS-1324,12-12-2025,C-1078,Atlas Heavy Eng,Millwright,8,0,699.84
North Substation,NS_MO_2025,PRJ-NS-1259,12-12-2025,C-1035,Summit Field Techs,General Labor,8,0,355.32
North Substation,NS_MO_2025,PRJ-NS-1348,12-12-2025,C-1026,Precision Welding,Controls Tech,8,0,1085.85
North Substation,NS_MO_2025,PRJ-NS-1190,12-12-2025,C-1021,Summit Field Techs,Millwright,8,0,688.71
North Substation,NS_MO_2025,PRJ-NS-1312,12-12-2025,C-1042,PrimeFix Solutions,General Labor,8,0,413.09
North Substation,NS_MO_2025,PRJ-NS-1172,12-12-2025,C-1013,Atlas Heavy Eng,Safety Officer,8,0,561.36
North Substation,NS_MO_2025,PRJ-NS-1206,12-12-2025,C-1026,Precision Welding,Controls Tech,8,0,1082.22
North Substation,NS_MO_2025,PRJ-NS-1259,12-12-2025,C-1035,Summit Field Techs,General Labor,8,0,381.32
North Substation,NS_MO_2025,PRJ-NS-1324,12-12-2025,C-1072,Apex Industrial,Crane Operator,8,0,770.39
North Substation,NS_MO_2025,PRJ-NS-1226,12-12-2025,C-1018,Atlas Heavy Eng,Controls Tech,8,0,1122.62
North Substation,NS_MO_2025,PRJ-NS-1207,12-12-2025,C-1006,Apex Industrial,Field Engineer,8,0,1392.2
North Substation,NS_MO_2025,PRJ-NS-1330,12-12-2025,C-1071,PrimeFix Solutions,Crane Operator,8,0,760.51
North Substation,NS_MO_2025,PRJ-NS-1295,12-12-2025,C-1059,PrimeFix Solutions,Field Engineer,8,0,1164.16
North Substation,NS_MO_2025,PRJ-NS-1200,12-12-2025,C-1005,Atlas Heavy Eng,Millwright,8,0,626.59
North Substation,NS_MO_2025,PRJ-NS-1288,12-12-2025,C-1077,Precision Welding,Safety Officer,8,0,552.8
North Substation,NS_MO_2025,PRJ-NS-1268,12-12-2025,C-1028,Midwest Mech Pros,Field Engineer,8,0,1479.42
North Substation,NS_MO_2025,PRJ-NS-1248,12-12-2025,C-1026,Precision Welding,Controls Tech,8,0,1033.62
North Substation,NS_MO_2025,PRJ-NS-1189,12-12-2025,C-1024,Apex Industrial,Millwright,8,0,761.24
North Substation,NS_MO_2025,PRJ-NS-1188,12-12-2025,C-1003,Summit Field Techs,Millwright,8,0,673.45
North Substation,NS_MO_2025,PRJ-NS-1326,12-12-2025,C-1053,Precision Welding,Millwright,8,0,676.52
North Substation,NS_MO_2025,PRJ-NS-1291,12-12-2025,C-1005,Atlas Heavy Eng,Millwright,8,0,618.82
North Substation,NS_MO_2025,PRJ-NS-1270,12-12-2025,C-1006,Apex Industrial,Field Engineer,8,0,1388.45
North Substation,NS_MO_2025,PRJ-NS-1250,12-12-2025,C-1072,Apex Industrial,Crane Operator,8,0,776.01
North Substation,NS_MO_2025,PRJ-NS-1342,12-12-2025,C-1031,Summit Field Techs,Crane Operator,8,0,765.03
North Substation,NS_MO_2025,PRJ-NS-1228,12-12-2025,C-1027,Precision Welding,Crane Operator,8,0,834.81
North Substation,NS_MO_2025,PRJ-NS-1380,12-12-2025,C-1006,Apex Industrial,Field Engineer,8,0,1353.84
North Substation,NS_MO_2025,PRJ-NS-1265,12-12-2025,C-1079,Precision Welding,Crane Operator,8,0,794.24
North Substation,NS_MO_2025,PRJ-NS-1330,12-12-2025,C-1071,PrimeFix Solutions,Crane Operator,8,0,761.28
North Substation,NS_MO_2025,PRJ-NS-1150,12-12-2025,C-1071,PrimeFix Solutions,Crane Operator,8,0,809.63
North Substation,NS_MO_2025,PRJ-NS-1320,12-12-2025,C-1001,Apex Industrial,General Labor,8,0,421.58
North Substation,NS_MO_2025,PRJ-NS-1325,12-12-2025,C-1019,Midwest Mech Pros,Controls Tech,8,0,1019.87
North Substation,NS_MO_2025,PRJ-NS-1259,12-12-2025,C-1035,Summit Field Techs,General Labor,8,0,376.09
North Substation,NS_MO_2025,PRJ-NS-1270,12-12-2025,C-1006,Apex Industrial,Field Engineer,8,0,1300.22
North Substation,NS_MO_2025,PRJ-NS-1349,12-12-2025,C-1011,Midwest Mech Pros,General Labor,8,0,431.45
North Substation,NS_MO_2025,PRJ-NS-1194,12-12-2025,C-1030,Summit Field Techs,Millwright,8,0,640.17
North Substation,NS_MO_2025,PRJ-NS-1313,12-12-2025,C-1005,Atlas Heavy Eng,Millwright,8,0,581.35
North Substation,NS_MO_2025,PRJ-NS-1257,12-12-2025,C-1077,Precision Welding,Safety Officer,8,0,574.41
North Substation,NS_MO_2025,PRJ-NS-1185,12-12-2025,C-1023,Summit Field Techs,Field Engineer,8,0,1665.82
North Substation,NS_MO_2025,PRJ-NS-1226,12-12-2025,C-1001,Apex Industrial,General Labor,8,0,416.34
North Substation,NS_MO_2025,PRJ-NS-1159,12-12-2025,C-1006,Apex Industrial,Field Engineer,8,0,1392.3
North Substation,NS_MO_2025,PRJ-NS-1275,12-12-2025,C-1024,Apex Industrial,Millwright,8,0,718.0
North Substation,NS_MO_2025,PRJ-NS-1369,12-12-2025,C-1008,Apex Industrial,Safety Officer,8,0,660.87
North Substation,NS_MO_2025,PRJ-NS-1324,12-12-2025,C-1078,Atlas Heavy Eng,Millwright,8,0,721.55
North Substation,NS_MO_2025,PRJ-NS-1213,12-12-2025,C-1067,PrimeFix Solutions,Millwright,8,0,704.13
North Substation,NS_MO_2025,PRJ-NS-1334,12-12-2025,C-1010,PrimeFix Solutions,Field Engineer,8,0,1556.26
North Substation,NS_MO_2025,PRJ-NS-1317,12-12-2025,C-1000,PrimeFix Solutions,Millwright,8,0,717.31
North Substation,NS_MO_2025,PRJ-NS-1268,12-12-2025,C-1028,Midwest Mech Pros,Field Engineer,8,0,1417.25
North Substation,NS_MO_2025,PRJ-NS-1190,12-12-2025,C-1006,Apex Industrial,Field Engineer,8,0,1428.99
North Substation,NS_MO_2025,PRJ-NS-1200,12-12-2025,C-1023,Summit Field Techs,Field Engineer,8,0,1560.22
North Substation,NS_MO_2025,PRJ-NS-1176,12-12-2025,C-1029,Midwest Mech Pros,Controls Tech,8,0,1026.73
North Substation,NS_MO_2025,PRJ-NS-1394,12-12-2025,C-1029,Midwest Mech Pros,Controls Tech,8,0,1063.72
North Substation,NS_MO_2025,PRJ-NS-1321,12-12-2025,C-1062,PrimeFix Solutions,General Labor,8,0,363.22
North Substation,NS_MO_2025,PRJ-NS-1222,12-12-2025,C-1041,Precision Welding,Millwright,8,0,711.66
North Substation,NS_MO_2025,PRJ-NS-1181,12-12-2025,C-1069,Precision Welding,Safety Officer,8,0,516.24
North Substation,NS_MO_2025,PRJ-NS-1188,12-12-2025,C-1024,Apex Industrial,Millwright,8,0,772.13
North Substation,NS_MO_2025,PRJ-NS-1369,12-12-2025,C-1008,Apex Industrial,Safety Officer,8,0,675.89
North Substation,NS_MO_2025,PRJ-NS-1152,12-12-2025,C-1053,Precision Welding,Millwright,8,0,663.89
North Substation,NS_MO_2025,PRJ-NS-1390,12-12-2025,C-1013,Atlas Heavy Eng,Safety Officer,8,0,576.3
North Substation,NS_MO_2025,PRJ-NS-1350,12-12-2025,C-1079,Precision Welding,Crane Operator,8,0,726.76
North Substation,NS_MO_2025,PRJ-NS-1187,12-12-2025,C-1028,Midwest Mech Pros,Field Engineer,8,0,1510.19
North Substation,NS_MO_2025,PRJ-NS-1356,12-12-2025,C-1039,PrimeFix Solutions,Field Engineer,8,0,1511.24
North Substation,NS_MO_2025,PRJ-NS-1194,12-12-2025,C-1006,Apex Industrial,Field Engineer,8,0,1324.5
North Substation,NS_MO_2025,PRJ-NS-1311,12-12-2025,C-1039,PrimeFix Solutions,Field Engineer,8,0,1524.63
North Substation,NS_MO_2025,PRJ-NS-1326,12-12-2025,C-1076,Apex Industrial,Safety Officer,8,0,656.04
North Substation,NS_MO_2025,PRJ-NS-1324,12-12-2025,C-1078,Atlas Heavy Eng,Millwright,8,0,681.66
North Substation,NS_MO_2025,PRJ-NS-1185,12-12-2025,C-1023,Summit Field Techs,Field Engineer,8,0,1616.43
North Substation,NS_MO_2025,PRJ-NS-1291,12-12-2025,C-1054,Midwest Mech Pros,General Labor,8,0,416.99
North Substation,NS_MO_2025,PRJ-NS-1268,12-12-2025,C-1028,Midwest Mech Pros,Field Engineer,8,0,1537.85
North Substation,NS_MO_2025,PRJ-NS-1208,12-12-2025,C-1045,Midwest Mech Pros,Crane Operator,8,0,828.94
North Substation,NS_MO_2025,PRJ-NS-1189,12-12-2025,C-1074,Apex Industrial,Controls Tech,8,0,1163.42
North Substation,NS_MO_2025,PRJ-NS-1315,13-12-2025,C-1062,PrimeFix Solutions,General Labor,8,0,371.05
North Substation,NS_MO_2025,PRJ-NS-1258,13-12-2025,C-1015,Atlas Heavy Eng,Controls Tech,8,0,1228.9
North Substation,NS_MO_2025,PRJ-NS-1348,13-12-2025,C-1026,Precision Welding,Controls Tech,8,0,1030.65
North Substation,NS_MO_2025,PRJ-NS-1181,13-12-2025,C-1078,Atlas Heavy Eng,Millwright,8,0,723.71
North Substation,NS_MO_2025,PRJ-NS-1269,13-12-2025,C-1029,Midwest Mech Pros,Controls Tech,8,0,964.09
North Substation,NS_MO_2025,PRJ-NS-1322,13-12-2025,C-1031,Summit Field Techs,Crane Operator,8,0,768.28
North Substation,NS_MO_2025,PRJ-NS-1332,13-12-2025,C-1052,PrimeFix Solutions,General Labor,8,0,347.71
North Substation,NS_MO_2025,PRJ-NS-1346,13-12-2025,C-1010,PrimeFix Solutions,Field Engineer,8,0,1609.97
North Substation,NS_MO_2025,PRJ-NS-1226,13-12-2025,C-1001,Apex Industrial,General Labor,8,0,416.3
North Substation,NS_MO_2025,PRJ-NS-1276,13-12-2025,C-1003,Summit Field Techs,Millwright,8,0,685.6
North Substation,NS_MO_2025,PRJ-NS-1346,13-12-2025,C-1006,Apex Industrial,Field Engineer,8,0,1376.31
North Substation,NS_MO_2025,PRJ-NS-1342,13-12-2025,C-1030,Summit Field Techs,Millwright,8,0,649.5
North Substation,NS_MO_2025,PRJ-NS-1259,13-12-2025,C-1023,Summit Field Techs,Field Engineer,8,0,1532.84
North Substation,NS_MO_2025,PRJ-NS-1162,13-12-2025,C-1069,Precision Welding,Safety Officer,8,0,504.34
North Substation,NS_MO_2025,PRJ-NS-1379,13-12-2025,C-1019,Midwest Mech Pros,Controls Tech,8,0,1085.94
North Substation,NS_MO_2025,PRJ-NS-1394,13-12-2025,C-1029,Midwest Mech Pros,Controls Tech,8,0,1039.94
North Substation,NS_MO_2025,PRJ-NS-1330,13-12-2025,C-1071,PrimeFix Solutions,Crane Operator,8,0,760.74
North Substation,NS_MO_2025,PRJ-NS-1275,13-12-2025,C-1024,Apex Industrial,Millwright,8,0,744.96
North Substation,NS_MO_2025,PRJ-NS-1315,13-12-2025,C-1020,Midwest Mech Pros,Field Engineer,8,0,1230.31
North Substation,NS_MO_2025,PRJ-NS-1197,13-12-2025,C-1051,Apex Industrial,Crane Operator,8,0,830.07
North Substation,NS_MO_2025,PRJ-NS-1370,13-12-2025,C-1028,Midwest Mech Pros,Field Engineer,8,0,1419.1
North Substation,NS_MO_2025,PRJ-NS-1232,13-12-2025,C-1073,Precision Welding,General Labor,8,0,360.68
North Substation,NS_MO_2025,PRJ-NS-1313,13-12-2025,C-1005,Atlas Heavy Eng,Millwright,8,0,576.5
North Substation,NS_MO_2025,PRJ-NS-1353,13-12-2025,C-1073,Precision Welding,General Labor,8,0,371.73
North Substation,NS_MO_2025,PRJ-NS-1329,13-12-2025,C-1067,PrimeFix Solutions,Millwright,8,0,752.69
North Substation,NS_MO_2025,PRJ-NS-1373,13-12-2025,C-1037,PrimeFix Solutions,Controls Tech,8,0,1069.47
North Substation,NS_MO_2025,PRJ-NS-1323,13-12-2025,C-1079,Precision Welding,Crane Operator,8,0,732.66
North Substation,NS_MO_2025,PRJ-NS-1234,13-12-2025,C-1043,Apex Industrial,Crane Operator,8,0,817.96
North Substation,NS_MO_2025,PRJ-NS-1150,13-12-2025,C-1071,PrimeFix Solutions,Crane Operator,8,0,807.19
North Substation,NS_MO_2025,PRJ-NS-1271,13-12-2025,C-1013,Atlas Heavy Eng,Safety Officer,8,0,559.03
North Substation,NS_MO_2025,PRJ-NS-1236,13-12-2025,C-1005,Atlas Heavy Eng,Millwright,8,0,607.34
North Substation,NS_MO_2025,PRJ-NS-1393,13-12-2025,C-1037,PrimeFix Solutions,Controls Tech,8,0,1159.45
North Substation,NS_MO_2025,PRJ-NS-1200,13-12-2025,C-1005,Atlas Heavy Eng,Millwright,8,0,599.54
North Substation,NS_MO_2025,PRJ-NS-1263,13-12-2025,C-1039,PrimeFix Solutions,Field Engineer,8,0,1470.69
North Substation,NS_MO_2025,PRJ-NS-1181,13-12-2025,C-1039,PrimeFix Solutions,Field Engineer,8,0,1500.93
North Substation,NS_MO_2025,PRJ-NS-1200,13-12-2025,C-1023,Summit Field Techs,Field Engineer,8,0,1520.43
North Substation,NS_MO_2025,PRJ-NS-1335,13-12-2025,C-1019,Midwest Mech Pros,Controls Tech,8,0,1034.25
North Substation,NS_MO_2025,PRJ-NS-1244,13-12-2025,C-1078,Atlas Heavy Eng,Millwright,8,0,671.99
North Substation,NS_MO_2025,PRJ-NS-1361,13-12-2025,C-1073,Precision Welding,General Labor,8,0,368.07
North Substation,NS_MO_2025,PRJ-NS-1196,13-12-2025,C-1023,Summit Field Techs,Field Engineer,8,0,1617.56
North Substation,NS_MO_2025,PRJ-NS-1187,13-12-2025,C-1028,Midwest Mech Pros,Field Engineer,8,0,1542.68
North Substation,NS_MO_2025,PRJ-NS-1153,13-12-2025,C-1035,Summit Field Techs,General Labor,8,0,382.31
North Substation,NS_MO_2025,PRJ-NS-1356,13-12-2025,C-1067,PrimeFix Solutions,Millwright,8,0,758.85
North Substation,NS_MO_2025,PRJ-NS-1380,13-12-2025,C-1039,PrimeFix Solutions,Field Engineer,8,0,1489.12
North Substation,NS_MO_2025,PRJ-NS-1182,13-12-2025,C-1029,Midwest Mech Pros,Controls Tech,8,0,1016.59
North Substation,NS_MO_2025,PRJ-NS-1291,13-12-2025,C-1005,Atlas Heavy Eng,Millwright,8,0,578.92
North Substation,NS_MO_2025,PRJ-NS-1390,13-12-2025,C-1013,Atlas Heavy Eng,Safety Officer,8,0,570.54
North Substation,NS_MO_2025,PRJ-NS-1384,13-12-2025,C-1035,Summit Field Techs,General Labor,8,0,373.98
North Substation,NS_MO_2025,PRJ-NS-1350,13-12-2025,C-1079,Precision Welding,Crane Operator,8,0,774.93
North Substation,NS_MO_2025,PRJ-NS-1194,13-12-2025,C-1006,Apex Industrial,Field Engineer,8,0,1410.49
North Substation,NS_MO_2025,PRJ-NS-1390,13-12-2025,C-1062,PrimeFix Solutions,General Labor,8,0,392.51
North Substation,NS_MO_2025,PRJ-NS-1327,13-12-2025,C-1023,Summit Field Techs,Field Engineer,8,0,1553.48
North Substation,NS_MO_2025,PRJ-NS-1290,13-12-2025,C-1037,PrimeFix Solutions,Controls Tech,8,0,1161.39
North Substation,NS_MO_2025,PRJ-NS-1324,13-12-2025,C-1072,Apex Industrial,Crane Operator,8,0,769.84
North Substation,NS_MO_2025,PRJ-NS-1248,13-12-2025,C-1026,Precision Welding,Controls Tech,8,0,1090.51
North Substation,NS_MO_2025,PRJ-NS-1326,13-12-2025,C-1053,Precision Welding,Millwright,8,0,672.2
North Substation,NS_MO_2025,PRJ-NS-1261,13-12-2025,C-1052,PrimeFix Solutions,General Labor,8,0,360.64
North Substation,NS_MO_2025,PRJ-NS-1388,13-12-2025,C-1045,Midwest Mech Pros,Crane Operator,8,0,825.12
North Substation,NS_MO_2025,PRJ-NS-1375,13-12-2025,C-1012,Midwest Mech Pros,Controls Tech,8,0,1021.4
North Substation,NS_MO_2025,PRJ-NS-1205,13-12-2025,C-1012,Midwest Mech Pros,Controls Tech,8,0,1061.19
North Substation,NS_MO_2025,PRJ-NS-1312,13-12-2025,C-1010,PrimeFix Solutions,Field Engineer,8,0,1527.58
North Substation,NS_MO_2025,PRJ-NS-1263,13-12-2025,C-1037,PrimeFix Solutions,Controls Tech,8,0,1111.29
North Substation,NS_MO_2025,PRJ-NS-1291,13-12-2025,C-1054,Midwest Mech Pros,General Labor,8,0,384.97
North Substation,NS_MO_2025,PRJ-NS-1160,13-12-2025,C-1017,Summit Field Techs,Crane Operator,8,0,844.44
North Substation,NS_MO_2025,PRJ-NS-1301,13-12-2025,C-1013,Atlas Heavy Eng,Safety Officer,8,0,589.37
North Substation,NS_MO_2025,PRJ-NS-1198,13-12-2025,C-1043,Apex Industrial,Crane Operator,8,0,842.36
North Substation,NS_MO_2025,PRJ-NS-1356,13-12-2025,C-1054,Midwest Mech Pros,General Labor,8,0,390.99
North Substation,NS_MO_2025,PRJ-NS-1213,13-12-2025,C-1041,Precision Welding,Millwright,8,0,689.78
North Substation,NS_MO_2025,PRJ-NS-1268,13-12-2025,C-1028,Midwest Mech Pros,Field Engineer,8,0,1405.81
North Substation,NS_MO_2025,PRJ-NS-1159,13-12-2025,C-1041,Precision Welding,Millwright,8,0,739.0
North Substation,NS_MO_2025,PRJ-NS-1226,13-12-2025,C-1018,Atlas Heavy Eng,Controls Tech,8,0,1126.59
North Substation,NS_MO_2025,PRJ-NS-1186,13-12-2025,C-1058,Midwest Mech Pros,Controls Tech,8,0,1210.6
North Substation,NS_MO_2025,PRJ-NS-1154,13-12-2025,C-1020,Midwest Mech Pros,Field Engineer,8,0,1174.44
North Substation,NS_MO_2025,PRJ-NS-1211,13-12-2025,C-1067,PrimeFix Solutions,Millwright,8,0,705.42
North Substation,NS_MO_2025,PRJ-NS-1380,13-12-2025,C-1006,Apex Industrial,Field Engineer,8,0,1398.77
North Substation,NS_MO_2025,PRJ-NS-1378,13-12-2025,C-1020,Midwest Mech Pros,Field Engineer,8,0,1193.64
North Substation,NS_MO_2025,PRJ-NS-1203,13-12-2025,C-1006,Apex Industrial,Field Engineer,8,0,1403.69
North Substation,NS_MO_2025,PRJ-NS-1366,13-12-2025,C-1010,PrimeFix Solutions,Field Engineer,8,0,1521.7
North Substation,NS_MO_2025,PRJ-NS-1326,13-12-2025,C-1076,Apex Industrial,Safety Officer,8,0,641.41
North Substation,NS_MO_2025,PRJ-NS-1190,13-12-2025,C-1006,Apex Industrial,Field Engineer,8,0,1374.63
North Substation,NS_MO_2025,PRJ-NS-1206,13-12-2025,C-1026,Precision Welding,Controls Tech,8,0,1031.12
North Substation,NS_MO_2025,PRJ-NS-1324,13-12-2025,C-1078,Atlas Heavy Eng,Millwright,8,0,725.41
North Substation,NS_MO_2025,PRJ-NS-1151,13-12-2025,C-1065,PrimeFix Solutions,Safety Officer,8,0,645.05
North Substation,NS_MO_2025,PRJ-NS-1302,13-12-2025,C-1035,Summit Field Techs,General Labor,8,0,352.57
North Substation,NS_MO_2025,PRJ-NS-1286,13-12-2025,C-1067,PrimeFix Solutions,Millwright,8,0,724.53
North Substation,NS_MO_2025,PRJ-NS-1265,13-12-2025,C-1079,Precision Welding,Crane Operator,8,0,762.63
North Substation,NS_MO_2025,PRJ-NS-1311,13-12-2025,C-1039,PrimeFix Solutions,Field Engineer,8,0,1566.81
North Substation,NS_MO_2025,PRJ-NS-1302,13-12-2025,C-1011,Midwest Mech Pros,General Labor,8,0,413.89
North Substation,NS_MO_2025,PRJ-NS-1246,13-12-2025,C-1079,Precision Welding,Crane Operator,8,0,782.3
North Substation,NS_MO_2025,PRJ-NS-1215,13-12-2025,C-1001,Apex Industrial,General Labor,8,0,411.61
North Substation,NS_MO_2025,PRJ-NS-1312,13-12-2025,C-1042,PrimeFix Solutions,General Labor,8,0,403.86
North Substation,NS_MO_2025,PRJ-NS-1393,13-12-2025,C-1000,PrimeFix Solutions,Millwright,8,0,718.12
North Substation,NS_MO_2025,PRJ-NS-1172,13-12-2025,C-1005,Atlas Heavy Eng,Millwright,8,0,611.51
North Substation,NS_MO_2025,PRJ-NS-1354,13-12-2025,C-1066,Apex Industrial,General Labor,8,0,387.72
North Substation,NS_MO_2025,PRJ-NS-1222,13-12-2025,C-1041,Precision Welding,Millwright,8,0,734.4
North Substation,NS_MO_2025,PRJ-NS-1228,13-12-2025,C-1027,Precision Welding,Crane Operator,8,0,870.96
North Substation,NS_MO_2025,PRJ-NS-1304,13-12-2025,C-1059,PrimeFix Solutions,Field Engineer,8,0,1268.32
North Substation,NS_MO_2025,PRJ-NS-1228,13-12-2025,C-1020,Midwest Mech Pros,Field Engineer,8,0,1267.5
North Substation,NS_MO_2025,PRJ-NS-1393,13-12-2025,C-1003,Summit Field Techs,Millwright,8,0,659.87
North Substation,NS_MO_2025,PRJ-NS-1181,13-12-2025,C-1069,Precision Welding,Safety Officer,8,0,536.9
North Substation,NS_MO_2025,PRJ-NS-1189,13-12-2025,C-1074,Apex Industrial,Controls Tech,8,0,1122.3
North Substation,NS_MO_2025,PRJ-NS-1160,13-12-2025,C-1021,Summit Field Techs,Millwright,8,0,648.9
North Substation,NS_MO_2025,PRJ-NS-1259,13-12-2025,C-1035,Summit Field Techs,General Labor,8,0,374.24
North Substation,NS_MO_2025,PRJ-NS-1307,13-12-2025,C-1066,Apex Industrial,General Labor,8,0,405.85
North Substation,NS_MO_2025,PRJ-NS-1356,13-12-2025,C-1039,PrimeFix Solutions,Field Engineer,8,0,1496.53
North Substation,NS_MO_2025,PRJ-NS-1204,13-12-2025,C-1024,Apex Industrial,Millwright,8,0,743.53
North Substation,NS_MO_2025,PRJ-NS-1192,13-12-2025,C-1040,Atlas Heavy Eng,Crane Operator,8,0,861.81
North Substation,NS_MO_2025,PRJ-NS-1162,13-12-2025,C-1040,Atlas Heavy Eng,Crane Operator,8,0,831.21
North Substation,NS_MO_2025,PRJ-NS-1295,13-12-2025,C-1059,PrimeFix Solutions,Field Engineer,8,0,1222.15
North Substation,NS_MO_2025,PRJ-NS-1317,13-12-2025,C-1000,PrimeFix Solutions,Millwright,8,0,726.52
North Substation,NS_MO_2025,PRJ-NS-1259,13-12-2025,C-1043,Apex Industrial,Crane Operator,8,0,783.82
North Substation,NS_MO_2025,PRJ-NS-1369,13-12-2025,C-1008,Apex Industrial,Safety Officer,8,0,661.87
North Substation,NS_MO_2025,PRJ-NS-1325,13-12-2025,C-1019,Midwest Mech Pros,Controls Tech,8,0,1041.29
North Substation,NS_MO_2025,PRJ-NS-1349,13-12-2025,C-1011,Midwest Mech Pros,General Labor,8,0,404.34
North Substation,NS_MO_2025,PRJ-NS-1208,13-12-2025,C-1045,Midwest Mech Pros,Crane Operator,8,0,883.22
North Substation,NS_MO_2025,PRJ-NS-1172,13-12-2025,C-1013,Atlas Heavy Eng,Safety Officer,8,0,575.72
North Substation,NS_MO_2025,PRJ-NS-1194,13-12-2025,C-1030,Summit Field Techs,Millwright,8,0,614.02
North Substation,NS_MO_2025,PRJ-NS-1374,13-12-2025,C-1019,Midwest Mech Pros,Controls Tech,8,0,1050.27
North Substation,NS_MO_2025,PRJ-NS-1191,13-12-2025,C-1047,Atlas Heavy Eng,Millwright,8,0,613.64
North Substation,NS_MO_2025,PRJ-NS-1321,13-12-2025,C-1062,PrimeFix Solutions,General Labor,8,0,364.91
North Substation,NS_MO_2025,PRJ-NS-1255,13-12-2025,C-1000,PrimeFix Solutions,Millwright,8,0,703.19
North Substation,NS_MO_2025,PRJ-NS-1347,13-12-2025,C-1027,Precision Welding,Crane Operator,8,0,867.95
North Substation,NS_MO_2025,PRJ-NS-1226,13-12-2025,C-1023,Summit Field Techs,Field Engineer,8,0,1637.66
North Substation,NS_MO_2025,PRJ-NS-1304,13-12-2025,C-1013,Atlas Heavy Eng,Safety Officer,8,0,596.46
North Substation,NS_MO_2025,PRJ-NS-1188,13-12-2025,C-1024,Apex Industrial,Millwright,8,0,727.85
North Substation,NS_MO_2025,PRJ-NS-1317,14-12-2025,C-1000,PrimeFix Solutions,Millwright,8,0,743.07
North Substation,NS_MO_2025,PRJ-NS-1390,14-12-2025,C-1013,Atlas Heavy Eng,Safety Officer,8,0,600.3
North Substation,NS_MO_2025,PRJ-NS-1189,14-12-2025,C-1024,Apex Industrial,Millwright,8,0,745.3
North Substation,NS_MO_2025,PRJ-NS-1270,14-12-2025,C-1006,Apex Industrial,Field Engineer,8,0,1348.32
North Substation,NS_MO_2025,PRJ-NS-1228,14-12-2025,C-1027,Precision Welding,Crane Operator,8,0,860.27
North Substation,NS_MO_2025,PRJ-NS-1322,14-12-2025,C-1031,Summit Field Techs,Crane Operator,8,0,779.86
North Substation,NS_MO_2025,PRJ-NS-1250,14-12-2025,C-1072,Apex Industrial,Crane Operator,8,0,784.87
North Substation,NS_MO_2025,PRJ-NS-1150,14-12-2025,C-1071,PrimeFix Solutions,Crane Operator,8,0,775.68
North Substation,NS_MO_2025,PRJ-NS-1190,14-12-2025,C-1021,Summit Field Techs,Millwright,8,0,693.33
North Substation,NS_MO_2025,PRJ-NS-1301,14-12-2025,C-1013,Atlas Heavy Eng,Safety Officer,8,0,568.95
North Substation,NS_MO_2025,PRJ-NS-1263,14-12-2025,C-1054,Midwest Mech Pros,General Labor,8,0,392.86
North Substation,NS_MO_2025,PRJ-NS-1347,14-12-2025,C-1027,Precision Welding,Crane Operator,8,0,878.55
North Substation,NS_MO_2025,PRJ-NS-1160,14-12-2025,C-1017,Summit Field Techs,Crane Operator,8,0,852.88
North Substation,NS_MO_2025,PRJ-NS-1269,14-12-2025,C-1029,Midwest Mech Pros,Controls Tech,8,0,987.79
North Substation,NS_MO_2025,PRJ-NS-1194,14-12-2025,C-1006,Apex Industrial,Field Engineer,8,0,1342.22
North Substation,NS_MO_2025,PRJ-NS-1342,14-12-2025,C-1031,Summit Field Techs,Crane Operator,8,0,717.02
North Substation,NS_MO_2025,PRJ-NS-1208,14-12-2025,C-1045,Midwest Mech Pros,Crane Operator,8,0,856.77
North Substation,NS_MO_2025,PRJ-NS-1186,14-12-2025,C-1058,Midwest Mech Pros,Controls Tech,8,0,1312.95
North Substation,NS_MO_2025,PRJ-NS-1257,14-12-2025,C-1077,Precision Welding,Safety Officer,8,0,592.5
North Substation,NS_MO_2025,PRJ-NS-1182,14-12-2025,C-1029,Midwest Mech Pros,Controls Tech,8,0,1029.76
North Substation,NS_MO_2025,PRJ-NS-1263,14-12-2025,C-1039,PrimeFix Solutions,Field Engineer,8,0,1574.63
North Substation,NS_MO_2025,PRJ-NS-1286,14-12-2025,C-1067,PrimeFix Solutions,Millwright,8,0,716.57
North Substation,NS_MO_2025,PRJ-NS-1258,14-12-2025,C-1015,Atlas Heavy Eng,Controls Tech,8,0,1179.27
North Substation,NS_MO_2025,PRJ-NS-1246,14-12-2025,C-1079,Precision Welding,Crane Operator,8,0,737.02
North Substation,NS_MO_2025,PRJ-NS-1354,14-12-2025,C-1066,Apex Industrial,General Labor,8,0,390.47
North Substation,NS_MO_2025,PRJ-NS-1335,14-12-2025,C-1019,Midwest Mech Pros,Controls Tech,8,0,1016.34
North Substation,NS_MO_2025,PRJ-NS-1215,14-12-2025,C-1001,Apex Industrial,General Labor,8,0,385.72
North Substation,NS_MO_2025,PRJ-NS-1342,14-12-2025,C-1030,Summit Field Techs,Millwright,8,0,610.29
North Substation,NS_MO_2025,PRJ-NS-1390,14-12-2025,C-1062,PrimeFix Solutions,General Labor,8,0,378.72
North Substation,NS_MO_2025,PRJ-NS-1213,14-12-2025,C-1041,Precision Welding,Millwright,8,0,728.3
North Substation,NS_MO_2025,PRJ-NS-1348,14-12-2025,C-1026,Precision Welding,Controls Tech,8,0,1065.2
North Substation,NS_MO_2025,PRJ-NS-1160,14-12-2025,C-1021,Summit Field Techs,Millwright,8,0,640.28
North Substation,NS_MO_2025,PRJ-NS-1181,14-12-2025,C-1039,PrimeFix Solutions,Field Engineer,8,0,1466.73
North Substation,NS_MO_2025,PRJ-NS-1194,14-12-2025,C-1046,Precision Welding,General Labor,8,0,411.48
North Substation,NS_MO_2025,PRJ-NS-1350,14-12-2025,C-1079,Precision Welding,Crane Operator,8,0,740.85
North Substation,NS_MO_2025,PRJ-NS-1268,14-12-2025,C-1028,Midwest Mech Pros,Field Engineer,8,0,1500.3
North Substation,NS_MO_2025,PRJ-NS-1200,14-12-2025,C-1023,Summit Field Techs,Field Engineer,8,0,1546.91
North Substation,NS_MO_2025,PRJ-NS-1313,14-12-2025,C-1005,Atlas Heavy Eng,Millwright,8,0,615.38
North Substation,NS_MO_2025,PRJ-NS-1356,14-12-2025,C-1054,Midwest Mech Pros,General Labor,8,0,385.02
North Substation,NS_MO_2025,PRJ-NS-1373,14-12-2025,C-1037,PrimeFix Solutions,Controls Tech,8,0,1123.4
North Substation,NS_MO_2025,PRJ-NS-1295,14-12-2025,C-1005,Atlas Heavy Eng,Millwright,8,0,601.2
North Substation,NS_MO_2025,PRJ-NS-1226,14-12-2025,C-1023,Summit Field Techs,Field Engineer,8,0,1636.79
North Substation,NS_MO_2025,PRJ-NS-1288,14-12-2025,C-1077,Precision Welding,Safety Officer,8,0,591.2
North Substation,NS_MO_2025,PRJ-NS-1261,14-12-2025,C-1018,Atlas Heavy Eng,Controls Tech,8,0,1171.99
North Substation,NS_MO_2025,PRJ-NS-1211,14-12-2025,C-1067,PrimeFix Solutions,Millwright,8,0,740.07
North Substation,NS_MO_2025,PRJ-NS-1291,14-12-2025,C-1054,Midwest Mech Pros,General Labor,8,0,412.86
North Substation,NS_MO_2025,PRJ-NS-1361,14-12-2025,C-1073,Precision Welding,General Labor,8,0,366.04
North Substation,NS_MO_2025,PRJ-NS-1153,14-12-2025,C-1035,Summit Field Techs,General Labor,8,0,369.48
North Substation,NS_MO_2025,PRJ-NS-1329,14-12-2025,C-1067,PrimeFix Solutions,Millwright,8,0,719.4
North Substation,NS_MO_2025,PRJ-NS-1324,14-12-2025,C-1072,Apex Industrial,Crane Operator,8,0,721.31
North Substation,NS_MO_2025,PRJ-NS-1197,14-12-2025,C-1051,Apex Industrial,Crane Operator,8,0,882.31
North Substation,NS_MO_2025,PRJ-NS-1276,14-12-2025,C-1003,Summit Field Techs,Millwright,8,0,659.01
North Substation,NS_MO_2025,PRJ-NS-1374,14-12-2025,C-1019,Midwest Mech Pros,Controls Tech,8,0,1071.77
North Substation,NS_MO_2025,PRJ-NS-1291,14-12-2025,C-1005,Atlas Heavy Eng,Millwright,8,0,630.33
North Substation,NS_MO_2025,PRJ-NS-1295,14-12-2025,C-1059,PrimeFix Solutions,Field Engineer,8,0,1204.28
North Substation,NS_MO_2025,PRJ-NS-1176,14-12-2025,C-1029,Midwest Mech Pros,Controls Tech,8,0,969.4
North Substation,NS_MO_2025,PRJ-NS-1375,14-12-2025,C-1012,Midwest Mech Pros,Controls Tech,8,0,1030.85
North Substation,NS_MO_2025,PRJ-NS-1183,14-12-2025,C-1078,Atlas Heavy Eng,Millwright,8,0,711.99
North Substation,NS_MO_2025,PRJ-NS-1259,14-12-2025,C-1035,Summit Field Techs,General Labor,8,0,378.33
North Substation,NS_MO_2025,PRJ-NS-1356,14-12-2025,C-1039,PrimeFix Solutions,Field Engineer,8,0,1535.24
North Substation,NS_MO_2025,PRJ-NS-1187,14-12-2025,C-1028,Midwest Mech Pros,Field Engineer,8,0,1427.65
North Substation,NS_MO_2025,PRJ-NS-1159,14-12-2025,C-1006,Apex Industrial,Field Engineer,8,0,1374.3
North Substation,NS_MO_2025,PRJ-NS-1346,14-12-2025,C-1010,PrimeFix Solutions,Field Engineer,8,0,1554.73
North Substation,NS_MO_2025,PRJ-NS-1194,14-12-2025,C-1030,Summit Field Techs,Millwright,8,0,659.01
North Substation,NS_MO_2025,PRJ-NS-1369,14-12-2025,C-1008,Apex Industrial,Safety Officer,8,0,698.19
North Substation,NS_MO_2025,PRJ-NS-1349,14-12-2025,C-1011,Midwest Mech Pros,General Labor,8,0,434.3
North Substation,NS_MO_2025,PRJ-NS-1311,14-12-2025,C-1039,PrimeFix Solutions,Field Engineer,8,0,1586.03
North Substation,NS_MO_2025,PRJ-NS-1213,14-12-2025,C-1067,PrimeFix Solutions,Millwright,8,0,696.74
North Substation,NS_MO_2025,PRJ-NS-1302,14-12-2025,C-1035,Summit Field Techs,General Labor,8,0,375.75
North Substation,NS_MO_2025,PRJ-NS-1198,14-12-2025,C-1043,Apex Industrial,Crane Operator,8,0,832.07
North Substation,NS_MO_2025,PRJ-NS-1300,14-12-2025,C-1023,Summit Field Techs,Field Engineer,8,0,1634.29
North Substation,NS_MO_2025,PRJ-NS-1263,14-12-2025,C-1037,PrimeFix Solutions,Controls Tech,8,0,1106.56
North Substation,NS_MO_2025,PRJ-NS-1393,14-12-2025,C-1003,Summit Field Techs,Millwright,8,0,652.39
North Substation,NS_MO_2025,PRJ-NS-1172,14-12-2025,C-1005,Atlas Heavy Eng,Millwright,8,0,589.61
North Substation,NS_MO_2025,PRJ-NS-1346,14-12-2025,C-1006,Apex Industrial,Field Engineer,8,0,1412.43
North Substation,NS_MO_2025,PRJ-NS-1152,14-12-2025,C-1053,Precision Welding,Millwright,8,0,643.82
North Substation,NS_MO_2025,PRJ-NS-1196,14-12-2025,C-1023,Summit Field Techs,Field Engineer,8,0,1660.26
North Substation,NS_MO_2025,PRJ-NS-1162,14-12-2025,C-1069,Precision Welding,Safety Officer,8,0,530.93
North Substation,NS_MO_2025,PRJ-NS-1356,14-12-2025,C-1067,PrimeFix Solutions,Millwright,8,0,709.76
North Substation,NS_MO_2025,PRJ-NS-1315,14-12-2025,C-1020,Midwest Mech Pros,Field Engineer,8,0,1229.1
North Substation,NS_MO_2025,PRJ-NS-1259,14-12-2025,C-1043,Apex Industrial,Crane Operator,8,0,815.84
North Substation,NS_MO_2025,PRJ-NS-1326,14-12-2025,C-1053,Precision Welding,Millwright,8,0,669.65
North Substation,NS_MO_2025,PRJ-NS-1320,14-12-2025,C-1001,Apex Industrial,General Labor,8,0,386.6
North Substation,NS_MO_2025,PRJ-NS-1203,14-12-2025,C-1006,Apex Industrial,Field Engineer,8,0,1426.68
North Substation,NS_MO_2025,PRJ-NS-1388,14-12-2025,C-1045,Midwest Mech Pros,Crane Operator,8,0,840.45
North Substation,NS_MO_2025,PRJ-NS-1324,14-12-2025,C-1078,Atlas Heavy Eng,Millwright,8,0,664.57
North Substation,NS_MO_2025,PRJ-NS-1228,14-12-2025,C-1020,Midwest Mech Pros,Field Engineer,8,0,1210.64
North Substation,NS_MO_2025,PRJ-NS-1192,14-12-2025,C-1040,Atlas Heavy Eng,Crane Operator,8,0,833.95
North Substation,NS_MO_2025,PRJ-NS-1226,14-12-2025,C-1001,Apex Industrial,General Labor,8,0,383.24
North Substation,NS_MO_2025,PRJ-NS-1261,14-12-2025,C-1052,PrimeFix Solutions,General Labor,8,0,359.25
North Substation,NS_MO_2025,PRJ-NS-1154,14-12-2025,C-1020,Midwest Mech Pros,Field Engineer,8,0,1185.19
North Substation,NS_MO_2025,PRJ-NS-1207,14-12-2025,C-1006,Apex Industrial,Field Engineer,8,0,1308.59
North Substation,NS_MO_2025,PRJ-NS-1188,14-12-2025,C-1024,Apex Industrial,Millwright,8,0,777.38
North Substation,NS_MO_2025,PRJ-NS-1379,14-12-2025,C-1019,Midwest Mech Pros,Controls Tech,8,0,1083.62
North Substation,NS_MO_2025,PRJ-NS-1315,14-12-2025,C-1062,PrimeFix Solutions,General Labor,8,0,375.99
North Substation,NS_MO_2025,PRJ-NS-1265,14-12-2025,C-1079,Precision Welding,Crane Operator,8,0,755.93
North Substation,NS_MO_2025,PRJ-NS-1259,14-12-2025,C-1023,Summit Field Techs,Field Engineer,8,0,1629.93
North Substation,NS_MO_2025,PRJ-NS-1366,14-12-2025,C-1066,Apex Industrial,General Labor,8,0,378.63
North Substation,NS_MO_2025,PRJ-NS-1188,14-12-2025,C-1003,Summit Field Techs,Millwright,8,0,691.13
North Substation,NS_MO_2025,PRJ-NS-1290,14-12-2025,C-1037,PrimeFix Solutions,Controls Tech,8,0,1106.05
North Substation,NS_MO_2025,PRJ-NS-1380,14-12-2025,C-1006,Apex Industrial,Field Engineer,8,0,1407.56
North Substation,NS_MO_2025,PRJ-NS-1326,14-12-2025,C-1076,Apex Industrial,Safety Officer,8,0,617.65
North Substation,NS_MO_2025,PRJ-NS-1380,14-12-2025,C-1039,PrimeFix Solutions,Field Engineer,8,0,1530.34
North Substation,NS_MO_2025,PRJ-NS-1261,15-12-2025,C-1018,Atlas Heavy Eng,Controls Tech,8,0,1170.45
North Substation,NS_MO_2025,PRJ-NS-1192,15-12-2025,C-1040,Atlas Heavy Eng,Crane Operator,8,0,861.94
North Substation,NS_MO_2025,PRJ-NS-1356,15-12-2025,C-1067,PrimeFix Solutions,Millwright,8,0,724.4
North Substation,NS_MO_2025,PRJ-NS-1162,15-12-2025,C-1069,Precision Welding,Safety Officer,8,0,539.04
North Substation,NS_MO_2025,PRJ-NS-1150,15-12-2025,C-1071,PrimeFix Solutions,Crane Operator,8,0,812.77
North Substation,NS_MO_2025,PRJ-NS-1248,15-12-2025,C-1026,Precision Welding,Controls Tech,8,0,996.86
North Substation,NS_MO_2025,PRJ-NS-1295,15-12-2025,C-1059,PrimeFix Solutions,Field Engineer,8,0,1259.5
North Substation,NS_MO_2025,PRJ-NS-1304,15-12-2025,C-1059,PrimeFix Solutions,Field Engineer,8,0,1238.87
North Substation,NS_MO_2025,PRJ-NS-1334,15-12-2025,C-1005,Atlas Heavy Eng,Millwright,8,0,591.48
North Substation,NS_MO_2025,PRJ-NS-1234,15-12-2025,C-1043,Apex Industrial,Crane Operator,8,0,820.24
North Substation,NS_MO_2025,PRJ-NS-1291,15-12-2025,C-1005,Atlas Heavy Eng,Millwright,8,0,624.59
North Substation,NS_MO_2025,PRJ-NS-1374,15-12-2025,C-1019,Midwest Mech Pros,Controls Tech,8,0,1070.75
North Substation,NS_MO_2025,PRJ-NS-1356,15-12-2025,C-1039,PrimeFix Solutions,Field Engineer,8,0,1475.79
North Substation,NS_MO_2025,PRJ-NS-1194,15-12-2025,C-1006,Apex Industrial,Field Engineer,8,0,1402.2
North Substation,NS_MO_2025,PRJ-NS-1263,15-12-2025,C-1054,Midwest Mech Pros,General Labor,8,0,404.01
North Substation,NS_MO_2025,PRJ-NS-1206,15-12-2025,C-1026,Precision Welding,Controls Tech,8,0,1045.87
North Substation,NS_MO_2025,PRJ-NS-1324,15-12-2025,C-1078,Atlas Heavy Eng,Millwright,8,0,698.87
North Substation,NS_MO_2025,PRJ-NS-1213,15-12-2025,C-1041,Precision Welding,Millwright,8,0,706.86
North Substation,NS_MO_2025,PRJ-NS-1353,15-12-2025,C-1073,Precision Welding,General Labor,8,0,394.91
North Substation,NS_MO_2025,PRJ-NS-1378,15-12-2025,C-1020,Midwest Mech Pros,Field Engineer,8,0,1204.36
North Substation,NS_MO_2025,PRJ-NS-1326,15-12-2025,C-1053,Precision Welding,Millwright,8,0,648.74
North Substation,NS_MO_2025,PRJ-NS-1315,15-12-2025,C-1020,Midwest Mech Pros,Field Engineer,8,0,1165.98
North Substation,NS_MO_2025,PRJ-NS-1375,15-12-2025,C-1012,Midwest Mech Pros,Controls Tech,8,0,1034.6
North Substation,NS_MO_2025,PRJ-NS-1261,15-12-2025,C-1052,PrimeFix Solutions,General Labor,8,0,370.16
North Substation,NS_MO_2025,PRJ-NS-1183,15-12-2025,C-1078,Atlas Heavy Eng,Millwright,8,0,711.04
North Substation,NS_MO_2025,PRJ-NS-1322,15-12-2025,C-1019,Midwest Mech Pros,Controls Tech,8,0,1107.04
North Substation,NS_MO_2025,PRJ-NS-1263,15-12-2025,C-1037,PrimeFix Solutions,Controls Tech,8,0,1154.28
North Substation,NS_MO_2025,PRJ-NS-1349,15-12-2025,C-1011,Midwest Mech Pros,General Labor,8,0,440.38
North Substation,NS_MO_2025,PRJ-NS-1207,15-12-2025,C-1006,Apex Industrial,Field Engineer,8,0,1407.47
North Substation,NS_MO_2025,PRJ-NS-1208,15-12-2025,C-1045,Midwest Mech Pros,Crane Operator,8,0,848.32
North Substation,NS_MO_2025,PRJ-NS-1194,15-12-2025,C-1046,Precision Welding,General Labor,8,0,438.44
North Substation,NS_MO_2025,PRJ-NS-1369,15-12-2025,C-1008,Apex Industrial,Safety Officer,8,0,696.06
North Substation,NS_MO_2025,PRJ-NS-1191,15-12-2025,C-1047,Atlas Heavy Eng,Millwright,8,0,632.92
North Substation,NS_MO_2025,PRJ-NS-1361,15-12-2025,C-1073,Precision Welding,General Labor,8,0,388.32
North Substation,NS_MO_2025,PRJ-NS-1265,15-12-2025,C-1079,Precision Welding,Crane Operator,8,0,756.03
North Substation,NS_MO_2025,PRJ-NS-1388,15-12-2025,C-1045,Midwest Mech Pros,Crane Operator,8,0,842.39
North Substation,NS_MO_2025,PRJ-NS-1215,15-12-2025,C-1001,Apex Industrial,General Labor,8,0,411.99
North Substation,NS_MO_2025,PRJ-NS-1342,15-12-2025,C-1031,Summit Field Techs,Crane Operator,8,0,741.34
North Substation,NS_MO_2025,PRJ-NS-1259,15-12-2025,C-1035,Summit Field Techs,General Labor,8,0,375.52
North Substation,NS_MO_2025,PRJ-NS-1258,15-12-2025,C-1015,Atlas Heavy Eng,Controls Tech,8,0,1178.26
North Substation,NS_MO_2025,PRJ-NS-1153,15-12-2025,C-1035,Summit Field Techs,General Labor,8,0,378.52
North Substation,NS_MO_2025,PRJ-NS-1255,15-12-2025,C-1000,PrimeFix Solutions,Millwright,8,0,733.94
North Substation,NS_MO_2025,PRJ-NS-1311,15-12-2025,C-1039,PrimeFix Solutions,Field Engineer,8,0,1548.91
North Substation,NS_MO_2025,PRJ-NS-1213,15-12-2025,C-1067,PrimeFix Solutions,Millwright,8,0,705.46
North Substation,NS_MO_2025,PRJ-NS-1320,15-12-2025,C-1001,Apex Industrial,General Labor,8,0,415.63
North Substation,NS_MO_2025,PRJ-NS-1356,15-12-2025,C-1054,Midwest Mech Pros,General Labor,8,0,387.29
North Substation,NS_MO_2025,PRJ-NS-1330,15-12-2025,C-1071,PrimeFix Solutions,Crane Operator,8,0,827.83
North Substation,NS_MO_2025,PRJ-NS-1302,15-12-2025,C-1011,Midwest Mech Pros,General Labor,8,0,418.57
North Substation,NS_MO_2025,PRJ-NS-1154,15-12-2025,C-1020,Midwest Mech Pros,Field Engineer,8,0,1200.06
North Substation,NS_MO_2025,PRJ-NS-1166,15-12-2025,C-1023,Summit Field Techs,Field Engineer,8,0,1591.66
North Substation,NS_MO_2025,PRJ-NS-1366,15-12-2025,C-1010,PrimeFix Solutions,Field Engineer,8,0,1553.96
North Substation,NS_MO_2025,PRJ-NS-1190,15-12-2025,C-1021,Summit Field Techs,Millwright,8,0,685.58
North Substation,NS_MO_2025,PRJ-NS-1342,15-12-2025,C-1030,Summit Field Techs,Millwright,8,0,650.72
North Substation,NS_MO_2025,PRJ-NS-1159,15-12-2025,C-1041,Precision Welding,Millwright,8,0,742.62
North Substation,NS_MO_2025,PRJ-NS-1198,15-12-2025,C-1043,Apex Industrial,Crane Operator,8,0,856.47
North Substation,NS_MO_2025,PRJ-NS-1259,15-12-2025,C-1023,Summit Field Techs,Field Engineer,8,0,1518.18
North Substation,NS_MO_2025,PRJ-NS-1196,15-12-2025,C-1023,Summit Field Techs,Field Engineer,8,0,1541.32
North Substation,NS_MO_2025,PRJ-NS-1258,16-12-2025,C-1015,Atlas Heavy Eng,Controls Tech,8,0,1230.78
North Substation,NS_MO_2025,PRJ-NS-1329,16-12-2025,C-1067,PrimeFix Solutions,Millwright,8,0,728.66
North Substation,NS_MO_2025,PRJ-NS-1332,16-12-2025,C-1052,PrimeFix Solutions,General Labor,8,0,355.41
North Substation,NS_MO_2025,PRJ-NS-1394,16-12-2025,C-1029,Midwest Mech Pros,Controls Tech,8,0,988.06
North Substation,NS_MO_2025,PRJ-NS-1330,16-12-2025,C-1071,PrimeFix Solutions,Crane Operator,8,0,753.33
North Substation,NS_MO_2025,PRJ-NS-1232,16-12-2025,C-1073,Precision Welding,General Labor,8,0,396.05
North Substation,NS_MO_2025,PRJ-NS-1263,16-12-2025,C-1039,PrimeFix Solutions,Field Engineer,8,0,1492.88
North Substation,NS_MO_2025,PRJ-NS-1200,16-12-2025,C-1023,Summit Field Techs,Field Engineer,8,0,1608.81
North Substation,NS_MO_2025,PRJ-NS-1261,16-12-2025,C-1052,PrimeFix Solutions,General Labor,8,0,369.57
North Substation,NS_MO_2025,PRJ-NS-1226,16-12-2025,C-1023,Summit Field Techs,Field Engineer,8,0,1576.54
North Substation,NS_MO_2025,PRJ-NS-1162,16-12-2025,C-1040,Atlas Heavy Eng,Crane Operator,8,0,888.22
North Substation,NS_MO_2025,PRJ-NS-1304,16-12-2025,C-1059,PrimeFix Solutions,Field Engineer,8,0,1189.84
North Substation,NS_MO_2025,PRJ-NS-1166,16-12-2025,C-1023,Summit Field Techs,Field Engineer,8,0,1642.74
North Substation,NS_MO_2025,PRJ-NS-1271,16-12-2025,C-1013,Atlas Heavy Eng,Safety Officer,8,0,584.62
North Substation,NS_MO_2025,PRJ-NS-1348,16-12-2025,C-1026,Precision Welding,Controls Tech,8,0,1050.39
North Substation,NS_MO_2025,PRJ-NS-1222,16-12-2025,C-1041,Precision Welding,Millwright,8,0,719.15
North Substation,NS_MO_2025,PRJ-NS-1390,16-12-2025,C-1013,Atlas Heavy Eng,Safety Officer,8,0,604.63
North Substation,NS_MO_2025,PRJ-NS-1366,16-12-2025,C-1066,Apex Industrial,General Labor,8,0,391.85
North Substation,NS_MO_2025,PRJ-NS-1152,16-12-2025,C-1053,Precision Welding,Millwright,8,0,646.3
North Substation,NS_MO_2025,PRJ-NS-1181,16-12-2025,C-1078,Atlas Heavy Eng,Millwright,8,0,722.84
North Substation,NS_MO_2025,PRJ-NS-1162,16-12-2025,C-1069,Precision Welding,Safety Officer,8,0,535.38
North Substation,NS_MO_2025,PRJ-NS-1208,16-12-2025,C-1045,Midwest Mech Pros,Crane Operator,8,0,850.45
North Substation,NS_MO_2025,PRJ-NS-1197,16-12-2025,C-1051,Apex Industrial,Crane Operator,8,0,863.13
North Substation,NS_MO_2025,PRJ-NS-1370,16-12-2025,C-1028,Midwest Mech Pros,Field Engineer,8,0,1470.4
North Substation,NS_MO_2025,PRJ-NS-1176,16-12-2025,C-1029,Midwest Mech Pros,Controls Tech,8,0,1033.8
North Substation,NS_MO_2025,PRJ-NS-1322,16-12-2025,C-1031,Summit Field Techs,Crane Operator,8,0,747.04
North Substation,NS_MO_2025,PRJ-NS-1393,16-12-2025,C-1037,PrimeFix Solutions,Controls Tech,8,0,1140.06
North Substation,NS_MO_2025,PRJ-NS-1194,16-12-2025,C-1046,Precision Welding,General Labor,8,0,432.77
North Substation,NS_MO_2025,PRJ-NS-1275,16-12-2025,C-1024,Apex Industrial,Millwright,8,0,759.96
North Substation,NS_MO_2025,PRJ-NS-1312,16-12-2025,C-1042,PrimeFix Solutions,General Labor,8,0,428.57
North Substation,NS_MO_2025,PRJ-NS-1191,16-12-2025,C-1047,Atlas Heavy Eng,Millwright,8,0,580.88
North Substation,NS_MO_2025,PRJ-NS-1258,16-12-2025,C-1060,Summit Field Techs,General Labor,8,0,470.68
North Substation,NS_MO_2025,PRJ-NS-1369,16-12-2025,C-1008,Apex Industrial,Safety Officer,8,0,696.88
North Substation,NS_MO_2025,PRJ-NS-1301,16-12-2025,C-1013,Atlas Heavy Eng,Safety Officer,8,0,605.87
North Substation,NS_MO_2025,PRJ-NS-1349,16-12-2025,C-1011,Midwest Mech Pros,General Labor,8,0,438.76
North Substation,NS_MO_2025,PRJ-NS-1322,16-12-2025,C-1019,Midwest Mech Pros,Controls Tech,8,0,1115.57
North Substation,NS_MO_2025,PRJ-NS-1320,16-12-2025,C-1001,Apex Industrial,General Labor,8,0,391.9
North Substation,NS_MO_2025,PRJ-NS-1196,16-12-2025,C-1023,Summit Field Techs,Field Engineer,8,0,1564.21
North Substation,NS_MO_2025,PRJ-NS-1346,16-12-2025,C-1006,Apex Industrial,Field Engineer,8,0,1327.13
North Substation,NS_MO_2025,PRJ-NS-1327,16-12-2025,C-1023,Summit Field Techs,Field Engineer,8,0,1605.8
North Substation,NS_MO_2025,PRJ-NS-1213,16-12-2025,C-1041,Precision Welding,Millwright,8,0,695.06
North Substation,NS_MO_2025,PRJ-NS-1188,16-12-2025,C-1024,Apex Industrial,Millwright,8,0,724.92
North Substation,NS_MO_2025,PRJ-NS-1159,16-12-2025,C-1041,Precision Welding,Millwright,8,0,702.97
North Substation,NS_MO_2025,PRJ-NS-1342,16-12-2025,C-1031,Summit Field Techs,Crane Operator,8,0,712.77
North Substation,NS_MO_2025,PRJ-NS-1325,16-12-2025,C-1019,Midwest Mech Pros,Controls Tech,8,0,1080.86
North Substation,NS_MO_2025,PRJ-NS-1268,16-12-2025,C-1028,Midwest Mech Pros,Field Engineer,8,0,1523.9
North Substation,NS_MO_2025,PRJ-NS-1151,16-12-2025,C-1065,PrimeFix Solutions,Safety Officer,8,0,674.45
North Substation,NS_MO_2025,PRJ-NS-1160,16-12-2025,C-1017,Summit Field Techs,Crane Operator,8,0,881.81
North Substation,NS_MO_2025,PRJ-NS-1335,16-12-2025,C-1019,Midwest Mech Pros,Controls Tech,8,0,1022.46
North Substation,NS_MO_2025,PRJ-NS-1352,16-12-2025,C-1060,Summit Field Techs,General Labor,8,0,489.18
North Substation,NS_MO_2025,PRJ-NS-1234,16-12-2025,C-1043,Apex Industrial,Crane Operator,8,0,804.46
North Substation,NS_MO_2025,PRJ-NS-1380,16-12-2025,C-1039,PrimeFix Solutions,Field Engineer,8,0,1456.6
North Substation,NS_MO_2025,PRJ-NS-1307,16-12-2025,C-1066,Apex Industrial,General Labor,8,0,401.19
North Substation,NS_MO_2025,PRJ-NS-1342,16-12-2025,C-1030,Summit Field Techs,Millwright,8,0,644.74
North Substation,NS_MO_2025,PRJ-NS-1259,16-12-2025,C-1043,Apex Industrial,Crane Operator,8,0,832.93
North Substation,NS_MO_2025,PRJ-NS-1323,16-12-2025,C-1079,Precision Welding,Crane Operator,8,0,782.52
North Substation,NS_MO_2025,PRJ-NS-1388,16-12-2025,C-1045,Midwest Mech Pros,Crane Operator,8,0,812.26
North Substation,NS_MO_2025,PRJ-NS-1356,16-12-2025,C-1039,PrimeFix Solutions,Field Engineer,8,0,1560.09
North Substation,NS_MO_2025,PRJ-NS-1291,16-12-2025,C-1005,Atlas Heavy Eng,Millwright,8,0,593.0
North Substation,NS_MO_2025,PRJ-NS-1250,16-12-2025,C-1072,Apex Industrial,Crane Operator,8,0,739.49
North Substation,NS_MO_2025,PRJ-NS-1326,16-12-2025,C-1053,Precision Welding,Millwright,8,0,619.98
North Substation,NS_MO_2025,PRJ-NS-1203,16-12-2025,C-1006,Apex Industrial,Field Engineer,8,0,1323.67
North Substation,NS_MO_2025,PRJ-NS-1300,16-12-2025,C-1023,Summit Field Techs,Field Engineer,8,0,1657.08
North Substation,NS_MO_2025,PRJ-NS-1259,16-12-2025,C-1023,Summit Field Techs,Field Engineer,8,0,1587.82
North Substation,NS_MO_2025,PRJ-NS-1312,16-12-2025,C-1010,PrimeFix Solutions,Field Engineer,8,0,1588.1
North Substation,NS_MO_2025,PRJ-NS-1276,16-12-2025,C-1003,Summit Field Techs,Millwright,8,0,709.41
North Substation,NS_MO_2025,PRJ-NS-1286,16-12-2025,C-1067,PrimeFix Solutions,Millwright,8,0,703.21
North Substation,NS_MO_2025,PRJ-NS-1228,16-12-2025,C-1027,Precision Welding,Crane Operator,8,0,917.06
North Substation,NS_MO_2025,PRJ-NS-1150,16-12-2025,C-1071,PrimeFix Solutions,Crane Operator,8,0,825.87
North Substation,NS_MO_2025,PRJ-NS-1153,16-12-2025,C-1035,Summit Field Techs,General Labor,8,0,353.66
North Substation,NS_MO_2025,PRJ-NS-1259,16-12-2025,C-1035,Summit Field Techs,General Labor,8,0,367.09
North Substation,NS_MO_2025,PRJ-NS-1311,16-12-2025,C-1039,PrimeFix Solutions,Field Engineer,8,0,1522.05
North Substation,NS_MO_2025,PRJ-NS-1301,16-12-2025,C-1065,PrimeFix Solutions,Safety Officer,8,0,690.86
North Substation,NS_MO_2025,PRJ-NS-1255,16-12-2025,C-1000,PrimeFix Solutions,Millwright,8,0,687.91
North Substation,NS_MO_2025,PRJ-NS-1324,16-12-2025,C-1078,Atlas Heavy Eng,Millwright,8,0,668.63
North Substation,NS_MO_2025,PRJ-NS-1346,16-12-2025,C-1010,PrimeFix Solutions,Field Engineer,8,0,1513.33
North Substation,NS_MO_2025,PRJ-NS-1192,16-12-2025,C-1040,Atlas Heavy Eng,Crane Operator,8,0,821.57
North Substation,NS_MO_2025,PRJ-NS-1291,16-12-2025,C-1054,Midwest Mech Pros,General Labor,8,0,386.89
North Substation,NS_MO_2025,PRJ-NS-1269,16-12-2025,C-1029,Midwest Mech Pros,Controls Tech,8,0,1026.35
North Substation,NS_MO_2025,PRJ-NS-1356,16-12-2025,C-1067,PrimeFix Solutions,Millwright,8,0,706.82
North Substation,NS_MO_2025,PRJ-NS-1304,16-12-2025,C-1013,Atlas Heavy Eng,Safety Officer,8,0,553.33
North Substation,NS_MO_2025,PRJ-NS-1350,16-12-2025,C-1079,Precision Welding,Crane Operator,8,0,786.31
North Substation,NS_MO_2025,PRJ-NS-1361,16-12-2025,C-1073,Precision Welding,General Labor,8,0,372.52
North Substation,NS_MO_2025,PRJ-NS-1315,16-12-2025,C-1020,Midwest Mech Pros,Field Engineer,8,0,1192.61
North Substation,NS_MO_2025,PRJ-NS-1206,16-12-2025,C-1026,Precision Welding,Controls Tech,8,0,1021.81
North Substation,NS_MO_2025,PRJ-NS-1200,16-12-2025,C-1005,Atlas Heavy Eng,Millwright,8,0,634.17
North Substation,NS_MO_2025,PRJ-NS-1380,16-12-2025,C-1006,Apex Industrial,Field Engineer,8,0,1322.45
North Substation,NS_MO_2025,PRJ-NS-1154,16-12-2025,C-1020,Midwest Mech Pros,Field Engineer,8,0,1197.7
North Substation,NS_MO_2025,PRJ-NS-1263,16-12-2025,C-1054,Midwest Mech Pros,General Labor,8,0,389.87
North Substation,NS_MO_2025,PRJ-NS-1226,16-12-2025,C-1018,Atlas Heavy Eng,Controls Tech,8,0,1090.97
North Substation,NS_MO_2025,PRJ-NS-1265,16-12-2025,C-1079,Precision Welding,Crane Operator,8,0,776.56
North Substation,NS_MO_2025,PRJ-NS-1379,16-12-2025,C-1019,Midwest Mech Pros,Controls Tech,8,0,1058.73
North Substation,NS_MO_2025,PRJ-NS-1317,16-12-2025,C-1000,PrimeFix Solutions,Millwright,8,0,712.67
North Substation,NS_MO_2025,PRJ-NS-1198,16-12-2025,C-1043,Apex Industrial,Crane Operator,8,0,856.48
North Substation,NS_MO_2025,PRJ-NS-1315,16-12-2025,C-1062,PrimeFix Solutions,General Labor,8,0,392.9
North Substation,NS_MO_2025,PRJ-NS-1181,16-12-2025,C-1039,PrimeFix Solutions,Field Engineer,8,0,1565.76
North Substation,NS_MO_2025,PRJ-NS-1186,16-12-2025,C-1058,Midwest Mech Pros,Controls Tech,8,0,1311.11
North Substation,NS_MO_2025,PRJ-NS-1190,16-12-2025,C-1006,Apex Industrial,Field Engineer,8,0,1369.63
North Substation,NS_MO_2025,PRJ-NS-1393,16-12-2025,C-1003,Summit Field Techs,Millwright,8,0,707.46
North Substation,NS_MO_2025,PRJ-NS-1288,16-12-2025,C-1077,Precision Welding,Safety Officer,8,0,565.17
North Substation,NS_MO_2025,PRJ-NS-1188,16-12-2025,C-1003,Summit Field Techs,Millwright,8,0,714.32
North Substation,NS_MO_2025,PRJ-NS-1194,16-12-2025,C-1030,Summit Field Techs,Millwright,8,0,658.99
North Substation,NS_MO_2025,PRJ-NS-1321,16-12-2025,C-1062,PrimeFix Solutions,General Labor,8,0,387.3
North Substation,NS_MO_2025,PRJ-NS-1295,16-12-2025,C-1005,Atlas Heavy Eng,Millwright,8,0,591.54
North Substation,NS_MO_2025,PRJ-NS-1334,16-12-2025,C-1005,Atlas Heavy Eng,Millwright,8,0,582.6
North Substation,NS_MO_2025,PRJ-NS-1290,16-12-2025,C-1037,PrimeFix Solutions,Controls Tech,8,0,1112.55
North Substation,NS_MO_2025,PRJ-NS-1160,16-12-2025,C-1021,Summit Field Techs,Millwright,8,0,648.03
North Substation,NS_MO_2025,PRJ-NS-1211,16-12-2025,C-1067,PrimeFix Solutions,Millwright,8,0,738.7
North Substation,NS_MO_2025,PRJ-NS-1248,16-12-2025,C-1026,Precision Welding,Controls Tech,8,0,1061.9
North Substation,NS_MO_2025,PRJ-NS-1373,16-12-2025,C-1037,PrimeFix Solutions,Controls Tech,8,0,1095.99
North Substation,NS_MO_2025,PRJ-NS-1213,16-12-2025,C-1067,PrimeFix Solutions,Millwright,8,0,704.71
North Substation,NS_MO_2025,PRJ-NS-1244,16-12-2025,C-1078,Atlas Heavy Eng,Millwright,8,0,684.8
North Substation,NS_MO_2025,PRJ-NS-1204,16-12-2025,C-1024,Apex Industrial,Millwright,8,0,748.4
North Substation,NS_MO_2025,PRJ-NS-1384,16-12-2025,C-1035,Summit Field Techs,General Labor,8,0,387.52
North Substation,NS_MO_2025,PRJ-NS-1354,16-12-2025,C-1066,Apex Industrial,General Labor,8,0,394.78
North Substation,NS_MO_2025,PRJ-NS-1183,16-12-2025,C-1078,Atlas Heavy Eng,Millwright,8,0,674.52
North Substation,NS_MO_2025,PRJ-NS-1159,16-12-2025,C-1006,Apex Industrial,Field Engineer,8,0,1305.98
North Substation,NS_MO_2025,PRJ-NS-1302,16-12-2025,C-1011,Midwest Mech Pros,General Labor,8,0,404.38
North Substation,NS_MO_2025,PRJ-NS-1295,16-12-2025,C-1059,PrimeFix Solutions,Field Engineer,8,0,1227.63
North Substation,NS_MO_2025,PRJ-NS-1182,16-12-2025,C-1029,Midwest Mech Pros,Controls Tech,8,0,1039.98
North Substation,NS_MO_2025,PRJ-NS-1189,16-12-2025,C-1074,Apex Industrial,Controls Tech,8,0,1164.73
North Substation,NS_MO_2025,PRJ-NS-1194,16-12-2025,C-1006,Apex Industrial,Field Engineer,8,0,1301.99
North Substation,NS_MO_2025,PRJ-NS-1172,16-12-2025,C-1013,Atlas Heavy Eng,Safety Officer,8,0,582.52
North Substation,NS_MO_2025,PRJ-NS-1375,16-12-2025,C-1012,Midwest Mech Pros,Controls Tech,8,0,1025.64
North Substation,NS_MO_2025,PRJ-NS-1215,16-12-2025,C-1001,Apex Industrial,General Labor,8,0,408.76
North Substation,NS_MO_2025,PRJ-NS-1270,16-12-2025,C-1006,Apex Industrial,Field Engineer,8,0,1376.39
North Substation,NS_MO_2025,PRJ-NS-1334,16-12-2025,C-1010,PrimeFix Solutions,Field Engineer,8,0,1625.77
North Substation,NS_MO_2025,PRJ-NS-1324,17-12-2025,C-1072,Apex Industrial,Crane Operator,8,0,756.53
North Substation,NS_MO_2025,PRJ-NS-1342,17-12-2025,C-1030,Summit Field Techs,Millwright,8,0,633.68
North Substation,NS_MO_2025,PRJ-NS-1301,17-12-2025,C-1013,Atlas Heavy Eng,Safety Officer,8,0,567.22
North Substation,NS_MO_2025,PRJ-NS-1213,17-12-2025,C-1041,Precision Welding,Millwright,8,0,681.64
North Substation,NS_MO_2025,PRJ-NS-1380,17-12-2025,C-1006,Apex Industrial,Field Engineer,8,0,1331.98
North Substation,NS_MO_2025,PRJ-NS-1322,17-12-2025,C-1031,Summit Field Techs,Crane Operator,8,0,770.71
North Substation,NS_MO_2025,PRJ-NS-1194,17-12-2025,C-1030,Summit Field Techs,Millwright,8,0,660.0
North Substation,NS_MO_2025,PRJ-NS-1326,17-12-2025,C-1076,Apex Industrial,Safety Officer,8,0,626.87
North Substation,NS_MO_2025,PRJ-NS-1208,17-12-2025,C-1045,Midwest Mech Pros,Crane Operator,8,0,821.39
North Substation,NS_MO_2025,PRJ-NS-1356,17-12-2025,C-1067,PrimeFix Solutions,Millwright,8,0,711.19
North Substation,NS_MO_2025,PRJ-NS-1384,17-12-2025,C-1035,Summit Field Techs,General Labor,8,0,361.15
North Substation,NS_MO_2025,PRJ-NS-1271,17-12-2025,C-1013,Atlas Heavy Eng,Safety Officer,8,0,554.23
North Substation,NS_MO_2025,PRJ-NS-1270,17-12-2025,C-1006,Apex Industrial,Field Engineer,8,0,1426.65
North Substation,NS_MO_2025,PRJ-NS-1205,17-12-2025,C-1012,Midwest Mech Pros,Controls Tech,8,0,999.19
North Substation,NS_MO_2025,PRJ-NS-1263,17-12-2025,C-1039,PrimeFix Solutions,Field Engineer,8,0,1505.38
North Substation,NS_MO_2025,PRJ-NS-1255,17-12-2025,C-1000,PrimeFix Solutions,Millwright,8,0,676.79
North Substation,NS_MO_2025,PRJ-NS-1188,17-12-2025,C-1003,Summit Field Techs,Millwright,8,0,706.66
North Substation,NS_MO_2025,PRJ-NS-1321,17-12-2025,C-1062,PrimeFix Solutions,General Labor,8,0,386.9
North Substation,NS_MO_2025,PRJ-NS-1190,17-12-2025,C-1006,Apex Industrial,Field Engineer,8,0,1429.37
North Substation,NS_MO_2025,PRJ-NS-1366,17-12-2025,C-1066,Apex Industrial,General Labor,8,0,399.34
North Substation,NS_MO_2025,PRJ-NS-1181,17-12-2025,C-1069,Precision Welding,Safety Officer,8,0,512.51
North Substation,NS_MO_2025,PRJ-NS-1295,17-12-2025,C-1059,PrimeFix Solutions,Field Engineer,8,0,1189.24
North Substation,NS_MO_2025,PRJ-NS-1315,17-12-2025,C-1062,PrimeFix Solutions,General Labor,8,0,371.94
North Substation,NS_MO_2025,PRJ-NS-1315,17-12-2025,C-1062,PrimeFix Solutions,General Labor,8,0,365.29
North Substation,NS_MO_2025,PRJ-NS-1327,17-12-2025,C-1023,Summit Field Techs,Field Engineer,8,0,1525.63
North Substation,NS_MO_2025,PRJ-NS-1181,17-12-2025,C-1069,Precision Welding,Safety Officer,8,0,538.17
North Substation,NS_MO_2025,PRJ-NS-1234,17-12-2025,C-1043,Apex Industrial,Crane Operator,8,0,819.53
North Substation,NS_MO_2025,PRJ-NS-1354,17-12-2025,C-1066,Apex Industrial,General Labor,8,0,399.28
North Substation,NS_MO_2025,PRJ-NS-1257,17-12-2025,C-1077,Precision Welding,Safety Officer,8,0,599.12
North Substation,NS_MO_2025,PRJ-NS-1369,17-12-2025,C-1008,Apex Industrial,Safety Officer,8,0,656.59
North Substation,NS_MO_2025,PRJ-NS-1258,17-12-2025,C-1015,Atlas Heavy Eng,Controls Tech,8,0,1223.12
North Substation,NS_MO_2025,PRJ-NS-1205,17-12-2025,C-1012,Midwest Mech Pros,Controls Tech,8,0,1021.54
North Substation,NS_MO_2025,PRJ-NS-1160,17-12-2025,C-1017,Summit Field Techs,Crane Operator,8,0,834.95
North Substation,NS_MO_2025,PRJ-NS-1302,17-12-2025,C-1011,Midwest Mech Pros,General Labor,8,0,407.4
North Substation,NS_MO_2025,PRJ-NS-1261,17-12-2025,C-1052,PrimeFix Solutions,General Labor,8,0,345.59
North Substation,NS_MO_2025,PRJ-NS-1228,17-12-2025,C-1027,Precision Welding,Crane Operator,8,0,892.75
North Substation,NS_MO_2025,PRJ-NS-1160,17-12-2025,C-1021,Summit Field Techs,Millwright,8,0,699.93
North Substation,NS_MO_2025,PRJ-NS-1327,17-12-2025,C-1023,Summit Field Techs,Field Engineer,8,0,1596.62
North Substation,NS_MO_2025,PRJ-NS-1222,17-12-2025,C-1041,Precision Welding,Millwright,8,0,741.44
North Substation,NS_MO_2025,PRJ-NS-1162,17-12-2025,C-1069,Precision Welding,Safety Officer,8,0,536.67
North Substation,NS_MO_2025,PRJ-NS-1228,17-12-2025,C-1020,Midwest Mech Pros,Field Engineer,8,0,1165.6
North Substation,NS_MO_2025,PRJ-NS-1255,17-12-2025,C-1000,PrimeFix Solutions,Millwright,8,0,716.34
North Substation,NS_MO_2025,PRJ-NS-1232,17-12-2025,C-1073,Precision Welding,General Labor,8,0,375.42
North Substation,NS_MO_2025,PRJ-NS-1166,17-12-2025,C-1023,Summit Field Techs,Field Engineer,8,0,1644.59
North Substation,NS_MO_2025,PRJ-NS-1244,17-12-2025,C-1078,Atlas Heavy Eng,Millwright,8,0,711.03
North Substation,NS_MO_2025,PRJ-NS-1384,17-12-2025,C-1035,Summit Field Techs,General Labor,8,0,363.47
North Substation,NS_MO_2025,PRJ-NS-1183,17-12-2025,C-1078,Atlas Heavy Eng,Millwright,8,0,689.87
North Substation,NS_MO_2025,PRJ-NS-1198,17-12-2025,C-1043,Apex Industrial,Crane Operator,8,0,812.09
North Substation,NS_MO_2025,PRJ-NS-1172,17-12-2025,C-1005,Atlas Heavy Eng,Millwright,8,0,608.89
North Substation,NS_MO_2025,PRJ-NS-1166,17-12-2025,C-1023,Summit Field Techs,Field Engineer,8,0,1518.26
North Substation,NS_MO_2025,PRJ-NS-1166,17-12-2025,C-1023,Summit Field Techs,Field Engineer,8,0,1594.63
North Substation,NS_MO_2025,PRJ-NS-1334,17-12-2025,C-1005,Atlas Heavy Eng,Millwright,8,0,616.6
North Substation,NS_MO_2025,PRJ-NS-1232,17-12-2025,C-1073,Precision Welding,General Labor,8,0,379.59
North Substation,NS_MO_2025,PRJ-NS-1348,17-12-2025,C-1026,Precision Welding,Controls Tech,8,0,1012.82
North Substation,NS_MO_2025,PRJ-NS-1198,17-12-2025,C-1043,Apex Industrial,Crane Operator,8,0,799.29
North Substation,NS_MO_2025,PRJ-NS-1213,17-12-2025,C-1067,PrimeFix Solutions,Millwright,8,0,712.39
North Substation,NS_MO_2025,PRJ-NS-1259,17-12-2025,C-1043,Apex Industrial,Crane Operator,8,0,857.1
North Substation,NS_MO_2025,PRJ-NS-1232,17-12-2025,C-1073,Precision Welding,General Labor,8,0,379.39
North Substation,NS_MO_2025,PRJ-NS-1390,17-12-2025,C-1013,Atlas Heavy Eng,Safety Officer,8,0,594.79
North Substation,NS_MO_2025,PRJ-NS-1326,17-12-2025,C-1053,Precision Welding,Millwright,8,0,667.24
North Substation,NS_MO_2025,PRJ-NS-1181,17-12-2025,C-1069,Precision Welding,Safety Officer,8,0,514.23
North Substation,NS_MO_2025,PRJ-NS-1348,17-12-2025,C-1026,Precision Welding,Controls Tech,8,0,1003.37
North Substation,NS_MO_2025,PRJ-NS-1207,17-12-2025,C-1006,Apex Industrial,Field Engineer,8,0,1323.27
North Substation,NS_MO_2025,PRJ-NS-1159,17-12-2025,C-1006,Apex Industrial,Field Engineer,8,0,1413.03
North Substation,NS_MO_2025,PRJ-NS-1200,17-12-2025,C-1005,Atlas Heavy Eng,Millwright,8,0,610.01
North Substation,NS_MO_2025,PRJ-NS-1200,17-12-2025,C-1005,Atlas Heavy Eng,Millwright,8,0,595.05
North Substation,NS_MO_2025,PRJ-NS-1352,17-12-2025,C-1060,Summit Field Techs,General Labor,8,0,480.61
North Substation,NS_MO_2025,PRJ-NS-1206,17-12-2025,C-1026,Precision Welding,Controls Tech,8,0,1015.98
North Substation,NS_MO_2025,PRJ-NS-1324,17-12-2025,C-1078,Atlas Heavy Eng,Millwright,8,0,728.55
North Substation,NS_MO_2025,PRJ-NS-1194,17-12-2025,C-1006,Apex Industrial,Field Engineer,8,0,1347.01
North Substation,NS_MO_2025,PRJ-NS-1323,17-12-2025,C-1079,Precision Welding,Crane Operator,8,0,754.41
North Substation,NS_MO_2025,PRJ-NS-1295,17-12-2025,C-1059,PrimeFix Solutions,Field Engineer,8,0,1234.56
North Substation,NS_MO_2025,PRJ-NS-1311,17-12-2025,C-1039,PrimeFix Solutions,Field Engineer,8,0,1556.84
North Substation,NS_MO_2025,PRJ-NS-1380,17-12-2025,C-1039,PrimeFix Solutions,Field Engineer,8,0,1542.22
North Substation,NS_MO_2025,PRJ-NS-1302,17-12-2025,C-1035,Summit Field Techs,General Labor,8,0,353.18
North Substation,NS_MO_2025,PRJ-NS-1369,17-12-2025,C-1008,Apex Industrial,Safety Officer,8,0,679.92
North Substation,NS_MO_2025,PRJ-NS-1384,17-12-2025,C-1035,Summit Field Techs,General Labor,8,0,371.8
North Substation,NS_MO_2025,PRJ-NS-1194,17-12-2025,C-1046,Precision Welding,General Labor,8,0,438.6
North Substation,NS_MO_2025,PRJ-NS-1375,17-12-2025,C-1012,Midwest Mech Pros,Controls Tech,8,0,990.78
North Substation,NS_MO_2025,PRJ-NS-1186,17-12-2025,C-1058,Midwest Mech Pros,Controls Tech,8,0,1274.64
North Substation,NS_MO_2025,PRJ-NS-1250,17-12-2025,C-1072,Apex Industrial,Crane Operator,8,0,730.65
North Substation,NS_MO_2025,PRJ-NS-1295,17-12-2025,C-1005,Atlas Heavy Eng,Millwright,8,0,580.27
North Substation,NS_MO_2025,PRJ-NS-1317,17-12-2025,C-1000,PrimeFix Solutions,Millwright,8,0,705.31
North Substation,NS_MO_2025,PRJ-NS-1346,17-12-2025,C-1010,PrimeFix Solutions,Field Engineer,8,0,1650.51
North Substation,NS_MO_2025,PRJ-NS-1258,17-12-2025,C-1060,Summit Field Techs,General Labor,8,0,450.78
North Substation,NS_MO_2025,PRJ-NS-1295,17-12-2025,C-1059,PrimeFix Solutions,Field Engineer,8,0,1197.74
North Substation,NS_MO_2025,PRJ-NS-1211,17-12-2025,C-1067,PrimeFix Solutions,Millwright,8,0,697.21
North Substation,NS_MO_2025,PRJ-NS-1176,17-12-2025,C-1029,Midwest Mech Pros,Controls Tech,8,0,971.57
North Substation,NS_MO_2025,PRJ-NS-1188,17-12-2025,C-1003,Summit Field Techs,Millwright,8,0,661.31
North Substation,NS_MO_2025,PRJ-NS-1334,17-12-2025,C-1005,Atlas Heavy Eng,Millwright,8,0,577.69
North Substation,NS_MO_2025,PRJ-NS-1352,17-12-2025,C-1060,Summit Field Techs,General Labor,8,0,472.38
North Substation,NS_MO_2025,PRJ-NS-1226,17-12-2025,C-1018,Atlas Heavy Eng,Controls Tech,8,0,1109.57
North Substation,NS_MO_2025,PRJ-NS-1261,17-12-2025,C-1018,Atlas Heavy Eng,Controls Tech,8,0,1108.71
North Substation,NS_MO_2025,PRJ-NS-1384,17-12-2025,C-1035,Summit Field Techs,General Labor,8,0,363.15
North Substation,NS_MO_2025,PRJ-NS-1215,17-12-2025,C-1001,Apex Industrial,General Labor,8,0,391.28
North Substation,NS_MO_2025,PRJ-NS-1192,17-12-2025,C-1040,Atlas Heavy Eng,Crane Operator,8,0,840.86
North Substation,NS_MO_2025,PRJ-NS-1393,17-12-2025,C-1003,Summit Field Techs,Millwright,8,0,695.23
North Substation,NS_MO_2025,PRJ-NS-1317,17-12-2025,C-1000,PrimeFix Solutions,Millwright,8,0,707.45
North Substation,NS_MO_2025,PRJ-NS-1246,17-12-2025,C-1079,Precision Welding,Crane Operator,8,0,794.72
North Substation,NS_MO_2025,PRJ-NS-1160,17-12-2025,C-1021,Summit Field Techs,Millwright,8,0,649.07
North Substation,NS_MO_2025,PRJ-NS-1189,17-12-2025,C-1074,Apex Industrial,Controls Tech,8,0,1106.76
North Substation,NS_MO_2025,PRJ-NS-1312,17-12-2025,C-1010,PrimeFix Solutions,Field Engineer,8,0,1524.13
North Substation,NS_MO_2025,PRJ-NS-1291,17-12-2025,C-1054,Midwest Mech Pros,General Labor,8,0,405.7
North Substation,NS_MO_2025,PRJ-NS-1188,17-12-2025,C-1003,Summit Field Techs,Millwright,8,0,649.27
North Substation,NS_MO_2025,PRJ-NS-1380,17-12-2025,C-1006,Apex Industrial,Field Engineer,8,0,1327.77
North Substation,NS_MO_2025,PRJ-NS-1315,17-12-2025,C-1062,PrimeFix Solutions,General Labor,8,0,369.68
North Substation,NS_MO_2025,PRJ-NS-1194,17-12-2025,C-1006,Apex Industrial,Field Engineer,8,0,1406.76
North Substation,NS_MO_2025,PRJ-NS-1259,17-12-2025,C-1043,Apex Industrial,Crane Operator,8,0,807.79
North Substation,NS_MO_2025,PRJ-NS-1194,17-12-2025,C-1046,Precision Welding,General Labor,8,0,439.04
North Substation,NS_MO_2025,PRJ-NS-1181,17-12-2025,C-1069,Precision Welding,Safety Officer,8,0,503.42
North Substation,NS_MO_2025,PRJ-NS-1380,17-12-2025,C-1039,PrimeFix Solutions,Field Engineer,8,0,1469.36
North Substation,NS_MO_2025,PRJ-NS-1187,17-12-2025,C-1028,Midwest Mech Pros,Field Engineer,8,0,1481.43
North Substation,NS_MO_2025,PRJ-NS-1330,17-12-2025,C-1071,PrimeFix Solutions,Crane Operator,8,0,823.53
North Substation,NS_MO_2025,PRJ-NS-1380,17-12-2025,C-1039,PrimeFix Solutions,Field Engineer,8,0,1496.02
North Substation,NS_MO_2025,PRJ-NS-1250,17-12-2025,C-1072,Apex Industrial,Crane Operator,8,0,736.96
North Substation,NS_MO_2025,PRJ-NS-1394,17-12-2025,C-1029,Midwest Mech Pros,Controls Tech,8,0,984.44
North Substation,NS_MO_2025,PRJ-NS-1288,17-12-2025,C-1077,Precision Welding,Safety Officer,8,0,558.62
North Substation,NS_MO_2025,PRJ-NS-1188,17-12-2025,C-1024,Apex Industrial,Millwright,8,0,749.08
North Substation,NS_MO_2025,PRJ-NS-1255,17-12-2025,C-1000,PrimeFix Solutions,Millwright,8,0,717.12
North Substation,NS_MO_2025,PRJ-NS-1290,17-12-2025,C-1037,PrimeFix Solutions,Controls Tech,8,0,1058.8
North Substation,NS_MO_2025,PRJ-NS-1315,17-12-2025,C-1020,Midwest Mech Pros,Field Engineer,8,0,1180.03
North Substation,NS_MO_2025,PRJ-NS-1342,17-12-2025,C-1031,Summit Field Techs,Crane Operator,8,0,754.98
North Substation,NS_MO_2025,PRJ-NS-1186,17-12-2025,C-1058,Midwest Mech Pros,Controls Tech,8,0,1304.79
North Substation,NS_MO_2025,PRJ-NS-1228,17-12-2025,C-1027,Precision Welding,Crane Operator,8,0,870.55
North Substation,NS_MO_2025,PRJ-NS-1226,17-12-2025,C-1001,Apex Industrial,General Labor,8,0,421.09
North Substation,NS_MO_2025,PRJ-NS-1200,17-12-2025,C-1005,Atlas Heavy Eng,Millwright,8,0,629.03
North Substation,NS_MO_2025,PRJ-NS-1183,17-12-2025,C-1078,Atlas Heavy Eng,Millwright,8,0,691.14
North Substation,NS_MO_2025,PRJ-NS-1346,17-12-2025,C-1010,PrimeFix Solutions,Field Engineer,8,0,1562.82
North Substation,NS_MO_2025,PRJ-NS-1188,17-12-2025,C-1024,Apex Industrial,Millwright,8,0,711.12
North Substation,NS_MO_2025,PRJ-NS-1288,17-12-2025,C-1077,Precision Welding,Safety Officer,8,0,595.84
North Substation,NS_MO_2025,PRJ-NS-1346,17-12-2025,C-1006,Apex Industrial,Field Engineer,8,0,1393.05
North Substation,NS_MO_2025,PRJ-NS-1261,17-12-2025,C-1052,PrimeFix Solutions,General Labor,8,0,366.85
North Substation,NS_MO_2025,PRJ-NS-1263,17-12-2025,C-1039,PrimeFix Solutions,Field Engineer,8,0,1476.77
North Substation,NS_MO_2025,PRJ-NS-1349,17-12-2025,C-1011,Midwest Mech Pros,General Labor,8,0,428.2
North Substation,NS_MO_2025,PRJ-NS-1265,17-12-2025,C-1079,Precision Welding,Crane Operator,8,0,726.72
North Substation,NS_MO_2025,PRJ-NS-1269,17-12-2025,C-1029,Midwest Mech Pros,Controls Tech,8,0,1040.84
North Substation,NS_MO_2025,PRJ-NS-1373,17-12-2025,C-1037,PrimeFix Solutions,Controls Tech,8,0,1112.49
North Substation,NS_MO_2025,PRJ-NS-1222,17-12-2025,C-1041,Precision Welding,Millwright,8,0,693.19
North Substation,NS_MO_2025,PRJ-NS-1160,17-12-2025,C-1017,Summit Field Techs,Crane Operator,8,0,828.09
North Substation,NS_MO_2025,PRJ-NS-1197,17-12-2025,C-1051,Apex Industrial,Crane Operator,8,0,884.03
North Substation,NS_MO_2025,PRJ-NS-1388,17-12-2025,C-1045,Midwest Mech Pros,Crane Operator,8,0,877.21
North Substation,NS_MO_2025,PRJ-NS-1393,17-12-2025,C-1037,PrimeFix Solutions,Controls Tech,8,0,1092.47
North Substation,NS_MO_2025,PRJ-NS-1390,17-12-2025,C-1013,Atlas Heavy Eng,Safety Officer,8,0,589.82
North Substation,NS_MO_2025,PRJ-NS-1172,17-12-2025,C-1013,Atlas Heavy Eng,Safety Officer,8,0,604.87
North Substation,NS_MO_2025,PRJ-NS-1326,17-12-2025,C-1053,Precision Welding,Millwright,8,0,659.03
North Substation,NS_MO_2025,PRJ-NS-1288,17-12-2025,C-1077,Precision Welding,Safety Officer,8,0,554.74
North Substation,NS_MO_2025,PRJ-NS-1275,17-12-2025,C-1024,Apex Industrial,Millwright,8,0,725.3
North Substation,NS_MO_2025,PRJ-NS-1232,17-12-2025,C-1073,Precision Welding,General Labor,8,0,362.78
North Substation,NS_MO_2025,PRJ-NS-1189,17-12-2025,C-1024,Apex Industrial,Millwright,8,0,764.85
North Substation,NS_MO_2025,PRJ-NS-1198,17-12-2025,C-1043,Apex Industrial,Crane Operator,8,0,823.32
North Substation,NS_MO_2025,PRJ-NS-1286,17-12-2025,C-1067,PrimeFix Solutions,Millwright,8,0,722.38
North Substation,NS_MO_2025,PRJ-NS-1356,17-12-2025,C-1054,Midwest Mech Pros,General Labor,8,0,388.58
North Substation,NS_MO_2025,PRJ-NS-1162,17-12-2025,C-1069,Precision Welding,Safety Officer,8,0,524.72
North Substation,NS_MO_2025,PRJ-NS-1265,17-12-2025,C-1079,Precision Welding,Crane Operator,8,0,744.26
North Substation,NS_MO_2025,PRJ-NS-1246,17-12-2025,C-1079,Precision Welding,Crane Operator,8,0,792.02
North Substation,NS_MO_2025,PRJ-NS-1295,17-12-2025,C-1059,PrimeFix Solutions,Field Engineer,8,0,1274.07
North Substation,NS_MO_2025,PRJ-NS-1259,17-12-2025,C-1043,Apex Industrial,Crane Operator,8,0,799.83
North Substation,NS_MO_2025,PRJ-NS-1334,17-12-2025,C-1005,Atlas Heavy Eng,Millwright,8,0,608.47
North Substation,NS_MO_2025,PRJ-NS-1311,17-12-2025,C-1039,PrimeFix Solutions,Field Engineer,8,0,1567.37
North Substation,NS_MO_2025,PRJ-NS-1332,17-12-2025,C-1052,PrimeFix Solutions,General Labor,8,0,368.97
North Substation,NS_MO_2025,PRJ-NS-1181,17-12-2025,C-1078,Atlas Heavy Eng,Millwright,8,0,709.12
North Substation,NS_MO_2025,PRJ-NS-1326,17-12-2025,C-1076,Apex Industrial,Safety Officer,8,0,628.13
North Substation,NS_MO_2025,PRJ-NS-1361,17-12-2025,C-1073,Precision Welding,General Labor,8,0,367.55
North Substation,NS_MO_2025,PRJ-NS-1354,17-12-2025,C-1066,Apex Industrial,General Labor,8,0,377.17
North Substation,NS_MO_2025,PRJ-NS-1181,17-12-2025,C-1069,Precision Welding,Safety Officer,8,0,504.29
North Substation,NS_MO_2025,PRJ-NS-1334,17-12-2025,C-1010,PrimeFix Solutions,Field Engineer,8,0,1642.52
North Substation,NS_MO_2025,PRJ-NS-1374,17-12-2025,C-1019,Midwest Mech Pros,Controls Tech,8,0,1108.72
North Substation,NS_MO_2025,PRJ-NS-1207,17-12-2025,C-1006,Apex Industrial,Field Engineer,8,0,1300.93
North Substation,NS_MO_2025,PRJ-NS-1257,17-12-2025,C-1077,Precision Welding,Safety Officer,8,0,591.11
North Substation,NS_MO_2025,PRJ-NS-1302,17-12-2025,C-1011,Midwest Mech Pros,General Labor,8,0,436.61
North Substation,NS_MO_2025,PRJ-NS-1347,17-12-2025,C-1027,Precision Welding,Crane Operator,8,0,889.28
North Substation,NS_MO_2025,PRJ-NS-1191,17-12-2025,C-1047,Atlas Heavy Eng,Millwright,8,0,612.16
North Substation,NS_MO_2025,PRJ-NS-1347,17-12-2025,C-1027,Precision Welding,Crane Operator,8,0,840.05
North Substation,NS_MO_2025,PRJ-NS-1346,17-12-2025,C-1010,PrimeFix Solutions,Field Engineer,8,0,1562.51
North Substation,NS_MO_2025,PRJ-NS-1200,17-12-2025,C-1005,Atlas Heavy Eng,Millwright,8,0,633.23
North Substation,NS_MO_2025,PRJ-NS-1301,17-12-2025,C-1065,PrimeFix Solutions,Safety Officer,8,0,643.22
North Substation,NS_MO_2025,PRJ-NS-1268,17-12-2025,C-1028,Midwest Mech Pros,Field Engineer,8,0,1444.25
North Substation,NS_MO_2025,PRJ-NS-1275,17-12-2025,C-1024,Apex Industrial,Millwright,8,0,769.95
North Substation,NS_MO_2025,PRJ-NS-1213,17-12-2025,C-1041,Precision Welding,Millwright,8,0,679.75
North Substation,NS_MO_2025,PRJ-NS-1332,17-12-2025,C-1052,PrimeFix Solutions,General Labor,8,0,360.0
North Substation,NS_MO_2025,PRJ-NS-1295,17-12-2025,C-1059,PrimeFix Solutions,Field Engineer,8,0,1245.63
North Substation,NS_MO_2025,PRJ-NS-1288,17-12-2025,C-1077,Precision Welding,Safety Officer,8,0,560.25
North Substation,NS_MO_2025,PRJ-NS-1197,17-12-2025,C-1051,Apex Industrial,Crane Operator,8,0,849.77
North Substation,NS_MO_2025,PRJ-NS-1190,17-12-2025,C-1021,Summit Field Techs,Millwright,8,0,659.4
North Substation,NS_MO_2025,PRJ-NS-1181,17-12-2025,C-1039,PrimeFix Solutions,Field Engineer,8,0,1455.51
North Substation,NS_MO_2025,PRJ-NS-1304,17-12-2025,C-1013,Atlas Heavy Eng,Safety Officer,8,0,570.44
North Substation,NS_MO_2025,PRJ-NS-1187,17-12-2025,C-1028,Midwest Mech Pros,Field Engineer,8,0,1404.51
North Substation,NS_MO_2025,PRJ-NS-1326,17-12-2025,C-1053,Precision Welding,Millwright,8,0,670.73
North Substation,NS_MO_2025,PRJ-NS-1304,17-12-2025,C-1013,Atlas Heavy Eng,Safety Officer,8,0,575.28
North Substation,NS_MO_2025,PRJ-NS-1375,17-12-2025,C-1012,Midwest Mech Pros,Controls Tech,8,0,1016.26
North Substation,NS_MO_2025,PRJ-NS-1380,18-12-2025,C-1039,PrimeFix Solutions,Field Engineer,8,0,1576.9
North Substation,NS_MO_2025,PRJ-NS-1271,18-12-2025,C-1013,Atlas Heavy Eng,Safety Officer,8,0,579.1
North Substation,NS_MO_2025,PRJ-NS-1326,18-12-2025,C-1076,Apex Industrial,Safety Officer,8,0,638.66
North Substation,NS_MO_2025,PRJ-NS-1261,18-12-2025,C-1018,Atlas Heavy Eng,Controls Tech,8,0,1131.01
North Substation,NS_MO_2025,PRJ-NS-1304,18-12-2025,C-1059,PrimeFix Solutions,Field Engineer,8,0,1197.83
North Substation,NS_MO_2025,PRJ-NS-1151,18-12-2025,C-1065,PrimeFix Solutions,Safety Officer,8,0,630.27
North Substation,NS_MO_2025,PRJ-NS-1275,18-12-2025,C-1024,Apex Industrial,Millwright,8,0,771.66
North Substation,NS_MO_2025,PRJ-NS-1200,18-12-2025,C-1023,Summit Field Techs,Field Engineer,8,0,1568.38
North Substation,NS_MO_2025,PRJ-NS-1187,18-12-2025,C-1028,Midwest Mech Pros,Field Engineer,8,0,1411.07
North Substation,NS_MO_2025,PRJ-NS-1352,18-12-2025,C-1060,Summit Field Techs,General Labor,8,0,446.94
North Substation,NS_MO_2025,PRJ-NS-1204,18-12-2025,C-1024,Apex Industrial,Millwright,8,0,780.4
North Substation,NS_MO_2025,PRJ-NS-1334,18-12-2025,C-1010,PrimeFix Solutions,Field Engineer,8,0,1644.0
North Substation,NS_MO_2025,PRJ-NS-1375,18-12-2025,C-1012,Midwest Mech Pros,Controls Tech,8,0,991.4
North Substation,NS_MO_2025,PRJ-NS-1228,18-12-2025,C-1027,Precision Welding,Crane Operator,8,0,873.69
North Substation,NS_MO_2025,PRJ-NS-1276,18-12-2025,C-1003,Summit Field Techs,Millwright,8,0,674.73
North Substation,NS_MO_2025,PRJ-NS-1172,18-12-2025,C-1005,Atlas Heavy Eng,Millwright,8,0,588.29
North Substation,NS_MO_2025,PRJ-NS-1181,18-12-2025,C-1069,Precision Welding,Safety Officer,8,0,530.92
North Substation,NS_MO_2025,PRJ-NS-1257,18-12-2025,C-1077,Precision Welding,Safety Officer,8,0,575.99
North Substation,NS_MO_2025,PRJ-NS-1313,18-12-2025,C-1005,Atlas Heavy Eng,Millwright,8,0,634.45
North Substation,NS_MO_2025,PRJ-NS-1162,18-12-2025,C-1040,Atlas Heavy Eng,Crane Operator,8,0,842.77
North Substation,NS_MO_2025,PRJ-NS-1211,18-12-2025,C-1067,PrimeFix Solutions,Millwright,8,0,741.36
North Substation,NS_MO_2025,PRJ-NS-1322,18-12-2025,C-1031,Summit Field Techs,Crane Operator,8,0,715.68
North Substation,NS_MO_2025,PRJ-NS-1205,18-12-2025,C-1012,Midwest Mech Pros,Controls Tech,8,0,1053.17
North Substation,NS_MO_2025,PRJ-NS-1236,18-12-2025,C-1005,Atlas Heavy Eng,Millwright,8,0,597.87
North Substation,NS_MO_2025,PRJ-NS-1288,18-12-2025,C-1077,Precision Welding,Safety Officer,8,0,558.29
North Substation,NS_MO_2025,PRJ-NS-1378,18-12-2025,C-1020,Midwest Mech Pros,Field Engineer,8,0,1213.17
North Substation,NS_MO_2025,PRJ-NS-1263,18-12-2025,C-1037,PrimeFix Solutions,Controls Tech,8,0,1116.79
North Substation,NS_MO_2025,PRJ-NS-1185,18-12-2025,C-1023,Summit Field Techs,Field Engineer,8,0,1553.36
North Substation,NS_MO_2025,PRJ-NS-1393,18-12-2025,C-1037,PrimeFix Solutions,Controls Tech,8,0,1081.4
North Substation,NS_MO_2025,PRJ-NS-1295,18-12-2025,C-1005,Atlas Heavy Eng,Millwright,8,0,622.82
North Substation,NS_MO_2025,PRJ-NS-1198,18-12-2025,C-1043,Apex Industrial,Crane Operator,8,0,822.63
North Substation,NS_MO_2025,PRJ-NS-1286,18-12-2025,C-1067,PrimeFix Solutions,Millwright,8,0,713.2
North Substation,NS_MO_2025,PRJ-NS-1181,18-12-2025,C-1039,PrimeFix Solutions,Field Engineer,8,0,1558.11
North Substation,NS_MO_2025,PRJ-NS-1380,18-12-2025,C-1006,Apex Industrial,Field Engineer,8,0,1392.01
North Substation,NS_MO_2025,PRJ-NS-1354,18-12-2025,C-1066,Apex Industrial,General Labor,8,0,399.29
North Substation,NS_MO_2025,PRJ-NS-1342,18-12-2025,C-1030,Summit Field Techs,Millwright,8,0,662.93
North Substation,NS_MO_2025,PRJ-NS-1258,18-12-2025,C-1015,Atlas Heavy Eng,Controls Tech,8,0,1218.98
North Substation,NS_MO_2025,PRJ-NS-1394,18-12-2025,C-1029,Midwest Mech Pros,Controls Tech,8,0,1043.93
North Substation,NS_MO_2025,PRJ-NS-1356,18-12-2025,C-1054,Midwest Mech Pros,General Labor,8,0,388.86
North Substation,NS_MO_2025,PRJ-NS-1172,18-12-2025,C-1013,Atlas Heavy Eng,Safety Officer,8,0,585.42
North Substation,NS_MO_2025,PRJ-NS-1188,18-12-2025,C-1003,Summit Field Techs,Millwright,8,0,656.28
North Substation,NS_MO_2025,PRJ-NS-1206,18-12-2025,C-1026,Precision Welding,Controls Tech,8,0,1059.77
North Substation,NS_MO_2025,PRJ-NS-1248,18-12-2025,C-1026,Precision Welding,Controls Tech,8,0,1028.29
North Substation,NS_MO_2025,PRJ-NS-1194,18-12-2025,C-1046,Precision Welding,General Labor,8,0,441.2
North Substation,NS_MO_2025,PRJ-NS-1203,18-12-2025,C-1006,Apex Industrial,Field Engineer,8,0,1368.1
North Substation,NS_MO_2025,PRJ-NS-1325,18-12-2025,C-1019,Midwest Mech Pros,Controls Tech,8,0,1110.26
North Substation,NS_MO_2025,PRJ-NS-1160,18-12-2025,C-1017,Summit Field Techs,Crane Operator,8,0,812.64
North Substation,NS_MO_2025,PRJ-NS-1232,18-12-2025,C-1073,Precision Welding,General Labor,8,0,375.42
North Substation,NS_MO_2025,PRJ-NS-1181,18-12-2025,C-1078,Atlas Heavy Eng,Millwright,8,0,669.55
North Substation,NS_MO_2025,PRJ-NS-1265,18-12-2025,C-1079,Precision Welding,Crane Operator,8,0,748.18
North Substation,NS_MO_2025,PRJ-NS-1356,18-12-2025,C-1039,PrimeFix Solutions,Field Engineer,8,0,1581.91
North Substation,NS_MO_2025,PRJ-NS-1186,18-12-2025,C-1058,Midwest Mech Pros,Controls Tech,8,0,1219.71
North Substation,NS_MO_2025,PRJ-NS-1295,18-12-2025,C-1059,PrimeFix Solutions,Field Engineer,8,0,1251.27
North Substation,NS_MO_2025,PRJ-NS-1159,18-12-2025,C-1006,Apex Industrial,Field Engineer,8,0,1334.53
North Substation,NS_MO_2025,PRJ-NS-1208,18-12-2025,C-1045,Midwest Mech Pros,Crane Operator,8,0,856.73
North Substation,NS_MO_2025,PRJ-NS-1372,18-12-2025,C-1066,Apex Industrial,General Labor,8,0,391.55
North Substation,NS_MO_2025,PRJ-NS-1324,18-12-2025,C-1072,Apex Industrial,Crane Operator,8,0,779.12
North Substation,NS_MO_2025,PRJ-NS-1301,18-12-2025,C-1065,PrimeFix Solutions,Safety Officer,8,0,646.22
North Substation,NS_MO_2025,PRJ-NS-1250,18-12-2025,C-1072,Apex Industrial,Crane Operator,8,0,761.63
North Substation,NS_MO_2025,PRJ-NS-1366,18-12-2025,C-1066,Apex Industrial,General Labor,8,0,407.6
North Substation,NS_MO_2025,PRJ-NS-1152,18-12-2025,C-1053,Precision Welding,Millwright,8,0,670.98
North Substation,NS_MO_2025,PRJ-NS-1390,18-12-2025,C-1062,PrimeFix Solutions,General Labor,8,0,386.74
North Substation,NS_MO_2025,PRJ-NS-1335,18-12-2025,C-1019,Midwest Mech Pros,Controls Tech,8,0,1073.35
North Substation,NS_MO_2025,PRJ-NS-1302,18-12-2025,C-1011,Midwest Mech Pros,General Labor,8,0,434.85
North Substation,NS_MO_2025,PRJ-NS-1373,18-12-2025,C-1037,PrimeFix Solutions,Controls Tech,8,0,1123.84
North Substation,NS_MO_2025,PRJ-NS-1159,18-12-2025,C-1041,Precision Welding,Millwright,8,0,740.42
North Substation,NS_MO_2025,PRJ-NS-1393,18-12-2025,C-1000,PrimeFix Solutions,Millwright,8,0,746.66
North Substation,NS_MO_2025,PRJ-NS-1189,18-12-2025,C-1024,Apex Industrial,Millwright,8,0,717.12
North Substation,NS_MO_2025,PRJ-NS-1166,18-12-2025,C-1023,Summit Field Techs,Field Engineer,8,0,1650.98
North Substation,NS_MO_2025,PRJ-NS-1307,18-12-2025,C-1066,Apex Industrial,General Labor,8,0,400.97
North Substation,NS_MO_2025,PRJ-NS-1191,18-12-2025,C-1047,Atlas Heavy Eng,Millwright,8,0,630.3
North Substation,NS_MO_2025,PRJ-NS-1312,18-12-2025,C-1042,PrimeFix Solutions,General Labor,8,0,400.18
North Substation,NS_MO_2025,PRJ-NS-1334,18-12-2025,C-1005,Atlas Heavy Eng,Millwright,8,0,583.6
North Substation,NS_MO_2025,PRJ-NS-1196,18-12-2025,C-1023,Summit Field Techs,Field Engineer,8,0,1605.8
North Substation,NS_MO_2025,PRJ-NS-1301,18-12-2025,C-1013,Atlas Heavy Eng,Safety Officer,8,0,570.9
North Substation,NS_MO_2025,PRJ-NS-1304,18-12-2025,C-1013,Atlas Heavy Eng,Safety Officer,8,0,552.93
North Substation,NS_MO_2025,PRJ-NS-1182,18-12-2025,C-1029,Midwest Mech Pros,Controls Tech,8,0,1052.75
North Substation,NS_MO_2025,PRJ-NS-1226,18-12-2025,C-1018,Atlas Heavy Eng,Controls Tech,8,0,1178.39
North Substation,NS_MO_2025,PRJ-NS-1324,18-12-2025,C-1078,Atlas Heavy Eng,Millwright,8,0,680.71
North Substation,NS_MO_2025,PRJ-NS-1190,18-12-2025,C-1006,Apex Industrial,Field Engineer,8,0,1388.07
North Substation,NS_MO_2025,PRJ-NS-1263,18-12-2025,C-1039,PrimeFix Solutions,Field Engineer,8,0,1577.35
North Substation,NS_MO_2025,PRJ-NS-1326,18-12-2025,C-1053,Precision Welding,Millwright,8,0,640.54
North Substation,NS_MO_2025,PRJ-NS-1269,18-12-2025,C-1029,Midwest Mech Pros,Controls Tech,8,0,1009.14
North Substation,NS_MO_2025,PRJ-NS-1346,18-12-2025,C-1010,PrimeFix Solutions,Field Engineer,8,0,1659.04
North Substation,NS_MO_2025,PRJ-NS-1327,18-12-2025,C-1023,Summit Field Techs,Field Engineer,8,0,1647.18
North Substation,NS_MO_2025,PRJ-NS-1259,18-12-2025,C-1023,Summit Field Techs,Field Engineer,8,0,1564.98
North Substation,NS_MO_2025,PRJ-NS-1213,18-12-2025,C-1067,PrimeFix Solutions,Millwright,8,0,700.02
North Substation,NS_MO_2025,PRJ-NS-1263,19-12-2025,C-1037,PrimeFix Solutions,Controls Tech,8,0,1162.21
North Substation,NS_MO_2025,PRJ-NS-1307,19-12-2025,C-1066,Apex Industrial,General Labor,8,0,390.65
North Substation,NS_MO_2025,PRJ-NS-1393,19-12-2025,C-1003,Summit Field Techs,Millwright,8,0,708.03
North Substation,NS_MO_2025,PRJ-NS-1188,19-12-2025,C-1024,Apex Industrial,Millwright,8,0,749.8
North Substation,NS_MO_2025,PRJ-NS-1153,19-12-2025,C-1035,Summit Field Techs,General Labor,8,0,372.09
North Substation,NS_MO_2025,PRJ-NS-1370,19-12-2025,C-1028,Midwest Mech Pros,Field Engineer,8,0,1408.64
North Substation,NS_MO_2025,PRJ-NS-1388,19-12-2025,C-1045,Midwest Mech Pros,Crane Operator,8,0,804.36
North Substation,NS_MO_2025,PRJ-NS-1324,19-12-2025,C-1078,Atlas Heavy Eng,Millwright,8,0,687.29
North Substation,NS_MO_2025,PRJ-NS-1159,19-12-2025,C-1006,Apex Industrial,Field Engineer,8,0,1319.71
North Substation,NS_MO_2025,PRJ-NS-1378,19-12-2025,C-1020,Midwest Mech Pros,Field Engineer,8,0,1251.37
North Substation,NS_MO_2025,PRJ-NS-1183,19-12-2025,C-1078,Atlas Heavy Eng,Millwright,8,0,694.28
North Substation,NS_MO_2025,PRJ-NS-1162,19-12-2025,C-1069,Precision Welding,Safety Officer,8,0,522.85
North Substation,NS_MO_2025,PRJ-NS-1258,19-12-2025,C-1015,Atlas Heavy Eng,Controls Tech,8,0,1215.53
North Substation,NS_MO_2025,PRJ-NS-1197,19-12-2025,C-1051,Apex Industrial,Crane Operator,8,0,816.2
North Substation,NS_MO_2025,PRJ-NS-1226,19-12-2025,C-1023,Summit Field Techs,Field Engineer,8,0,1525.04
North Substation,NS_MO_2025,PRJ-NS-1380,19-12-2025,C-1039,PrimeFix Solutions,Field Engineer,8,0,1500.33
North Substation,NS_MO_2025,PRJ-NS-1188,19-12-2025,C-1003,Summit Field Techs,Millwright,8,0,682.63
North Substation,NS_MO_2025,PRJ-NS-1390,19-12-2025,C-1062,PrimeFix Solutions,General Labor,8,0,362.96
North Substation,NS_MO_2025,PRJ-NS-1322,19-12-2025,C-1019,Midwest Mech Pros,Controls Tech,8,0,1032.43
North Substation,NS_MO_2025,PRJ-NS-1352,19-12-2025,C-1060,Summit Field Techs,General Labor,8,0,451.8
North Substation,NS_MO_2025,PRJ-NS-1268,19-12-2025,C-1028,Midwest Mech Pros,Field Engineer,8,0,1419.15
North Substation,NS_MO_2025,PRJ-NS-1366,19-12-2025,C-1066,Apex Industrial,General Labor,8,0,376.84
North Substation,NS_MO_2025,PRJ-NS-1194,19-12-2025,C-1006,Apex Industrial,Field Engineer,8,0,1429.67
North Substation,NS_MO_2025,PRJ-NS-1259,19-12-2025,C-1043,Apex Industrial,Crane Operator,8,0,838.45
North Substation,NS_MO_2025,PRJ-NS-1348,19-12-2025,C-1026,Precision Welding,Controls Tech,8,0,1093.43
North Substation,NS_MO_2025,PRJ-NS-1162,19-12-2025,C-1040,Atlas Heavy Eng,Crane Operator,8,0,838.81
North Substation,NS_MO_2025,PRJ-NS-1236,19-12-2025,C-1005,Atlas Heavy Eng,Millwright,8,0,589.51
North Substation,NS_MO_2025,PRJ-NS-1234,19-12-2025,C-1043,Apex Industrial,Crane Operator,8,0,824.81
North Substation,NS_MO_2025,PRJ-NS-1213,19-12-2025,C-1067,PrimeFix Solutions,Millwright,8,0,699.81
North Substation,NS_MO_2025,PRJ-NS-1295,19-12-2025,C-1005,Atlas Heavy Eng,Millwright,8,0,582.31
North Substation,NS_MO_2025,PRJ-NS-1172,19-12-2025,C-1005,Atlas Heavy Eng,Millwright,8,0,579.3
North Substation,NS_MO_2025,PRJ-NS-1151,19-12-2025,C-1065,PrimeFix Solutions,Safety Officer,8,0,645.48
North Substation,NS_MO_2025,PRJ-NS-1315,19-12-2025,C-1020,Midwest Mech Pros,Field Engineer,8,0,1251.73
North Substation,NS_MO_2025,PRJ-NS-1330,19-12-2025,C-1071,PrimeFix Solutions,Crane Operator,8,0,826.15
North Substation,NS_MO_2025,PRJ-NS-1154,19-12-2025,C-1020,Midwest Mech Pros,Field Engineer,8,0,1155.32
North Substation,NS_MO_2025,PRJ-NS-1361,19-12-2025,C-1073,Precision Welding,General Labor,8,0,383.1
North Substation,NS_MO_2025,PRJ-NS-1288,19-12-2025,C-1077,Precision Welding,Safety Officer,8,0,573.08
North Substation,NS_MO_2025,PRJ-NS-1226,19-12-2025,C-1001,Apex Industrial,General Labor,8,0,384.13
North Substation,NS_MO_2025,PRJ-NS-1259,19-12-2025,C-1023,Summit Field Techs,Field Engineer,8,0,1546.72
North Substation,NS_MO_2025,PRJ-NS-1334,19-12-2025,C-1005,Atlas Heavy Eng,Millwright,8,0,587.72
North Substation,NS_MO_2025,PRJ-NS-1300,19-12-2025,C-1023,Summit Field Techs,Field Engineer,8,0,1587.83
North Substation,NS_MO_2025,PRJ-NS-1226,19-12-2025,C-1018,Atlas Heavy Eng,Controls Tech,8,0,1117.03
North Substation,NS_MO_2025,PRJ-NS-1327,19-12-2025,C-1023,Summit Field Techs,Field Engineer,8,0,1611.17
North Substation,NS_MO_2025,PRJ-NS-1369,19-12-2025,C-1008,Apex Industrial,Safety Officer,8,0,673.63
North Substation,NS_MO_2025,PRJ-NS-1189,19-12-2025,C-1024,Apex Industrial,Millwright,8,0,769.19
North Substation,NS_MO_2025,PRJ-NS-1255,19-12-2025,C-1000,PrimeFix Solutions,Millwright,8,0,734.49
North Substation,NS_MO_2025,PRJ-NS-1393,19-12-2025,C-1000,PrimeFix Solutions,Millwright,8,0,679.54
North Substation,NS_MO_2025,PRJ-NS-1248,19-12-2025,C-1026,Precision Welding,Controls Tech,8,0,1084.35
North Substation,NS_MO_2025,PRJ-NS-1356,19-12-2025,C-1067,PrimeFix Solutions,Millwright,8,0,734.43
North Substation,NS_MO_2025,PRJ-NS-1222,19-12-2025,C-1041,Precision Welding,Millwright,8,0,680.06
North Substation,NS_MO_2025,PRJ-NS-1324,19-12-2025,C-1072,Apex Industrial,Crane Operator,8,0,744.71
North Substation,NS_MO_2025,PRJ-NS-1257,19-12-2025,C-1077,Precision Welding,Safety Officer,8,0,578.94
North Substation,NS_MO_2025,PRJ-NS-1261,19-12-2025,C-1052,PrimeFix Solutions,General Labor,8,0,359.11
North Substation,NS_MO_2025,PRJ-NS-1271,19-12-2025,C-1013,Atlas Heavy Eng,Safety Officer,8,0,559.82
North Substation,NS_MO_2025,PRJ-NS-1356,19-12-2025,C-1054,Midwest Mech Pros,General Labor,8,0,389.81
North Substation,NS_MO_2025,PRJ-NS-1198,19-12-2025,C-1043,Apex Industrial,Crane Operator,8,0,849.16
North Substation,NS_MO_2025,PRJ-NS-1160,19-12-2025,C-1017,Summit Field Techs,Crane Operator,8,0,816.36
North Substation,NS_MO_2025,PRJ-NS-1286,19-12-2025,C-1067,PrimeFix Solutions,Millwright,8,0,702.72
North Substation,NS_MO_2025,PRJ-NS-1196,19-12-2025,C-1023,Summit Field Techs,Field Engineer,8,0,1645.0
North Substation,NS_MO_2025,PRJ-NS-1301,19-12-2025,C-1065,PrimeFix Solutions,Safety Officer,8,0,662.48
North Substation,NS_MO_2025,PRJ-NS-1244,19-12-2025,C-1078,Atlas Heavy Eng,Millwright,8,0,687.32
North Substation,NS_MO_2025,PRJ-NS-1317,19-12-2025,C-1000,PrimeFix Solutions,Millwright,8,0,721.04
North Substation,NS_MO_2025,PRJ-NS-1332,19-12-2025,C-1052,PrimeFix Solutions,General Labor,8,0,373.06
North Substation,NS_MO_2025,PRJ-NS-1270,19-12-2025,C-1006,Apex Industrial,Field Engineer,8,0,1310.79
North Substation,NS_MO_2025,PRJ-NS-1311,19-12-2025,C-1039,PrimeFix Solutions,Field Engineer,8,0,1542.79
North Substation,NS_MO_2025,PRJ-NS-1304,19-12-2025,C-1013,Atlas Heavy Eng,Safety Officer,8,0,565.32
North Substation,NS_MO_2025,PRJ-NS-1191,19-12-2025,C-1047,Atlas Heavy Eng,Millwright,8,0,612.47
North Substation,NS_MO_2025,PRJ-NS-1258,19-12-2025,C-1060,Summit Field Techs,General Labor,8,0,478.78
North Substation,NS_MO_2025,PRJ-NS-1194,19-12-2025,C-1046,Precision Welding,General Labor,8,0,409.0
North Substation,NS_MO_2025,PRJ-NS-1312,19-12-2025,C-1042,PrimeFix Solutions,General Labor,8,0,404.05
North Substation,NS_MO_2025,PRJ-NS-1329,19-12-2025,C-1067,PrimeFix Solutions,Millwright,8,0,734.79
North Substation,NS_MO_2025,PRJ-NS-1259,19-12-2025,C-1035,Summit Field Techs,General Labor,8,0,374.0
North Substation,NS_MO_2025,PRJ-NS-1215,19-12-2025,C-1001,Apex Industrial,General Labor,8,0,391.23
North Substation,NS_MO_2025,PRJ-NS-1312,19-12-2025,C-1010,PrimeFix Solutions,Field Engineer,8,0,1608.25
North Substation,NS_MO_2025,PRJ-NS-1181,19-12-2025,C-1069,Precision Welding,Safety Officer,8,0,524.39
North Substation,NS_MO_2025,PRJ-NS-1206,19-12-2025,C-1026,Precision Welding,Controls Tech,8,0,1090.14
North Substation,NS_MO_2025,PRJ-NS-1181,19-12-2025,C-1078,Atlas Heavy Eng,Millwright,8,0,689.47
North Substation,NS_MO_2025,PRJ-NS-1208,19-12-2025,C-1045,Midwest Mech Pros,Crane Operator,8,0,849.49
North Substation,NS_MO_2025,PRJ-NS-1186,19-12-2025,C-1058,Midwest Mech Pros,Controls Tech,8,0,1309.16
North Substation,NS_MO_2025,PRJ-NS-1265,19-12-2025,C-1079,Precision Welding,Crane Operator,8,0,766.89
North Substation,NS_MO_2025,PRJ-NS-1203,20-12-2025,C-1006,Apex Industrial,Field Engineer,8,0,1356.78
North Substation,NS_MO_2025,PRJ-NS-1259,20-12-2025,C-1035,Summit Field Techs,General Labor,8,0,376.03
North Substation,NS_MO_2025,PRJ-NS-1321,20-12-2025,C-1062,PrimeFix Solutions,General Labor,8,0,378.62
North Substation,NS_MO_2025,PRJ-NS-1166,20-12-2025,C-1023,Summit Field Techs,Field Engineer,8,0,1523.7
North Substation,NS_MO_2025,PRJ-NS-1261,20-12-2025,C-1018,Atlas Heavy Eng,Controls Tech,8,0,1180.36
North Substation,NS_MO_2025,PRJ-NS-1346,20-12-2025,C-1006,Apex Industrial,Field Engineer,8,0,1348.62
North Substation,NS_MO_2025,PRJ-NS-1322,20-12-2025,C-1019,Midwest Mech Pros,Controls Tech,8,0,1036.66
North Substation,NS_MO_2025,PRJ-NS-1317,20-12-2025,C-1000,PrimeFix Solutions,Millwright,8,0,685.56
North Substation,NS_MO_2025,PRJ-NS-1313,20-12-2025,C-1005,Atlas Heavy Eng,Millwright,8,0,629.27
North Substation,NS_MO_2025,PRJ-NS-1302,20-12-2025,C-1035,Summit Field Techs,General Labor,8,0,350.93
North Substation,NS_MO_2025,PRJ-NS-1263,20-12-2025,C-1039,PrimeFix Solutions,Field Engineer,8,0,1462.53
North Substation,NS_MO_2025,PRJ-NS-1250,20-12-2025,C-1072,Apex Industrial,Crane Operator,8,0,720.3
North Substation,NS_MO_2025,PRJ-NS-1388,20-12-2025,C-1045,Midwest Mech Pros,Crane Operator,8,0,826.04
North Substation,NS_MO_2025,PRJ-NS-1311,20-12-2025,C-1039,PrimeFix Solutions,Field Engineer,8,0,1538.54
North Substation,NS_MO_2025,PRJ-NS-1189,20-12-2025,C-1024,Apex Industrial,Millwright,8,0,709.47
North Substation,NS_MO_2025,PRJ-NS-1206,20-12-2025,C-1026,Precision Welding,Controls Tech,8,0,1087.4
North Substation,NS_MO_2025,PRJ-NS-1366,20-12-2025,C-1066,Apex Industrial,General Labor,8,0,381.74
North Substation,NS_MO_2025,PRJ-NS-1205,20-12-2025,C-1012,Midwest Mech Pros,Controls Tech,8,0,1059.89
North Substation,NS_MO_2025,PRJ-NS-1213,20-12-2025,C-1067,PrimeFix Solutions,Millwright,8,0,713.62
North Substation,NS_MO_2025,PRJ-NS-1352,20-12-2025,C-1060,Summit Field Techs,General Labor,8,0,452.79
North Substation,NS_MO_2025,PRJ-NS-1172,20-12-2025,C-1005,Atlas Heavy Eng,Millwright,8,0,583.54
North Substation,NS_MO_2025,PRJ-NS-1315,20-12-2025,C-1062,PrimeFix Solutions,General Labor,8,0,373.13
North Substation,NS_MO_2025,PRJ-NS-1181,20-12-2025,C-1078,Atlas Heavy Eng,Millwright,8,0,711.16
North Substation,NS_MO_2025,PRJ-NS-1153,20-12-2025,C-1035,Summit Field Techs,General Labor,8,0,374.24
North Substation,NS_MO_2025,PRJ-NS-1152,20-12-2025,C-1053,Precision Welding,Millwright,8,0,647.71
North Substation,NS_MO_2025,PRJ-NS-1188,20-12-2025,C-1003,Summit Field Techs,Millwright,8,0,713.98
North Substation,NS_MO_2025,PRJ-NS-1370,20-12-2025,C-1028,Midwest Mech Pros,Field Engineer,8,0,1425.03
North Substation,NS_MO_2025,PRJ-NS-1211,20-12-2025,C-1067,PrimeFix Solutions,Millwright,8,0,694.8
North Substation,NS_MO_2025,PRJ-NS-1384,20-12-2025,C-1035,Summit Field Techs,General Labor,8,0,358.59
North Substation,NS_MO_2025,PRJ-NS-1208,20-12-2025,C-1045,Midwest Mech Pros,Crane Operator,8,0,811.92
North Substation,NS_MO_2025,PRJ-NS-1189,20-12-2025,C-1074,Apex Industrial,Controls Tech,8,0,1076.71
North Substation,NS_MO_2025,PRJ-NS-1350,20-12-2025,C-1079,Precision Welding,Crane Operator,8,0,790.85
North Substation,NS_MO_2025,PRJ-NS-1196,20-12-2025,C-1023,Summit Field Techs,Field Engineer,8,0,1576.99
North Substation,NS_MO_2025,PRJ-NS-1258,20-12-2025,C-1015,Atlas Heavy Eng,Controls Tech,8,0,1214.07
North Substation,NS_MO_2025,PRJ-NS-1323,20-12-2025,C-1079,Precision Welding,Crane Operator,8,0,729.74
North Substation,NS_MO_2025,PRJ-NS-1271,20-12-2025,C-1013,Atlas Heavy Eng,Safety Officer,8,0,588.2
North Substation,NS_MO_2025,PRJ-NS-1226,20-12-2025,C-1001,Apex Industrial,General Labor,8,0,411.98
North Substation,NS_MO_2025,PRJ-NS-1304,20-12-2025,C-1013,Atlas Heavy Eng,Safety Officer,8,0,569.2
North Substation,NS_MO_2025,PRJ-NS-1307,20-12-2025,C-1066,Apex Industrial,General Labor,8,0,400.68
North Substation,NS_MO_2025,PRJ-NS-1183,20-12-2025,C-1078,Atlas Heavy Eng,Millwright,8,0,701.98
North Substation,NS_MO_2025,PRJ-NS-1194,20-12-2025,C-1006,Apex Industrial,Field Engineer,8,0,1359.48
North Substation,NS_MO_2025,PRJ-NS-1190,20-12-2025,C-1006,Apex Industrial,Field Engineer,8,0,1352.47
North Substation,NS_MO_2025,PRJ-NS-1347,20-12-2025,C-1027,Precision Welding,Crane Operator,8,0,900.89
North Substation,NS_MO_2025,PRJ-NS-1320,20-12-2025,C-1001,Apex Industrial,General Labor,8,0,389.65
North Substation,NS_MO_2025,PRJ-NS-1160,20-12-2025,C-1017,Summit Field Techs,Crane Operator,8,0,823.04
North Substation,NS_MO_2025,PRJ-NS-1295,20-12-2025,C-1005,Atlas Heavy Eng,Millwright,8,0,594.44
North Substation,NS_MO_2025,PRJ-NS-1315,20-12-2025,C-1020,Midwest Mech Pros,Field Engineer,8,0,1221.17
North Substation,NS_MO_2025,PRJ-NS-1270,20-12-2025,C-1006,Apex Industrial,Field Engineer,8,0,1334.82
North Substation,NS_MO_2025,PRJ-NS-1327,20-12-2025,C-1023,Summit Field Techs,Field Engineer,8,0,1614.95
North Substation,NS_MO_2025,PRJ-NS-1268,20-12-2025,C-1028,Midwest Mech Pros,Field Engineer,8,0,1517.15
North Substation,NS_MO_2025,PRJ-NS-1369,20-12-2025,C-1008,Apex Industrial,Safety Officer,8,0,686.12
North Substation,NS_MO_2025,PRJ-NS-1234,20-12-2025,C-1043,Apex Industrial,Crane Operator,8,0,808.14
North Substation,NS_MO_2025,PRJ-NS-1228,20-12-2025,C-1020,Midwest Mech Pros,Field Engineer,8,0,1220.98
North Substation,NS_MO_2025,PRJ-NS-1372,20-12-2025,C-1066,Apex Industrial,General Labor,8,0,373.71
North Substation,NS_MO_2025,PRJ-NS-1269,20-12-2025,C-1029,Midwest Mech Pros,Controls Tech,8,0,1026.91
North Substation,NS_MO_2025,PRJ-NS-1349,20-12-2025,C-1011,Midwest Mech Pros,General Labor,8,0,411.5
North Substation,NS_MO_2025,PRJ-NS-1188,20-12-2025,C-1024,Apex Industrial,Millwright,8,0,709.05
North Substation,NS_MO_2025,PRJ-NS-1374,20-12-2025,C-1019,Midwest Mech Pros,Controls Tech,8,0,1021.49
North Substation,NS_MO_2025,PRJ-NS-1159,20-12-2025,C-1006,Apex Industrial,Field Engineer,8,0,1324.09
North Substation,NS_MO_2025,PRJ-NS-1207,20-12-2025,C-1006,Apex Industrial,Field Engineer,8,0,1421.04
North Substation,NS_MO_2025,PRJ-NS-1332,20-12-2025,C-1052,PrimeFix Solutions,General Labor,8,0,372.4
North Substation,NS_MO_2025,PRJ-NS-1200,20-12-2025,C-1005,Atlas Heavy Eng,Millwright,8,0,614.71
North Substation,NS_MO_2025,PRJ-NS-1182,20-12-2025,C-1029,Midwest Mech Pros,Controls Tech,8,0,1034.09
North Substation,NS_MO_2025,PRJ-NS-1215,20-12-2025,C-1001,Apex Industrial,General Labor,8,0,404.79
North Substation,NS_MO_2025,PRJ-NS-1236,20-12-2025,C-1005,Atlas Heavy Eng,Millwright,8,0,594.77
North Substation,NS_MO_2025,PRJ-NS-1162,20-12-2025,C-1040,Atlas Heavy Eng,Crane Operator,8,0,830.97
North Substation,NS_MO_2025,PRJ-NS-1393,20-12-2025,C-1000,PrimeFix Solutions,Millwright,8,0,735.28
North Substation,NS_MO_2025,PRJ-NS-1286,20-12-2025,C-1067,PrimeFix Solutions,Millwright,8,0,713.3
North Substation,NS_MO_2025,PRJ-NS-1176,20-12-2025,C-1029,Midwest Mech Pros,Controls Tech,8,0,1001.72
North Substation,NS_MO_2025,PRJ-NS-1197,20-12-2025,C-1051,Apex Industrial,Crane Operator,8,0,863.52
North Substation,NS_MO_2025,PRJ-NS-1361,20-12-2025,C-1073,Precision Welding,General Labor,8,0,372.33
North Substation,NS_MO_2025,PRJ-NS-1312,20-12-2025,C-1042,PrimeFix Solutions,General Labor,8,0,396.95
North Substation,NS_MO_2025,PRJ-NS-1259,20-12-2025,C-1023,Summit Field Techs,Field Engineer,8,0,1609.73
North Substation,NS_MO_2025,PRJ-NS-1255,20-12-2025,C-1000,PrimeFix Solutions,Millwright,8,0,726.97
North Substation,NS_MO_2025,PRJ-NS-1288,20-12-2025,C-1077,Precision Welding,Safety Officer,8,0,586.28
North Substation,NS_MO_2025,PRJ-NS-1265,20-12-2025,C-1079,Precision Welding,Crane Operator,8,0,789.12
North Substation,NS_MO_2025,PRJ-NS-1291,20-12-2025,C-1005,Atlas Heavy Eng,Millwright,8,0,618.37
North Substation,NS_MO_2025,PRJ-NS-1324,20-12-2025,C-1078,Atlas Heavy Eng,Millwright,8,0,688.37
North Substation,NS_MO_2025,PRJ-NS-1393,20-12-2025,C-1037,PrimeFix Solutions,Controls Tech,8,0,1113.72
North Substation,NS_MO_2025,PRJ-NS-1379,20-12-2025,C-1019,Midwest Mech Pros,Controls Tech,8,0,1015.02
North Substation,NS_MO_2025,PRJ-NS-1248,20-12-2025,C-1026,Precision Welding,Controls Tech,8,0,1074.96
North Substation,NS_MO_2025,PRJ-NS-1326,20-12-2025,C-1053,Precision Welding,Millwright,8,0,637.23
North Substation,NS_MO_2025,PRJ-NS-1375,20-12-2025,C-1012,Midwest Mech Pros,Controls Tech,8,0,1058.26
North Substation,NS_MO_2025,PRJ-NS-1200,20-12-2025,C-1023,Summit Field Techs,Field Engineer,8,0,1521.35
North Substation,NS_MO_2025,PRJ-NS-1198,20-12-2025,C-1043,Apex Industrial,Crane Operator,8,0,834.94
North Substation,NS_MO_2025,PRJ-NS-1335,20-12-2025,C-1019,Midwest Mech Pros,Controls Tech,8,0,1084.52
North Substation,NS_MO_2025,PRJ-NS-1172,20-12-2025,C-1013,Atlas Heavy Eng,Safety Officer,8,0,604.64
North Substation,NS_MO_2025,PRJ-NS-1390,20-12-2025,C-1062,PrimeFix Solutions,General Labor,8,0,388.19
North Substation,NS_MO_2025,PRJ-NS-1394,20-12-2025,C-1029,Midwest Mech Pros,Controls Tech,8,0,995.26
North Substation,NS_MO_2025,PRJ-NS-1348,20-12-2025,C-1026,Precision Welding,Controls Tech,8,0,1073.16
North Substation,NS_MO_2025,PRJ-NS-1300,20-12-2025,C-1023,Summit Field Techs,Field Engineer,8,0,1649.06
North Substation,NS_MO_2025,PRJ-NS-1222,20-12-2025,C-1041,Precision Welding,Millwright,8,0,733.97
North Substation,NS_MO_2025,PRJ-NS-1304,20-12-2025,C-1059,PrimeFix Solutions,Field Engineer,8,0,1271.42
North Substation,NS_MO_2025,PRJ-NS-1213,20-12-2025,C-1041,Precision Welding,Millwright,8,0,686.36
North Substation,NS_MO_2025,PRJ-NS-1259,21-12-2025,C-1043,Apex Industrial,Crane Operator,8,0,846.17
North Substation,NS_MO_2025,PRJ-NS-1263,21-12-2025,C-1054,Midwest Mech Pros,General Labor,8,0,392.23
North Substation,NS_MO_2025,PRJ-NS-1244,21-12-2025,C-1078,Atlas Heavy Eng,Millwright,8,0,691.56
North Substation,NS_MO_2025,PRJ-NS-1183,21-12-2025,C-1078,Atlas Heavy Eng,Millwright,8,0,707.65
North Substation,NS_MO_2025,PRJ-NS-1354,21-12-2025,C-1066,Apex Industrial,General Labor,8,0,388.75
North Substation,NS_MO_2025,PRJ-NS-1176,21-12-2025,C-1029,Midwest Mech Pros,Controls Tech,8,0,1049.74
North Substation,NS_MO_2025,PRJ-NS-1384,21-12-2025,C-1035,Summit Field Techs,General Labor,8,0,382.88
North Substation,NS_MO_2025,PRJ-NS-1222,21-12-2025,C-1041,Precision Welding,Millwright,8,0,676.88
North Substation,NS_MO_2025,PRJ-NS-1300,21-12-2025,C-1023,Summit Field Techs,Field Engineer,8,0,1590.85
North Substation,NS_MO_2025,PRJ-NS-1323,21-12-2025,C-1079,Precision Welding,Crane Operator,8,0,730.78
North Substation,NS_MO_2025,PRJ-NS-1325,21-12-2025,C-1019,Midwest Mech Pros,Controls Tech,8,0,1065.89
North Substation,NS_MO_2025,PRJ-NS-1205,21-12-2025,C-1012,Midwest Mech Pros,Controls Tech,8,0,1054.83
North Substation,NS_MO_2025,PRJ-NS-1330,21-12-2025,C-1071,PrimeFix Solutions,Crane Operator,8,0,771.0
North Substation,NS_MO_2025,PRJ-NS-1207,21-12-2025,C-1006,Apex Industrial,Field Engineer,8,0,1373.49
North Substation,NS_MO_2025,PRJ-NS-1194,21-12-2025,C-1030,Summit Field Techs,Millwright,8,0,662.77
North Substation,NS_MO_2025,PRJ-NS-1150,21-12-2025,C-1071,PrimeFix Solutions,Crane Operator,8,0,819.16
North Substation,NS_MO_2025,PRJ-NS-1181,21-12-2025,C-1039,PrimeFix Solutions,Field Engineer,8,0,1563.41
North Substation,NS_MO_2025,PRJ-NS-1215,21-12-2025,C-1001,Apex Industrial,General Labor,8,0,410.79
North Substation,NS_MO_2025,PRJ-NS-1348,21-12-2025,C-1026,Precision Welding,Controls Tech,8,0,1093.36
North Substation,NS_MO_2025,PRJ-NS-1320,21-12-2025,C-1001,Apex Industrial,General Labor,8,0,398.13
North Substation,NS_MO_2025,PRJ-NS-1329,21-12-2025,C-1067,PrimeFix Solutions,Millwright,8,0,762.61
North Substation,NS_MO_2025,PRJ-NS-1261,21-12-2025,C-1018,Atlas Heavy Eng,Controls Tech,8,0,1098.52
North Substation,NS_MO_2025,PRJ-NS-1154,21-12-2025,C-1020,Midwest Mech Pros,Field Engineer,8,0,1260.55
North Substation,NS_MO_2025,PRJ-NS-1322,21-12-2025,C-1031,Summit Field Techs,Crane Operator,8,0,711.68
North Substation,NS_MO_2025,PRJ-NS-1390,21-12-2025,C-1013,Atlas Heavy Eng,Safety Officer,8,0,595.28
North Substation,NS_MO_2025,PRJ-NS-1185,21-12-2025,C-1023,Summit Field Techs,Field Engineer,8,0,1544.07
North Substation,NS_MO_2025,PRJ-NS-1393,21-12-2025,C-1037,PrimeFix Solutions,Controls Tech,8,0,1068.94
North Substation,NS_MO_2025,PRJ-NS-1213,21-12-2025,C-1067,PrimeFix Solutions,Millwright,8,0,695.76
North Substation,NS_MO_2025,PRJ-NS-1366,21-12-2025,C-1010,PrimeFix Solutions,Field Engineer,8,0,1627.17
North Substation,NS_MO_2025,PRJ-NS-1188,21-12-2025,C-1003,Summit Field Techs,Millwright,8,0,711.49
North Substation,NS_MO_2025,PRJ-NS-1276,21-12-2025,C-1003,Summit Field Techs,Millwright,8,0,677.5
North Substation,NS_MO_2025,PRJ-NS-1198,21-12-2025,C-1043,Apex Industrial,Crane Operator,8,0,791.92
North Substation,NS_MO_2025,PRJ-NS-1349,21-12-2025,C-1011,Midwest Mech Pros,General Labor,8,0,434.53
North Substation,NS_MO_2025,PRJ-NS-1312,21-12-2025,C-1042,PrimeFix Solutions,General Labor,8,0,410.89
North Substation,NS_MO_2025,PRJ-NS-1268,21-12-2025,C-1028,Midwest Mech Pros,Field Engineer,8,0,1432.42
North Substation,NS_MO_2025,PRJ-NS-1350,21-12-2025,C-1079,Precision Welding,Crane Operator,8,0,751.91
North Substation,NS_MO_2025,PRJ-NS-1189,21-12-2025,C-1074,Apex Industrial,Controls Tech,8,0,1129.14
North Substation,NS_MO_2025,PRJ-NS-1290,21-12-2025,C-1037,PrimeFix Solutions,Controls Tech,8,0,1135.42
North Substation,NS_MO_2025,PRJ-NS-1334,21-12-2025,C-1010,PrimeFix Solutions,Field Engineer,8,0,1529.55
North Substation,NS_MO_2025,PRJ-NS-1291,21-12-2025,C-1054,Midwest Mech Pros,General Labor,8,0,380.05
North Substation,NS_MO_2025,PRJ-NS-1373,21-12-2025,C-1037,PrimeFix Solutions,Controls Tech,8,0,1166.05
North Substation,NS_MO_2025,PRJ-NS-1226,21-12-2025,C-1018,Atlas Heavy Eng,Controls Tech,8,0,1135.08
North Substation,NS_MO_2025,PRJ-NS-1271,21-12-2025,C-1013,Atlas Heavy Eng,Safety Officer,8,0,555.27
North Substation,NS_MO_2025,PRJ-NS-1258,22-12-2025,C-1015,Atlas Heavy Eng,Controls Tech,8,0,1270.88
North Substation,NS_MO_2025,PRJ-NS-1250,22-12-2025,C-1072,Apex Industrial,Crane Operator,8,0,743.37
North Substation,NS_MO_2025,PRJ-NS-1187,22-12-2025,C-1028,Midwest Mech Pros,Field Engineer,8,0,1489.89
North Substation,NS_MO_2025,PRJ-NS-1334,22-12-2025,C-1010,PrimeFix Solutions,Field Engineer,8,0,1661.7
North Substation,NS_MO_2025,PRJ-NS-1329,22-12-2025,C-1067,PrimeFix Solutions,Millwright,8,0,722.38
North Substation,NS_MO_2025,PRJ-NS-1295,22-12-2025,C-1059,PrimeFix Solutions,Field Engineer,8,0,1249.48
North Substation,NS_MO_2025,PRJ-NS-1160,22-12-2025,C-1017,Summit Field Techs,Crane Operator,8,0,876.63
North Substation,NS_MO_2025,PRJ-NS-1151,22-12-2025,C-1065,PrimeFix Solutions,Safety Officer,8,0,648.46
North Substation,NS_MO_2025,PRJ-NS-1183,22-12-2025,C-1078,Atlas Heavy Eng,Millwright,8,0,723.92
North Substation,NS_MO_2025,PRJ-NS-1182,22-12-2025,C-1029,Midwest Mech Pros,Controls Tech,8,0,1039.68
North Substation,NS_MO_2025,PRJ-NS-1354,22-12-2025,C-1066,Apex Industrial,General Labor,8,0,391.08
North Substation,NS_MO_2025,PRJ-NS-1369,22-12-2025,C-1008,Apex Industrial,Safety Officer,8,0,667.47
North Substation,NS_MO_2025,PRJ-NS-1346,22-12-2025,C-1010,PrimeFix Solutions,Field Engineer,8,0,1589.78
North Substation,NS_MO_2025,PRJ-NS-1188,22-12-2025,C-1024,Apex Industrial,Millwright,8,0,740.77
North Substation,NS_MO_2025,PRJ-NS-1226,22-12-2025,C-1023,Summit Field Techs,Field Engineer,8,0,1670.84
North Substation,NS_MO_2025,PRJ-NS-1213,22-12-2025,C-1067,PrimeFix Solutions,Millwright,8,0,715.72
North Substation,NS_MO_2025,PRJ-NS-1244,22-12-2025,C-1078,Atlas Heavy Eng,Millwright,8,0,716.66
North Substation,NS_MO_2025,PRJ-NS-1162,22-12-2025,C-1069,Precision Welding,Safety Officer,8,0,518.26
North Substation,NS_MO_2025,PRJ-NS-1263,22-12-2025,C-1039,PrimeFix Solutions,Field Engineer,8,0,1564.84
North Substation,NS_MO_2025,PRJ-NS-1380,22-12-2025,C-1039,PrimeFix Solutions,Field Engineer,8,0,1569.88
North Substation,NS_MO_2025,PRJ-NS-1200,22-12-2025,C-1023,Summit Field Techs,Field Engineer,8,0,1636.95
North Substation,NS_MO_2025,PRJ-NS-1301,22-12-2025,C-1065,PrimeFix Solutions,Safety Officer,8,0,629.31
North Substation,NS_MO_2025,PRJ-NS-1172,22-12-2025,C-1013,Atlas Heavy Eng,Safety Officer,8,0,605.56
North Substation,NS_MO_2025,PRJ-NS-1361,22-12-2025,C-1073,Precision Welding,General Labor,8,0,392.63
North Substation,NS_MO_2025,PRJ-NS-1194,22-12-2025,C-1030,Summit Field Techs,Millwright,8,0,630.11
North Substation,NS_MO_2025,PRJ-NS-1190,22-12-2025,C-1021,Summit Field Techs,Millwright,8,0,668.93
North Substation,NS_MO_2025,PRJ-NS-1268,22-12-2025,C-1028,Midwest Mech Pros,Field Engineer,8,0,1503.42
North Substation,NS_MO_2025,PRJ-NS-1259,22-12-2025,C-1035,Summit Field Techs,General Labor,8,0,386.62
North Substation,NS_MO_2025,PRJ-NS-1352,22-12-2025,C-1060,Summit Field Techs,General Labor,8,0,453.23
North Substation,NS_MO_2025,PRJ-NS-1390,22-12-2025,C-1062,PrimeFix Solutions,General Labor,8,0,377.5
North Substation,NS_MO_2025,PRJ-NS-1215,22-12-2025,C-1001,Apex Industrial,General Labor,8,0,412.49
North Substation,NS_MO_2025,PRJ-NS-1234,22-12-2025,C-1043,Apex Industrial,Crane Operator,8,0,806.15
North Substation,NS_MO_2025,PRJ-NS-1322,22-12-2025,C-1019,Midwest Mech Pros,Controls Tech,8,0,1036.08
North Substation,NS_MO_2025,PRJ-NS-1349,22-12-2025,C-1011,Midwest Mech Pros,General Labor,8,0,422.0
North Substation,NS_MO_2025,PRJ-NS-1259,22-12-2025,C-1023,Summit Field Techs,Field Engineer,8,0,1547.04
North Substation,NS_MO_2025,PRJ-NS-1197,22-12-2025,C-1051,Apex Industrial,Crane Operator,8,0,866.07
North Substation,NS_MO_2025,PRJ-NS-1181,22-12-2025,C-1069,Precision Welding,Safety Officer,8,0,514.77
North Substation,NS_MO_2025,PRJ-NS-1153,22-12-2025,C-1035,Summit Field Techs,General Labor,8,0,378.56
North Substation,NS_MO_2025,PRJ-NS-1304,22-12-2025,C-1013,Atlas Heavy Eng,Safety Officer,8,0,578.31
North Substation,NS_MO_2025,PRJ-NS-1265,22-12-2025,C-1079,Precision Welding,Crane Operator,8,0,774.67
North Substation,NS_MO_2025,PRJ-NS-1366,22-12-2025,C-1066,Apex Industrial,General Labor,8,0,384.59
North Substation,NS_MO_2025,PRJ-NS-1276,22-12-2025,C-1003,Summit Field Techs,Millwright,8,0,675.08
North Substation,NS_MO_2025,PRJ-NS-1159,22-12-2025,C-1041,Precision Welding,Millwright,8,0,729.12
North Substation,NS_MO_2025,PRJ-NS-1380,22-12-2025,C-1006,Apex Industrial,Field Engineer,8,0,1424.45
North Substation,NS_MO_2025,PRJ-NS-1330,22-12-2025,C-1071,PrimeFix Solutions,Crane Operator,8,0,788.11
North Substation,NS_MO_2025,PRJ-NS-1342,22-12-2025,C-1030,Summit Field Techs,Millwright,8,0,607.88
North Substation,NS_MO_2025,PRJ-NS-1320,22-12-2025,C-1001,Apex Industrial,General Labor,8,0,401.83
North Substation,NS_MO_2025,PRJ-NS-1291,22-12-2025,C-1005,Atlas Heavy Eng,Millwright,8,0,575.0
North Substation,NS_MO_2025,PRJ-NS-1259,22-12-2025,C-1043,Apex Industrial,Crane Operator,8,0,789.51
North Substation,NS_MO_2025,PRJ-NS-1194,22-12-2025,C-1046,Precision Welding,General Labor,8,0,419.2
North Substation,NS_MO_2025,PRJ-NS-1162,22-12-2025,C-1040,Atlas Heavy Eng,Crane Operator,8,0,820.86
North Substation,NS_MO_2025,PRJ-NS-1326,22-12-2025,C-1076,Apex Industrial,Safety Officer,8,0,612.54
North Substation,NS_MO_2025,PRJ-NS-1159,22-12-2025,C-1006,Apex Industrial,Field Engineer,8,0,1352.75
North Substation,NS_MO_2025,PRJ-NS-1342,22-12-2025,C-1031,Summit Field Techs,Crane Operator,8,0,731.73
North Substation,NS_MO_2025,PRJ-NS-1325,22-12-2025,C-1019,Midwest Mech Pros,Controls Tech,8,0,1040.01
North Substation,NS_MO_2025,PRJ-NS-1321,22-12-2025,C-1062,PrimeFix Solutions,General Labor,8,0,361.36
North Substation,NS_MO_2025,PRJ-NS-1172,22-12-2025,C-1005,Atlas Heavy Eng,Millwright,8,0,593.76
North Substation,NS_MO_2025,PRJ-NS-1263,22-12-2025,C-1054,Midwest Mech Pros,General Labor,8,0,406.13
North Substation,NS_MO_2025,PRJ-NS-1194,22-12-2025,C-1006,Apex Industrial,Field Engineer,8,0,1303.3
North Substation,NS_MO_2025,PRJ-NS-1304,22-12-2025,C-1059,PrimeFix Solutions,Field Engineer,8,0,1242.43
North Substation,NS_MO_2025,PRJ-NS-1206,22-12-2025,C-1026,Precision Welding,Controls Tech,8,0,1026.03
North Substation,NS_MO_2025,PRJ-NS-1324,22-12-2025,C-1078,Atlas Heavy Eng,Millwright,8,0,722.12
North Substation,NS_MO_2025,PRJ-NS-1192,22-12-2025,C-1040,Atlas Heavy Eng,Crane Operator,8,0,817.68
North Substation,NS_MO_2025,PRJ-NS-1228,22-12-2025,C-1020,Midwest Mech Pros,Field Engineer,8,0,1223.61
North Substation,NS_MO_2025,PRJ-NS-1166,22-12-2025,C-1023,Summit Field Techs,Field Engineer,8,0,1665.17
North Substation,NS_MO_2025,PRJ-NS-1275,22-12-2025,C-1024,Apex Industrial,Millwright,8,0,719.68
North Substation,NS_MO_2025,PRJ-NS-1324,22-12-2025,C-1072,Apex Industrial,Crane Operator,8,0,788.79
North Substation,NS_MO_2025,PRJ-NS-1226,22-12-2025,C-1018,Atlas Heavy Eng,Controls Tech,8,0,1106.14
North Substation,NS_MO_2025,PRJ-NS-1232,22-12-2025,C-1073,Precision Welding,General Labor,8,0,360.59
North Substation,NS_MO_2025,PRJ-NS-1393,22-12-2025,C-1000,PrimeFix Solutions,Millwright,8,0,738.79
North Substation,NS_MO_2025,PRJ-NS-1189,22-12-2025,C-1024,Apex Industrial,Millwright,8,0,752.14
North Substation,NS_MO_2025,PRJ-NS-1374,22-12-2025,C-1019,Midwest Mech Pros,Controls Tech,8,0,1093.08
North Substation,NS_MO_2025,PRJ-NS-1290,22-12-2025,C-1037,PrimeFix Solutions,Controls Tech,8,0,1161.35
North Substation,NS_MO_2025,PRJ-NS-1327,22-12-2025,C-1023,Summit Field Techs,Field Engineer,8,0,1571.38
North Substation,NS_MO_2025,PRJ-NS-1350,22-12-2025,C-1079,Precision Welding,Crane Operator,8,0,781.22
North Substation,NS_MO_2025,PRJ-NS-1181,22-12-2025,C-1078,Atlas Heavy Eng,Millwright,8,0,686.54
North Substation,NS_MO_2025,PRJ-NS-1302,22-12-2025,C-1011,Midwest Mech Pros,General Labor,8,0,412.85
North Substation,NS_MO_2025,PRJ-NS-1286,22-12-2025,C-1067,PrimeFix Solutions,Millwright,8,0,757.49
North Substation,NS_MO_2025,PRJ-NS-1373,22-12-2025,C-1037,PrimeFix Solutions,Controls Tech,8,0,1074.03
North Substation,NS_MO_2025,PRJ-NS-1312,22-12-2025,C-1042,PrimeFix Solutions,General Labor,8,0,404.49
North Substation,NS_MO_2025,PRJ-NS-1176,22-12-2025,C-1029,Midwest Mech Pros,Controls Tech,8,0,1016.62
North Substation,NS_MO_2025,PRJ-NS-1315,22-12-2025,C-1062,PrimeFix Solutions,General Labor,8,0,380.2
North Substation,NS_MO_2025,PRJ-NS-1388,22-12-2025,C-1045,Midwest Mech Pros,Crane Operator,8,0,873.54
North Substation,NS_MO_2025,PRJ-NS-1317,22-12-2025,C-1000,PrimeFix Solutions,Millwright,8,0,715.0
North Substation,NS_MO_2025,PRJ-NS-1228,22-12-2025,C-1027,Precision Welding,Crane Operator,8,0,896.59
North Substation,NS_MO_2025,PRJ-NS-1257,22-12-2025,C-1077,Precision Welding,Safety Officer,8,0,553.93
North Substation,NS_MO_2025,PRJ-NS-1372,22-12-2025,C-1066,Apex Industrial,General Labor,8,0,377.8
North Substation,NS_MO_2025,PRJ-NS-1204,22-12-2025,C-1024,Apex Industrial,Millwright,8,0,778.93
North Substation,NS_MO_2025,PRJ-NS-1334,23-12-2025,C-1010,PrimeFix Solutions,Field Engineer,8,0,1658.95
North Substation,NS_MO_2025,PRJ-NS-1207,23-12-2025,C-1006,Apex Industrial,Field Engineer,8,0,1324.4
North Substation,NS_MO_2025,PRJ-NS-1208,23-12-2025,C-1045,Midwest Mech Pros,Crane Operator,8,0,882.88
North Substation,NS_MO_2025,PRJ-NS-1269,23-12-2025,C-1029,Midwest Mech Pros,Controls Tech,8,0,1058.12
North Substation,NS_MO_2025,PRJ-NS-1268,23-12-2025,C-1028,Midwest Mech Pros,Field Engineer,8,0,1500.58
North Substation,NS_MO_2025,PRJ-NS-1153,23-12-2025,C-1035,Summit Field Techs,General Labor,8,0,358.61
North Substation,NS_MO_2025,PRJ-NS-1213,23-12-2025,C-1041,Precision Welding,Millwright,8,0,702.72
North Substation,NS_MO_2025,PRJ-NS-1324,23-12-2025,C-1072,Apex Industrial,Crane Operator,8,0,727.67
North Substation,NS_MO_2025,PRJ-NS-1353,23-12-2025,C-1073,Precision Welding,General Labor,8,0,382.34
North Substation,NS_MO_2025,PRJ-NS-1159,23-12-2025,C-1041,Precision Welding,Millwright,8,0,697.38
North Substation,NS_MO_2025,PRJ-NS-1335,23-12-2025,C-1019,Midwest Mech Pros,Controls Tech,8,0,1057.26
North Substation,NS_MO_2025,PRJ-NS-1234,23-12-2025,C-1043,Apex Industrial,Crane Operator,8,0,837.26
North Substation,NS_MO_2025,PRJ-NS-1304,23-12-2025,C-1059,PrimeFix Solutions,Field Engineer,8,0,1217.11
North Substation,NS_MO_2025,PRJ-NS-1361,23-12-2025,C-1073,Precision Welding,General Labor,8,0,370.66
North Substation,NS_MO_2025,PRJ-NS-1162,23-12-2025,C-1040,Atlas Heavy Eng,Crane Operator,8,0,831.44
North Substation,NS_MO_2025,PRJ-NS-1162,23-12-2025,C-1069,Precision Welding,Safety Officer,8,0,533.69
North Substation,NS_MO_2025,PRJ-NS-1166,23-12-2025,C-1023,Summit Field Techs,Field Engineer,8,0,1547.92
North Substation,NS_MO_2025,PRJ-NS-1330,23-12-2025,C-1071,PrimeFix Solutions,Crane Operator,8,0,793.83
North Substation,NS_MO_2025,PRJ-NS-1354,23-12-2025,C-1066,Apex Industrial,General Labor,8,0,375.22
North Substation,NS_MO_2025,PRJ-NS-1307,23-12-2025,C-1066,Apex Industrial,General Labor,8,0,400.13
North Substation,NS_MO_2025,PRJ-NS-1315,23-12-2025,C-1020,Midwest Mech Pros,Field Engineer,8,0,1240.12
North Substation,NS_MO_2025,PRJ-NS-1312,23-12-2025,C-1010,PrimeFix Solutions,Field Engineer,8,0,1517.55
North Substation,NS_MO_2025,PRJ-NS-1320,23-12-2025,C-1001,Apex Industrial,General Labor,8,0,396.28
North Substation,NS_MO_2025,PRJ-NS-1346,23-12-2025,C-1006,Apex Industrial,Field Engineer,8,0,1416.26
North Substation,NS_MO_2025,PRJ-NS-1265,23-12-2025,C-1079,Precision Welding,Crane Operator,8,0,753.38
North Substation,NS_MO_2025,PRJ-NS-1342,23-12-2025,C-1031,Summit Field Techs,Crane Operator,8,0,709.56
North Substation,NS_MO_2025,PRJ-NS-1390,23-12-2025,C-1013,Atlas Heavy Eng,Safety Officer,8,0,592.53
North Substation,NS_MO_2025,PRJ-NS-1228,23-12-2025,C-1027,Precision Welding,Crane Operator,8,0,871.09
North Substation,NS_MO_2025,PRJ-NS-1200,23-12-2025,C-1005,Atlas Heavy Eng,Millwright,8,0,589.91
North Substation,NS_MO_2025,PRJ-NS-1270,23-12-2025,C-1006,Apex Industrial,Field Engineer,8,0,1360.42
North Substation,NS_MO_2025,PRJ-NS-1257,23-12-2025,C-1077,Precision Welding,Safety Officer,8,0,590.54
North Substation,NS_MO_2025,PRJ-NS-1380,23-12-2025,C-1039,PrimeFix Solutions,Field Engineer,8,0,1536.86
North Substation,NS_MO_2025,PRJ-NS-1301,23-12-2025,C-1013,Atlas Heavy Eng,Safety Officer,8,0,564.64
North Substation,NS_MO_2025,PRJ-NS-1326,23-12-2025,C-1053,Precision Welding,Millwright,8,0,684.86
North Substation,NS_MO_2025,PRJ-NS-1370,23-12-2025,C-1028,Midwest Mech Pros,Field Engineer,8,0,1461.26
North Substation,NS_MO_2025,PRJ-NS-1291,23-12-2025,C-1005,Atlas Heavy Eng,Millwright,8,0,580.64
North Substation,NS_MO_2025,PRJ-NS-1380,23-12-2025,C-1006,Apex Industrial,Field Engineer,8,0,1411.07
North Substation,NS_MO_2025,PRJ-NS-1185,23-12-2025,C-1023,Summit Field Techs,Field Engineer,8,0,1595.22
North Substation,NS_MO_2025,PRJ-NS-1196,23-12-2025,C-1023,Summit Field Techs,Field Engineer,8,0,1588.38
North Substation,NS_MO_2025,PRJ-NS-1222,23-12-2025,C-1041,Precision Welding,Millwright,8,0,689.48
North Substation,NS_MO_2025,PRJ-NS-1258,23-12-2025,C-1015,Atlas Heavy Eng,Controls Tech,8,0,1286.66
North Substation,NS_MO_2025,PRJ-NS-1291,23-12-2025,C-1054,Midwest Mech Pros,General Labor,8,0,383.44
North Substation,NS_MO_2025,PRJ-NS-1213,23-12-2025,C-1067,PrimeFix Solutions,Millwright,8,0,736.01
North Substation,NS_MO_2025,PRJ-NS-1226,23-12-2025,C-1001,Apex Industrial,General Labor,8,0,417.0
North Substation,NS_MO_2025,PRJ-NS-1255,23-12-2025,C-1000,PrimeFix Solutions,Millwright,8,0,721.26
North Substation,NS_MO_2025,PRJ-NS-1258,23-12-2025,C-1060,Summit Field Techs,General Labor,8,0,466.73
North Substation,NS_MO_2025,PRJ-NS-1312,23-12-2025,C-1042,PrimeFix Solutions,General Labor,8,0,397.9
North Substation,NS_MO_2025,PRJ-NS-1176,23-12-2025,C-1029,Midwest Mech Pros,Controls Tech,8,0,993.04
North Substation,NS_MO_2025,PRJ-NS-1160,23-12-2025,C-1017,Summit Field Techs,Crane Operator,8,0,841.56
North Substation,NS_MO_2025,PRJ-NS-1181,23-12-2025,C-1078,Atlas Heavy Eng,Millwright,8,0,661.28
North Substation,NS_MO_2025,PRJ-NS-1393,23-12-2025,C-1000,PrimeFix Solutions,Millwright,8,0,698.72
North Substation,NS_MO_2025,PRJ-NS-1250,23-12-2025,C-1072,Apex Industrial,Crane Operator,8,0,776.94
North Substation,NS_MO_2025,PRJ-NS-1324,23-12-2025,C-1078,Atlas Heavy Eng,Millwright,8,0,718.99
North Substation,NS_MO_2025,PRJ-NS-1263,23-12-2025,C-1039,PrimeFix Solutions,Field Engineer,8,0,1591.24
North Substation,NS_MO_2025,PRJ-NS-1375,23-12-2025,C-1012,Midwest Mech Pros,Controls Tech,8,0,1012.37
North Substation,NS_MO_2025,PRJ-NS-1388,23-12-2025,C-1045,Midwest Mech Pros,Crane Operator,8,0,879.23
North Substation,NS_MO_2025,PRJ-NS-1226,23-12-2025,C-1018,Atlas Heavy Eng,Controls Tech,8,0,1100.35
North Substation,NS_MO_2025,PRJ-NS-1203,23-12-2025,C-1006,Apex Industrial,Field Engineer,8,0,1354.97
North Substation,NS_MO_2025,PRJ-NS-1384,23-12-2025,C-1035,Summit Field Techs,General Labor,8,0,370.57
North Substation,NS_MO_2025,PRJ-NS-1206,23-12-2025,C-1026,Precision Welding,Controls Tech,8,0,1078.36
North Substation,NS_MO_2025,PRJ-NS-1342,23-12-2025,C-1030,Summit Field Techs,Millwright,8,0,657.34
North Substation,NS_MO_2025,PRJ-NS-1374,23-12-2025,C-1019,Midwest Mech Pros,Controls Tech,8,0,1051.26
North Substation,NS_MO_2025,PRJ-NS-1322,23-12-2025,C-1019,Midwest Mech Pros,Controls Tech,8,0,1106.2
North Substation,NS_MO_2025,PRJ-NS-1211,23-12-2025,C-1067,PrimeFix Solutions,Millwright,8,0,735.69
North Substation,NS_MO_2025,PRJ-NS-1288,23-12-2025,C-1077,Precision Welding,Safety Officer,8,0,564.63
North Substation,NS_MO_2025,PRJ-NS-1334,23-12-2025,C-1005,Atlas Heavy Eng,Millwright,8,0,580.72
North Substation,NS_MO_2025,PRJ-NS-1378,23-12-2025,C-1020,Midwest Mech Pros,Field Engineer,8,0,1180.17
North Substation,NS_MO_2025,PRJ-NS-1276,23-12-2025,C-1003,Summit Field Techs,Millwright,8,0,712.52
North Substation,NS_MO_2025,PRJ-NS-1190,23-12-2025,C-1021,Summit Field Techs,Millwright,8,0,677.04
North Substation,NS_MO_2025,PRJ-NS-1172,23-12-2025,C-1013,Atlas Heavy Eng,Safety Officer,8,0,593.93
North Substation,NS_MO_2025,PRJ-NS-1194,23-12-2025,C-1046,Precision Welding,General Labor,8,0,422.83
North Substation,NS_MO_2025,PRJ-NS-1290,23-12-2025,C-1037,PrimeFix Solutions,Controls Tech,8,0,1102.78
North Substation,NS_MO_2025,PRJ-NS-1326,23-12-2025,C-1076,Apex Industrial,Safety Officer,8,0,633.11
North Substation,NS_MO_2025,PRJ-NS-1311,23-12-2025,C-1039,PrimeFix Solutions,Field Engineer,8,0,1540.86
North Substation,NS_MO_2025,PRJ-NS-1332,23-12-2025,C-1052,PrimeFix Solutions,General Labor,8,0,371.83
North Substation,NS_MO_2025,PRJ-NS-1275,23-12-2025,C-1024,Apex Industrial,Millwright,8,0,780.72
North Substation,NS_MO_2025,PRJ-NS-1151,23-12-2025,C-1065,PrimeFix Solutions,Safety Officer,8,0,650.84
North Substation,NS_MO_2025,PRJ-NS-1197,23-12-2025,C-1051,Apex Industrial,Crane Operator,8,0,882.59
North Substation,NS_MO_2025,PRJ-NS-1205,23-12-2025,C-1012,Midwest Mech Pros,Controls Tech,8,0,1003.47
North Substation,NS_MO_2025,PRJ-NS-1190,23-12-2025,C-1006,Apex Industrial,Field Engineer,8,0,1315.46
North Substation,NS_MO_2025,PRJ-NS-1232,23-12-2025,C-1073,Precision Welding,General Labor,8,0,390.65
North Substation,NS_MO_2025,PRJ-NS-1286,23-12-2025,C-1067,PrimeFix Solutions,Millwright,8,0,724.06
North Substation,NS_MO_2025,PRJ-NS-1188,23-12-2025,C-1003,Summit Field Techs,Millwright,8,0,699.31
North Substation,NS_MO_2025,PRJ-NS-1200,23-12-2025,C-1023,Summit Field Techs,Field Engineer,8,0,1642.32
North Substation,NS_MO_2025,PRJ-NS-1304,23-12-2025,C-1013,Atlas Heavy Eng,Safety Officer,8,0,579.77
North Substation,NS_MO_2025,PRJ-NS-1150,23-12-2025,C-1071,PrimeFix Solutions,Crane Operator,8,0,787.52
North Substation,NS_MO_2025,PRJ-NS-1186,23-12-2025,C-1058,Midwest Mech Pros,Controls Tech,8,0,1245.13
North Substation,NS_MO_2025,PRJ-NS-1189,23-12-2025,C-1074,Apex Industrial,Controls Tech,8,0,1142.76
North Substation,NS_MO_2025,PRJ-NS-1350,23-12-2025,C-1079,Precision Welding,Crane Operator,8,0,750.03
North Substation,NS_MO_2025,PRJ-NS-1325,23-12-2025,C-1019,Midwest Mech Pros,Controls Tech,8,0,1064.08
North Substation,NS_MO_2025,PRJ-NS-1154,23-12-2025,C-1020,Midwest Mech Pros,Field Engineer,8,0,1256.89
North Substation,NS_MO_2025,PRJ-NS-1356,23-12-2025,C-1067,PrimeFix Solutions,Millwright,8,0,745.51
North Substation,NS_MO_2025,PRJ-NS-1369,23-12-2025,C-1008,Apex Industrial,Safety Officer,8,0,650.58
North Substation,NS_MO_2025,PRJ-NS-1346,23-12-2025,C-1010,PrimeFix Solutions,Field Engineer,8,0,1610.18
North Substation,NS_MO_2025,PRJ-NS-1259,23-12-2025,C-1043,Apex Industrial,Crane Operator,8,0,824.54
North Substation,NS_MO_2025,PRJ-NS-1215,23-12-2025,C-1001,Apex Industrial,General Labor,8,0,391.22
North Substation,NS_MO_2025,PRJ-NS-1352,23-12-2025,C-1060,Summit Field Techs,General Labor,8,0,457.96
North Substation,NS_MO_2025,PRJ-NS-1356,23-12-2025,C-1054,Midwest Mech Pros,General Labor,8,0,381.18
North Substation,NS_MO_2025,PRJ-NS-1317,23-12-2025,C-1000,PrimeFix Solutions,Millwright,8,0,687.81
North Substation,NS_MO_2025,PRJ-NS-1191,23-12-2025,C-1047,Atlas Heavy Eng,Millwright,8,0,613.93
North Substation,NS_MO_2025,PRJ-NS-1390,23-12-2025,C-1062,PrimeFix Solutions,General Labor,8,0,365.75
North Substation,NS_MO_2025,PRJ-NS-1159,23-12-2025,C-1006,Apex Industrial,Field Engineer,8,0,1315.33
North Substation,NS_MO_2025,PRJ-NS-1259,23-12-2025,C-1035,Summit Field Techs,General Labor,8,0,366.37
North Substation,NS_MO_2025,PRJ-NS-1183,23-12-2025,C-1078,Atlas Heavy Eng,Millwright,8,0,667.32
North Substation,NS_MO_2025,PRJ-NS-1295,23-12-2025,C-1005,Atlas Heavy Eng,Millwright,8,0,584.9
North Substation,NS_MO_2025,PRJ-NS-1295,23-12-2025,C-1059,PrimeFix Solutions,Field Engineer,8,0,1235.68
North Substation,NS_MO_2025,PRJ-NS-1302,23-12-2025,C-1011,Midwest Mech Pros,General Labor,8,0,407.54
North Substation,NS_MO_2025,PRJ-NS-1246,23-12-2025,C-1079,Precision Welding,Crane Operator,8,0,740.98
North Substation,NS_MO_2025,PRJ-NS-1172,23-12-2025,C-1005,Atlas Heavy Eng,Millwright,8,0,634.72
North Substation,NS_MO_2025,PRJ-NS-1394,23-12-2025,C-1029,Midwest Mech Pros,Controls Tech,8,0,989.33
North Substation,NS_MO_2025,PRJ-NS-1236,23-12-2025,C-1005,Atlas Heavy Eng,Millwright,8,0,608.79
North Substation,NS_MO_2025,PRJ-NS-1181,23-12-2025,C-1039,PrimeFix Solutions,Field Engineer,8,0,1520.04
North Substation,NS_MO_2025,PRJ-NS-1372,23-12-2025,C-1066,Apex Industrial,General Labor,8,0,402.71
North Substation,NS_MO_2025,PRJ-NS-1302,23-12-2025,C-1035,Summit Field Techs,General Labor,8,0,370.0
North Substation,NS_MO_2025,PRJ-NS-1315,23-12-2025,C-1062,PrimeFix Solutions,General Labor,8,0,391.33
North Substation,NS_MO_2025,PRJ-NS-1182,23-12-2025,C-1029,Midwest Mech Pros,Controls Tech,8,0,1031.88
North Substation,NS_MO_2025,PRJ-NS-1321,23-12-2025,C-1062,PrimeFix Solutions,General Labor,8,0,370.22
North Substation,NS_MO_2025,PRJ-NS-1188,23-12-2025,C-1024,Apex Industrial,Millwright,8,0,728.84
North Substation,NS_MO_2025,PRJ-NS-1226,23-12-2025,C-1023,Summit Field Techs,Field Engineer,8,0,1581.83
North Substation,NS_MO_2025,PRJ-NS-1200,24-12-2025,C-1023,Summit Field Techs,Field Engineer,8,0,1580.02
North Substation,NS_MO_2025,PRJ-NS-1322,24-12-2025,C-1031,Summit Field Techs,Crane Operator,8,0,717.38
North Substation,NS_MO_2025,PRJ-NS-1248,24-12-2025,C-1026,Precision Welding,Controls Tech,8,0,1080.94
North Substation,NS_MO_2025,PRJ-NS-1181,24-12-2025,C-1069,Precision Welding,Safety Officer,8,0,520.79
North Substation,NS_MO_2025,PRJ-NS-1271,24-12-2025,C-1013,Atlas Heavy Eng,Safety Officer,8,0,556.46
North Substation,NS_MO_2025,PRJ-NS-1206,24-12-2025,C-1026,Precision Welding,Controls Tech,8,0,1064.59
North Substation,NS_MO_2025,PRJ-NS-1321,24-12-2025,C-1062,PrimeFix Solutions,General Labor,8,0,389.28
North Substation,NS_MO_2025,PRJ-NS-1394,24-12-2025,C-1029,Midwest Mech Pros,Controls Tech,8,0,997.64
North Substation,NS_MO_2025,PRJ-NS-1151,24-12-2025,C-1065,PrimeFix Solutions,Safety Officer,8,0,630.15
North Substation,NS_MO_2025,PRJ-NS-1259,24-12-2025,C-1043,Apex Industrial,Crane Operator,8,0,833.59
North Substation,NS_MO_2025,PRJ-NS-1204,24-12-2025,C-1024,Apex Industrial,Millwright,8,0,777.48
North Substation,NS_MO_2025,PRJ-NS-1261,24-12-2025,C-1018,Atlas Heavy Eng,Controls Tech,8,0,1154.05
North Substation,NS_MO_2025,PRJ-NS-1159,24-12-2025,C-1006,Apex Industrial,Field Engineer,8,0,1377.84
North Substation,NS_MO_2025,PRJ-NS-1232,24-12-2025,C-1073,Precision Welding,General Labor,8,0,368.49
North Substation,NS_MO_2025,PRJ-NS-1301,24-12-2025,C-1065,PrimeFix Solutions,Safety Officer,8,0,649.51
North Substation,NS_MO_2025,PRJ-NS-1160,24-12-2025,C-1021,Summit Field Techs,Millwright,8,0,687.92
North Substation,NS_MO_2025,PRJ-NS-1324,24-12-2025,C-1072,Apex Industrial,Crane Operator,8,0,749.73
North Substation,NS_MO_2025,PRJ-NS-1194,24-12-2025,C-1006,Apex Industrial,Field Engineer,8,0,1383.32
North Substation,NS_MO_2025,PRJ-NS-1372,24-12-2025,C-1066,Apex Industrial,General Labor,8,0,387.91
North Substation,NS_MO_2025,PRJ-NS-1188,24-12-2025,C-1024,Apex Industrial,Millwright,8,0,778.05
North Substation,NS_MO_2025,PRJ-NS-1393,24-12-2025,C-1000,PrimeFix Solutions,Millwright,8,0,680.17
North Substation,NS_MO_2025,PRJ-NS-1188,24-12-2025,C-1003,Summit Field Techs,Millwright,8,0,711.64
North Substation,NS_MO_2025,PRJ-NS-1250,24-12-2025,C-1072,Apex Industrial,Crane Operator,8,0,757.25
North Substation,NS_MO_2025,PRJ-NS-1176,24-12-2025,C-1029,Midwest Mech Pros,Controls Tech,8,0,1036.42
North Substation,NS_MO_2025,PRJ-NS-1378,24-12-2025,C-1020,Midwest Mech Pros,Field Engineer,8,0,1257.58
North Substation,NS_MO_2025,PRJ-NS-1349,24-12-2025,C-1011,Midwest Mech Pros,General Labor,8,0,412.7
North Substation,NS_MO_2025,PRJ-NS-1342,24-12-2025,C-1031,Summit Field Techs,Crane Operator,8,0,779.81
North Substation,NS_MO_2025,PRJ-NS-1246,24-12-2025,C-1079,Precision Welding,Crane Operator,8,0,786.08
North Substation,NS_MO_2025,PRJ-NS-1356,24-12-2025,C-1054,Midwest Mech Pros,General Labor,8,0,402.05
North Substation,NS_MO_2025,PRJ-NS-1286,24-12-2025,C-1067,PrimeFix Solutions,Millwright,8,0,750.51
North Substation,NS_MO_2025,PRJ-NS-1150,24-12-2025,C-1071,PrimeFix Solutions,Crane Operator,8,0,782.36
North Substation,NS_MO_2025,PRJ-NS-1244,24-12-2025,C-1078,Atlas Heavy Eng,Millwright,8,0,678.94
North Substation,NS_MO_2025,PRJ-NS-1326,24-12-2025,C-1053,Precision Welding,Millwright,8,0,623.08
North Substation,NS_MO_2025,PRJ-NS-1295,24-12-2025,C-1059,PrimeFix Solutions,Field Engineer,8,0,1216.61
North Substation,NS_MO_2025,PRJ-NS-1276,25-12-2025,C-1003,Summit Field Techs,Millwright,8,0,657.66
North Substation,NS_MO_2025,PRJ-NS-1261,25-12-2025,C-1052,PrimeFix Solutions,General Labor,8,0,378.73
North Substation,NS_MO_2025,PRJ-NS-1317,25-12-2025,C-1000,PrimeFix Solutions,Millwright,8,0,715.52
North Substation,NS_MO_2025,PRJ-NS-1200,25-12-2025,C-1005,Atlas Heavy Eng,Millwright,8,0,592.66
North Substation,NS_MO_2025,PRJ-NS-1258,25-12-2025,C-1015,Atlas Heavy Eng,Controls Tech,8,0,1222.56
North Substation,NS_MO_2025,PRJ-NS-1215,25-12-2025,C-1001,Apex Industrial,General Labor,8,0,388.94
North Substation,NS_MO_2025,PRJ-NS-1191,25-12-2025,C-1047,Atlas Heavy Eng,Millwright,8,0,599.07
North Substation,NS_MO_2025,PRJ-NS-1307,25-12-2025,C-1066,Apex Industrial,General Labor,8,0,393.1
North Substation,NS_MO_2025,PRJ-NS-1263,25-12-2025,C-1037,PrimeFix Solutions,Controls Tech,8,0,1089.1
North Substation,NS_MO_2025,PRJ-NS-1185,25-12-2025,C-1023,Summit Field Techs,Field Engineer,8,0,1660.96
North Substation,NS_MO_2025,PRJ-NS-1200,25-12-2025,C-1005,Atlas Heavy Eng,Millwright,8,0,612.65
North Substation,NS_MO_2025,PRJ-NS-1312,25-12-2025,C-1042,PrimeFix Solutions,General Labor,8,0,414.64
North Substation,NS_MO_2025,PRJ-NS-1200,25-12-2025,C-1023,Summit Field Techs,Field Engineer,8,0,1523.45
North Substation,NS_MO_2025,PRJ-NS-1194,25-12-2025,C-1006,Apex Industrial,Field Engineer,8,0,1368.18
North Substation,NS_MO_2025,PRJ-NS-1350,25-12-2025,C-1079,Precision Welding,Crane Operator,8,0,781.6
North Substation,NS_MO_2025,PRJ-NS-1160,25-12-2025,C-1017,Summit Field Techs,Crane Operator,8,0,851.09
North Substation,NS_MO_2025,PRJ-NS-1182,25-12-2025,C-1029,Midwest Mech Pros,Controls Tech,8,0,989.37
North Substation,NS_MO_2025,PRJ-NS-1196,25-12-2025,C-1023,Summit Field Techs,Field Engineer,8,0,1557.48
North Substation,NS_MO_2025,PRJ-NS-1372,25-12-2025,C-1066,Apex Industrial,General Labor,8,0,400.97
North Substation,NS_MO_2025,PRJ-NS-1301,25-12-2025,C-1013,Atlas Heavy Eng,Safety Officer,8,0,557.1
North Substation,NS_MO_2025,PRJ-NS-1257,25-12-2025,C-1077,Precision Welding,Safety Officer,8,0,591.62
North Substation,NS_MO_2025,PRJ-NS-1159,25-12-2025,C-1041,Precision Welding,Millwright,8,0,711.7
North Substation,NS_MO_2025,PRJ-NS-1312,25-12-2025,C-1042,PrimeFix Solutions,General Labor,8,0,408.71
North Substation,NS_MO_2025,PRJ-NS-1226,25-12-2025,C-1023,Summit Field Techs,Field Engineer,8,0,1559.61
North Substation,NS_MO_2025,PRJ-NS-1189,25-12-2025,C-1074,Apex Industrial,Controls Tech,8,0,1108.02
North Substation,NS_MO_2025,PRJ-NS-1349,25-12-2025,C-1011,Midwest Mech Pros,General Labor,8,0,441.04
North Substation,NS_MO_2025,PRJ-NS-1200,25-12-2025,C-1005,Atlas Heavy Eng,Millwright,8,0,587.96
North Substation,NS_MO_2025,PRJ-NS-1211,25-12-2025,C-1067,PrimeFix Solutions,Millwright,8,0,698.35
North Substation,NS_MO_2025,PRJ-NS-1290,25-12-2025,C-1037,PrimeFix Solutions,Controls Tech,8,0,1120.57
North Substation,NS_MO_2025,PRJ-NS-1207,25-12-2025,C-1006,Apex Industrial,Field Engineer,8,0,1366.67
North Substation,NS_MO_2025,PRJ-NS-1356,25-12-2025,C-1039,PrimeFix Solutions,Field Engineer,8,0,1521.19
North Substation,NS_MO_2025,PRJ-NS-1162,25-12-2025,C-1069,Precision Welding,Safety Officer,8,0,538.26
North Substation,NS_MO_2025,PRJ-NS-1232,25-12-2025,C-1073,Precision Welding,General Labor,8,0,383.9
North Substation,NS_MO_2025,PRJ-NS-1204,25-12-2025,C-1024,Apex Industrial,Millwright,8,0,772.39
North Substation,NS_MO_2025,PRJ-NS-1213,25-12-2025,C-1067,PrimeFix Solutions,Millwright,8,0,727.28
North Substation,NS_MO_2025,PRJ-NS-1188,25-12-2025,C-1003,Summit Field Techs,Millwright,8,0,667.51
North Substation,NS_MO_2025,PRJ-NS-1186,25-12-2025,C-1058,Midwest Mech Pros,Controls Tech,8,0,1278.23
North Substation,NS_MO_2025,PRJ-NS-1353,25-12-2025,C-1073,Precision Welding,General Labor,8,0,396.42
North Substation,NS_MO_2025,PRJ-NS-1394,25-12-2025,C-1029,Midwest Mech Pros,Controls Tech,8,0,983.02
North Substation,NS_MO_2025,PRJ-NS-1213,25-12-2025,C-1067,PrimeFix Solutions,Millwright,8,0,698.8
North Substation,NS_MO_2025,PRJ-NS-1190,25-12-2025,C-1021,Summit Field Techs,Millwright,8,0,675.55
North Substation,NS_MO_2025,PRJ-NS-1393,25-12-2025,C-1000,PrimeFix Solutions,Millwright,8,0,684.98
North Substation,NS_MO_2025,PRJ-NS-1257,25-12-2025,C-1077,Precision Welding,Safety Officer,8,0,564.82
North Substation,NS_MO_2025,PRJ-NS-1320,25-12-2025,C-1001,Apex Industrial,General Labor,8,0,420.5
North Substation,NS_MO_2025,PRJ-NS-1378,25-12-2025,C-1020,Midwest Mech Pros,Field Engineer,8,0,1198.36
North Substation,NS_MO_2025,PRJ-NS-1208,25-12-2025,C-1045,Midwest Mech Pros,Crane Operator,8,0,815.08
North Substation,NS_MO_2025,PRJ-NS-1246,25-12-2025,C-1079,Precision Welding,Crane Operator,8,0,789.58
North Substation,NS_MO_2025,PRJ-NS-1312,25-12-2025,C-1042,PrimeFix Solutions,General Labor,8,0,426.69
North Substation,NS_MO_2025,PRJ-NS-1342,25-12-2025,C-1030,Summit Field Techs,Millwright,8,0,647.67
North Substation,NS_MO_2025,PRJ-NS-1270,25-12-2025,C-1006,Apex Industrial,Field Engineer,8,0,1400.64
North Substation,NS_MO_2025,PRJ-NS-1326,25-12-2025,C-1053,Precision Welding,Millwright,8,0,664.39
North Substation,NS_MO_2025,PRJ-NS-1290,25-12-2025,C-1037,PrimeFix Solutions,Controls Tech,8,0,1114.13
North Substation,NS_MO_2025,PRJ-NS-1172,25-12-2025,C-1005,Atlas Heavy Eng,Millwright,8,0,612.86
North Substation,NS_MO_2025,PRJ-NS-1320,25-12-2025,C-1001,Apex Industrial,General Labor,8,0,406.74
North Substation,NS_MO_2025,PRJ-NS-1244,25-12-2025,C-1078,Atlas Heavy Eng,Millwright,8,0,696.42
North Substation,NS_MO_2025,PRJ-NS-1304,25-12-2025,C-1059,PrimeFix Solutions,Field Engineer,8,0,1246.93
North Substation,NS_MO_2025,PRJ-NS-1187,25-12-2025,C-1028,Midwest Mech Pros,Field Engineer,8,0,1401.85
North Substation,NS_MO_2025,PRJ-NS-1203,25-12-2025,C-1006,Apex Industrial,Field Engineer,8,0,1386.17
North Substation,NS_MO_2025,PRJ-NS-1324,25-12-2025,C-1078,Atlas Heavy Eng,Millwright,8,0,678.35
North Substation,NS_MO_2025,PRJ-NS-1295,25-12-2025,C-1005,Atlas Heavy Eng,Millwright,8,0,594.83
North Substation,NS_MO_2025,PRJ-NS-1334,25-12-2025,C-1005,Atlas Heavy Eng,Millwright,8,0,615.26
North Substation,NS_MO_2025,PRJ-NS-1354,25-12-2025,C-1066,Apex Industrial,General Labor,8,0,386.31
North Substation,NS_MO_2025,PRJ-NS-1301,25-12-2025,C-1013,Atlas Heavy Eng,Safety Officer,8,0,572.59
North Substation,NS_MO_2025,PRJ-NS-1236,25-12-2025,C-1005,Atlas Heavy Eng,Millwright,8,0,631.35
North Substation,NS_MO_2025,PRJ-NS-1393,25-12-2025,C-1000,PrimeFix Solutions,Millwright,8,0,716.86
North Substation,NS_MO_2025,PRJ-NS-1200,25-12-2025,C-1005,Atlas Heavy Eng,Millwright,8,0,609.87
North Substation,NS_MO_2025,PRJ-NS-1304,25-12-2025,C-1013,Atlas Heavy Eng,Safety Officer,8,0,593.74
North Substation,NS_MO_2025,PRJ-NS-1323,25-12-2025,C-1079,Precision Welding,Crane Operator,8,0,743.71
North Substation,NS_MO_2025,PRJ-NS-1388,25-12-2025,C-1045,Midwest Mech Pros,Crane Operator,8,0,835.79
North Substation,NS_MO_2025,PRJ-NS-1366,25-12-2025,C-1010,PrimeFix Solutions,Field Engineer,8,0,1552.54
North Substation,NS_MO_2025,PRJ-NS-1356,25-12-2025,C-1039,PrimeFix Solutions,Field Engineer,8,0,1558.17
North Substation,NS_MO_2025,PRJ-NS-1379,25-12-2025,C-1019,Midwest Mech Pros,Controls Tech,8,0,1118.16
North Substation,NS_MO_2025,PRJ-NS-1189,25-12-2025,C-1024,Apex Industrial,Millwright,8,0,763.64
North Substation,NS_MO_2025,PRJ-NS-1192,25-12-2025,C-1040,Atlas Heavy Eng,Crane Operator,8,0,858.4
North Substation,NS_MO_2025,PRJ-NS-1261,25-12-2025,C-1018,Atlas Heavy Eng,Controls Tech,8,0,1101.11
North Substation,NS_MO_2025,PRJ-NS-1194,25-12-2025,C-1046,Precision Welding,General Labor,8,0,410.6
North Substation,NS_MO_2025,PRJ-NS-1190,25-12-2025,C-1021,Summit Field Techs,Millwright,8,0,644.48
North Substation,NS_MO_2025,PRJ-NS-1290,25-12-2025,C-1037,PrimeFix Solutions,Controls Tech,8,0,1121.42
North Substation,NS_MO_2025,PRJ-NS-1315,25-12-2025,C-1020,Midwest Mech Pros,Field Engineer,8,0,1249.66
North Substation,NS_MO_2025,PRJ-NS-1325,25-12-2025,C-1019,Midwest Mech Pros,Controls Tech,8,0,1105.94
North Substation,NS_MO_2025,PRJ-NS-1183,25-12-2025,C-1078,Atlas Heavy Eng,Millwright,8,0,692.91
North Substation,NS_MO_2025,PRJ-NS-1222,25-12-2025,C-1041,Precision Welding,Millwright,8,0,731.99
North Substation,NS_MO_2025,PRJ-NS-1153,25-12-2025,C-1035,Summit Field Techs,General Labor,8,0,385.87
North Substation,NS_MO_2025,PRJ-NS-1196,25-12-2025,C-1023,Summit Field Techs,Field Engineer,8,0,1603.38
North Substation,NS_MO_2025,PRJ-NS-1271,25-12-2025,C-1013,Atlas Heavy Eng,Safety Officer,8,0,568.13
North Substation,NS_MO_2025,PRJ-NS-1346,25-12-2025,C-1006,Apex Industrial,Field Engineer,8,0,1427.28
North Substation,NS_MO_2025,PRJ-NS-1250,25-12-2025,C-1072,Apex Industrial,Crane Operator,8,0,741.49
North Substation,NS_MO_2025,PRJ-NS-1329,25-12-2025,C-1067,PrimeFix Solutions,Millwright,8,0,757.3
North Substation,NS_MO_2025,PRJ-NS-1222,25-12-2025,C-1041,Precision Welding,Millwright,8,0,746.0
North Substation,NS_MO_2025,PRJ-NS-1346,25-12-2025,C-1010,PrimeFix Solutions,Field Engineer,8,0,1617.27
North Substation,NS_MO_2025,PRJ-NS-1226,25-12-2025,C-1023,Summit Field Techs,Field Engineer,8,0,1647.73
North Substation,NS_MO_2025,PRJ-NS-1236,25-12-2025,C-1005,Atlas Heavy Eng,Millwright,8,0,619.97
North Substation,NS_MO_2025,PRJ-NS-1188,25-12-2025,C-1003,Summit Field Techs,Millwright,8,0,695.85
North Substation,NS_MO_2025,PRJ-NS-1384,25-12-2025,C-1035,Summit Field Techs,General Labor,8,0,362.23
North Substation,NS_MO_2025,PRJ-NS-1200,25-12-2025,C-1005,Atlas Heavy Eng,Millwright,8,0,578.09
North Substation,NS_MO_2025,PRJ-NS-1370,25-12-2025,C-1028,Midwest Mech Pros,Field Engineer,8,0,1448.66
North Substation,NS_MO_2025,PRJ-NS-1307,25-12-2025,C-1066,Apex Industrial,General Labor,8,0,394.88
North Substation,NS_MO_2025,PRJ-NS-1162,25-12-2025,C-1040,Atlas Heavy Eng,Crane Operator,8,0,817.06
North Substation,NS_MO_2025,PRJ-NS-1332,25-12-2025,C-1052,PrimeFix Solutions,General Labor,8,0,343.65
North Substation,NS_MO_2025,PRJ-NS-1188,25-12-2025,C-1003,Summit Field Techs,Millwright,8,0,675.28
North Substation,NS_MO_2025,PRJ-NS-1197,25-12-2025,C-1051,Apex Industrial,Crane Operator,8,0,889.65
North Substation,NS_MO_2025,PRJ-NS-1320,25-12-2025,C-1001,Apex Industrial,General Labor,8,0,403.05
North Substation,NS_MO_2025,PRJ-NS-1271,25-12-2025,C-1013,Atlas Heavy Eng,Safety Officer,8,0,591.72
North Substation,NS_MO_2025,PRJ-NS-1160,25-12-2025,C-1017,Summit Field Techs,Crane Operator,8,0,820.01
North Substation,NS_MO_2025,PRJ-NS-1257,25-12-2025,C-1077,Precision Welding,Safety Officer,8,0,584.55
North Substation,NS_MO_2025,PRJ-NS-1258,25-12-2025,C-1015,Atlas Heavy Eng,Controls Tech,8,0,1245.65
North Substation,NS_MO_2025,PRJ-NS-1259,25-12-2025,C-1035,Summit Field Techs,General Labor,8,0,362.55
North Substation,NS_MO_2025,PRJ-NS-1334,25-12-2025,C-1005,Atlas Heavy Eng,Millwright,8,0,612.23
North Substation,NS_MO_2025,PRJ-NS-1192,25-12-2025,C-1040,Atlas Heavy Eng,Crane Operator,8,0,827.04
North Substation,NS_MO_2025,PRJ-NS-1390,25-12-2025,C-1013,Atlas Heavy Eng,Safety Officer,8,0,577.99
North Substation,NS_MO_2025,PRJ-NS-1259,25-12-2025,C-1035,Summit Field Techs,General Labor,8,0,384.11
North Substation,NS_MO_2025,PRJ-NS-1232,25-12-2025,C-1073,Precision Welding,General Labor,8,0,363.76
North Substation,NS_MO_2025,PRJ-NS-1234,25-12-2025,C-1043,Apex Industrial,Crane Operator,8,0,813.95
North Substation,NS_MO_2025,PRJ-NS-1321,25-12-2025,C-1062,PrimeFix Solutions,General Labor,8,0,390.3
North Substation,NS_MO_2025,PRJ-NS-1226,25-12-2025,C-1018,Atlas Heavy Eng,Controls Tech,8,0,1186.91
North Substation,NS_MO_2025,PRJ-NS-1258,25-12-2025,C-1060,Summit Field Techs,General Labor,8,0,464.33
North Substation,NS_MO_2025,PRJ-NS-1291,25-12-2025,C-1005,Atlas Heavy Eng,Millwright,8,0,605.3
North Substation,NS_MO_2025,PRJ-NS-1181,25-12-2025,C-1078,Atlas Heavy Eng,Millwright,8,0,721.82
North Substation,NS_MO_2025,PRJ-NS-1346,25-12-2025,C-1010,PrimeFix Solutions,Field Engineer,8,0,1603.01
North Substation,NS_MO_2025,PRJ-NS-1324,25-12-2025,C-1072,Apex Industrial,Crane Operator,8,0,780.68
North Substation,NS_MO_2025,PRJ-NS-1226,25-12-2025,C-1023,Summit Field Techs,Field Engineer,8,0,1544.51
North Substation,NS_MO_2025,PRJ-NS-1255,25-12-2025,C-1000,PrimeFix Solutions,Millwright,8,0,707.18
North Substation,NS_MO_2025,PRJ-NS-1258,25-12-2025,C-1015,Atlas Heavy Eng,Controls Tech,8,0,1223.66
North Substation,NS_MO_2025,PRJ-NS-1366,25-12-2025,C-1066,Apex Industrial,General Labor,8,0,399.63
North Substation,NS_MO_2025,PRJ-NS-1330,25-12-2025,C-1071,PrimeFix Solutions,Crane Operator,8,0,799.02
North Substation,NS_MO_2025,PRJ-NS-1269,25-12-2025,C-1029,Midwest Mech Pros,Controls Tech,8,0,1028.74
North Substation,NS_MO_2025,PRJ-NS-1394,25-12-2025,C-1029,Midwest Mech Pros,Controls Tech,8,0,1063.59
North Substation,NS_MO_2025,PRJ-NS-1370,25-12-2025,C-1028,Midwest Mech Pros,Field Engineer,8,0,1409.2
North Substation,NS_MO_2025,PRJ-NS-1226,25-12-2025,C-1023,Summit Field Techs,Field Engineer,8,0,1552.88
North Substation,NS_MO_2025,PRJ-NS-1213,25-12-2025,C-1041,Precision Welding,Millwright,8,0,705.2
North Substation,NS_MO_2025,PRJ-NS-1246,25-12-2025,C-1079,Precision Welding,Crane Operator,8,0,749.85
North Substation,NS_MO_2025,PRJ-NS-1353,25-12-2025,C-1073,Precision Welding,General Labor,8,0,359.54
North Substation,NS_MO_2025,PRJ-NS-1330,25-12-2025,C-1071,PrimeFix Solutions,Crane Operator,8,0,758.59
North Substation,NS_MO_2025,PRJ-NS-1329,25-12-2025,C-1067,PrimeFix Solutions,Millwright,8,0,758.64
North Substation,NS_MO_2025,PRJ-NS-1324,25-12-2025,C-1072,Apex Industrial,Crane Operator,8,0,726.34
North Substation,NS_MO_2025,PRJ-NS-1190,25-12-2025,C-1021,Summit Field Techs,Millwright,8,0,705.28
North Substation,NS_MO_2025,PRJ-NS-1194,25-12-2025,C-1030,Summit Field Techs,Millwright,8,0,627.94
North Substation,NS_MO_2025,PRJ-NS-1198,25-12-2025,C-1043,Apex Industrial,Crane Operator,8,0,799.4
North Substation,NS_MO_2025,PRJ-NS-1334,25-12-2025,C-1010,PrimeFix Solutions,Field Engineer,8,0,1637.5
North Substation,NS_MO_2025,PRJ-NS-1335,25-12-2025,C-1019,Midwest Mech Pros,Controls Tech,8,0,1097.0
North Substation,NS_MO_2025,PRJ-NS-1312,25-12-2025,C-1010,PrimeFix Solutions,Field Engineer,8,0,1546.6
North Substation,NS_MO_2025,PRJ-NS-1353,25-12-2025,C-1073,Precision Welding,General Labor,8,0,382.18
North Substation,NS_MO_2025,PRJ-NS-1393,25-12-2025,C-1000,PrimeFix Solutions,Millwright,8,0,679.52
North Substation,NS_MO_2025,PRJ-NS-1304,25-12-2025,C-1059,PrimeFix Solutions,Field Engineer,8,0,1218.0
North Substation,NS_MO_2025,PRJ-NS-1369,25-12-2025,C-1008,Apex Industrial,Safety Officer,8,0,644.64
North Substation,NS_MO_2025,PRJ-NS-1176,25-12-2025,C-1029,Midwest Mech Pros,Controls Tech,8,0,1055.79
North Substation,NS_MO_2025,PRJ-NS-1379,25-12-2025,C-1019,Midwest Mech Pros,Controls Tech,8,0,1118.51
North Substation,NS_MO_2025,PRJ-NS-1370,25-12-2025,C-1028,Midwest Mech Pros,Field Engineer,8,0,1430.89
North Substation,NS_MO_2025,PRJ-NS-1189,25-12-2025,C-1074,Apex Industrial,Controls Tech,8,0,1166.24
North Substation,NS_MO_2025,PRJ-NS-1200,25-12-2025,C-1023,Summit Field Techs,Field Engineer,8,0,1550.5
North Substation,NS_MO_2025,PRJ-NS-1153,25-12-2025,C-1035,Summit Field Techs,General Labor,8,0,360.25
North Substation,NS_MO_2025,PRJ-NS-1315,25-12-2025,C-1062,PrimeFix Solutions,General Labor,8,0,393.1
North Substation,NS_MO_2025,PRJ-NS-1354,25-12-2025,C-1066,Apex Industrial,General Labor,8,0,391.27
North Substation,NS_MO_2025,PRJ-NS-1311,25-12-2025,C-1039,PrimeFix Solutions,Field Engineer,8,0,1494.88
North Substation,NS_MO_2025,PRJ-NS-1342,25-12-2025,C-1031,Summit Field Techs,Crane Operator,8,0,770.9
North Substation,NS_MO_2025,PRJ-NS-1370,25-12-2025,C-1028,Midwest Mech Pros,Field Engineer,8,0,1470.79
North Substation,NS_MO_2025,PRJ-NS-1270,25-12-2025,C-1006,Apex Industrial,Field Engineer,8,0,1426.8
North Substation,NS_MO_2025,PRJ-NS-1162,25-12-2025,C-1040,Atlas Heavy Eng,Crane Operator,8,0,822.41
North Substation,NS_MO_2025,PRJ-NS-1313,25-12-2025,C-1005,Atlas Heavy Eng,Millwright,8,0,574.78
North Substation,NS_MO_2025,PRJ-NS-1196,25-12-2025,C-1023,Summit Field Techs,Field Engineer,8,0,1674.41
North Substation,NS_MO_2025,PRJ-NS-1198,25-12-2025,C-1043,Apex Industrial,Crane Operator,8,0,864.01
North Substation,NS_MO_2025,PRJ-NS-1172,25-12-2025,C-1005,Atlas Heavy Eng,Millwright,8,0,620.23
North Substation,NS_MO_2025,PRJ-NS-1286,25-12-2025,C-1067,PrimeFix Solutions,Millwright,8,0,693.24
North Substation,NS_MO_2025,PRJ-NS-1244,25-12-2025,C-1078,Atlas Heavy Eng,Millwright,8,0,724.07
North Substation,NS_MO_2025,PRJ-NS-1187,25-12-2025,C-1028,Midwest Mech Pros,Field Engineer,8,0,1400.99
North Substation,NS_MO_2025,PRJ-NS-1304,25-12-2025,C-1059,PrimeFix Solutions,Field Engineer,8,0,1211.7
North Substation,NS_MO_2025,PRJ-NS-1204,25-12-2025,C-1024,Apex Industrial,Millwright,8,0,727.03
North Substation,NS_MO_2025,PRJ-NS-1206,25-12-2025,C-1026,Precision Welding,Controls Tech,8,0,1077.67
North Substation,NS_MO_2025,PRJ-NS-1265,25-12-2025,C-1079,Precision Welding,Crane Operator,8,0,777.86
North Substation,NS_MO_2025,PRJ-NS-1200,25-12-2025,C-1005,Atlas Heavy Eng,Millwright,8,0,628.66
North Substation,NS_MO_2025,PRJ-NS-1207,25-12-2025,C-1006,Apex Industrial,Field Engineer,8,0,1394.16
North Substation,NS_MO_2025,PRJ-NS-1194,25-12-2025,C-1006,Apex Industrial,Field Engineer,8,0,1338.66
North Substation,NS_MO_2025,PRJ-NS-1215,25-12-2025,C-1001,Apex Industrial,General Labor,8,0,410.28
North Substation,NS_MO_2025,PRJ-NS-1263,25-12-2025,C-1054,Midwest Mech Pros,General Labor,8,0,390.82
North Substation,NS_MO_2025,PRJ-NS-1244,25-12-2025,C-1078,Atlas Heavy Eng,Millwright,8,0,713.47
North Substation,NS_MO_2025,PRJ-NS-1326,25-12-2025,C-1053,Precision Welding,Millwright,8,0,660.21
North Substation,NS_MO_2025,PRJ-NS-1150,25-12-2025,C-1071,PrimeFix Solutions,Crane Operator,8,0,757.46
North Substation,NS_MO_2025,PRJ-NS-1301,25-12-2025,C-1065,PrimeFix Solutions,Safety Officer,8,0,671.2
North Substation,NS_MO_2025,PRJ-NS-1259,25-12-2025,C-1043,Apex Industrial,Crane Operator,8,0,810.38
North Substation,NS_MO_2025,PRJ-NS-1348,25-12-2025,C-1026,Precision Welding,Controls Tech,8,0,1043.74
North Substation,NS_MO_2025,PRJ-NS-1189,25-12-2025,C-1074,Apex Industrial,Controls Tech,8,0,1165.84
North Substation,NS_MO_2025,PRJ-NS-1162,25-12-2025,C-1040,Atlas Heavy Eng,Crane Operator,8,0,850.64
North Substation,NS_MO_2025,PRJ-NS-1350,25-12-2025,C-1079,Precision Welding,Crane Operator,8,0,784.98
North Substation,NS_MO_2025,PRJ-NS-1346,25-12-2025,C-1010,PrimeFix Solutions,Field Engineer,8,0,1617.05
North Substation,NS_MO_2025,PRJ-NS-1187,25-12-2025,C-1028,Midwest Mech Pros,Field Engineer,8,0,1497.2
North Substation,NS_MO_2025,PRJ-NS-1312,25-12-2025,C-1042,PrimeFix Solutions,General Labor,8,0,428.75
North Substation,NS_MO_2025,PRJ-NS-1222,25-12-2025,C-1041,Precision Welding,Millwright,8,0,699.11
North Substation,NS_MO_2025,PRJ-NS-1354,25-12-2025,C-1066,Apex Industrial,General Labor,8,0,392.37
North Substation,NS_MO_2025,PRJ-NS-1263,25-12-2025,C-1039,PrimeFix Solutions,Field Engineer,8,0,1491.51
North Substation,NS_MO_2025,PRJ-NS-1327,25-12-2025,C-1023,Summit Field Techs,Field Engineer,8,0,1528.57
North Substation,NS_MO_2025,PRJ-NS-1349,25-12-2025,C-1011,Midwest Mech Pros,General Labor,8,0,411.68
North Substation,NS_MO_2025,PRJ-NS-1159,26-12-2025,C-1006,Apex Industrial,Field Engineer,8,0,1318.89
North Substation,NS_MO_2025,PRJ-NS-1261,26-12-2025,C-1052,PrimeFix Solutions,General Labor,8,0,362.01
North Substation,NS_MO_2025,PRJ-NS-1197,26-12-2025,C-1051,Apex Industrial,Crane Operator,8,0,881.37
North Substation,NS_MO_2025,PRJ-NS-1393,26-12-2025,C-1037,PrimeFix Solutions,Controls Tech,8,0,1059.69
North Substation,NS_MO_2025,PRJ-NS-1271,26-12-2025,C-1013,Atlas Heavy Eng,Safety Officer,8,0,556.83
North Substation,NS_MO_2025,PRJ-NS-1334,26-12-2025,C-1010,PrimeFix Solutions,Field Engineer,8,0,1618.95
North Substation,NS_MO_2025,PRJ-NS-1312,26-12-2025,C-1042,PrimeFix Solutions,General Labor,8,0,425.09
North Substation,NS_MO_2025,PRJ-NS-1276,26-12-2025,C-1003,Summit Field Techs,Millwright,8,0,671.42
North Substation,NS_MO_2025,PRJ-NS-1246,26-12-2025,C-1079,Precision Welding,Crane Operator,8,0,739.79
North Substation,NS_MO_2025,PRJ-NS-1372,26-12-2025,C-1066,Apex Industrial,General Labor,8,0,376.08
North Substation,NS_MO_2025,PRJ-NS-1379,26-12-2025,C-1019,Midwest Mech Pros,Controls Tech,8,0,1072.17
North Substation,NS_MO_2025,PRJ-NS-1354,26-12-2025,C-1066,Apex Industrial,General Labor,8,0,406.59
North Substation,NS_MO_2025,PRJ-NS-1211,26-12-2025,C-1067,PrimeFix Solutions,Millwright,8,0,701.59
North Substation,NS_MO_2025,PRJ-NS-1356,26-12-2025,C-1054,Midwest Mech Pros,General Labor,8,0,416.13
North Substation,NS_MO_2025,PRJ-NS-1393,26-12-2025,C-1003,Summit Field Techs,Millwright,8,0,686.84
North Substation,NS_MO_2025,PRJ-NS-1211,26-12-2025,C-1067,PrimeFix Solutions,Millwright,8,0,718.26
North Substation,NS_MO_2025,PRJ-NS-1246,26-12-2025,C-1079,Precision Welding,Crane Operator,8,0,796.84
North Substation,NS_MO_2025,PRJ-NS-1375,26-12-2025,C-1012,Midwest Mech Pros,Controls Tech,8,0,1064.04
North Substation,NS_MO_2025,PRJ-NS-1248,26-12-2025,C-1026,Precision Welding,Controls Tech,8,0,1018.79
North Substation,NS_MO_2025,PRJ-NS-1151,26-12-2025,C-1065,PrimeFix Solutions,Safety Officer,8,0,640.24
North Substation,NS_MO_2025,PRJ-NS-1326,26-12-2025,C-1053,Precision Welding,Millwright,8,0,627.33
North Substation,NS_MO_2025,PRJ-NS-1356,26-12-2025,C-1054,Midwest Mech Pros,General Labor,8,0,389.35
North Substation,NS_MO_2025,PRJ-NS-1286,26-12-2025,C-1067,PrimeFix Solutions,Millwright,8,0,736.2
North Substation,NS_MO_2025,PRJ-NS-1259,26-12-2025,C-1023,Summit Field Techs,Field Engineer,8,0,1581.09
North Substation,NS_MO_2025,PRJ-NS-1304,26-12-2025,C-1059,PrimeFix Solutions,Field Engineer,8,0,1236.5
North Substation,NS_MO_2025,PRJ-NS-1323,26-12-2025,C-1079,Precision Welding,Crane Operator,8,0,726.53
North Substation,NS_MO_2025,PRJ-NS-1295,26-12-2025,C-1005,Atlas Heavy Eng,Millwright,8,0,587.14
North Substation,NS_MO_2025,PRJ-NS-1320,26-12-2025,C-1001,Apex Industrial,General Labor,8,0,419.59
North Substation,NS_MO_2025,PRJ-NS-1330,26-12-2025,C-1071,PrimeFix Solutions,Crane Operator,8,0,780.29
North Substation,NS_MO_2025,PRJ-NS-1342,26-12-2025,C-1031,Summit Field Techs,Crane Operator,8,0,716.51
North Substation,NS_MO_2025,PRJ-NS-1159,26-12-2025,C-1041,Precision Welding,Millwright,8,0,726.17
North Substation,NS_MO_2025,PRJ-NS-1393,26-12-2025,C-1003,Summit Field Techs,Millwright,8,0,668.56
North Substation,NS_MO_2025,PRJ-NS-1307,26-12-2025,C-1066,Apex Industrial,General Labor,8,0,407.74
North Substation,NS_MO_2025,PRJ-NS-1153,26-12-2025,C-1035,Summit Field Techs,General Labor,8,0,382.59
North Substation,NS_MO_2025,PRJ-NS-1152,26-12-2025,C-1053,Precision Welding,Millwright,8,0,646.39
North Substation,NS_MO_2025,PRJ-NS-1250,26-12-2025,C-1072,Apex Industrial,Crane Operator,8,0,789.88
North Substation,NS_MO_2025,PRJ-NS-1153,26-12-2025,C-1035,Summit Field Techs,General Labor,8,0,374.9
North Substation,NS_MO_2025,PRJ-NS-1313,26-12-2025,C-1005,Atlas Heavy Eng,Millwright,8,0,619.52
North Substation,NS_MO_2025,PRJ-NS-1304,26-12-2025,C-1013,Atlas Heavy Eng,Safety Officer,8,0,553.97
North Substation,NS_MO_2025,PRJ-NS-1255,26-12-2025,C-1000,PrimeFix Solutions,Millwright,8,0,684.75
North Substation,NS_MO_2025,PRJ-NS-1189,26-12-2025,C-1074,Apex Industrial,Controls Tech,8,0,1130.45
North Substation,NS_MO_2025,PRJ-NS-1332,26-12-2025,C-1052,PrimeFix Solutions,General Labor,8,0,375.7
North Substation,NS_MO_2025,PRJ-NS-1150,26-12-2025,C-1071,PrimeFix Solutions,Crane Operator,8,0,761.94
North Substation,NS_MO_2025,PRJ-NS-1307,26-12-2025,C-1066,Apex Industrial,General Labor,8,0,407.15
North Substation,NS_MO_2025,PRJ-NS-1206,26-12-2025,C-1026,Precision Welding,Controls Tech,8,0,1002.73
North Substation,NS_MO_2025,PRJ-NS-1190,26-12-2025,C-1021,Summit Field Techs,Millwright,8,0,674.02
North Substation,NS_MO_2025,PRJ-NS-1194,26-12-2025,C-1046,Precision Welding,General Labor,8,0,417.84
North Substation,NS_MO_2025,PRJ-NS-1342,26-12-2025,C-1030,Summit Field Techs,Millwright,8,0,653.51
North Substation,NS_MO_2025,PRJ-NS-1393,26-12-2025,C-1000,PrimeFix Solutions,Millwright,8,0,720.38
North Substation,NS_MO_2025,PRJ-NS-1160,26-12-2025,C-1021,Summit Field Techs,Millwright,8,0,703.11
North Substation,NS_MO_2025,PRJ-NS-1189,26-12-2025,C-1074,Apex Industrial,Controls Tech,8,0,1082.86
North Substation,NS_MO_2025,PRJ-NS-1379,26-12-2025,C-1019,Midwest Mech Pros,Controls Tech,8,0,1092.77
North Substation,NS_MO_2025,PRJ-NS-1257,26-12-2025,C-1077,Precision Welding,Safety Officer,8,0,591.63
North Substation,NS_MO_2025,PRJ-NS-1291,26-12-2025,C-1054,Midwest Mech Pros,General Labor,8,0,399.39
North Substation,NS_MO_2025,PRJ-NS-1181,26-12-2025,C-1039,PrimeFix Solutions,Field Engineer,8,0,1543.21
North Substation,NS_MO_2025,PRJ-NS-1172,26-12-2025,C-1013,Atlas Heavy Eng,Safety Officer,8,0,599.51
North Substation,NS_MO_2025,PRJ-NS-1346,26-12-2025,C-1006,Apex Industrial,Field Engineer,8,0,1335.49
North Substation,NS_MO_2025,PRJ-NS-1176,26-12-2025,C-1029,Midwest Mech Pros,Controls Tech,8,0,992.54
North Substation,NS_MO_2025,PRJ-NS-1346,26-12-2025,C-1010,PrimeFix Solutions,Field Engineer,8,0,1512.04
North Substation,NS_MO_2025,PRJ-NS-1393,26-12-2025,C-1037,PrimeFix Solutions,Controls Tech,8,0,1162.58
North Substation,NS_MO_2025,PRJ-NS-1226,26-12-2025,C-1023,Summit Field Techs,Field Engineer,8,0,1663.81
North Substation,NS_MO_2025,PRJ-NS-1226,26-12-2025,C-1001,Apex Industrial,General Labor,8,0,413.13
North Substation,NS_MO_2025,PRJ-NS-1263,26-12-2025,C-1037,PrimeFix Solutions,Controls Tech,8,0,1064.35
North Substation,NS_MO_2025,PRJ-NS-1295,26-12-2025,C-1059,PrimeFix Solutions,Field Engineer,8,0,1213.6
North Substation,NS_MO_2025,PRJ-NS-1194,26-12-2025,C-1030,Summit Field Techs,Millwright,8,0,606.53
North Substation,NS_MO_2025,PRJ-NS-1334,26-12-2025,C-1010,PrimeFix Solutions,Field Engineer,8,0,1605.04
North Substation,NS_MO_2025,PRJ-NS-1370,26-12-2025,C-1028,Midwest Mech Pros,Field Engineer,8,0,1510.4
North Substation,NS_MO_2025,PRJ-NS-1211,26-12-2025,C-1067,PrimeFix Solutions,Millwright,8,0,737.6
North Substation,NS_MO_2025,PRJ-NS-1390,26-12-2025,C-1062,PrimeFix Solutions,General Labor,8,0,362.42
North Substation,NS_MO_2025,PRJ-NS-1326,26-12-2025,C-1076,Apex Industrial,Safety Officer,8,0,623.87
North Substation,NS_MO_2025,PRJ-NS-1206,26-12-2025,C-1026,Precision Welding,Controls Tech,8,0,1063.39
North Substation,NS_MO_2025,PRJ-NS-1261,26-12-2025,C-1052,PrimeFix Solutions,General Labor,8,0,343.74
North Substation,NS_MO_2025,PRJ-NS-1194,26-12-2025,C-1046,Precision Welding,General Labor,8,0,408.57
North Substation,NS_MO_2025,PRJ-NS-1246,26-12-2025,C-1079,Precision Welding,Crane Operator,8,0,769.01
North Substation,NS_MO_2025,PRJ-NS-1259,26-12-2025,C-1023,Summit Field Techs,Field Engineer,8,0,1571.83
North Substation,NS_MO_2025,PRJ-NS-1162,26-12-2025,C-1040,Atlas Heavy Eng,Crane Operator,8,0,889.45
North Substation,NS_MO_2025,PRJ-NS-1152,26-12-2025,C-1053,Precision Welding,Millwright,8,0,678.7
North Substation,NS_MO_2025,PRJ-NS-1311,26-12-2025,C-1039,PrimeFix Solutions,Field Engineer,8,0,1549.95
North Substation,NS_MO_2025,PRJ-NS-1393,26-12-2025,C-1000,PrimeFix Solutions,Millwright,8,0,714.28
North Substation,NS_MO_2025,PRJ-NS-1321,26-12-2025,C-1062,PrimeFix Solutions,General Labor,8,0,390.19
North Substation,NS_MO_2025,PRJ-NS-1291,26-12-2025,C-1005,Atlas Heavy Eng,Millwright,8,0,582.23
North Substation,NS_MO_2025,PRJ-NS-1263,26-12-2025,C-1054,Midwest Mech Pros,General Labor,8,0,409.14
North Substation,NS_MO_2025,PRJ-NS-1322,26-12-2025,C-1031,Summit Field Techs,Crane Operator,8,0,724.46
North Substation,NS_MO_2025,PRJ-NS-1312,26-12-2025,C-1042,PrimeFix Solutions,General Labor,8,0,409.83
North Substation,NS_MO_2025,PRJ-NS-1304,26-12-2025,C-1013,Atlas Heavy Eng,Safety Officer,8,0,599.75
North Substation,NS_MO_2025,PRJ-NS-1153,26-12-2025,C-1035,Summit Field Techs,General Labor,8,0,370.71
North Substation,NS_MO_2025,PRJ-NS-1261,26-12-2025,C-1052,PrimeFix Solutions,General Labor,8,0,374.28
North Substation,NS_MO_2025,PRJ-NS-1236,26-12-2025,C-1005,Atlas Heavy Eng,Millwright,8,0,587.52
North Substation,NS_MO_2025,PRJ-NS-1186,26-12-2025,C-1058,Midwest Mech Pros,Controls Tech,8,0,1286.68
North Substation,NS_MO_2025,PRJ-NS-1259,26-12-2025,C-1023,Summit Field Techs,Field Engineer,8,0,1623.84
North Substation,NS_MO_2025,PRJ-NS-1380,26-12-2025,C-1006,Apex Industrial,Field Engineer,8,0,1409.36
North Substation,NS_MO_2025,PRJ-NS-1354,26-12-2025,C-1066,Apex Industrial,General Labor,8,0,370.2
North Substation,NS_MO_2025,PRJ-NS-1356,26-12-2025,C-1054,Midwest Mech Pros,General Labor,8,0,399.89
North Substation,NS_MO_2025,PRJ-NS-1304,26-12-2025,C-1013,Atlas Heavy Eng,Safety Officer,8,0,609.23
North Substation,NS_MO_2025,PRJ-NS-1347,26-12-2025,C-1027,Precision Welding,Crane Operator,8,0,865.19
North Substation,NS_MO_2025,PRJ-NS-1390,26-12-2025,C-1013,Atlas Heavy Eng,Safety Officer,8,0,562.48
North Substation,NS_MO_2025,PRJ-NS-1312,26-12-2025,C-1042,PrimeFix Solutions,General Labor,8,0,411.01
North Substation,NS_MO_2025,PRJ-NS-1312,26-12-2025,C-1010,PrimeFix Solutions,Field Engineer,8,0,1582.0
North Substation,NS_MO_2025,PRJ-NS-1301,26-12-2025,C-1013,Atlas Heavy Eng,Safety Officer,8,0,556.17
North Substation,NS_MO_2025,PRJ-NS-1348,26-12-2025,C-1026,Precision Welding,Controls Tech,8,0,1050.55
North Substation,NS_MO_2025,PRJ-NS-1263,26-12-2025,C-1039,PrimeFix Solutions,Field Engineer,8,0,1532.34
North Substation,NS_MO_2025,PRJ-NS-1259,26-12-2025,C-1035,Summit Field Techs,General Labor,8,0,378.19
North Substation,NS_MO_2025,PRJ-NS-1315,26-12-2025,C-1062,PrimeFix Solutions,General Labor,8,0,360.36
North Substation,NS_MO_2025,PRJ-NS-1213,26-12-2025,C-1067,PrimeFix Solutions,Millwright,8,0,730.2
North Substation,NS_MO_2025,PRJ-NS-1263,26-12-2025,C-1037,PrimeFix Solutions,Controls Tech,8,0,1061.44
North Substation,NS_MO_2025,PRJ-NS-1190,26-12-2025,C-1021,Summit Field Techs,Millwright,8,0,687.39
North Substation,NS_MO_2025,PRJ-NS-1182,26-12-2025,C-1029,Midwest Mech Pros,Controls Tech,8,0,968.11
North Substation,NS_MO_2025,PRJ-NS-1226,26-12-2025,C-1023,Summit Field Techs,Field Engineer,8,0,1662.88
North Substation,NS_MO_2025,PRJ-NS-1348,26-12-2025,C-1026,Precision Welding,Controls Tech,8,0,1063.47
North Substation,NS_MO_2025,PRJ-NS-1244,26-12-2025,C-1078,Atlas Heavy Eng,Millwright,8,0,695.95
North Substation,NS_MO_2025,PRJ-NS-1208,26-12-2025,C-1045,Midwest Mech Pros,Crane Operator,8,0,836.28
North Substation,NS_MO_2025,PRJ-NS-1263,26-12-2025,C-1037,PrimeFix Solutions,Controls Tech,8,0,1070.08
North Substation,NS_MO_2025,PRJ-NS-1335,26-12-2025,C-1019,Midwest Mech Pros,Controls Tech,8,0,1043.04
North Substation,NS_MO_2025,PRJ-NS-1182,26-12-2025,C-1029,Midwest Mech Pros,Controls Tech,8,0,1051.41
North Substation,NS_MO_2025,PRJ-NS-1211,26-12-2025,C-1067,PrimeFix Solutions,Millwright,8,0,745.12
North Substation,NS_MO_2025,PRJ-NS-1255,26-12-2025,C-1000,PrimeFix Solutions,Millwright,8,0,729.51
North Substation,NS_MO_2025,PRJ-NS-1196,26-12-2025,C-1023,Summit Field Techs,Field Engineer,8,0,1676.34
North Substation,NS_MO_2025,PRJ-NS-1350,26-12-2025,C-1079,Precision Welding,Crane Operator,8,0,744.47
North Substation,NS_MO_2025,PRJ-NS-1393,26-12-2025,C-1000,PrimeFix Solutions,Millwright,8,0,708.1
North Substation,NS_MO_2025,PRJ-NS-1203,26-12-2025,C-1006,Apex Industrial,Field Engineer,8,0,1347.07
North Substation,NS_MO_2025,PRJ-NS-1172,26-12-2025,C-1013,Atlas Heavy Eng,Safety Officer,8,0,562.18
North Substation,NS_MO_2025,PRJ-NS-1160,26-12-2025,C-1021,Summit Field Techs,Millwright,8,0,682.06
North Substation,NS_MO_2025,PRJ-NS-1213,26-12-2025,C-1067,PrimeFix Solutions,Millwright,8,0,754.98
North Substation,NS_MO_2025,PRJ-NS-1323,26-12-2025,C-1079,Precision Welding,Crane Operator,8,0,796.4
North Substation,NS_MO_2025,PRJ-NS-1215,26-12-2025,C-1001,Apex Industrial,General Labor,8,0,390.1
North Substation,NS_MO_2025,PRJ-NS-1312,26-12-2025,C-1010,PrimeFix Solutions,Field Engineer,8,0,1558.26
North Substation,NS_MO_2025,PRJ-NS-1390,26-12-2025,C-1062,PrimeFix Solutions,General Labor,8,0,386.38
North Substation,NS_MO_2025,PRJ-NS-1313,26-12-2025,C-1005,Atlas Heavy Eng,Millwright,8,0,595.41
North Substation,NS_MO_2025,PRJ-NS-1200,26-12-2025,C-1023,Summit Field Techs,Field Engineer,8,0,1520.31
North Substation,NS_MO_2025,PRJ-NS-1197,26-12-2025,C-1051,Apex Industrial,Crane Operator,8,0,870.78
North Substation,NS_MO_2025,PRJ-NS-1275,26-12-2025,C-1024,Apex Industrial,Millwright,8,0,778.06
North Substation,NS_MO_2025,PRJ-NS-1263,26-12-2025,C-1054,Midwest Mech Pros,General Labor,8,0,403.83
North Substation,NS_MO_2025,PRJ-NS-1315,26-12-2025,C-1020,Midwest Mech Pros,Field Engineer,8,0,1202.49
North Substation,NS_MO_2025,PRJ-NS-1186,26-12-2025,C-1058,Midwest Mech Pros,Controls Tech,8,0,1276.16
North Substation,NS_MO_2025,PRJ-NS-1353,26-12-2025,C-1073,Precision Welding,General Labor,8,0,366.26
North Substation,NS_MO_2025,PRJ-NS-1258,26-12-2025,C-1060,Summit Field Techs,General Labor,8,0,473.18
North Substation,NS_MO_2025,PRJ-NS-1162,26-12-2025,C-1069,Precision Welding,Safety Officer,8,0,530.82
North Substation,NS_MO_2025,PRJ-NS-1261,26-12-2025,C-1052,PrimeFix Solutions,General Labor,8,0,374.61
North Substation,NS_MO_2025,PRJ-NS-1394,26-12-2025,C-1029,Midwest Mech Pros,Controls Tech,8,0,977.21
North Substation,NS_MO_2025,PRJ-NS-1321,26-12-2025,C-1062,PrimeFix Solutions,General Labor,8,0,359.28
North Substation,NS_MO_2025,PRJ-NS-1372,26-12-2025,C-1066,Apex Industrial,General Labor,8,0,373.84
North Substation,NS_MO_2025,PRJ-NS-1325,26-12-2025,C-1019,Midwest Mech Pros,Controls Tech,8,0,1055.09
North Substation,NS_MO_2025,PRJ-NS-1159,26-12-2025,C-1041,Precision Welding,Millwright,8,0,678.18
North Substation,NS_MO_2025,PRJ-NS-1349,26-12-2025,C-1011,Midwest Mech Pros,General Labor,8,0,435.0
North Substation,NS_MO_2025,PRJ-NS-1207,26-12-2025,C-1006,Apex Industrial,Field Engineer,8,0,1348.91
North Substation,NS_MO_2025,PRJ-NS-1194,26-12-2025,C-1006,Apex Industrial,Field Engineer,8,0,1397.64
North Substation,NS_MO_2025,PRJ-NS-1153,26-12-2025,C-1035,Summit Field Techs,General Labor,8,0,366.77
North Substation,NS_MO_2025,PRJ-NS-1197,26-12-2025,C-1051,Apex Industrial,Crane Operator,8,0,838.02
North Substation,NS_MO_2025,PRJ-NS-1236,26-12-2025,C-1005,Atlas Heavy Eng,Millwright,8,0,632.84
North Substation,NS_MO_2025,PRJ-NS-1222,26-12-2025,C-1041,Precision Welding,Millwright,8,0,742.55
North Substation,NS_MO_2025,PRJ-NS-1194,26-12-2025,C-1006,Apex Industrial,Field Engineer,8,0,1431.79
North Substation,NS_MO_2025,PRJ-NS-1276,26-12-2025,C-1003,Summit Field Techs,Millwright,8,0,680.85
North Substation,NS_MO_2025,PRJ-NS-1153,26-12-2025,C-1035,Summit Field Techs,General Labor,8,0,386.82
North Substation,NS_MO_2025,PRJ-NS-1246,26-12-2025,C-1079,Precision Welding,Crane Operator,8,0,723.74
North Substation,NS_MO_2025,PRJ-NS-1263,26-12-2025,C-1037,PrimeFix Solutions,Controls Tech,8,0,1101.42
North Substation,NS_MO_2025,PRJ-NS-1226,26-12-2025,C-1023,Summit Field Techs,Field Engineer,8,0,1533.31
North Substation,NS_MO_2025,PRJ-NS-1388,26-12-2025,C-1045,Midwest Mech Pros,Crane Operator,8,0,841.97
North Substation,NS_MO_2025,PRJ-NS-1307,26-12-2025,C-1066,Apex Industrial,General Labor,8,0,369.94
North Substation,NS_MO_2025,PRJ-NS-1372,26-12-2025,C-1066,Apex Industrial,General Labor,8,0,384.78
North Substation,NS_MO_2025,PRJ-NS-1346,26-12-2025,C-1010,PrimeFix Solutions,Field Engineer,8,0,1655.89
North Substation,NS_MO_2025,PRJ-NS-1312,26-12-2025,C-1042,PrimeFix Solutions,General Labor,8,0,408.42
North Substation,NS_MO_2025,PRJ-NS-1261,26-12-2025,C-1018,Atlas Heavy Eng,Controls Tech,8,0,1102.02
North Substation,NS_MO_2025,PRJ-NS-1271,26-12-2025,C-1013,Atlas Heavy Eng,Safety Officer,8,0,588.82
North Substation,NS_MO_2025,PRJ-NS-1374,26-12-2025,C-1019,Midwest Mech Pros,Controls Tech,8,0,1105.38
North Substation,NS_MO_2025,PRJ-NS-1350,26-12-2025,C-1079,Precision Welding,Crane Operator,8,0,768.61
North Substation,NS_MO_2025,PRJ-NS-1372,26-12-2025,C-1066,Apex Industrial,General Labor,8,0,396.92
North Substation,NS_MO_2025,PRJ-NS-1394,26-12-2025,C-1029,Midwest Mech Pros,Controls Tech,8,0,1025.15
North Substation,NS_MO_2025,PRJ-NS-1162,26-12-2025,C-1069,Precision Welding,Safety Officer,8,0,544.88
North Substation,NS_MO_2025,PRJ-NS-1226,26-12-2025,C-1001,Apex Industrial,General Labor,8,0,391.12
North Substation,NS_MO_2025,PRJ-NS-1200,26-12-2025,C-1005,Atlas Heavy Eng,Millwright,8,0,589.78
North Substation,NS_MO_2025,PRJ-NS-1335,26-12-2025,C-1019,Midwest Mech Pros,Controls Tech,8,0,1103.1
North Substation,NS_MO_2025,PRJ-NS-1317,26-12-2025,C-1000,PrimeFix Solutions,Millwright,8,0,709.06
North Substation,NS_MO_2025,PRJ-NS-1172,26-12-2025,C-1013,Atlas Heavy Eng,Safety Officer,8,0,580.43
North Substation,NS_MO_2025,PRJ-NS-1213,26-12-2025,C-1067,PrimeFix Solutions,Millwright,8,0,758.83
North Substation,NS_MO_2025,PRJ-NS-1352,26-12-2025,C-1060,Summit Field Techs,General Labor,8,0,446.97
North Substation,NS_MO_2025,PRJ-NS-1181,26-12-2025,C-1078,Atlas Heavy Eng,Millwright,8,0,723.16
North Substation,NS_MO_2025,PRJ-NS-1258,26-12-2025,C-1060,Summit Field Techs,General Labor,8,0,464.45
North Substation,NS_MO_2025,PRJ-NS-1286,26-12-2025,C-1067,PrimeFix Solutions,Millwright,8,0,701.71
North Substation,NS_MO_2025,PRJ-NS-1207,26-12-2025,C-1006,Apex Industrial,Field Engineer,8,0,1427.07
North Substation,NS_MO_2025,PRJ-NS-1346,26-12-2025,C-1010,PrimeFix Solutions,Field Engineer,8,0,1584.95
North Substation,NS_MO_2025,PRJ-NS-1215,26-12-2025,C-1001,Apex Industrial,General Labor,8,0,389.67
North Substation,NS_MO_2025,PRJ-NS-1162,26-12-2025,C-1040,Atlas Heavy Eng,Crane Operator,8,0,834.07
North Substation,NS_MO_2025,PRJ-NS-1226,26-12-2025,C-1018,Atlas Heavy Eng,Controls Tech,8,0,1082.76
North Substation,NS_MO_2025,PRJ-NS-1330,26-12-2025,C-1071,PrimeFix Solutions,Crane Operator,8,0,788.37
North Substation,NS_MO_2025,PRJ-NS-1215,26-12-2025,C-1001,Apex Industrial,General Labor,8,0,408.0
North Substation,NS_MO_2025,PRJ-NS-1186,27-12-2025,C-1058,Midwest Mech Pros,Controls Tech,8,0,1315.74
North Substation,NS_MO_2025,PRJ-NS-1369,27-12-2025,C-1008,Apex Industrial,Safety Officer,8,0,654.13
North Substation,NS_MO_2025,PRJ-NS-1259,27-12-2025,C-1035,Summit Field Techs,General Labor,8,0,362.02
North Substation,NS_MO_2025,PRJ-NS-1248,27-12-2025,C-1026,Precision Welding,Controls Tech,8,0,1016.23
North Substation,NS_MO_2025,PRJ-NS-1393,27-12-2025,C-1037,PrimeFix Solutions,Controls Tech,8,0,1096.93
North Substation,NS_MO_2025,PRJ-NS-1350,27-12-2025,C-1079,Precision Welding,Crane Operator,8,0,742.76
North Substation,NS_MO_2025,PRJ-NS-1390,27-12-2025,C-1013,Atlas Heavy Eng,Safety Officer,8,0,560.4
North Substation,NS_MO_2025,PRJ-NS-1324,27-12-2025,C-1078,Atlas Heavy Eng,Millwright,8,0,689.0
North Substation,NS_MO_2025,PRJ-NS-1152,27-12-2025,C-1053,Precision Welding,Millwright,8,0,684.14
North Substation,NS_MO_2025,PRJ-NS-1150,27-12-2025,C-1071,PrimeFix Solutions,Crane Operator,8,0,755.76
North Substation,NS_MO_2025,PRJ-NS-1379,27-12-2025,C-1019,Midwest Mech Pros,Controls Tech,8,0,1019.94
North Substation,NS_MO_2025,PRJ-NS-1261,27-12-2025,C-1018,Atlas Heavy Eng,Controls Tech,8,0,1147.95
North Substation,NS_MO_2025,PRJ-NS-1301,27-12-2025,C-1013,Atlas Heavy Eng,Safety Officer,8,0,560.05
North Substation,NS_MO_2025,PRJ-NS-1390,27-12-2025,C-1062,PrimeFix Solutions,General Labor,8,0,377.74
North Substation,NS_MO_2025,PRJ-NS-1226,27-12-2025,C-1018,Atlas Heavy Eng,Controls Tech,8,0,1159.0
North Substation,NS_MO_2025,PRJ-NS-1342,27-12-2025,C-1030,Summit Field Techs,Millwright,8,0,655.43
North Substation,NS_MO_2025,PRJ-NS-1257,27-12-2025,C-1077,Precision Welding,Safety Officer,8,0,544.04
North Substation,NS_MO_2025,PRJ-NS-1234,27-12-2025,C-1043,Apex Industrial,Crane Operator,8,0,843.31
North Substation,NS_MO_2025,PRJ-NS-1269,27-12-2025,C-1029,Midwest Mech Pros,Controls Tech,8,0,999.11
North Substation,NS_MO_2025,PRJ-NS-1192,27-12-2025,C-1040,Atlas Heavy Eng,Crane Operator,8,0,817.56
North Substation,NS_MO_2025,PRJ-NS-1326,27-12-2025,C-1053,Precision Welding,Millwright,8,0,630.75
North Substation,NS_MO_2025,PRJ-NS-1228,27-12-2025,C-1020,Midwest Mech Pros,Field Engineer,8,0,1211.8
North Substation,NS_MO_2025,PRJ-NS-1153,27-12-2025,C-1035,Summit Field Techs,General Labor,8,0,368.89
North Substation,NS_MO_2025,PRJ-NS-1384,27-12-2025,C-1035,Summit Field Techs,General Labor,8,0,379.82
North Substation,NS_MO_2025,PRJ-NS-1334,27-12-2025,C-1005,Atlas Heavy Eng,Millwright,8,0,631.87
North Substation,NS_MO_2025,PRJ-NS-1312,27-12-2025,C-1010,PrimeFix Solutions,Field Engineer,8,0,1604.22
North Substation,NS_MO_2025,PRJ-NS-1324,27-12-2025,C-1072,Apex Industrial,Crane Operator,8,0,756.71
North Substation,NS_MO_2025,PRJ-NS-1187,27-12-2025,C-1028,Midwest Mech Pros,Field Engineer,8,0,1405.58
North Substation,NS_MO_2025,PRJ-NS-1347,27-12-2025,C-1027,Precision Welding,Crane Operator,8,0,837.18
North Substation,NS_MO_2025,PRJ-NS-1215,27-12-2025,C-1001,Apex Industrial,General Labor,8,0,389.9
North Substation,NS_MO_2025,PRJ-NS-1332,27-12-2025,C-1052,PrimeFix Solutions,General Labor,8,0,365.8
North Substation,NS_MO_2025,PRJ-NS-1311,28-12-2025,C-1039,PrimeFix Solutions,Field Engineer,8,0,1551.44
North Substation,NS_MO_2025,PRJ-NS-1265,28-12-2025,C-1079,Precision Welding,Crane Operator,8,0,750.91
North Substation,NS_MO_2025,PRJ-NS-1315,28-12-2025,C-1020,Midwest Mech Pros,Field Engineer,8,0,1213.26
North Substation,NS_MO_2025,PRJ-NS-1205,28-12-2025,C-1012,Midwest Mech Pros,Controls Tech,8,0,1046.2
North Substation,NS_MO_2025,PRJ-NS-1206,28-12-2025,C-1026,Precision Welding,Controls Tech,8,0,1074.59
North Substation,NS_MO_2025,PRJ-NS-1236,28-12-2025,C-1005,Atlas Heavy Eng,Millwright,8,0,591.42
North Substation,NS_MO_2025,PRJ-NS-1356,28-12-2025,C-1054,Midwest Mech Pros,General Labor,8,0,415.83
North Substation,NS_MO_2025,PRJ-NS-1226,28-12-2025,C-1023,Summit Field Techs,Field Engineer,8,0,1609.45
North Substation,NS_MO_2025,PRJ-NS-1342,28-12-2025,C-1031,Summit Field Techs,Crane Operator,8,0,714.85
North Substation,NS_MO_2025,PRJ-NS-1154,28-12-2025,C-1020,Midwest Mech Pros,Field Engineer,8,0,1153.35
North Substation,NS_MO_2025,PRJ-NS-1182,28-12-2025,C-1029,Midwest Mech Pros,Controls Tech,8,0,1025.09
North Substation,NS_MO_2025,PRJ-NS-1188,28-12-2025,C-1024,Apex Industrial,Millwright,8,0,745.59
North Substation,NS_MO_2025,PRJ-NS-1181,28-12-2025,C-1069,Precision Welding,Safety Officer,8,0,524.63
North Substation,NS_MO_2025,PRJ-NS-1268,28-12-2025,C-1028,Midwest Mech Pros,Field Engineer,8,0,1451.07
North Substation,NS_MO_2025,PRJ-NS-1312,28-12-2025,C-1010,PrimeFix Solutions,Field Engineer,8,0,1542.71
North Substation,NS_MO_2025,PRJ-NS-1352,28-12-2025,C-1060,Summit Field Techs,General Labor,8,0,487.51
North Substation,NS_MO_2025,PRJ-NS-1302,28-12-2025,C-1011,Midwest Mech Pros,General Labor,8,0,426.29
North Substation,NS_MO_2025,PRJ-NS-1372,28-12-2025,C-1066,Apex Industrial,General Labor,8,0,389.41
North Substation,NS_MO_2025,PRJ-NS-1394,28-12-2025,C-1029,Midwest Mech Pros,Controls Tech,8,0,989.76
North Substation,NS_MO_2025,PRJ-NS-1207,28-12-2025,C-1006,Apex Industrial,Field Engineer,8,0,1351.3
North Substation,NS_MO_2025,PRJ-NS-1232,28-12-2025,C-1073,Precision Welding,General Labor,8,0,372.59
North Substation,NS_MO_2025,PRJ-NS-1380,28-12-2025,C-1039,PrimeFix Solutions,Field Engineer,8,0,1510.27
North Substation,NS_MO_2025,PRJ-NS-1329,28-12-2025,C-1067,PrimeFix Solutions,Millwright,8,0,701.22
North Substation,NS_MO_2025,PRJ-NS-1317,28-12-2025,C-1000,PrimeFix Solutions,Millwright,8,0,703.81
North Substation,NS_MO_2025,PRJ-NS-1187,28-12-2025,C-1028,Midwest Mech Pros,Field Engineer,8,0,1445.23
North Substation,NS_MO_2025,PRJ-NS-1213,28-12-2025,C-1041,Precision Welding,Millwright,8,0,737.96
North Substation,NS_MO_2025,PRJ-NS-1327,28-12-2025,C-1023,Summit Field Techs,Field Engineer,8,0,1658.01
North Substation,NS_MO_2025,PRJ-NS-1301,28-12-2025,C-1013,Atlas Heavy Eng,Safety Officer,8,0,572.49
North Substation,NS_MO_2025,PRJ-NS-1194,28-12-2025,C-1030,Summit Field Techs,Millwright,8,0,660.21
North Substation,NS_MO_2025,PRJ-NS-1200,28-12-2025,C-1005,Atlas Heavy Eng,Millwright,8,0,618.46
North Substation,NS_MO_2025,PRJ-NS-1197,28-12-2025,C-1051,Apex Industrial,Crane Operator,8,0,838.45
North Substation,NS_MO_2025,PRJ-NS-1194,28-12-2025,C-1046,Precision Welding,General Labor,8,0,439.94
North Substation,NS_MO_2025,PRJ-NS-1315,28-12-2025,C-1062,PrimeFix Solutions,General Labor,8,0,375.99
North Substation,NS_MO_2025,PRJ-NS-1379,28-12-2025,C-1019,Midwest Mech Pros,Controls Tech,8,0,1066.11
North Substation,NS_MO_2025,PRJ-NS-1190,28-12-2025,C-1021,Summit Field Techs,Millwright,8,0,692.57
North Substation,NS_MO_2025,PRJ-NS-1213,28-12-2025,C-1067,PrimeFix Solutions,Millwright,8,0,718.65
North Substation,NS_MO_2025,PRJ-NS-1393,28-12-2025,C-1037,PrimeFix Solutions,Controls Tech,8,0,1064.81
North Substation,NS_MO_2025,PRJ-NS-1248,28-12-2025,C-1026,Precision Welding,Controls Tech,8,0,1036.47
North Substation,NS_MO_2025,PRJ-NS-1286,29-12-2025,C-1067,PrimeFix Solutions,Millwright,8,0,697.45
North Substation,NS_MO_2025,PRJ-NS-1152,29-12-2025,C-1053,Precision Welding,Millwright,8,0,675.54
North Substation,NS_MO_2025,PRJ-NS-1374,29-12-2025,C-1019,Midwest Mech Pros,Controls Tech,8,0,1081.62
North Substation,NS_MO_2025,PRJ-NS-1200,29-12-2025,C-1023,Summit Field Techs,Field Engineer,8,0,1635.01
North Substation,NS_MO_2025,PRJ-NS-1248,29-12-2025,C-1026,Precision Welding,Controls Tech,8,0,1012.11
North Substation,NS_MO_2025,PRJ-NS-1291,29-12-2025,C-1005,Atlas Heavy Eng,Millwright,8,0,607.12
North Substation,NS_MO_2025,PRJ-NS-1373,29-12-2025,C-1037,PrimeFix Solutions,Controls Tech,8,0,1125.27
North Substation,NS_MO_2025,PRJ-NS-1300,29-12-2025,C-1023,Summit Field Techs,Field Engineer,8,0,1522.13
North Substation,NS_MO_2025,PRJ-NS-1236,29-12-2025,C-1005,Atlas Heavy Eng,Millwright,8,0,619.83
North Substation,NS_MO_2025,PRJ-NS-1315,29-12-2025,C-1062,PrimeFix Solutions,General Labor,8,0,392.31
North Substation,NS_MO_2025,PRJ-NS-1372,29-12-2025,C-1066,Apex Industrial,General Labor,8,0,401.65
North Substation,NS_MO_2025,PRJ-NS-1185,29-12-2025,C-1023,Summit Field Techs,Field Engineer,8,0,1664.71
North Substation,NS_MO_2025,PRJ-NS-1324,29-12-2025,C-1078,Atlas Heavy Eng,Millwright,8,0,684.93
North Substation,NS_MO_2025,PRJ-NS-1302,29-12-2025,C-1035,Summit Field Techs,General Labor,8,0,361.21
North Substation,NS_MO_2025,PRJ-NS-1312,29-12-2025,C-1042,PrimeFix Solutions,General Labor,8,0,419.69
North Substation,NS_MO_2025,PRJ-NS-1380,29-12-2025,C-1006,Apex Industrial,Field Engineer,8,0,1389.91
North Substation,NS_MO_2025,PRJ-NS-1181,29-12-2025,C-1069,Precision Welding,Safety Officer,8,0,498.01
North Substation,NS_MO_2025,PRJ-NS-1159,29-12-2025,C-1006,Apex Industrial,Field Engineer,8,0,1364.37
North Substation,NS_MO_2025,PRJ-NS-1162,29-12-2025,C-1040,Atlas Heavy Eng,Crane Operator,8,0,892.01
North Substation,NS_MO_2025,PRJ-NS-1205,29-12-2025,C-1012,Midwest Mech Pros,Controls Tech,8,0,1039.72
North Substation,NS_MO_2025,PRJ-NS-1390,29-12-2025,C-1013,Atlas Heavy Eng,Safety Officer,8,0,564.15
North Substation,NS_MO_2025,PRJ-NS-1375,29-12-2025,C-1012,Midwest Mech Pros,Controls Tech,8,0,1075.94
North Substation,NS_MO_2025,PRJ-NS-1263,29-12-2025,C-1039,PrimeFix Solutions,Field Engineer,8,0,1459.17
North Substation,NS_MO_2025,PRJ-NS-1390,29-12-2025,C-1062,PrimeFix Solutions,General Labor,8,0,393.58
North Substation,NS_MO_2025,PRJ-NS-1323,29-12-2025,C-1079,Precision Welding,Crane Operator,8,0,774.53
North Substation,NS_MO_2025,PRJ-NS-1151,29-12-2025,C-1065,PrimeFix Solutions,Safety Officer,8,0,671.82
North Substation,NS_MO_2025,PRJ-NS-1313,29-12-2025,C-1005,Atlas Heavy Eng,Millwright,8,0,633.87
North Substation,NS_MO_2025,PRJ-NS-1346,29-12-2025,C-1006,Apex Industrial,Field Engineer,8,0,1370.84
North Substation,NS_MO_2025,PRJ-NS-1206,29-12-2025,C-1026,Precision Welding,Controls Tech,8,0,1025.35
North Substation,NS_MO_2025,PRJ-NS-1332,29-12-2025,C-1052,PrimeFix Solutions,General Labor,8,0,363.41
North Substation,NS_MO_2025,PRJ-NS-1356,29-12-2025,C-1039,PrimeFix Solutions,Field Engineer,8,0,1588.93
North Substation,NS_MO_2025,PRJ-NS-1269,29-12-2025,C-1029,Midwest Mech Pros,Controls Tech,8,0,1025.62
North Substation,NS_MO_2025,PRJ-NS-1159,29-12-2025,C-1041,Precision Welding,Millwright,8,0,727.03
North Substation,NS_MO_2025,PRJ-NS-1326,29-12-2025,C-1076,Apex Industrial,Safety Officer,8,0,611.31
North Substation,NS_MO_2025,PRJ-NS-1366,29-12-2025,C-1010,PrimeFix Solutions,Field Engineer,8,0,1619.56
North Substation,NS_MO_2025,PRJ-NS-1288,29-12-2025,C-1077,Precision Welding,Safety Officer,8,0,570.7
North Substation,NS_MO_2025,PRJ-NS-1329,29-12-2025,C-1067,PrimeFix Solutions,Millwright,8,0,758.13
North Substation,NS_MO_2025,PRJ-NS-1394,29-12-2025,C-1029,Midwest Mech Pros,Controls Tech,8,0,984.8
North Substation,NS_MO_2025,PRJ-NS-1369,29-12-2025,C-1008,Apex Industrial,Safety Officer,8,0,665.74
North Substation,NS_MO_2025,PRJ-NS-1160,29-12-2025,C-1021,Summit Field Techs,Millwright,8,0,705.04
North Substation,NS_MO_2025,PRJ-NS-1304,29-12-2025,C-1059,PrimeFix Solutions,Field Engineer,8,0,1187.38
North Substation,NS_MO_2025,PRJ-NS-1181,29-12-2025,C-1039,PrimeFix Solutions,Field Engineer,8,0,1571.9
North Substation,NS_MO_2025,PRJ-NS-1321,29-12-2025,C-1062,PrimeFix Solutions,General Labor,8,0,372.85
North Substation,NS_MO_2025,PRJ-NS-1370,29-12-2025,C-1028,Midwest Mech Pros,Field Engineer,8,0,1409.95
North Substation,NS_MO_2025,PRJ-NS-1213,29-12-2025,C-1041,Precision Welding,Millwright,8,0,728.52
North Substation,NS_MO_2025,PRJ-NS-1354,29-12-2025,C-1066,Apex Industrial,General Labor,8,0,397.32
North Substation,NS_MO_2025,PRJ-NS-1226,29-12-2025,C-1001,Apex Industrial,General Labor,8,0,417.29
North Substation,NS_MO_2025,PRJ-NS-1246,29-12-2025,C-1079,Precision Welding,Crane Operator,8,0,763.29
North Substation,NS_MO_2025,PRJ-NS-1207,29-12-2025,C-1006,Apex Industrial,Field Engineer,8,0,1339.06
North Substation,NS_MO_2025,PRJ-NS-1263,29-12-2025,C-1037,PrimeFix Solutions,Controls Tech,8,0,1101.27
North Substation,NS_MO_2025,PRJ-NS-1208,29-12-2025,C-1045,Midwest Mech Pros,Crane Operator,8,0,860.24
North Substation,NS_MO_2025,PRJ-NS-1261,29-12-2025,C-1018,Atlas Heavy Eng,Controls Tech,8,0,1184.31
North Substation,NS_MO_2025,PRJ-NS-1270,29-12-2025,C-1006,Apex Industrial,Field Engineer,8,0,1335.59
North Substation,NS_MO_2025,PRJ-NS-1150,29-12-2025,C-1071,PrimeFix Solutions,Crane Operator,8,0,779.54
North Substation,NS_MO_2025,PRJ-NS-1194,29-12-2025,C-1030,Summit Field Techs,Millwright,8,0,653.91
North Substation,NS_MO_2025,PRJ-NS-1301,29-12-2025,C-1013,Atlas Heavy Eng,Safety Officer,8,0,592.96
North Substation,NS_MO_2025,PRJ-NS-1347,29-12-2025,C-1027,Precision Welding,Crane Operator,8,0,874.28
North Substation,NS_MO_2025,PRJ-NS-1190,29-12-2025,C-1006,Apex Industrial,Field Engineer,8,0,1429.56
North Substation,NS_MO_2025,PRJ-NS-1189,29-12-2025,C-1024,Apex Industrial,Millwright,8,0,773.42
North Substation,NS_MO_2025,PRJ-NS-1181,29-12-2025,C-1078,Atlas Heavy Eng,Millwright,8,0,708.73
North Substation,NS_MO_2025,PRJ-NS-1330,29-12-2025,C-1071,PrimeFix Solutions,Crane Operator,8,0,768.71
North Substation,NS_MO_2025,PRJ-NS-1356,29-12-2025,C-1054,Midwest Mech Pros,General Labor,8,0,417.77
North Substation,NS_MO_2025,PRJ-NS-1393,29-12-2025,C-1000,PrimeFix Solutions,Millwright,8,0,692.49
North Substation,NS_MO_2025,PRJ-NS-1226,29-12-2025,C-1023,Summit Field Techs,Field Engineer,8,0,1632.45
North Substation,NS_MO_2025,PRJ-NS-1322,29-12-2025,C-1031,Summit Field Techs,Crane Operator,8,0,719.61
North Substation,NS_MO_2025,PRJ-NS-1188,29-12-2025,C-1003,Summit Field Techs,Millwright,8,0,689.1
North Substation,NS_MO_2025,PRJ-NS-1271,29-12-2025,C-1013,Atlas Heavy Eng,Safety Officer,8,0,581.15
North Substation,NS_MO_2025,PRJ-NS-1259,29-12-2025,C-1043,Apex Industrial,Crane Operator,8,0,784.82
North Substation,NS_MO_2025,PRJ-NS-1189,29-12-2025,C-1074,Apex Industrial,Controls Tech,8,0,1070.38
North Substation,NS_MO_2025,PRJ-NS-1315,29-12-2025,C-1020,Midwest Mech Pros,Field Engineer,8,0,1155.81
North Substation,NS_MO_2025,PRJ-NS-1327,29-12-2025,C-1023,Summit Field Techs,Field Engineer,8,0,1613.72
North Substation,NS_MO_2025,PRJ-NS-1190,29-12-2025,C-1021,Summit Field Techs,Millwright,8,0,659.57
North Substation,NS_MO_2025,PRJ-NS-1320,29-12-2025,C-1001,Apex Industrial,General Labor,8,0,409.93
North Substation,NS_MO_2025,PRJ-NS-1234,29-12-2025,C-1043,Apex Industrial,Crane Operator,8,0,819.09
North Substation,NS_MO_2025,PRJ-NS-1384,29-12-2025,C-1035,Summit Field Techs,General Labor,8,0,353.2
North Substation,NS_MO_2025,PRJ-NS-1342,29-12-2025,C-1030,Summit Field Techs,Millwright,8,0,634.65
North Substation,NS_MO_2025,PRJ-NS-1257,29-12-2025,C-1077,Precision Welding,Safety Officer,8,0,587.64
North Substation,NS_MO_2025,PRJ-NS-1204,29-12-2025,C-1024,Apex Industrial,Millwright,8,0,774.03
North Substation,NS_MO_2025,PRJ-NS-1213,29-12-2025,C-1067,PrimeFix Solutions,Millwright,8,0,723.11
North Substation,NS_MO_2025,PRJ-NS-1388,29-12-2025,C-1045,Midwest Mech Pros,Crane Operator,8,0,831.84
North Substation,NS_MO_2025,PRJ-NS-1325,29-12-2025,C-1019,Midwest Mech Pros,Controls Tech,8,0,1089.67
North Substation,NS_MO_2025,PRJ-NS-1172,29-12-2025,C-1013,Atlas Heavy Eng,Safety Officer,8,0,555.96
North Substation,NS_MO_2025,PRJ-NS-1197,29-12-2025,C-1051,Apex Industrial,Crane Operator,8,0,835.5
North Substation,NS_MO_2025,PRJ-NS-1356,29-12-2025,C-1067,PrimeFix Solutions,Millwright,8,0,702.74
North Substation,NS_MO_2025,PRJ-NS-1276,29-12-2025,C-1003,Summit Field Techs,Millwright,8,0,705.21
North Substation,NS_MO_2025,PRJ-NS-1366,29-12-2025,C-1066,Apex Industrial,General Labor,8,0,388.1
North Substation,NS_MO_2025,PRJ-NS-1194,29-12-2025,C-1006,Apex Industrial,Field Engineer,8,0,1336.57
North Substation,NS_MO_2025,PRJ-NS-1334,29-12-2025,C-1005,Atlas Heavy Eng,Millwright,8,0,589.04
North Substation,NS_MO_2025,PRJ-NS-1301,29-12-2025,C-1065,PrimeFix Solutions,Safety Officer,8,0,689.88
North Substation,NS_MO_2025,PRJ-NS-1244,29-12-2025,C-1078,Atlas Heavy Eng,Millwright,8,0,705.87
North Substation,NS_MO_2025,PRJ-NS-1322,29-12-2025,C-1019,Midwest Mech Pros,Controls Tech,8,0,1026.3
North Substation,NS_MO_2025,PRJ-NS-1380,29-12-2025,C-1039,PrimeFix Solutions,Field Engineer,8,0,1556.03
North Substation,NS_MO_2025,PRJ-NS-1258,29-12-2025,C-1060,Summit Field Techs,General Labor,8,0,468.35
North Substation,NS_MO_2025,PRJ-NS-1324,29-12-2025,C-1072,Apex Industrial,Crane Operator,8,0,762.88
North Substation,NS_MO_2025,PRJ-NS-1198,29-12-2025,C-1043,Apex Industrial,Crane Operator,8,0,842.01
North Substation,NS_MO_2025,PRJ-NS-1290,29-12-2025,C-1037,PrimeFix Solutions,Controls Tech,8,0,1125.55
North Substation,NS_MO_2025,PRJ-NS-1361,29-12-2025,C-1073,Precision Welding,General Labor,8,0,372.31
North Substation,NS_MO_2025,PRJ-NS-1222,29-12-2025,C-1041,Precision Welding,Millwright,8,0,705.06
North Substation,NS_MO_2025,PRJ-NS-1191,29-12-2025,C-1047,Atlas Heavy Eng,Millwright,8,0,626.29
North Substation,NS_MO_2025,PRJ-NS-1302,30-12-2025,C-1035,Summit Field Techs,General Labor,8,0,382.55
North Substation,NS_MO_2025,PRJ-NS-1366,30-12-2025,C-1066,Apex Industrial,General Labor,8,0,404.06
North Substation,NS_MO_2025,PRJ-NS-1307,30-12-2025,C-1066,Apex Industrial,General Labor,8,0,400.97
North Substation,NS_MO_2025,PRJ-NS-1192,30-12-2025,C-1040,Atlas Heavy Eng,Crane Operator,8,0,868.65
North Substation,NS_MO_2025,PRJ-NS-1226,30-12-2025,C-1023,Summit Field Techs,Field Engineer,8,0,1554.33
North Substation,NS_MO_2025,PRJ-NS-1259,30-12-2025,C-1043,Apex Industrial,Crane Operator,8,0,790.23
North Substation,NS_MO_2025,PRJ-NS-1162,30-12-2025,C-1040,Atlas Heavy Eng,Crane Operator,8,0,864.62
North Substation,NS_MO_2025,PRJ-NS-1393,30-12-2025,C-1037,PrimeFix Solutions,Controls Tech,8,0,1106.6
North Substation,NS_MO_2025,PRJ-NS-1388,30-12-2025,C-1045,Midwest Mech Pros,Crane Operator,8,0,877.37
North Substation,NS_MO_2025,PRJ-NS-1194,30-12-2025,C-1046,Precision Welding,General Labor,8,0,441.44
North Substation,NS_MO_2025,PRJ-NS-1265,30-12-2025,C-1079,Precision Welding,Crane Operator,8,0,746.42
North Substation,NS_MO_2025,PRJ-NS-1181,30-12-2025,C-1078,Atlas Heavy Eng,Millwright,8,0,687.02
North Substation,NS_MO_2025,PRJ-NS-1258,30-12-2025,C-1060,Summit Field Techs,General Labor,8,0,477.93
North Substation,NS_MO_2025,PRJ-NS-1203,30-12-2025,C-1006,Apex Industrial,Field Engineer,8,0,1356.62
North Substation,NS_MO_2025,PRJ-NS-1295,30-12-2025,C-1059,PrimeFix Solutions,Field Engineer,8,0,1225.5
North Substation,NS_MO_2025,PRJ-NS-1350,30-12-2025,C-1079,Precision Welding,Crane Operator,8,0,730.17
North Substation,NS_MO_2025,PRJ-NS-1263,30-12-2025,C-1037,PrimeFix Solutions,Controls Tech,8,0,1162.4
North Substation,NS_MO_2025,PRJ-NS-1346,30-12-2025,C-1006,Apex Industrial,Field Engineer,8,0,1331.4
North Substation,NS_MO_2025,PRJ-NS-1160,30-12-2025,C-1017,Summit Field Techs,Crane Operator,8,0,857.66
North Substation,NS_MO_2025,PRJ-NS-1322,30-12-2025,C-1019,Midwest Mech Pros,Controls Tech,8,0,1113.96
North Substation,NS_MO_2025,PRJ-NS-1288,30-12-2025,C-1077,Precision Welding,Safety Officer,8,0,554.95
North Substation,NS_MO_2025,PRJ-NS-1326,30-12-2025,C-1076,Apex Industrial,Safety Officer,8,0,636.78
North Substation,NS_MO_2025,PRJ-NS-1301,30-12-2025,C-1013,Atlas Heavy Eng,Safety Officer,8,0,599.06
North Substation,NS_MO_2025,PRJ-NS-1269,30-12-2025,C-1029,Midwest Mech Pros,Controls Tech,8,0,971.55
North Substation,NS_MO_2025,PRJ-NS-1335,30-12-2025,C-1019,Midwest Mech Pros,Controls Tech,8,0,1061.04
North Substation,NS_MO_2025,PRJ-NS-1154,30-12-2025,C-1020,Midwest Mech Pros,Field Engineer,8,0,1190.64
North Substation,NS_MO_2025,PRJ-NS-1182,30-12-2025,C-1029,Midwest Mech Pros,Controls Tech,8,0,1022.85
North Substation,NS_MO_2025,PRJ-NS-1246,30-12-2025,C-1079,Precision Welding,Crane Operator,8,0,755.93
North Substation,NS_MO_2025,PRJ-NS-1291,30-12-2025,C-1005,Atlas Heavy Eng,Millwright,8,0,624.69
North Substation,NS_MO_2025,PRJ-NS-1213,30-12-2025,C-1041,Precision Welding,Millwright,8,0,681.55
North Substation,NS_MO_2025,PRJ-NS-1176,30-12-2025,C-1029,Midwest Mech Pros,Controls Tech,8,0,1040.7
North Substation,NS_MO_2025,PRJ-NS-1261,30-12-2025,C-1018,Atlas Heavy Eng,Controls Tech,8,0,1110.01
North Substation,NS_MO_2025,PRJ-NS-1356,30-12-2025,C-1054,Midwest Mech Pros,General Labor,8,0,382.21
North Substation,NS_MO_2025,PRJ-NS-1329,30-12-2025,C-1067,PrimeFix Solutions,Millwright,8,0,712.27
North Substation,NS_MO_2025,PRJ-NS-1379,30-12-2025,C-1019,Midwest Mech Pros,Controls Tech,8,0,1073.58
North Substation,NS_MO_2025,PRJ-NS-1370,30-12-2025,C-1028,Midwest Mech Pros,Field Engineer,8,0,1450.5
North Substation,NS_MO_2025,PRJ-NS-1255,30-12-2025,C-1000,PrimeFix Solutions,Millwright,8,0,721.2
North Substation,NS_MO_2025,PRJ-NS-1226,30-12-2025,C-1018,Atlas Heavy Eng,Controls Tech,8,0,1174.35
North Substation,NS_MO_2025,PRJ-NS-1312,30-12-2025,C-1010,PrimeFix Solutions,Field Engineer,8,0,1532.91
North Substation,NS_MO_2025,PRJ-NS-1312,30-12-2025,C-1042,PrimeFix Solutions,General Labor,8,0,398.98
North Substation,NS_MO_2025,PRJ-NS-1332,30-12-2025,C-1052,PrimeFix Solutions,General Labor,8,0,352.12
North Substation,NS_MO_2025,PRJ-NS-1259,30-12-2025,C-1035,Summit Field Techs,General Labor,8,0,380.73
North Substation,NS_MO_2025,PRJ-NS-1196,30-12-2025,C-1023,Summit Field Techs,Field Engineer,8,0,1557.7
North Substation,NS_MO_2025,PRJ-NS-1361,30-12-2025,C-1073,Precision Welding,General Labor,8,0,371.77
North Substation,NS_MO_2025,PRJ-NS-1346,30-12-2025,C-1010,PrimeFix Solutions,Field Engineer,8,0,1630.42
North Substation,NS_MO_2025,PRJ-NS-1393,30-12-2025,C-1003,Summit Field Techs,Millwright,8,0,670.78
North Substation,NS_MO_2025,PRJ-NS-1347,30-12-2025,C-1027,Precision Welding,Crane Operator,8,0,897.92
North Substation,NS_MO_2025,PRJ-NS-1384,30-12-2025,C-1035,Summit Field Techs,General Labor,8,0,383.89
North Substation,NS_MO_2025,PRJ-NS-1356,30-12-2025,C-1067,PrimeFix Solutions,Millwright,8,0,749.66
North Substation,NS_MO_2025,PRJ-NS-1208,30-12-2025,C-1045,Midwest Mech Pros,Crane Operator,8,0,861.93
North Substation,NS_MO_2025,PRJ-NS-1325,30-12-2025,C-1019,Midwest Mech Pros,Controls Tech,8,0,1030.52
North Substation,NS_MO_2025,PRJ-NS-1188,30-12-2025,C-1003,Summit Field Techs,Millwright,8,0,684.12
North Substation,NS_MO_2025,PRJ-NS-1315,30-12-2025,C-1020,Midwest Mech Pros,Field Engineer,8,0,1165.58
North Substation,NS_MO_2025,PRJ-NS-1211,30-12-2025,C-1067,PrimeFix Solutions,Millwright,8,0,707.8
North Substation,NS_MO_2025,PRJ-NS-1228,30-12-2025,C-1027,Precision Welding,Crane Operator,8,0,889.05
North Substation,NS_MO_2025,PRJ-NS-1181,30-12-2025,C-1069,Precision Welding,Safety Officer,8,0,534.82
North Substation,NS_MO_2025,PRJ-NS-1394,30-12-2025,C-1029,Midwest Mech Pros,Controls Tech,8,0,1019.39
North Substation,NS_MO_2025,PRJ-NS-1259,30-12-2025,C-1023,Summit Field Techs,Field Engineer,8,0,1645.55
North Substation,NS_MO_2025,PRJ-NS-1183,30-12-2025,C-1078,Atlas Heavy Eng,Millwright,8,0,675.81
North Substation,NS_MO_2025,PRJ-NS-1342,30-12-2025,C-1030,Summit Field Techs,Millwright,8,0,650.01
North Substation,NS_MO_2025,PRJ-NS-1353,30-12-2025,C-1073,Precision Welding,General Labor,8,0,361.47
North Substation,NS_MO_2025,PRJ-NS-1313,30-12-2025,C-1005,Atlas Heavy Eng,Millwright,8,0,615.59
North Substation,NS_MO_2025,PRJ-NS-1222,30-12-2025,C-1041,Precision Welding,Millwright,8,0,723.28
North Substation,NS_MO_2025,PRJ-NS-1190,30-12-2025,C-1021,Summit Field Techs,Millwright,8,0,663.85
North Substation,NS_MO_2025,PRJ-NS-1321,30-12-2025,C-1062,PrimeFix Solutions,General Labor,8,0,373.34
North Substation,NS_MO_2025,PRJ-NS-1276,30-12-2025,C-1003,Summit Field Techs,Millwright,8,0,649.23
North Substation,NS_MO_2025,PRJ-NS-1374,30-12-2025,C-1019,Midwest Mech Pros,Controls Tech,8,0,1088.41
North Substation,NS_MO_2025,PRJ-NS-1160,30-12-2025,C-1021,Summit Field Techs,Millwright,8,0,660.99
North Substation,NS_MO_2025,PRJ-NS-1197,30-12-2025,C-1051,Apex Industrial,Crane Operator,8,0,858.28
North Substation,NS_MO_2025,PRJ-NS-1263,30-12-2025,C-1039,PrimeFix Solutions,Field Engineer,8,0,1572.82
North Substation,NS_MO_2025,PRJ-NS-1255,31-12-2025,C-1000,PrimeFix Solutions,Millwright,8,0,733.51
North Substation,NS_MO_2025,PRJ-NS-1354,31-12-2025,C-1066,Apex Industrial,General Labor,8,0,369.12
North Substation,NS_MO_2025,PRJ-NS-1176,31-12-2025,C-1029,Midwest Mech Pros,Controls Tech,8,0,994.89
North Substation,NS_MO_2025,PRJ-NS-1200,31-12-2025,C-1005,Atlas Heavy Eng,Millwright,8,0,613.55
North Substation,NS_MO_2025,PRJ-NS-1187,31-12-2025,C-1028,Midwest Mech Pros,Field Engineer,8,0,1431.98
North Substation,NS_MO_2025,PRJ-NS-1384,31-12-2025,C-1035,Summit Field Techs,General Labor,8,0,352.29
North Substation,NS_MO_2025,PRJ-NS-1197,31-12-2025,C-1051,Apex Industrial,Crane Operator,8,0,888.42
North Substation,NS_MO_2025,PRJ-NS-1322,31-12-2025,C-1031,Summit Field Techs,Crane Operator,8,0,740.24
North Substation,NS_MO_2025,PRJ-NS-1257,31-12-2025,C-1077,Precision Welding,Safety Officer,8,0,553.57
North Substation,NS_MO_2025,PRJ-NS-1153,31-12-2025,C-1035,Summit Field Techs,General Labor,8,0,356.41
North Substation,NS_MO_2025,PRJ-NS-1315,31-12-2025,C-1062,PrimeFix Solutions,General Labor,8,0,373.76
North Substation,NS_MO_2025,PRJ-NS-1196,31-12-2025,C-1023,Summit Field Techs,Field Engineer,8,0,1665.8
North Substation,NS_MO_2025,PRJ-NS-1321,31-12-2025,C-1062,PrimeFix Solutions,General Labor,8,0,393.32
North Substation,NS_MO_2025,PRJ-NS-1329,31-12-2025,C-1067,PrimeFix Solutions,Millwright,8,0,724.33
North Substation,NS_MO_2025,PRJ-NS-1317,31-12-2025,C-1000,PrimeFix Solutions,Millwright,8,0,712.39
North Substation,NS_MO_2025,PRJ-NS-1250,31-12-2025,C-1072,Apex Industrial,Crane Operator,8,0,742.99
North Substation,NS_MO_2025,PRJ-NS-1207,31-12-2025,C-1006,Apex Industrial,Field Engineer,8,0,1328.13
North Substation,NS_MO_2025,PRJ-NS-1356,31-12-2025,C-1039,PrimeFix Solutions,Field Engineer,8,0,1481.48
North Substation,NS_MO_2025,PRJ-NS-1324,31-12-2025,C-1078,Atlas Heavy Eng,Millwright,8,0,694.87
North Substation,NS_MO_2025,PRJ-NS-1213,31-12-2025,C-1067,PrimeFix Solutions,Millwright,8,0,694.65
North Substation,NS_MO_2025,PRJ-NS-1181,31-12-2025,C-1078,Atlas Heavy Eng,Millwright,8,0,675.29
North Substation,NS_MO_2025,PRJ-NS-1369,31-12-2025,C-1008,Apex Industrial,Safety Officer,8,0,697.98
North Substation,NS_MO_2025,PRJ-NS-1190,31-12-2025,C-1006,Apex Industrial,Field Engineer,8,0,1354.97
North Substation,NS_MO_2025,PRJ-NS-1315,31-12-2025,C-1020,Midwest Mech Pros,Field Engineer,8,0,1154.59
North Substation,NS_MO_2025,PRJ-NS-1228,31-12-2025,C-1027,Precision Welding,Crane Operator,8,0,885.56
North Substation,NS_MO_2025,PRJ-NS-1208,31-12-2025,C-1045,Midwest Mech Pros,Crane Operator,8,0,846.74
North Substation,NS_MO_2025,PRJ-NS-1373,31-12-2025,C-1037,PrimeFix Solutions,Controls Tech,8,0,1159.09
North Substation,NS_MO_2025,PRJ-NS-1188,31-12-2025,C-1024,Apex Industrial,Millwright,8,0,711.25
North Substation,NS_MO_2025,PRJ-NS-1320,31-12-2025,C-1001,Apex Industrial,General Labor,8,0,419.96
North Substation,NS_MO_2025,PRJ-NS-1390,31-12-2025,C-1062,PrimeFix Solutions,General Labor,8,0,374.83
North Substation,NS_MO_2025,PRJ-NS-1302,31-12-2025,C-1035,Summit Field Techs,General Labor,8,0,373.62
North Substation,NS_MO_2025,PRJ-NS-1313,31-12-2025,C-1005,Atlas Heavy Eng,Millwright,8,0,629.73
North Substation,NS_MO_2025,PRJ-NS-1352,31-12-2025,C-1060,Summit Field Techs,General Labor,8,0,460.85
North Substation,NS_MO_2025,PRJ-NS-1379,31-12-2025,C-1019,Midwest Mech Pros,Controls Tech,8,0,1032.74
North Substation,NS_MO_2025,PRJ-NS-1346,31-12-2025,C-1010,PrimeFix Solutions,Field Engineer,8,0,1558.4
North Substation,NS_MO_2025,PRJ-NS-1192,31-12-2025,C-1040,Atlas Heavy Eng,Crane Operator,8,0,826.66
North Substation,NS_MO_2025,PRJ-NS-1183,31-12-2025,C-1078,Atlas Heavy Eng,Millwright,8,0,674.62
North Substation,NS_MO_2025,PRJ-NS-1204,31-12-2025,C-1024,Apex Industrial,Millwright,8,0,780.47
North Substation,NS_MO_2025,PRJ-NS-1394,31-12-2025,C-1029,Midwest Mech Pros,Controls Tech,8,0,1004.62
North Substation,NS_MO_2025,PRJ-NS-1327,31-12-2025,C-1023,Summit Field Techs,Field Engineer,8,0,1594.42
North Substation,NS_MO_2025,PRJ-NS-1228,31-12-2025,C-1020,Midwest Mech Pros,Field Engineer,8,0,1252.86
North Substation,NS_MO_2025,PRJ-NS-1347,31-12-2025,C-1027,Precision Welding,Crane Operator,8,0,851.89
North Substation,NS_MO_2025,PRJ-NS-1312,31-12-2025,C-1010,PrimeFix Solutions,Field Engineer,8,0,1662.06
North Substation,NS_MO_2025,PRJ-NS-1393,31-12-2025,C-1000,PrimeFix Solutions,Millwright,8,0,720.22
North Substation,NS_MO_2025,PRJ-NS-1194,31-12-2025,C-1046,Precision Welding,General Labor,8,0,420.21
North Substation,NS_MO_2025,PRJ-NS-1300,31-12-2025,C-1023,Summit Field Techs,Field Engineer,8,0,1561.22
North Substation,NS_MO_2025,PRJ-NS-1276,31-12-2025,C-1003,Summit Field Techs,Millwright,8,0,690.97
North Substation,NS_MO_2025,PRJ-NS-1213,31-12-2025,C-1041,Precision Welding,Millwright,8,0,699.45
North Substation,NS_MO_2025,PRJ-NS-1291,31-12-2025,C-1054,Midwest Mech Pros,General Labor,8,0,379.41
North Substation,NS_MO_2025,PRJ-NS-1322,31-12-2025,C-1019,Midwest Mech Pros,Controls Tech,8,0,1097.71
North Substation,NS_MO_2025,PRJ-NS-1342,31-12-2025,C-1030,Summit Field Techs,Millwright,8,0,657.48
North Substation,NS_MO_2025,PRJ-NS-1291,31-12-2025,C-1005,Atlas Heavy Eng,Millwright,8,0,630.98
North Substation,NS_MO_2025,PRJ-NS-1185,31-12-2025,C-1023,Summit Field Techs,Field Engineer,8,0,1553.48
North Substation,NS_MO_2025,PRJ-NS-1263,31-12-2025,C-1037,PrimeFix Solutions,Controls Tech,8,0,1063.53
North Substation,NS_MO_2025,PRJ-NS-1356,31-12-2025,C-1054,Midwest Mech Pros,General Labor,8,0,402.51
North Substation,NS_MO_2025,PRJ-NS-1261,31-12-2025,C-1052,PrimeFix Solutions,General Labor,8,0,359.43
North Substation,NS_MO_2025,PRJ-NS-1236,31-12-2025,C-1005,Atlas Heavy Eng,Millwright,8,0,599.82
North Substation,NS_MO_2025,PRJ-NS-1374,31-12-2025,C-1019,Midwest Mech Pros,Controls Tech,8,0,1034.97
North Substation,NS_MO_2025,PRJ-NS-1378,31-12-2025,C-1020,Midwest Mech Pros,Field Engineer,8,0,1259.88
North Substation,NS_MO_2025,PRJ-NS-1342,31-12-2025,C-1031,Summit Field Techs,Crane Operator,8,0,717.82
North Substation,NS_MO_2025,PRJ-NS-1181,31-12-2025,C-1039,PrimeFix Solutions,Field Engineer,8,0,1466.98
North Substation,NS_MO_2025,PRJ-NS-1295,31-12-2025,C-1059,PrimeFix Solutions,Field Engineer,8,0,1270.6
North Substation,NS_MO_2025,PRJ-NS-1211,31-12-2025,C-1067,PrimeFix Solutions,Millwright,8,0,724.69
North Substation,NS_MO_2025,PRJ-NS-1258,31-12-2025,C-1015,Atlas Heavy Eng,Controls Tech,8,0,1285.56
North Substation,NS_MO_2025,PRJ-NS-1232,31-12-2025,C-1073,Precision Welding,General Labor,8,0,393.07
North Substation,NS_MO_2025,PRJ-NS-1393,31-12-2025,C-1003,Summit Field Techs,Millwright,8,0,691.37
North Substation,NS_MO_2025,PRJ-NS-1203,31-12-2025,C-1006,Apex Industrial,Field Engineer,8,0,1311.51
North Substation,NS_MO_2025,PRJ-NS-1366,31-12-2025,C-1066,Apex Industrial,General Labor,8,0,404.29
North Substation,NS_MO_2025,PRJ-NS-1269,31-12-2025,C-1029,Midwest Mech Pros,Controls Tech,8,0,983.32
North Substation,NS_MO_2025,PRJ-NS-1258,31-12-2025,C-1060,Summit Field Techs,General Labor,8,0,446.51
North Substation,NS_MO_2025,PRJ-NS-1194,31-12-2025,C-1006,Apex Industrial,Field Engineer,8,0,1404.8
North Substation,NS_MO_2025,PRJ-NS-1263,31-12-2025,C-1039,PrimeFix Solutions,Field Engineer,8,0,1481.95
North Substation,NS_MO_2025,PRJ-NS-1215,31-12-2025,C-1001,Apex Industrial,General Labor,8,0,390.05
North Substation,NS_MO_2025,PRJ-NS-1200,31-12-2025,C-1023,Summit Field Techs,Field Engineer,8,0,1548.06
North Substation,NS_MO_2025,PRJ-NS-1334,31-12-2025,C-1010,PrimeFix Solutions,Field Engineer,8,0,1581.12
North Substation,NS_MO_2025,PRJ-NS-1181,31-12-2025,C-1069,Precision Welding,Safety Officer,8,0,540.83
North Substation,NS_MO_2025,PRJ-NS-1259,31-12-2025,C-1023,Summit Field Techs,Field Engineer,8,0,1571.6
North Substation,NS_MO_2025,PRJ-NS-1326,31-12-2025,C-1053,Precision Welding,Millwright,8,0,669.93
North Substation,NS_MO_2025,PRJ-NS-1348,31-12-2025,C-1026,Precision Welding,Controls Tech,8,0,1042.72
North Substation,NS_MO_2025,PRJ-NS-1244,31-12-2025,C-1078,Atlas Heavy Eng,Millwright,8,0,727.29
North Substation,NS_MO_2025,PRJ-NS-1349,31-12-2025,C-1011,Midwest Mech Pros,General Labor,8,0,423.36
North Substation,NS_MO_2025,PRJ-NS-1380,31-12-2025,C-1039,PrimeFix Solutions,Field Engineer,8,0,1468.91
North Substation,NS_MO_2025,PRJ-NS-1356,31-12-2025,C-1067,PrimeFix Solutions,Millwright,8,0,719.41
North Substation,NS_MO_2025,PRJ-NS-1380,31-12-2025,C-1006,Apex Industrial,Field Engineer,8,0,1341.34
North Substation,NS_MO_2025,PRJ-NS-1150,31-12-2025,C-1071,PrimeFix Solutions,Crane Operator,8,0,793.44
North Substation,NS_MO_2025,PRJ-NS-1198,31-12-2025,C-1043,Apex Industrial,Crane Operator,8,0,788.94
North Substation,NS_MO_2025,PRJ-NS-1194,31-12-2025,C-1030,Summit Field Techs,Millwright,8,0,660.6
North Substation,NS_MO_2025,PRJ-NS-1189,31-12-2025,C-1074,Apex Industrial,Controls Tech,8,0,1068.49
North Substation,NS_MO_2025,PRJ-NS-1342,01-01-2026,C-1031,Summit Field Techs,Crane Operator,8,0,765.9
North Substation,NS_MO_2025,PRJ-NS-1261,01-01-2026,C-1052,PrimeFix Solutions,General Labor,8,0,345.74
North Substation,NS_MO_2025,PRJ-NS-1186,01-01-2026,C-1058,Midwest Mech Pros,Controls Tech,8,0,1270.25
North Substation,NS_MO_2025,PRJ-NS-1393,01-01-2026,C-1037,PrimeFix Solutions,Controls Tech,8,0,1074.71
North Substation,NS_MO_2025,PRJ-NS-1152,01-01-2026,C-1053,Precision Welding,Millwright,8,0,668.86
North Substation,NS_MO_2025,PRJ-NS-1194,01-01-2026,C-1030,Summit Field Techs,Millwright,8,0,657.68
North Substation,NS_MO_2025,PRJ-NS-1323,01-01-2026,C-1079,Precision Welding,Crane Operator,8,0,781.54
North Substation,NS_MO_2025,PRJ-NS-1370,01-01-2026,C-1028,Midwest Mech Pros,Field Engineer,8,0,1475.76
North Substation,NS_MO_2025,PRJ-NS-1334,01-01-2026,C-1010,PrimeFix Solutions,Field Engineer,8,0,1512.75
North Substation,NS_MO_2025,PRJ-NS-1276,01-01-2026,C-1003,Summit Field Techs,Millwright,8,0,710.74
North Substation,NS_MO_2025,PRJ-NS-1286,01-01-2026,C-1067,PrimeFix Solutions,Millwright,8,0,705.2
North Substation,NS_MO_2025,PRJ-NS-1372,01-01-2026,C-1066,Apex Industrial,General Labor,8,0,372.18
North Substation,NS_MO_2025,PRJ-NS-1380,01-01-2026,C-1039,PrimeFix Solutions,Field Engineer,8,0,1590.99
North Substation,NS_MO_2025,PRJ-NS-1322,01-01-2026,C-1031,Summit Field Techs,Crane Operator,8,0,750.12
North Substation,NS_MO_2025,PRJ-NS-1196,01-01-2026,C-1023,Summit Field Techs,Field Engineer,8,0,1610.52
North Substation,NS_MO_2025,PRJ-NS-1269,01-01-2026,C-1029,Midwest Mech Pros,Controls Tech,8,0,978.52
North Substation,NS_MO_2025,PRJ-NS-1326,01-01-2026,C-1053,Precision Welding,Millwright,8,0,651.87
North Substation,NS_MO_2025,PRJ-NS-1329,01-01-2026,C-1067,PrimeFix Solutions,Millwright,8,0,744.38
North Substation,NS_MO_2025,PRJ-NS-1194,01-01-2026,C-1046,Precision Welding,General Labor,8,0,429.04
North Substation,NS_MO_2025,PRJ-NS-1369,01-01-2026,C-1008,Apex Industrial,Safety Officer,8,0,709.33
North Substation,NS_MO_2025,PRJ-NS-1228,01-01-2026,C-1020,Midwest Mech Pros,Field Engineer,8,0,1237.43
North Substation,NS_MO_2025,PRJ-NS-1317,01-01-2026,C-1000,PrimeFix Solutions,Millwright,8,0,691.19
North Substation,NS_MO_2025,PRJ-NS-1325,01-01-2026,C-1019,Midwest Mech Pros,Controls Tech,8,0,1025.52
North Substation,NS_MO_2025,PRJ-NS-1166,01-01-2026,C-1023,Summit Field Techs,Field Engineer,8,0,1642.52
North Substation,NS_MO_2025,PRJ-NS-1326,01-01-2026,C-1076,Apex Industrial,Safety Officer,8,0,651.41
North Substation,NS_MO_2025,PRJ-NS-1313,01-01-2026,C-1005,Atlas Heavy Eng,Millwright,8,0,593.45
North Substation,NS_MO_2025,PRJ-NS-1348,01-01-2026,C-1026,Precision Welding,Controls Tech,8,0,1024.36
North Substation,NS_MO_2025,PRJ-NS-1181,01-01-2026,C-1078,Atlas Heavy Eng,Millwright,8,0,661.42
North Substation,NS_MO_2025,PRJ-NS-1347,01-01-2026,C-1027,Precision Welding,Crane Operator,8,0,893.04
North Substation,NS_MO_2025,PRJ-NS-1189,01-01-2026,C-1074,Apex Industrial,Controls Tech,8,0,1072.46
North Substation,NS_MO_2025,PRJ-NS-1394,01-01-2026,C-1029,Midwest Mech Pros,Controls Tech,8,0,1040.77
North Substation,NS_MO_2025,PRJ-NS-1356,01-01-2026,C-1054,Midwest Mech Pros,General Labor,8,0,410.03
North Substation,NS_MO_2025,PRJ-NS-1356,01-01-2026,C-1039,PrimeFix Solutions,Field Engineer,8,0,1559.14
North Substation,NS_MO_2025,PRJ-NS-1172,01-01-2026,C-1005,Atlas Heavy Eng,Millwright,8,0,578.88
North Substation,NS_MO_2025,PRJ-NS-1330,01-01-2026,C-1071,PrimeFix Solutions,Crane Operator,8,0,788.64
North Substation,NS_MO_2025,PRJ-NS-1302,01-01-2026,C-1035,Summit Field Techs,General Labor,8,0,375.42
North Substation,NS_MO_2025,PRJ-NS-1393,01-01-2026,C-1000,PrimeFix Solutions,Millwright,8,0,737.62
North Substation,NS_MO_2025,PRJ-NS-1159,01-01-2026,C-1006,Apex Industrial,Field Engineer,8,0,1368.18
North Substation,NS_MO_2025,PRJ-NS-1181,01-01-2026,C-1039,PrimeFix Solutions,Field Engineer,8,0,1508.19
North Substation,NS_MO_2025,PRJ-NS-1246,01-01-2026,C-1079,Precision Welding,Crane Operator,8,0,769.89
North Substation,NS_MO_2025,PRJ-NS-1321,01-01-2026,C-1062,PrimeFix Solutions,General Labor,8,0,382.86
North Substation,NS_MO_2025,PRJ-NS-1349,01-01-2026,C-1011,Midwest Mech Pros,General Labor,8,0,430.04
North Substation,NS_MO_2025,PRJ-NS-1151,01-01-2026,C-1065,PrimeFix Solutions,Safety Officer,8,0,634.64
North Substation,NS_MO_2025,PRJ-NS-1327,01-01-2026,C-1023,Summit Field Techs,Field Engineer,8,0,1561.33
North Substation,NS_MO_2025,PRJ-NS-1255,01-01-2026,C-1000,PrimeFix Solutions,Millwright,8,0,740.5
North Substation,NS_MO_2025,PRJ-NS-1261,01-01-2026,C-1018,Atlas Heavy Eng,Controls Tech,8,0,1169.71
North Substation,NS_MO_2025,PRJ-NS-1181,01-01-2026,C-1069,Precision Welding,Safety Officer,8,0,514.21
North Substation,NS_MO_2025,PRJ-NS-1379,01-01-2026,C-1019,Midwest Mech Pros,Controls Tech,8,0,1100.54
North Substation,NS_MO_2025,PRJ-NS-1234,01-01-2026,C-1043,Apex Industrial,Crane Operator,8,0,811.46
North Substation,NS_MO_2025,PRJ-NS-1291,01-01-2026,C-1005,Atlas Heavy Eng,Millwright,8,0,620.38
North Substation,NS_MO_2025,PRJ-NS-1150,01-01-2026,C-1071,PrimeFix Solutions,Crane Operator,8,0,803.23
North Substation,NS_MO_2025,PRJ-NS-1373,01-01-2026,C-1037,PrimeFix Solutions,Controls Tech,8,0,1087.53
North Substation,NS_MO_2025,PRJ-NS-1204,01-01-2026,C-1024,Apex Industrial,Millwright,8,0,731.36
North Substation,NS_MO_2025,PRJ-NS-1160,01-01-2026,C-1017,Summit Field Techs,Crane Operator,8,0,857.7
North Substation,NS_MO_2025,PRJ-NS-1334,01-01-2026,C-1005,Atlas Heavy Eng,Millwright,8,0,577.44
North Substation,NS_MO_2025,PRJ-NS-1384,01-01-2026,C-1035,Summit Field Techs,General Labor,8,0,373.94
North Substation,NS_MO_2025,PRJ-NS-1211,01-01-2026,C-1067,PrimeFix Solutions,Millwright,8,0,736.37
North Substation,NS_MO_2025,PRJ-NS-1342,01-01-2026,C-1030,Summit Field Techs,Millwright,8,0,656.39
North Substation,NS_MO_2025,PRJ-NS-1301,01-01-2026,C-1013,Atlas Heavy Eng,Safety Officer,8,0,581.53
North Substation,NS_MO_2025,PRJ-NS-1300,01-01-2026,C-1023,Summit Field Techs,Field Engineer,8,0,1634.0
North Substation,NS_MO_2025,PRJ-NS-1304,01-01-2026,C-1059,PrimeFix Solutions,Field Engineer,8,0,1168.41
North Substation,NS_MO_2025,PRJ-NS-1307,01-01-2026,C-1066,Apex Industrial,General Labor,8,0,394.44
North Substation,NS_MO_2025,PRJ-NS-1191,01-01-2026,C-1047,Atlas Heavy Eng,Millwright,8,0,595.11
North Substation,NS_MO_2025,PRJ-NS-1172,01-01-2026,C-1013,Atlas Heavy Eng,Safety Officer,8,0,568.44
North Substation,NS_MO_2025,PRJ-NS-1200,01-01-2026,C-1023,Summit Field Techs,Field Engineer,8,0,1648.3
North Substation,NS_MO_2025,PRJ-NS-1258,01-01-2026,C-1060,Summit Field Techs,General Labor,8,0,470.41
North Substation,NS_MO_2025,PRJ-NS-1335,01-01-2026,C-1019,Midwest Mech Pros,Controls Tech,8,0,1068.59
North Substation,NS_MO_2025,PRJ-NS-1263,01-01-2026,C-1039,PrimeFix Solutions,Field Engineer,8,0,1488.11
North Substation,NS_MO_2025,PRJ-NS-1259,01-01-2026,C-1023,Summit Field Techs,Field Engineer,8,0,1594.89
North Substation,NS_MO_2025,PRJ-NS-1271,01-01-2026,C-1013,Atlas Heavy Eng,Safety Officer,8,0,554.65
North Substation,NS_MO_2025,PRJ-NS-1248,01-01-2026,C-1026,Precision Welding,Controls Tech,8,0,1010.21
North Substation,NS_MO_2025,PRJ-NS-1393,01-01-2026,C-1003,Summit Field Techs,Millwright,8,0,668.78
North Substation,NS_MO_2025,PRJ-NS-1162,01-01-2026,C-1069,Precision Welding,Safety Officer,8,0,520.56
North Substation,NS_MO_2025,PRJ-NS-1291,01-01-2026,C-1054,Midwest Mech Pros,General Labor,8,0,389.5
North Substation,NS_MO_2025,PRJ-NS-1320,01-01-2026,C-1001,Apex Industrial,General Labor,8,0,401.01
North Substation,NS_MO_2025,PRJ-NS-1301,01-01-2026,C-1065,PrimeFix Solutions,Safety Officer,8,0,684.43
North Substation,NS_MO_2025,PRJ-NS-1200,01-01-2026,C-1005,Atlas Heavy Eng,Millwright,8,0,602.17
North Substation,NS_MO_2025,PRJ-NS-1380,01-01-2026,C-1006,Apex Industrial,Field Engineer,8,0,1413.31
North Substation,NS_MO_2025,PRJ-NS-1312,01-01-2026,C-1010,PrimeFix Solutions,Field Engineer,8,0,1561.72
North Substation,NS_MO_2025,PRJ-NS-1187,01-01-2026,C-1028,Midwest Mech Pros,Field Engineer,8,0,1465.89
North Substation,NS_MO_2025,PRJ-NS-1332,01-01-2026,C-1052,PrimeFix Solutions,General Labor,8,0,343.76
North Substation,NS_MO_2025,PRJ-NS-1194,01-01-2026,C-1006,Apex Industrial,Field Engineer,8,0,1338.65
North Substation,NS_MO_2025,PRJ-NS-1208,01-01-2026,C-1045,Midwest Mech Pros,Crane Operator,8,0,835.87
North Substation,NS_MO_2025,PRJ-NS-1288,01-01-2026,C-1077,Precision Welding,Safety Officer,8,0,578.36
North Substation,NS_MO_2025,PRJ-NS-1259,01-01-2026,C-1035,Summit Field Techs,General Labor,8,0,367.52
North Substation,NS_MO_2025,PRJ-NS-1213,01-01-2026,C-1067,PrimeFix Solutions,Millwright,8,0,720.22
North Substation,NS_MO_2025,PRJ-NS-1356,01-01-2026,C-1067,PrimeFix Solutions,Millwright,8,0,715.41
North Substation,NS_MO_2025,PRJ-NS-1311,01-01-2026,C-1039,PrimeFix Solutions,Field Engineer,8,0,1509.56
North Substation,NS_MO_2025,PRJ-NS-1190,01-01-2026,C-1021,Summit Field Techs,Millwright,8,0,693.74
North Substation,NS_MO_2025,PRJ-NS-1302,01-01-2026,C-1011,Midwest Mech Pros,General Labor,8,0,418.16
North Substation,NS_MO_2025,PRJ-NS-1197,01-01-2026,C-1051,Apex Industrial,Crane Operator,8,0,885.62
North Substation,NS_MO_2025,PRJ-NS-1263,01-01-2026,C-1037,PrimeFix Solutions,Controls Tech,8,0,1157.45
North Substation,NS_MO_2025,PRJ-NS-1226,01-01-2026,C-1018,Atlas Heavy Eng,Controls Tech,8,0,1190.0
North Substation,NS_MO_2025,PRJ-NS-1361,01-01-2026,C-1073,Precision Welding,General Labor,8,0,364.52
North Substation,NS_MO_2025,PRJ-NS-1374,01-01-2026,C-1019,Midwest Mech Pros,Controls Tech,8,0,1106.43
North Substation,NS_MO_2025,PRJ-NS-1257,01-01-2026,C-1077,Precision Welding,Safety Officer,8,0,549.92
North Substation,NS_MO_2025,PRJ-NS-1213,01-01-2026,C-1041,Precision Welding,Millwright,8,0,695.11
North Substation,NS_MO_2025,PRJ-NS-1346,01-01-2026,C-1010,PrimeFix Solutions,Field Engineer,8,0,1592.44
North Substation,NS_MO_2025,PRJ-NS-1198,01-01-2026,C-1043,Apex Industrial,Crane Operator,8,0,783.6
North Substation,NS_MO_2025,PRJ-NS-1354,01-01-2026,C-1066,Apex Industrial,General Labor,8,0,405.21
North Substation,NS_MO_2025,PRJ-NS-1154,01-01-2026,C-1020,Midwest Mech Pros,Field Engineer,8,0,1159.28
North Substation,NS_MO_2025,PRJ-NS-1322,01-01-2026,C-1019,Midwest Mech Pros,Controls Tech,8,0,1087.78
North Substation,NS_MO_2025,PRJ-NS-1378,01-01-2026,C-1020,Midwest Mech Pros,Field Engineer,8,0,1244.81
North Substation,NS_MO_2025,PRJ-NS-1295,01-01-2026,C-1059,PrimeFix Solutions,Field Engineer,8,0,1231.08
North Substation,NS_MO_2025,PRJ-NS-1215,01-01-2026,C-1001,Apex Industrial,General Labor,8,0,397.98
North Substation,NS_MO_2025,PRJ-NS-1295,01-01-2026,C-1005,Atlas Heavy Eng,Millwright,8,0,608.26
North Substation,NS_MO_2025,PRJ-NS-1388,01-01-2026,C-1045,Midwest Mech Pros,Crane Operator,8,0,876.91
North Substation,NS_MO_2025,PRJ-NS-1315,01-01-2026,C-1062,PrimeFix Solutions,General Labor,8,0,360.69
North Substation,NS_MO_2025,PRJ-NS-1206,01-01-2026,C-1026,Precision Welding,Controls Tech,8,0,1093.96
North Substation,NS_MO_2025,PRJ-NS-1226,01-01-2026,C-1001,Apex Industrial,General Labor,8,0,401.75
North Substation,NS_MO_2025,PRJ-NS-1190,01-01-2026,C-1006,Apex Industrial,Field Engineer,8,0,1403.27
North Substation,NS_MO_2025,PRJ-NS-1162,01-01-2026,C-1040,Atlas Heavy Eng,Crane Operator,8,0,846.82
North Substation,NS_MO_2025,PRJ-NS-1366,01-01-2026,C-1066,Apex Industrial,General Labor,8,0,381.0
North Substation,NS_MO_2025,PRJ-NS-1366,01-01-2026,C-1010,PrimeFix Solutions,Field Engineer,8,0,1556.98
North Substation,NS_MO_2025,PRJ-NS-1182,01-01-2026,C-1029,Midwest Mech Pros,Controls Tech,8,0,994.89
North Substation,NS_MO_2025,PRJ-NS-1268,01-01-2026,C-1028,Midwest Mech Pros,Field Engineer,8,0,1494.46
North Substation,NS_MO_2025,PRJ-NS-1232,01-01-2026,C-1073,Precision Welding,General Labor,8,0,369.12
North Substation,NS_MO_2025,PRJ-NS-1222,01-01-2026,C-1041,Precision Welding,Millwright,8,0,745.05
North Substation,NS_MO_2025,PRJ-NS-1390,01-01-2026,C-1013,Atlas Heavy Eng,Safety Officer,8,0,570.83
North Substation,NS_MO_2025,PRJ-NS-1207,01-01-2026,C-1006,Apex Industrial,Field Engineer,8,0,1436.41
North Substation,NS_MO_2025,PRJ-NS-1236,01-01-2026,C-1005,Atlas Heavy Eng,Millwright,8,0,634.89
North Substation,NS_MO_2025,PRJ-NS-1160,01-01-2026,C-1021,Summit Field Techs,Millwright,8,0,656.47
North Substation,NS_MO_2025,PRJ-NS-1270,01-01-2026,C-1006,Apex Industrial,Field Engineer,8,0,1371.54
North Substation,NS_MO_2025,PRJ-NS-1159,01-01-2026,C-1041,Precision Welding,Millwright,8,0,735.84
North Substation,NS_MO_2025,PRJ-NS-1258,01-01-2026,C-1015,Atlas Heavy Eng,Controls Tech,8,0,1170.72
North Substation,NS_MO_2025,PRJ-NS-1315,01-01-2026,C-1020,Midwest Mech Pros,Field Engineer,8,0,1221.23
North Substation,NS_MO_2025,PRJ-NS-1188,01-01-2026,C-1024,Apex Industrial,Millwright,8,0,746.5
North Substation,NS_MO_2025,PRJ-NS-1346,01-01-2026,C-1006,Apex Industrial,Field Engineer,8,0,1301.66
North Substation,NS_MO_2025,PRJ-NS-1324,01-01-2026,C-1072,Apex Industrial,Crane Operator,8,0,717.46
North Substation,NS_MO_2025,PRJ-NS-1390,01-01-2026,C-1062,PrimeFix Solutions,General Labor,8,0,367.63
North Substation,NS_MO_2025,PRJ-NS-1375,01-01-2026,C-1012,Midwest Mech Pros,Controls Tech,8,0,1060.08
North Substation,NS_MO_2025,PRJ-NS-1353,01-01-2026,C-1073,Precision Welding,General Labor,8,0,360.92
North Substation,NS_MO_2025,PRJ-NS-1226,01-01-2026,C-1023,Summit Field Techs,Field Engineer,8,0,1672.66
North Substation,NS_MO_2025,PRJ-NS-1188,01-01-2026,C-1003,Summit Field Techs,Millwright,8,0,707.78
North Substation,NS_MO_2025,PRJ-NS-1192,01-01-2026,C-1040,Atlas Heavy Eng,Crane Operator,8,0,856.93
North Substation,NS_MO_2025,PRJ-NS-1203,01-01-2026,C-1006,Apex Industrial,Field Engineer,8,0,1301.06
North Substation,NS_MO_2025,PRJ-NS-1259,01-01-2026,C-1043,Apex Industrial,Crane Operator,8,0,803.34
North Substation,NS_MO_2025,PRJ-NS-1183,01-01-2026,C-1078,Atlas Heavy Eng,Millwright,8,0,688.96
North Substation,NS_MO_2025,PRJ-NS-1176,01-01-2026,C-1029,Midwest Mech Pros,Controls Tech,8,0,1009.07
North Substation,NS_MO_2025,PRJ-NS-1312,01-01-2026,C-1042,PrimeFix Solutions,General Labor,8,0,434.77
North Substation,NS_MO_2025,PRJ-NS-1352,01-01-2026,C-1060,Summit Field Techs,General Labor,8,0,457.04
North Substation,NS_MO_2025,PRJ-NS-1263,02-01-2026,C-1054,Midwest Mech Pros,General Labor,8,0,380.2
North Substation,NS_MO_2025,PRJ-NS-1361,02-01-2026,C-1073,Precision Welding,General Labor,8,0,396.08
North Substation,NS_MO_2025,PRJ-NS-1315,02-01-2026,C-1062,PrimeFix Solutions,General Labor,8,0,361.76
North Substation,NS_MO_2025,PRJ-NS-1327,02-01-2026,C-1023,Summit Field Techs,Field Engineer,8,0,1601.37
North Substation,NS_MO_2025,PRJ-NS-1181,02-01-2026,C-1069,Precision Welding,Safety Officer,8,0,511.97
North Substation,NS_MO_2025,PRJ-NS-1313,02-01-2026,C-1005,Atlas Heavy Eng,Millwright,8,0,633.12
North Substation,NS_MO_2025,PRJ-NS-1265,02-01-2026,C-1079,Precision Welding,Crane Operator,8,0,773.24
North Substation,NS_MO_2025,PRJ-NS-1356,02-01-2026,C-1067,PrimeFix Solutions,Millwright,8,0,717.21
North Substation,NS_MO_2025,PRJ-NS-1346,02-01-2026,C-1006,Apex Industrial,Field Engineer,8,0,1360.4
North Substation,NS_MO_2025,PRJ-NS-1288,02-01-2026,C-1077,Precision Welding,Safety Officer,8,0,584.31
North Substation,NS_MO_2025,PRJ-NS-1291,02-01-2026,C-1054,Midwest Mech Pros,General Labor,8,0,388.44
North Substation,NS_MO_2025,PRJ-NS-1295,02-01-2026,C-1059,PrimeFix Solutions,Field Engineer,8,0,1223.91
North Substation,NS_MO_2025,PRJ-NS-1302,02-01-2026,C-1011,Midwest Mech Pros,General Labor,8,0,419.34
North Substation,NS_MO_2025,PRJ-NS-1153,02-01-2026,C-1035,Summit Field Techs,General Labor,8,0,376.85
North Substation,NS_MO_2025,PRJ-NS-1388,02-01-2026,C-1045,Midwest Mech Pros,Crane Operator,8,0,804.86
North Substation,NS_MO_2025,PRJ-NS-1380,02-01-2026,C-1039,PrimeFix Solutions,Field Engineer,8,0,1471.05
North Substation,NS_MO_2025,PRJ-NS-1208,02-01-2026,C-1045,Midwest Mech Pros,Crane Operator,8,0,817.19
North Substation,NS_MO_2025,PRJ-NS-1182,02-01-2026,C-1029,Midwest Mech Pros,Controls Tech,8,0,981.63
North Substation,NS_MO_2025,PRJ-NS-1291,02-01-2026,C-1005,Atlas Heavy Eng,Millwright,8,0,609.33
North Substation,NS_MO_2025,PRJ-NS-1191,02-01-2026,C-1047,Atlas Heavy Eng,Millwright,8,0,638.47
North Substation,NS_MO_2025,PRJ-NS-1307,02-01-2026,C-1066,Apex Industrial,General Labor,8,0,399.64
North Substation,NS_MO_2025,PRJ-NS-1269,02-01-2026,C-1029,Midwest Mech Pros,Controls Tech,8,0,965.63
North Substation,NS_MO_2025,PRJ-NS-1150,02-01-2026,C-1071,PrimeFix Solutions,Crane Operator,8,0,817.22
North Substation,NS_MO_2025,PRJ-NS-1374,02-01-2026,C-1019,Midwest Mech Pros,Controls Tech,8,0,1036.48
North Substation,NS_MO_2025,PRJ-NS-1194,02-01-2026,C-1006,Apex Industrial,Field Engineer,8,0,1340.54
North Substation,NS_MO_2025,PRJ-NS-1384,02-01-2026,C-1035,Summit Field Techs,General Labor,8,0,369.51
North Substation,NS_MO_2025,PRJ-NS-1325,02-01-2026,C-1019,Midwest Mech Pros,Controls Tech,8,0,1072.47
North Substation,NS_MO_2025,PRJ-NS-1263,02-01-2026,C-1039,PrimeFix Solutions,Field Engineer,8,0,1484.67
North Substation,NS_MO_2025,PRJ-NS-1326,02-01-2026,C-1076,Apex Industrial,Safety Officer,8,0,661.26
North Substation,NS_MO_2025,PRJ-NS-1197,02-01-2026,C-1051,Apex Industrial,Crane Operator,8,0,873.56
North Substation,NS_MO_2025,PRJ-NS-1334,02-01-2026,C-1005,Atlas Heavy Eng,Millwright,8,0,579.35
North Substation,NS_MO_2025,PRJ-NS-1276,02-01-2026,C-1003,Summit Field Techs,Millwright,8,0,655.37
North Substation,NS_MO_2025,PRJ-NS-1222,02-01-2026,C-1041,Precision Welding,Millwright,8,0,711.25
North Substation,NS_MO_2025,PRJ-NS-1185,02-01-2026,C-1023,Summit Field Techs,Field Engineer,8,0,1542.93
North Substation,NS_MO_2025,PRJ-NS-1226,02-01-2026,C-1023,Summit Field Techs,Field Engineer,8,0,1668.74
North Substation,NS_MO_2025,PRJ-NS-1353,02-01-2026,C-1073,Precision Welding,General Labor,8,0,364.71
North Substation,NS_MO_2025,PRJ-NS-1349,02-01-2026,C-1011,Midwest Mech Pros,General Labor,8,0,419.55
North Substation,NS_MO_2025,PRJ-NS-1244,02-01-2026,C-1078,Atlas Heavy Eng,Millwright,8,0,685.99
North Substation,NS_MO_2025,PRJ-NS-1366,02-01-2026,C-1010,PrimeFix Solutions,Field Engineer,8,0,1613.7
North Substation,NS_MO_2025,PRJ-NS-1271,02-01-2026,C-1013,Atlas Heavy Eng,Safety Officer,8,0,559.64
North Substation,NS_MO_2025,PRJ-NS-1188,02-01-2026,C-1003,Summit Field Techs,Millwright,8,0,710.47
North Substation,NS_MO_2025,PRJ-NS-1394,02-01-2026,C-1029,Midwest Mech Pros,Controls Tech,8,0,1006.06
North Substation,NS_MO_2025,PRJ-NS-1300,02-01-2026,C-1023,Summit Field Techs,Field Engineer,8,0,1561.14
North Substation,NS_MO_2025,PRJ-NS-1268,02-01-2026,C-1028,Midwest Mech Pros,Field Engineer,8,0,1528.83
North Substation,NS_MO_2025,PRJ-NS-1203,02-01-2026,C-1006,Apex Industrial,Field Engineer,8,0,1305.38
North Substation,NS_MO_2025,PRJ-NS-1324,02-01-2026,C-1078,Atlas Heavy Eng,Millwright,8,0,728.7
North Substation,NS_MO_2025,PRJ-NS-1315,03-01-2026,C-1020,Midwest Mech Pros,Field Engineer,8,0,1190.57
North Substation,NS_MO_2025,PRJ-NS-1208,03-01-2026,C-1045,Midwest Mech Pros,Crane Operator,8,0,832.56
North Substation,NS_MO_2025,PRJ-NS-1270,03-01-2026,C-1006,Apex Industrial,Field Engineer,8,0,1314.79
North Substation,NS_MO_2025,PRJ-NS-1207,03-01-2026,C-1006,Apex Industrial,Field Engineer,8,0,1410.31
North Substation,NS_MO_2025,PRJ-NS-1366,03-01-2026,C-1066,Apex Industrial,General Labor,8,0,392.26
North Substation,NS_MO_2025,PRJ-NS-1160,03-01-2026,C-1017,Summit Field Techs,Crane Operator,8,0,851.29
North Substation,NS_MO_2025,PRJ-NS-1183,03-01-2026,C-1078,Atlas Heavy Eng,Millwright,8,0,689.94
North Substation,NS_MO_2025,PRJ-NS-1197,03-01-2026,C-1051,Apex Industrial,Crane Operator,8,0,869.83
North Substation,NS_MO_2025,PRJ-NS-1234,03-01-2026,C-1043,Apex Industrial,Crane Operator,8,0,815.35
North Substation,NS_MO_2025,PRJ-NS-1324,03-01-2026,C-1072,Apex Industrial,Crane Operator,8,0,749.12
North Substation,NS_MO_2025,PRJ-NS-1301,03-01-2026,C-1013,Atlas Heavy Eng,Safety Officer,8,0,560.17
North Substation,NS_MO_2025,PRJ-NS-1172,03-01-2026,C-1005,Atlas Heavy Eng,Millwright,8,0,609.08
North Substation,NS_MO_2025,PRJ-NS-1154,03-01-2026,C-1020,Midwest Mech Pros,Field Engineer,8,0,1266.17
North Substation,NS_MO_2025,PRJ-NS-1329,03-01-2026,C-1067,PrimeFix Solutions,Millwright,8,0,753.46
North Substation,NS_MO_2025,PRJ-NS-1307,03-01-2026,C-1066,Apex Industrial,General Labor,8,0,385.1
North Substation,NS_MO_2025,PRJ-NS-1226,03-01-2026,C-1018,Atlas Heavy Eng,Controls Tech,8,0,1085.22
North Substation,NS_MO_2025,PRJ-NS-1349,03-01-2026,C-1011,Midwest Mech Pros,General Labor,8,0,434.23
North Substation,NS_MO_2025,PRJ-NS-1356,03-01-2026,C-1039,PrimeFix Solutions,Field Engineer,8,0,1582.84
North Substation,NS_MO_2025,PRJ-NS-1188,03-01-2026,C-1003,Summit Field Techs,Millwright,8,0,689.52
North Substation,NS_MO_2025,PRJ-NS-1152,03-01-2026,C-1053,Precision Welding,Millwright,8,0,641.11
North Substation,NS_MO_2025,PRJ-NS-1334,03-01-2026,C-1010,PrimeFix Solutions,Field Engineer,8,0,1566.53
North Substation,NS_MO_2025,PRJ-NS-1369,03-01-2026,C-1008,Apex Industrial,Safety Officer,8,0,707.76
North Substation,NS_MO_2025,PRJ-NS-1366,03-01-2026,C-1010,PrimeFix Solutions,Field Engineer,8,0,1524.41
North Substation,NS_MO_2025,PRJ-NS-1393,03-01-2026,C-1037,PrimeFix Solutions,Controls Tech,8,0,1117.43
North Substation,NS_MO_2025,PRJ-NS-1258,03-01-2026,C-1060,Summit Field Techs,General Labor,8,0,448.99
North Substation,NS_MO_2025,PRJ-NS-1393,03-01-2026,C-1000,PrimeFix Solutions,Millwright,8,0,735.37
North Substation,NS_MO_2025,PRJ-NS-1378,03-01-2026,C-1020,Midwest Mech Pros,Field Engineer,8,0,1215.51
North Substation,NS_MO_2025,PRJ-NS-1194,03-01-2026,C-1046,Precision Welding,General Labor,8,0,435.06
North Substation,NS_MO_2025,PRJ-NS-1259,03-01-2026,C-1043,Apex Industrial,Crane Operator,8,0,799.64
North Substation,NS_MO_2025,PRJ-NS-1350,03-01-2026,C-1079,Precision Welding,Crane Operator,8,0,788.11
North Substation,NS_MO_2025,PRJ-NS-1268,03-01-2026,C-1028,Midwest Mech Pros,Field Engineer,8,0,1417.27
North Substation,NS_MO_2025,PRJ-NS-1271,03-01-2026,C-1013,Atlas Heavy Eng,Safety Officer,8,0,578.1
North Substation,NS_MO_2025,PRJ-NS-1373,03-01-2026,C-1037,PrimeFix Solutions,Controls Tech,8,0,1097.06
North Substation,NS_MO_2025,PRJ-NS-1232,03-01-2026,C-1073,Precision Welding,General Labor,8,0,359.2
North Substation,NS_MO_2025,PRJ-NS-1370,03-01-2026,C-1028,Midwest Mech Pros,Field Engineer,8,0,1526.44
North Substation,NS_MO_2025,PRJ-NS-1159,03-01-2026,C-1041,Precision Welding,Millwright,8,0,726.56
North Substation,NS_MO_2025,PRJ-NS-1334,03-01-2026,C-1005,Atlas Heavy Eng,Millwright,8,0,608.35
North Substation,NS_MO_2025,PRJ-NS-1250,03-01-2026,C-1072,Apex Industrial,Crane Operator,8,0,735.29
North Substation,NS_MO_2025,PRJ-NS-1159,03-01-2026,C-1006,Apex Industrial,Field Engineer,8,0,1388.88
North Substation,NS_MO_2025,PRJ-NS-1327,03-01-2026,C-1023,Summit Field Techs,Field Engineer,8,0,1602.94
North Substation,NS_MO_2025,PRJ-NS-1312,03-01-2026,C-1042,PrimeFix Solutions,General Labor,8,0,414.58
North Substation,NS_MO_2025,PRJ-NS-1372,03-01-2026,C-1066,Apex Industrial,General Labor,8,0,379.38
North Substation,NS_MO_2025,PRJ-NS-1379,03-01-2026,C-1019,Midwest Mech Pros,Controls Tech,8,0,1078.78
North Substation,NS_MO_2025,PRJ-NS-1291,03-01-2026,C-1005,Atlas Heavy Eng,Millwright,8,0,627.34
North Substation,NS_MO_2025,PRJ-NS-1304,03-01-2026,C-1059,PrimeFix Solutions,Field Engineer,8,0,1280.87
North Substation,NS_MO_2025,PRJ-NS-1162,03-01-2026,C-1069,Precision Welding,Safety Officer,8,0,527.87
North Substation,NS_MO_2025,PRJ-NS-1313,03-01-2026,C-1005,Atlas Heavy Eng,Millwright,8,0,599.12
North Substation,NS_MO_2025,PRJ-NS-1228,03-01-2026,C-1020,Midwest Mech Pros,Field Engineer,8,0,1177.06
North Substation,NS_MO_2025,PRJ-NS-1352,03-01-2026,C-1060,Summit Field Techs,General Labor,8,0,455.15
North Substation,NS_MO_2025,PRJ-NS-1213,03-01-2026,C-1067,PrimeFix Solutions,Millwright,8,0,699.3
North Substation,NS_MO_2025,PRJ-NS-1259,03-01-2026,C-1035,Summit Field Techs,General Labor,8,0,364.46
North Substation,NS_MO_2025,PRJ-NS-1190,03-01-2026,C-1021,Summit Field Techs,Millwright,8,0,685.12
North Substation,NS_MO_2025,PRJ-NS-1326,03-01-2026,C-1076,Apex Industrial,Safety Officer,8,0,638.05
North Substation,NS_MO_2025,PRJ-NS-1322,03-01-2026,C-1031,Summit Field Techs,Crane Operator,8,0,738.49
North Substation,NS_MO_2025,PRJ-NS-1361,03-01-2026,C-1073,Precision Welding,General Labor,8,0,378.08
North Substation,NS_MO_2025,PRJ-NS-1190,03-01-2026,C-1006,Apex Industrial,Field Engineer,8,0,1418.97
North Substation,NS_MO_2025,PRJ-NS-1186,03-01-2026,C-1058,Midwest Mech Pros,Controls Tech,8,0,1214.2
North Substation,NS_MO_2025,PRJ-NS-1222,03-01-2026,C-1041,Precision Welding,Millwright,8,0,734.39
North Substation,NS_MO_2025,PRJ-NS-1286,03-01-2026,C-1067,PrimeFix Solutions,Millwright,8,0,726.99
North Substation,NS_MO_2025,PRJ-NS-1317,03-01-2026,C-1000,PrimeFix Solutions,Millwright,8,0,719.81
North Substation,NS_MO_2025,PRJ-NS-1236,03-01-2026,C-1005,Atlas Heavy Eng,Millwright,8,0,614.0
North Substation,NS_MO_2025,PRJ-NS-1150,03-01-2026,C-1071,PrimeFix Solutions,Crane Operator,8,0,817.5
North Substation,NS_MO_2025,PRJ-NS-1162,03-01-2026,C-1040,Atlas Heavy Eng,Crane Operator,8,0,840.97
North Substation,NS_MO_2025,PRJ-NS-1181,03-01-2026,C-1069,Precision Welding,Safety Officer,8,0,515.36
North Substation,NS_MO_2025,PRJ-NS-1342,03-01-2026,C-1030,Summit Field Techs,Millwright,8,0,657.82
North Substation,NS_MO_2025,PRJ-NS-1315,03-01-2026,C-1062,PrimeFix Solutions,General Labor,8,0,371.89
North Substation,NS_MO_2025,PRJ-NS-1324,04-01-2026,C-1078,Atlas Heavy Eng,Millwright,8,0,707.3
North Substation,NS_MO_2025,PRJ-NS-1152,04-01-2026,C-1053,Precision Welding,Millwright,8,0,640.55
North Substation,NS_MO_2025,PRJ-NS-1190,04-01-2026,C-1006,Apex Industrial,Field Engineer,8,0,1351.99
North Substation,NS_MO_2025,PRJ-NS-1166,04-01-2026,C-1023,Summit Field Techs,Field Engineer,8,0,1675.49
North Substation,NS_MO_2025,PRJ-NS-1187,04-01-2026,C-1028,Midwest Mech Pros,Field Engineer,8,0,1434.62
North Substation,NS_MO_2025,PRJ-NS-1269,04-01-2026,C-1029,Midwest Mech Pros,Controls Tech,8,0,1013.77
North Substation,NS_MO_2025,PRJ-NS-1369,04-01-2026,C-1008,Apex Industrial,Safety Officer,8,0,700.85
North Substation,NS_MO_2025,PRJ-NS-1349,04-01-2026,C-1011,Midwest Mech Pros,General Labor,8,0,409.13
North Substation,NS_MO_2025,PRJ-NS-1393,04-01-2026,C-1000,PrimeFix Solutions,Millwright,8,0,705.65
North Substation,NS_MO_2025,PRJ-NS-1322,04-01-2026,C-1019,Midwest Mech Pros,Controls Tech,8,0,1063.36
North Substation,NS_MO_2025,PRJ-NS-1356,04-01-2026,C-1067,PrimeFix Solutions,Millwright,8,0,725.83
North Substation,NS_MO_2025,PRJ-NS-1246,04-01-2026,C-1079,Precision Welding,Crane Operator,8,0,750.97
North Substation,NS_MO_2025,PRJ-NS-1372,04-01-2026,C-1066,Apex Industrial,General Labor,8,0,391.77
North Substation,NS_MO_2025,PRJ-NS-1350,04-01-2026,C-1079,Precision Welding,Crane Operator,8,0,770.91
North Substation,NS_MO_2025,PRJ-NS-1190,04-01-2026,C-1006,Apex Industrial,Field Engineer,8,0,1389.21
North Substation,NS_MO_2025,PRJ-NS-1263,04-01-2026,C-1037,PrimeFix Solutions,Controls Tech,8,0,1063.38
North Substation,NS_MO_2025,PRJ-NS-1200,04-01-2026,C-1005,Atlas Heavy Eng,Millwright,8,0,612.81
North Substation,NS_MO_2025,PRJ-NS-1186,04-01-2026,C-1058,Midwest Mech Pros,Controls Tech,8,0,1330.66
North Substation,NS_MO_2025,PRJ-NS-1194,04-01-2026,C-1030,Summit Field Techs,Millwright,8,0,634.27
North Substation,NS_MO_2025,PRJ-NS-1334,04-01-2026,C-1005,Atlas Heavy Eng,Millwright,8,0,602.09
North Substation,NS_MO_2025,PRJ-NS-1151,04-01-2026,C-1065,PrimeFix Solutions,Safety Officer,8,0,666.46
North Substation,NS_MO_2025,PRJ-NS-1374,04-01-2026,C-1019,Midwest Mech Pros,Controls Tech,8,0,1099.78
North Substation,NS_MO_2025,PRJ-NS-1226,04-01-2026,C-1023,Summit Field Techs,Field Engineer,8,0,1581.08
North Substation,NS_MO_2025,PRJ-NS-1326,04-01-2026,C-1053,Precision Welding,Millwright,8,0,631.95
North Substation,NS_MO_2025,PRJ-NS-1393,04-01-2026,C-1003,Summit Field Techs,Millwright,8,0,699.27
North Substation,NS_MO_2025,PRJ-NS-1326,04-01-2026,C-1076,Apex Industrial,Safety Officer,8,0,635.35
North Substation,NS_MO_2025,PRJ-NS-1312,04-01-2026,C-1042,PrimeFix Solutions,General Labor,8,0,435.25
North Substation,NS_MO_2025,PRJ-NS-1330,04-01-2026,C-1071,PrimeFix Solutions,Crane Operator,8,0,801.36
North Substation,NS_MO_2025,PRJ-NS-1200,04-01-2026,C-1023,Summit Field Techs,Field Engineer,8,0,1563.31
North Substation,NS_MO_2025,PRJ-NS-1183,04-01-2026,C-1078,Atlas Heavy Eng,Millwright,8,0,705.07
North Substation,NS_MO_2025,PRJ-NS-1151,04-01-2026,C-1065,PrimeFix Solutions,Safety Officer,8,0,644.83
North Substation,NS_MO_2025,PRJ-NS-1259,04-01-2026,C-1043,Apex Industrial,Crane Operator,8,0,806.29
North Substation,NS_MO_2025,PRJ-NS-1354,04-01-2026,C-1066,Apex Industrial,General Labor,8,0,396.76
North Substation,NS_MO_2025,PRJ-NS-1261,04-01-2026,C-1018,Atlas Heavy Eng,Controls Tech,8,0,1173.63
North Substation,NS_MO_2025,PRJ-NS-1300,04-01-2026,C-1023,Summit Field Techs,Field Engineer,8,0,1597.17
North Substation,NS_MO_2025,PRJ-NS-1335,04-01-2026,C-1019,Midwest Mech Pros,Controls Tech,8,0,1086.78
North Substation,NS_MO_2025,PRJ-NS-1213,04-01-2026,C-1041,Precision Welding,Millwright,8,0,704.07
North Substation,NS_MO_2025,PRJ-NS-1325,04-01-2026,C-1019,Midwest Mech Pros,Controls Tech,8,0,1042.44
North Substation,NS_MO_2025,PRJ-NS-1204,04-01-2026,C-1024,Apex Industrial,Millwright,8,0,778.75
North Substation,NS_MO_2025,PRJ-NS-1191,04-01-2026,C-1047,Atlas Heavy Eng,Millwright,8,0,617.37
North Substation,NS_MO_2025,PRJ-NS-1255,04-01-2026,C-1000,PrimeFix Solutions,Millwright,8,0,742.56
North Substation,NS_MO_2025,PRJ-NS-1166,04-01-2026,C-1023,Summit Field Techs,Field Engineer,8,0,1549.75
North Substation,NS_MO_2025,PRJ-NS-1213,04-01-2026,C-1041,Precision Welding,Millwright,8,0,686.63
North Substation,NS_MO_2025,PRJ-NS-1366,04-01-2026,C-1010,PrimeFix Solutions,Field Engineer,8,0,1648.15
North Substation,NS_MO_2025,PRJ-NS-1374,04-01-2026,C-1019,Midwest Mech Pros,Controls Tech,8,0,1087.0
North Substation,NS_MO_2025,PRJ-NS-1372,04-01-2026,C-1066,Apex Industrial,General Labor,8,0,379.44
North Substation,NS_MO_2025,PRJ-NS-1181,04-01-2026,C-1078,Atlas Heavy Eng,Millwright,8,0,699.39
North Substation,NS_MO_2025,PRJ-NS-1263,04-01-2026,C-1037,PrimeFix Solutions,Controls Tech,8,0,1101.25
North Substation,NS_MO_2025,PRJ-NS-1356,04-01-2026,C-1039,PrimeFix Solutions,Field Engineer,8,0,1582.71
North Substation,NS_MO_2025,PRJ-NS-1261,04-01-2026,C-1018,Atlas Heavy Eng,Controls Tech,8,0,1171.83
North Substation,NS_MO_2025,PRJ-NS-1162,04-01-2026,C-1040,Atlas Heavy Eng,Crane Operator,8,0,851.93
North Substation,NS_MO_2025,PRJ-NS-1226,04-01-2026,C-1018,Atlas Heavy Eng,Controls Tech,8,0,1092.33
North Substation,NS_MO_2025,PRJ-NS-1203,04-01-2026,C-1006,Apex Industrial,Field Engineer,8,0,1377.95
North Substation,NS_MO_2025,PRJ-NS-1312,04-01-2026,C-1042,PrimeFix Solutions,General Labor,8,0,413.36
North Substation,NS_MO_2025,PRJ-NS-1312,04-01-2026,C-1042,PrimeFix Solutions,General Labor,8,0,423.94
North Substation,NS_MO_2025,PRJ-NS-1194,04-01-2026,C-1006,Apex Industrial,Field Engineer,8,0,1420.49
North Substation,NS_MO_2025,PRJ-NS-1211,04-01-2026,C-1067,PrimeFix Solutions,Millwright,8,0,720.61
North Substation,NS_MO_2025,PRJ-NS-1317,04-01-2026,C-1000,PrimeFix Solutions,Millwright,8,0,696.73
North Substation,NS_MO_2025,PRJ-NS-1301,04-01-2026,C-1065,PrimeFix Solutions,Safety Officer,8,0,626.89
North Substation,NS_MO_2025,PRJ-NS-1183,04-01-2026,C-1078,Atlas Heavy Eng,Millwright,8,0,678.06
North Substation,NS_MO_2025,PRJ-NS-1166,04-01-2026,C-1023,Summit Field Techs,Field Engineer,8,0,1609.07
North Substation,NS_MO_2025,PRJ-NS-1244,04-01-2026,C-1078,Atlas Heavy Eng,Millwright,8,0,686.72
North Substation,NS_MO_2025,PRJ-NS-1234,04-01-2026,C-1043,Apex Industrial,Crane Operator,8,0,797.18
North Substation,NS_MO_2025,PRJ-NS-1374,04-01-2026,C-1019,Midwest Mech Pros,Controls Tech,8,0,1060.21
North Substation,NS_MO_2025,PRJ-NS-1375,04-01-2026,C-1012,Midwest Mech Pros,Controls Tech,8,0,1078.47
North Substation,NS_MO_2025,PRJ-NS-1263,04-01-2026,C-1054,Midwest Mech Pros,General Labor,8,0,390.5
North Substation,NS_MO_2025,PRJ-NS-1263,04-01-2026,C-1054,Midwest Mech Pros,General Labor,8,0,402.53
North Substation,NS_MO_2025,PRJ-NS-1197,04-01-2026,C-1051,Apex Industrial,Crane Operator,8,0,878.19
North Substation,NS_MO_2025,PRJ-NS-1321,04-01-2026,C-1062,PrimeFix Solutions,General Labor,8,0,387.58
North Substation,NS_MO_2025,PRJ-NS-1322,04-01-2026,C-1031,Summit Field Techs,Crane Operator,8,0,733.31
North Substation,NS_MO_2025,PRJ-NS-1304,04-01-2026,C-1059,PrimeFix Solutions,Field Engineer,8,0,1233.52
North Substation,NS_MO_2025,PRJ-NS-1268,04-01-2026,C-1028,Midwest Mech Pros,Field Engineer,8,0,1457.38
North Substation,NS_MO_2025,PRJ-NS-1354,04-01-2026,C-1066,Apex Industrial,General Labor,8,0,402.18
North Substation,NS_MO_2025,PRJ-NS-1200,04-01-2026,C-1023,Summit Field Techs,Field Engineer,8,0,1620.4
North Substation,NS_MO_2025,PRJ-NS-1349,04-01-2026,C-1011,Midwest Mech Pros,General Labor,8,0,437.42
North Substation,NS_MO_2025,PRJ-NS-1380,04-01-2026,C-1039,PrimeFix Solutions,Field Engineer,8,0,1469.6
North Substation,NS_MO_2025,PRJ-NS-1228,04-01-2026,C-1027,Precision Welding,Crane Operator,8,0,869.91
North Substation,NS_MO_2025,PRJ-NS-1265,04-01-2026,C-1079,Precision Welding,Crane Operator,8,0,753.25
North Substation,NS_MO_2025,PRJ-NS-1394,04-01-2026,C-1029,Midwest Mech Pros,Controls Tech,8,0,1003.52
North Substation,NS_MO_2025,PRJ-NS-1172,04-01-2026,C-1005,Atlas Heavy Eng,Millwright,8,0,582.23
North Substation,NS_MO_2025,PRJ-NS-1263,04-01-2026,C-1054,Midwest Mech Pros,General Labor,8,0,411.06
North Substation,NS_MO_2025,PRJ-NS-1300,04-01-2026,C-1023,Summit Field Techs,Field Engineer,8,0,1522.98
North Substation,NS_MO_2025,PRJ-NS-1162,04-01-2026,C-1040,Atlas Heavy Eng,Crane Operator,8,0,853.28
North Substation,NS_MO_2025,PRJ-NS-1393,04-01-2026,C-1037,PrimeFix Solutions,Controls Tech,8,0,1129.11
North Substation,NS_MO_2025,PRJ-NS-1312,04-01-2026,C-1010,PrimeFix Solutions,Field Engineer,8,0,1544.96
North Substation,NS_MO_2025,PRJ-NS-1320,04-01-2026,C-1001,Apex Industrial,General Labor,8,0,387.12
North Substation,NS_MO_2025,PRJ-NS-1302,04-01-2026,C-1035,Summit Field Techs,General Labor,8,0,384.35
North Substation,NS_MO_2025,PRJ-NS-1334,04-01-2026,C-1010,PrimeFix Solutions,Field Engineer,8,0,1586.92
North Substation,NS_MO_2025,PRJ-NS-1373,04-01-2026,C-1037,PrimeFix Solutions,Controls Tech,8,0,1125.63
North Substation,NS_MO_2025,PRJ-NS-1172,04-01-2026,C-1013,Atlas Heavy Eng,Safety Officer,8,0,565.89
North Substation,NS_MO_2025,PRJ-NS-1215,04-01-2026,C-1001,Apex Industrial,General Labor,8,0,411.74
North Substation,NS_MO_2025,PRJ-NS-1304,04-01-2026,C-1059,PrimeFix Solutions,Field Engineer,8,0,1175.07
North Substation,NS_MO_2025,PRJ-NS-1226,04-01-2026,C-1018,Atlas Heavy Eng,Controls Tech,8,0,1154.11
North Substation,NS_MO_2025,PRJ-NS-1324,04-01-2026,C-1072,Apex Industrial,Crane Operator,8,0,779.49
North Substation,NS_MO_2025,PRJ-NS-1263,04-01-2026,C-1054,Midwest Mech Pros,General Labor,8,0,387.74
North Substation,NS_MO_2025,PRJ-NS-1373,04-01-2026,C-1037,PrimeFix Solutions,Controls Tech,8,0,1151.83
North Substation,NS_MO_2025,PRJ-NS-1258,04-01-2026,C-1060,Summit Field Techs,General Labor,8,0,444.71
North Substation,NS_MO_2025,PRJ-NS-1324,04-01-2026,C-1072,Apex Industrial,Crane Operator,8,0,779.2
North Substation,NS_MO_2025,PRJ-NS-1347,04-01-2026,C-1027,Precision Welding,Crane Operator,8,0,897.28
North Substation,NS_MO_2025,PRJ-NS-1258,04-01-2026,C-1015,Atlas Heavy Eng,Controls Tech,8,0,1168.46
North Substation,NS_MO_2025,PRJ-NS-1330,04-01-2026,C-1071,PrimeFix Solutions,Crane Operator,8,0,824.39
North Substation,NS_MO_2025,PRJ-NS-1321,04-01-2026,C-1062,PrimeFix Solutions,General Labor,8,0,386.15
North Substation,NS_MO_2025,PRJ-NS-1366,04-01-2026,C-1010,PrimeFix Solutions,Field Engineer,8,0,1527.86
North Substation,NS_MO_2025,PRJ-NS-1226,04-01-2026,C-1001,Apex Industrial,General Labor,8,0,383.71
North Substation,NS_MO_2025,PRJ-NS-1312,04-01-2026,C-1010,PrimeFix Solutions,Field Engineer,8,0,1601.13
North Substation,NS_MO_2025,PRJ-NS-1269,04-01-2026,C-1029,Midwest Mech Pros,Controls Tech,8,0,1032.86
North Substation,NS_MO_2025,PRJ-NS-1346,04-01-2026,C-1006,Apex Industrial,Field Engineer,8,0,1408.71
North Substation,NS_MO_2025,PRJ-NS-1388,04-01-2026,C-1045,Midwest Mech Pros,Crane Operator,8,0,827.76
North Substation,NS_MO_2025,PRJ-NS-1326,04-01-2026,C-1076,Apex Industrial,Safety Officer,8,0,607.81
North Substation,NS_MO_2025,PRJ-NS-1215,04-01-2026,C-1001,Apex Industrial,General Labor,8,0,401.66
North Substation,NS_MO_2025,PRJ-NS-1185,04-01-2026,C-1023,Summit Field Techs,Field Engineer,8,0,1519.8
North Substation,NS_MO_2025,PRJ-NS-1313,04-01-2026,C-1005,Atlas Heavy Eng,Millwright,8,0,580.2
North Substation,NS_MO_2025,PRJ-NS-1270,04-01-2026,C-1006,Apex Industrial,Field Engineer,8,0,1344.53
North Substation,NS_MO_2025,PRJ-NS-1200,04-01-2026,C-1005,Atlas Heavy Eng,Millwright,8,0,601.08
North Substation,NS_MO_2025,PRJ-NS-1329,04-01-2026,C-1067,PrimeFix Solutions,Millwright,8,0,711.16
North Substation,NS_MO_2025,PRJ-NS-1166,04-01-2026,C-1023,Summit Field Techs,Field Engineer,8,0,1610.19
North Substation,NS_MO_2025,PRJ-NS-1380,04-01-2026,C-1039,PrimeFix Solutions,Field Engineer,8,0,1450.04
North Substation,NS_MO_2025,PRJ-NS-1327,04-01-2026,C-1023,Summit Field Techs,Field Engineer,8,0,1540.36
North Substation,NS_MO_2025,PRJ-NS-1393,04-01-2026,C-1003,Summit Field Techs,Millwright,8,0,695.56
North Substation,NS_MO_2025,PRJ-NS-1228,04-01-2026,C-1020,Midwest Mech Pros,Field Engineer,8,0,1167.01
North Substation,NS_MO_2025,PRJ-NS-1301,04-01-2026,C-1013,Atlas Heavy Eng,Safety Officer,8,0,589.32
North Substation,NS_MO_2025,PRJ-NS-1330,04-01-2026,C-1071,PrimeFix Solutions,Crane Operator,8,0,755.66
North Substation,NS_MO_2025,PRJ-NS-1166,04-01-2026,C-1023,Summit Field Techs,Field Engineer,8,0,1559.53
North Substation,NS_MO_2025,PRJ-NS-1248,04-01-2026,C-1026,Precision Welding,Controls Tech,8,0,1032.75
North Substation,NS_MO_2025,PRJ-NS-1268,04-01-2026,C-1028,Midwest Mech Pros,Field Engineer,8,0,1530.27
North Substation,NS_MO_2025,PRJ-NS-1390,04-01-2026,C-1062,PrimeFix Solutions,General Labor,8,0,376.72
North Substation,NS_MO_2025,PRJ-NS-1390,04-01-2026,C-1062,PrimeFix Solutions,General Labor,8,0,378.64
North Substation,NS_MO_2025,PRJ-NS-1228,04-01-2026,C-1020,Midwest Mech Pros,Field Engineer,8,0,1262.88
North Substation,NS_MO_2025,PRJ-NS-1330,04-01-2026,C-1071,PrimeFix Solutions,Crane Operator,8,0,792.68
North Substation,NS_MO_2025,PRJ-NS-1307,04-01-2026,C-1066,Apex Industrial,General Labor,8,0,380.31
North Substation,NS_MO_2025,PRJ-NS-1311,04-01-2026,C-1039,PrimeFix Solutions,Field Engineer,8,0,1482.15
North Substation,NS_MO_2025,PRJ-NS-1346,04-01-2026,C-1006,Apex Industrial,Field Engineer,8,0,1427.01
North Substation,NS_MO_2025,PRJ-NS-1349,04-01-2026,C-1011,Midwest Mech Pros,General Labor,8,0,406.32
North Substation,NS_MO_2025,PRJ-NS-1390,04-01-2026,C-1013,Atlas Heavy Eng,Safety Officer,8,0,585.83
North Substation,NS_MO_2025,PRJ-NS-1317,04-01-2026,C-1000,PrimeFix Solutions,Millwright,8,0,715.63
North Substation,NS_MO_2025,PRJ-NS-1393,04-01-2026,C-1003,Summit Field Techs,Millwright,8,0,698.59
North Substation,NS_MO_2025,PRJ-NS-1288,04-01-2026,C-1077,Precision Welding,Safety Officer,8,0,570.68
North Substation,NS_MO_2025,PRJ-NS-1246,04-01-2026,C-1079,Precision Welding,Crane Operator,8,0,744.1
North Substation,NS_MO_2025,PRJ-NS-1153,04-01-2026,C-1035,Summit Field Techs,General Labor,8,0,357.15
North Substation,NS_MO_2025,PRJ-NS-1300,04-01-2026,C-1023,Summit Field Techs,Field Engineer,8,0,1616.42
North Substation,NS_MO_2025,PRJ-NS-1204,04-01-2026,C-1024,Apex Industrial,Millwright,8,0,761.19
North Substation,NS_MO_2025,PRJ-NS-1261,04-01-2026,C-1018,Atlas Heavy Eng,Controls Tech,8,0,1141.56
North Substation,NS_MO_2025,PRJ-NS-1393,04-01-2026,C-1003,Summit Field Techs,Millwright,8,0,698.5
North Substation,NS_MO_2025,PRJ-NS-1257,04-01-2026,C-1077,Precision Welding,Safety Officer,8,0,550.26
North Substation,NS_MO_2025,PRJ-NS-1206,04-01-2026,C-1026,Precision Welding,Controls Tech,8,0,1082.27
North Substation,NS_MO_2025,PRJ-NS-1259,04-01-2026,C-1023,Summit Field Techs,Field Engineer,8,0,1610.28
North Substation,NS_MO_2025,PRJ-NS-1255,04-01-2026,C-1000,PrimeFix Solutions,Millwright,8,0,685.12
North Substation,NS_MO_2025,PRJ-NS-1208,04-01-2026,C-1045,Midwest Mech Pros,Crane Operator,8,0,870.2
North Substation,NS_MO_2025,PRJ-NS-1159,04-01-2026,C-1006,Apex Industrial,Field Engineer,8,0,1324.1
North Substation,NS_MO_2025,PRJ-NS-1356,04-01-2026,C-1067,PrimeFix Solutions,Millwright,8,0,698.81
North Substation,NS_MO_2025,PRJ-NS-1265,04-01-2026,C-1079,Precision Welding,Crane Operator,8,0,766.54
North Substation,NS_MO_2025,PRJ-NS-1335,04-01-2026,C-1019,Midwest Mech Pros,Controls Tech,8,0,1101.35
North Substation,NS_MO_2025,PRJ-NS-1258,04-01-2026,C-1060,Summit Field Techs,General Labor,8,0,484.64
North Substation,NS_MO_2025,PRJ-NS-1286,04-01-2026,C-1067,PrimeFix Solutions,Millwright,8,0,728.61
North Substation,NS_MO_2025,PRJ-NS-1185,04-01-2026,C-1023,Summit Field Techs,Field Engineer,8,0,1607.51
North Substation,NS_MO_2025,PRJ-NS-1181,04-01-2026,C-1069,Precision Welding,Safety Officer,8,0,531.1
North Substation,NS_MO_2025,PRJ-NS-1348,04-01-2026,C-1026,Precision Welding,Controls Tech,8,0,1090.49
North Substation,NS_MO_2025,PRJ-NS-1388,04-01-2026,C-1045,Midwest Mech Pros,Crane Operator,8,0,849.84
North Substation,NS_MO_2025,PRJ-NS-1388,04-01-2026,C-1045,Midwest Mech Pros,Crane Operator,8,0,846.2
North Substation,NS_MO_2025,PRJ-NS-1200,04-01-2026,C-1005,Atlas Heavy Eng,Millwright,8,0,579.53
North Substation,NS_MO_2025,PRJ-NS-1276,04-01-2026,C-1003,Summit Field Techs,Millwright,8,0,687.5
North Substation,NS_MO_2025,PRJ-NS-1159,04-01-2026,C-1006,Apex Industrial,Field Engineer,8,0,1427.93
North Substation,NS_MO_2025,PRJ-NS-1226,04-01-2026,C-1023,Summit Field Techs,Field Engineer,8,0,1655.69
North Substation,NS_MO_2025,PRJ-NS-1261,04-01-2026,C-1018,Atlas Heavy Eng,Controls Tech,8,0,1188.39
North Substation,NS_MO_2025,PRJ-NS-1226,04-01-2026,C-1018,Atlas Heavy Eng,Controls Tech,8,0,1136.84
North Substation,NS_MO_2025,PRJ-NS-1151,04-01-2026,C-1065,PrimeFix Solutions,Safety Officer,8,0,677.85
North Substation,NS_MO_2025,PRJ-NS-1315,04-01-2026,C-1020,Midwest Mech Pros,Field Engineer,8,0,1251.52
North Substation,NS_MO_2025,PRJ-NS-1301,04-01-2026,C-1065,PrimeFix Solutions,Safety Officer,8,0,668.63
North Substation,NS_MO_2025,PRJ-NS-1162,04-01-2026,C-1040,Atlas Heavy Eng,Crane Operator,8,0,837.16
North Substation,NS_MO_2025,PRJ-NS-1369,04-01-2026,C-1008,Apex Industrial,Safety Officer,8,0,675.49
North Substation,NS_MO_2025,PRJ-NS-1335,04-01-2026,C-1019,Midwest Mech Pros,Controls Tech,8,0,1105.89
North Substation,NS_MO_2025,PRJ-NS-1366,04-01-2026,C-1066,Apex Industrial,General Labor,8,0,380.58
North Substation,NS_MO_2025,PRJ-NS-1261,04-01-2026,C-1018,Atlas Heavy Eng,Controls Tech,8,0,1127.53
North Substation,NS_MO_2025,PRJ-NS-1150,04-01-2026,C-1071,PrimeFix Solutions,Crane Operator,8,0,761.51
North Substation,NS_MO_2025,PRJ-NS-1190,04-01-2026,C-1021,Summit Field Techs,Millwright,8,0,702.24
North Substation,NS_MO_2025,PRJ-NS-1152,04-01-2026,C-1053,Precision Welding,Millwright,8,0,620.68
North Substation,NS_MO_2025,PRJ-NS-1320,04-01-2026,C-1001,Apex Industrial,General Labor,8,0,419.72
North Substation,NS_MO_2025,PRJ-NS-1324,04-01-2026,C-1072,Apex Industrial,Crane Operator,8,0,720.13
North Substation,NS_MO_2025,PRJ-NS-1312,04-01-2026,C-1010,PrimeFix Solutions,Field Engineer,8,0,1579.04
North Substation,NS_MO_2025,PRJ-NS-1322,04-01-2026,C-1031,Summit Field Techs,Crane Operator,8,0,761.56
North Substation,NS_MO_2025,PRJ-NS-1207,04-01-2026,C-1006,Apex Industrial,Field Engineer,8,0,1363.13
North Substation,NS_MO_2025,PRJ-NS-1375,04-01-2026,C-1012,Midwest Mech Pros,Controls Tech,8,0,1060.17
North Substation,NS_MO_2025,PRJ-NS-1151,04-01-2026,C-1065,PrimeFix Solutions,Safety Officer,8,0,689.16
North Substation,NS_MO_2025,PRJ-NS-1311,04-01-2026,C-1039,PrimeFix Solutions,Field Engineer,8,0,1500.09
North Substation,NS_MO_2025,PRJ-NS-1261,04-01-2026,C-1018,Atlas Heavy Eng,Controls Tech,8,0,1115.72
North Substation,NS_MO_2025,PRJ-NS-1349,04-01-2026,C-1011,Midwest Mech Pros,General Labor,8,0,435.82
North Substation,NS_MO_2025,PRJ-NS-1390,04-01-2026,C-1013,Atlas Heavy Eng,Safety Officer,8,0,565.5
North Substation,NS_MO_2025,PRJ-NS-1176,04-01-2026,C-1029,Midwest Mech Pros,Controls Tech,8,0,1019.59
North Substation,NS_MO_2025,PRJ-NS-1269,04-01-2026,C-1029,Midwest Mech Pros,Controls Tech,8,0,1036.12
North Substation,NS_MO_2025,PRJ-NS-1197,04-01-2026,C-1051,Apex Industrial,Crane Operator,8,0,861.38
North Substation,NS_MO_2025,PRJ-NS-1189,04-01-2026,C-1074,Apex Industrial,Controls Tech,8,0,1077.95
North Substation,NS_MO_2025,PRJ-NS-1324,04-01-2026,C-1072,Apex Industrial,Crane Operator,8,0,766.81
North Substation,NS_MO_2025,PRJ-NS-1185,04-01-2026,C-1023,Summit Field Techs,Field Engineer,8,0,1538.58
North Substation,NS_MO_2025,PRJ-NS-1315,04-01-2026,C-1062,PrimeFix Solutions,General Labor,8,0,389.73
North Substation,NS_MO_2025,PRJ-NS-1159,04-01-2026,C-1041,Precision Welding,Millwright,8,0,746.62
North Substation,NS_MO_2025,PRJ-NS-1151,04-01-2026,C-1065,PrimeFix Solutions,Safety Officer,8,0,650.8
North Substation,NS_MO_2025,PRJ-NS-1234,04-01-2026,C-1043,Apex Industrial,Crane Operator,8,0,818.73
North Substation,NS_MO_2025,PRJ-NS-1335,04-01-2026,C-1019,Midwest Mech Pros,Controls Tech,8,0,1019.25
North Substation,NS_MO_2025,PRJ-NS-1290,04-01-2026,C-1037,PrimeFix Solutions,Controls Tech,8,0,1112.95
North Substation,NS_MO_2025,PRJ-NS-1370,04-01-2026,C-1028,Midwest Mech Pros,Field Engineer,8,0,1424.61
West Valley Peaker,WV_HGP_2026,PRJ-WV-2332,04-01-2026,C-1039,PrimeFix Solutions,Field Engineer,8,0,1457.86
West Valley Peaker,WV_HGP_2026,PRJ-WV-2338,04-01-2026,C-1010,PrimeFix Solutions,Field Engineer,8,0,1614.2
West Valley Peaker,WV_HGP_2026,PRJ-WV-2332,04-01-2026,C-1023,Summit Field Techs,Field Engineer,8,0,1478.71
West Valley Peaker,WV_HGP_2026,PRJ-WV-2326,04-01-2026,C-1023,Summit Field Techs,Field Engineer,8,0,1698.64
West Valley Peaker,WV_HGP_2026,PRJ-WV-2326,04-01-2026,C-1010,PrimeFix Solutions,Field Engineer,8,0,1555.91
West Valley Peaker,WV_HGP_2026,PRJ-WV-2345,04-01-2026,C-1059,PrimeFix Solutions,Field Engineer,8,0,1103.68
West Valley Peaker,WV_HGP_2026,PRJ-WV-2338,04-01-2026,C-1006,Apex Industrial,Field Engineer,8,0,1455.76
West Valley Peaker,WV_HGP_2026,PRJ-WV-2332,04-01-2026,C-1006,Apex Industrial,Field Engineer,8,0,1421.11
West Valley Peaker,WV_HGP_2026,PRJ-WV-2338,04-01-2026,C-1028,Midwest Mech Pros,Field Engineer,8,0,1349.7
West Valley Peaker,WV_HGP_2026,PRJ-WV-2338,04-01-2026,C-1023,Summit Field Techs,Field Engineer,8,0,1458.14
West Valley Peaker,WV_HGP_2026,PRJ-WV-2338,04-01-2026,C-1006,Apex Industrial,Field Engineer,8,0,1490.06
West Valley Peaker,WV_HGP_2026,PRJ-WV-2332,04-01-2026,C-1010,PrimeFix Solutions,Field Engineer,8,0,1690.33
Coast BaseLoad,CB_MO_2027,PRJ-CB-2526,04-01-2026,C-1066,Apex Industrial,General Labor,8,0,381.58
Coast BaseLoad,CB_MO_2027,PRJ-CB-2531,04-01-2026,C-1023,Summit Field Techs,Field Engineer,8,0,1445.25
Coast BaseLoad,CB_MO_2027,PRJ-CB-2514,04-01-2026,C-1010,PrimeFix Solutions,Field Engineer,8,0,1439.52
Coast BaseLoad,CB_MO_2027,PRJ-CB-2517,04-01-2026,C-1065,PrimeFix Solutions,Safety Officer,8,0,642.27
Coast BaseLoad,CB_MO_2027,PRJ-CB-2517,04-01-2026,C-1023,Summit Field Techs,Field Engineer,8,0,1648.7
Coast BaseLoad,CB_MO_2027,PRJ-CB-2531,04-01-2026,C-1030,Summit Field Techs,Millwright,8,0,592.32
West Valley Peaker,WV_HGP_2026,PRJ-WV-2326,04-01-2026,C-1059,PrimeFix Solutions,Field Engineer,8,0,1295.2
West Valley Peaker,WV_HGP_2026,PRJ-WV-2339,04-01-2026,C-1006,Apex Industrial,Field Engineer,8,0,1347.9
West Valley Peaker,WV_HGP_2026,PRJ-WV-2332,04-01-2026,C-1010,PrimeFix Solutions,Field Engineer,8,0,1592.47
West Valley Peaker,WV_HGP_2026,PRJ-WV-2330,04-01-2026,C-1059,PrimeFix Solutions,Field Engineer,8,0,1203.74
West Valley Peaker,WV_HGP_2026,PRJ-WV-2339,04-01-2026,C-1028,Midwest Mech Pros,Field Engineer,8,0,1375.57
West Valley Peaker,WV_HGP_2026,PRJ-WV-2345,04-01-2026,C-1059,PrimeFix Solutions,Field Engineer,8,0,1103.78
West Valley Peaker,WV_HGP_2026,PRJ-WV-2332,04-01-2026,C-1020,Midwest Mech Pros,Field Engineer,8,0,1259.49
West Valley Peaker,WV_HGP_2026,PRJ-WV-2338,04-01-2026,C-1059,PrimeFix Solutions,Field Engineer,8,0,1259.06
West Valley Peaker,WV_HGP_2026,PRJ-WV-2339,04-01-2026,C-1039,PrimeFix Solutions,Field Engineer,8,0,1555.39
West Valley Peaker,WV_HGP_2026,PRJ-WV-2345,04-01-2026,C-1059,PrimeFix Solutions,Field Engineer,8,0,1161.63
West Valley Peaker,WV_HGP_2026,PRJ-WV-2330,04-01-2026,C-1028,Midwest Mech Pros,Field Engineer,8,0,1602.69
West Valley Peaker,WV_HGP_2026,PRJ-WV-2339,04-01-2026,C-1023,Summit Field Techs,Field Engineer,8,0,1476.67
West Valley Peaker,WV_HGP_2026,PRJ-WV-2338,04-01-2026,C-1010,PrimeFix Solutions,Field Engineer,8,0,1547.82
North Substation,NS_MO_2025,PRJ-NS-1393,05-01-2026,C-1000,PrimeFix Solutions,Millwright,8,0,726.53
North Substation,NS_MO_2025,PRJ-NS-1384,05-01-2026,C-1035,Summit Field Techs,General Labor,8,0,355.12
North Substation,NS_MO_2025,PRJ-NS-1190,05-01-2026,C-1006,Apex Industrial,Field Engineer,8,0,1418.86
North Substation,NS_MO_2025,PRJ-NS-1390,05-01-2026,C-1062,PrimeFix Solutions,General Labor,8,0,378.14
North Substation,NS_MO_2025,PRJ-NS-1263,05-01-2026,C-1054,Midwest Mech Pros,General Labor,8,0,406.79
North Substation,NS_MO_2025,PRJ-NS-1153,05-01-2026,C-1035,Summit Field Techs,General Labor,8,0,354.79
North Substation,NS_MO_2025,PRJ-NS-1261,05-01-2026,C-1018,Atlas Heavy Eng,Controls Tech,8,0,1118.48
North Substation,NS_MO_2025,PRJ-NS-1317,05-01-2026,C-1000,PrimeFix Solutions,Millwright,8,0,690.1
North Substation,NS_MO_2025,PRJ-NS-1356,05-01-2026,C-1067,PrimeFix Solutions,Millwright,8,0,739.72
North Substation,NS_MO_2025,PRJ-NS-1172,05-01-2026,C-1013,Atlas Heavy Eng,Safety Officer,8,0,566.18
North Substation,NS_MO_2025,PRJ-NS-1203,05-01-2026,C-1006,Apex Industrial,Field Engineer,8,0,1406.72
North Substation,NS_MO_2025,PRJ-NS-1181,05-01-2026,C-1039,PrimeFix Solutions,Field Engineer,8,0,1487.99
North Substation,NS_MO_2025,PRJ-NS-1162,05-01-2026,C-1040,Atlas Heavy Eng,Crane Operator,8,0,884.55
North Substation,NS_MO_2025,PRJ-NS-1288,05-01-2026,C-1077,Precision Welding,Safety Officer,8,0,573.64
North Substation,NS_MO_2025,PRJ-NS-1346,05-01-2026,C-1010,PrimeFix Solutions,Field Engineer,8,0,1531.46
North Substation,NS_MO_2025,PRJ-NS-1248,05-01-2026,C-1026,Precision Welding,Controls Tech,8,0,1032.27
North Substation,NS_MO_2025,PRJ-NS-1248,05-01-2026,C-1026,Precision Welding,Controls Tech,8,0,1033.59
North Substation,NS_MO_2025,PRJ-NS-1265,05-01-2026,C-1079,Precision Welding,Crane Operator,8,0,732.98
North Substation,NS_MO_2025,PRJ-NS-1194,05-01-2026,C-1046,Precision Welding,General Labor,8,0,423.74
North Substation,NS_MO_2025,PRJ-NS-1271,05-01-2026,C-1013,Atlas Heavy Eng,Safety Officer,8,0,592.3
North Substation,NS_MO_2025,PRJ-NS-1261,05-01-2026,C-1052,PrimeFix Solutions,General Labor,8,0,365.46
North Substation,NS_MO_2025,PRJ-NS-1295,05-01-2026,C-1005,Atlas Heavy Eng,Millwright,8,0,593.42
North Substation,NS_MO_2025,PRJ-NS-1353,05-01-2026,C-1073,Precision Welding,General Labor,8,0,371.1
North Substation,NS_MO_2025,PRJ-NS-1315,05-01-2026,C-1062,PrimeFix Solutions,General Labor,8,0,383.56
North Substation,NS_MO_2025,PRJ-NS-1265,05-01-2026,C-1079,Precision Welding,Crane Operator,8,0,737.32
North Substation,NS_MO_2025,PRJ-NS-1255,05-01-2026,C-1000,PrimeFix Solutions,Millwright,8,0,701.6
North Substation,NS_MO_2025,PRJ-NS-1307,05-01-2026,C-1066,Apex Industrial,General Labor,8,0,399.03
North Substation,NS_MO_2025,PRJ-NS-1255,05-01-2026,C-1000,PrimeFix Solutions,Millwright,8,0,722.53
North Substation,NS_MO_2025,PRJ-NS-1375,05-01-2026,C-1012,Midwest Mech Pros,Controls Tech,8,0,980.93
North Substation,NS_MO_2025,PRJ-NS-1159,05-01-2026,C-1006,Apex Industrial,Field Engineer,8,0,1392.58
North Substation,NS_MO_2025,PRJ-NS-1197,05-01-2026,C-1051,Apex Industrial,Crane Operator,8,0,860.72
North Substation,NS_MO_2025,PRJ-NS-1152,05-01-2026,C-1053,Precision Welding,Millwright,8,0,651.1
North Substation,NS_MO_2025,PRJ-NS-1342,05-01-2026,C-1030,Summit Field Techs,Millwright,8,0,607.69
North Substation,NS_MO_2025,PRJ-NS-1311,05-01-2026,C-1039,PrimeFix Solutions,Field Engineer,8,0,1476.66
North Substation,NS_MO_2025,PRJ-NS-1172,05-01-2026,C-1005,Atlas Heavy Eng,Millwright,8,0,595.85
North Substation,NS_MO_2025,PRJ-NS-1208,05-01-2026,C-1045,Midwest Mech Pros,Crane Operator,8,0,862.88
North Substation,NS_MO_2025,PRJ-NS-1356,05-01-2026,C-1039,PrimeFix Solutions,Field Engineer,8,0,1530.02
North Substation,NS_MO_2025,PRJ-NS-1393,05-01-2026,C-1003,Summit Field Techs,Millwright,8,0,695.13
North Substation,NS_MO_2025,PRJ-NS-1192,05-01-2026,C-1040,Atlas Heavy Eng,Crane Operator,8,0,856.58
North Substation,NS_MO_2025,PRJ-NS-1372,05-01-2026,C-1066,Apex Industrial,General Labor,8,0,395.53
North Substation,NS_MO_2025,PRJ-NS-1302,05-01-2026,C-1011,Midwest Mech Pros,General Labor,8,0,399.2
North Substation,NS_MO_2025,PRJ-NS-1326,05-01-2026,C-1053,Precision Welding,Millwright,8,0,680.51
North Substation,NS_MO_2025,PRJ-NS-1288,05-01-2026,C-1077,Precision Welding,Safety Officer,8,0,548.51
North Substation,NS_MO_2025,PRJ-NS-1213,05-01-2026,C-1067,PrimeFix Solutions,Millwright,8,0,720.38
North Substation,NS_MO_2025,PRJ-NS-1327,05-01-2026,C-1023,Summit Field Techs,Field Engineer,8,0,1640.41
North Substation,NS_MO_2025,PRJ-NS-1302,05-01-2026,C-1035,Summit Field Techs,General Labor,8,0,366.97
North Substation,NS_MO_2025,PRJ-NS-1261,05-01-2026,C-1018,Atlas Heavy Eng,Controls Tech,8,0,1184.34
North Substation,NS_MO_2025,PRJ-NS-1370,05-01-2026,C-1028,Midwest Mech Pros,Field Engineer,8,0,1466.99
North Substation,NS_MO_2025,PRJ-NS-1270,05-01-2026,C-1006,Apex Industrial,Field Engineer,8,0,1419.54
North Substation,NS_MO_2025,PRJ-NS-1188,05-01-2026,C-1024,Apex Industrial,Millwright,8,0,768.03
North Substation,NS_MO_2025,PRJ-NS-1188,05-01-2026,C-1003,Summit Field Techs,Millwright,8,0,715.05
North Substation,NS_MO_2025,PRJ-NS-1208,05-01-2026,C-1045,Midwest Mech Pros,Crane Operator,8,0,877.08
North Substation,NS_MO_2025,PRJ-NS-1393,05-01-2026,C-1003,Summit Field Techs,Millwright,8,0,709.4
North Substation,NS_MO_2025,PRJ-NS-1330,05-01-2026,C-1071,PrimeFix Solutions,Crane Operator,8,0,809.2
North Substation,NS_MO_2025,PRJ-NS-1290,05-01-2026,C-1037,PrimeFix Solutions,Controls Tech,8,0,1096.34
North Substation,NS_MO_2025,PRJ-NS-1259,05-01-2026,C-1043,Apex Industrial,Crane Operator,8,0,790.85
North Substation,NS_MO_2025,PRJ-NS-1234,05-01-2026,C-1043,Apex Industrial,Crane Operator,8,0,838.81
North Substation,NS_MO_2025,PRJ-NS-1275,05-01-2026,C-1024,Apex Industrial,Millwright,8,0,771.7
North Substation,NS_MO_2025,PRJ-NS-1261,05-01-2026,C-1018,Atlas Heavy Eng,Controls Tech,8,0,1126.14
North Substation,NS_MO_2025,PRJ-NS-1312,05-01-2026,C-1010,PrimeFix Solutions,Field Engineer,8,0,1622.59
North Substation,NS_MO_2025,PRJ-NS-1213,05-01-2026,C-1067,PrimeFix Solutions,Millwright,8,0,757.13
North Substation,NS_MO_2025,PRJ-NS-1206,05-01-2026,C-1026,Precision Welding,Controls Tech,8,0,1004.37
North Substation,NS_MO_2025,PRJ-NS-1204,05-01-2026,C-1024,Apex Industrial,Millwright,8,0,732.24
North Substation,NS_MO_2025,PRJ-NS-1172,05-01-2026,C-1005,Atlas Heavy Eng,Millwright,8,0,604.36
North Substation,NS_MO_2025,PRJ-NS-1187,05-01-2026,C-1028,Midwest Mech Pros,Field Engineer,8,0,1504.43
North Substation,NS_MO_2025,PRJ-NS-1295,05-01-2026,C-1005,Atlas Heavy Eng,Millwright,8,0,631.36
North Substation,NS_MO_2025,PRJ-NS-1302,05-01-2026,C-1035,Summit Field Techs,General Labor,8,0,354.26
North Substation,NS_MO_2025,PRJ-NS-1159,05-01-2026,C-1006,Apex Industrial,Field Engineer,8,0,1302.5
North Substation,NS_MO_2025,PRJ-NS-1372,05-01-2026,C-1066,Apex Industrial,General Labor,8,0,400.27
North Substation,NS_MO_2025,PRJ-NS-1183,05-01-2026,C-1078,Atlas Heavy Eng,Millwright,8,0,668.19
North Substation,NS_MO_2025,PRJ-NS-1162,05-01-2026,C-1040,Atlas Heavy Eng,Crane Operator,8,0,892.29
North Substation,NS_MO_2025,PRJ-NS-1181,05-01-2026,C-1069,Precision Welding,Safety Officer,8,0,528.47
North Substation,NS_MO_2025,PRJ-NS-1176,05-01-2026,C-1029,Midwest Mech Pros,Controls Tech,8,0,1028.4
North Substation,NS_MO_2025,PRJ-NS-1215,05-01-2026,C-1001,Apex Industrial,General Labor,8,0,390.36
North Substation,NS_MO_2025,PRJ-NS-1393,05-01-2026,C-1003,Summit Field Techs,Millwright,8,0,664.52
North Substation,NS_MO_2025,PRJ-NS-1335,05-01-2026,C-1019,Midwest Mech Pros,Controls Tech,8,0,1084.69
North Substation,NS_MO_2025,PRJ-NS-1228,05-01-2026,C-1020,Midwest Mech Pros,Field Engineer,8,0,1259.91
North Substation,NS_MO_2025,PRJ-NS-1196,05-01-2026,C-1023,Summit Field Techs,Field Engineer,8,0,1674.16
North Substation,NS_MO_2025,PRJ-NS-1153,05-01-2026,C-1035,Summit Field Techs,General Labor,8,0,358.21
North Substation,NS_MO_2025,PRJ-NS-1188,05-01-2026,C-1024,Apex Industrial,Millwright,8,0,717.63
North Substation,NS_MO_2025,PRJ-NS-1200,05-01-2026,C-1005,Atlas Heavy Eng,Millwright,8,0,578.05
North Substation,NS_MO_2025,PRJ-NS-1248,05-01-2026,C-1026,Precision Welding,Controls Tech,8,0,1080.79
North Substation,NS_MO_2025,PRJ-NS-1356,05-01-2026,C-1039,PrimeFix Solutions,Field Engineer,8,0,1486.37
North Substation,NS_MO_2025,PRJ-NS-1189,05-01-2026,C-1024,Apex Industrial,Millwright,8,0,707.77
North Substation,NS_MO_2025,PRJ-NS-1313,05-01-2026,C-1005,Atlas Heavy Eng,Millwright,8,0,588.17
North Substation,NS_MO_2025,PRJ-NS-1215,05-01-2026,C-1001,Apex Industrial,General Labor,8,0,396.06
North Substation,NS_MO_2025,PRJ-NS-1290,05-01-2026,C-1037,PrimeFix Solutions,Controls Tech,8,0,1165.67
North Substation,NS_MO_2025,PRJ-NS-1311,05-01-2026,C-1039,PrimeFix Solutions,Field Engineer,8,0,1521.09
North Substation,NS_MO_2025,PRJ-NS-1265,05-01-2026,C-1079,Precision Welding,Crane Operator,8,0,738.96
North Substation,NS_MO_2025,PRJ-NS-1259,05-01-2026,C-1023,Summit Field Techs,Field Engineer,8,0,1570.74
North Substation,NS_MO_2025,PRJ-NS-1320,05-01-2026,C-1001,Apex Industrial,General Labor,8,0,383.15
North Substation,NS_MO_2025,PRJ-NS-1259,05-01-2026,C-1043,Apex Industrial,Crane Operator,8,0,840.23
North Substation,NS_MO_2025,PRJ-NS-1372,05-01-2026,C-1066,Apex Industrial,General Labor,8,0,402.98
North Substation,NS_MO_2025,PRJ-NS-1263,05-01-2026,C-1039,PrimeFix Solutions,Field Engineer,8,0,1508.27
North Substation,NS_MO_2025,PRJ-NS-1291,05-01-2026,C-1005,Atlas Heavy Eng,Millwright,8,0,599.79
North Substation,NS_MO_2025,PRJ-NS-1160,05-01-2026,C-1021,Summit Field Techs,Millwright,8,0,697.45
North Substation,NS_MO_2025,PRJ-NS-1228,05-01-2026,C-1020,Midwest Mech Pros,Field Engineer,8,0,1177.61
North Substation,NS_MO_2025,PRJ-NS-1295,05-01-2026,C-1005,Atlas Heavy Eng,Millwright,8,0,589.14
North Substation,NS_MO_2025,PRJ-NS-1250,05-01-2026,C-1072,Apex Industrial,Crane Operator,8,0,744.08
North Substation,NS_MO_2025,PRJ-NS-1370,05-01-2026,C-1028,Midwest Mech Pros,Field Engineer,8,0,1432.07
North Substation,NS_MO_2025,PRJ-NS-1222,05-01-2026,C-1041,Precision Welding,Millwright,8,0,716.1
North Substation,NS_MO_2025,PRJ-NS-1183,05-01-2026,C-1078,Atlas Heavy Eng,Millwright,8,0,670.02
North Substation,NS_MO_2025,PRJ-NS-1334,05-01-2026,C-1010,PrimeFix Solutions,Field Engineer,8,0,1562.9
North Substation,NS_MO_2025,PRJ-NS-1192,05-01-2026,C-1040,Atlas Heavy Eng,Crane Operator,8,0,886.06
North Substation,NS_MO_2025,PRJ-NS-1332,05-01-2026,C-1052,PrimeFix Solutions,General Labor,8,0,358.0
North Substation,NS_MO_2025,PRJ-NS-1301,05-01-2026,C-1013,Atlas Heavy Eng,Safety Officer,8,0,595.63
North Substation,NS_MO_2025,PRJ-NS-1194,05-01-2026,C-1006,Apex Industrial,Field Engineer,8,0,1315.35
North Substation,NS_MO_2025,PRJ-NS-1182,05-01-2026,C-1029,Midwest Mech Pros,Controls Tech,8,0,987.55
North Substation,NS_MO_2025,PRJ-NS-1354,05-01-2026,C-1066,Apex Industrial,General Labor,8,0,400.34
North Substation,NS_MO_2025,PRJ-NS-1232,05-01-2026,C-1073,Precision Welding,General Labor,8,0,387.53
North Substation,NS_MO_2025,PRJ-NS-1356,05-01-2026,C-1054,Midwest Mech Pros,General Labor,8,0,394.02
North Substation,NS_MO_2025,PRJ-NS-1265,05-01-2026,C-1079,Precision Welding,Crane Operator,8,0,796.04
North Substation,NS_MO_2025,PRJ-NS-1259,05-01-2026,C-1043,Apex Industrial,Crane Operator,8,0,857.09
North Substation,NS_MO_2025,PRJ-NS-1172,05-01-2026,C-1013,Atlas Heavy Eng,Safety Officer,8,0,582.97
North Substation,NS_MO_2025,PRJ-NS-1315,05-01-2026,C-1020,Midwest Mech Pros,Field Engineer,8,0,1204.02
North Substation,NS_MO_2025,PRJ-NS-1325,05-01-2026,C-1019,Midwest Mech Pros,Controls Tech,8,0,1109.64
North Substation,NS_MO_2025,PRJ-NS-1315,05-01-2026,C-1020,Midwest Mech Pros,Field Engineer,8,0,1239.22
North Substation,NS_MO_2025,PRJ-NS-1250,05-01-2026,C-1072,Apex Industrial,Crane Operator,8,0,745.9
North Substation,NS_MO_2025,PRJ-NS-1246,05-01-2026,C-1079,Precision Welding,Crane Operator,8,0,794.8
North Substation,NS_MO_2025,PRJ-NS-1380,05-01-2026,C-1006,Apex Industrial,Field Engineer,8,0,1320.78
North Substation,NS_MO_2025,PRJ-NS-1208,05-01-2026,C-1045,Midwest Mech Pros,Crane Operator,8,0,799.97
North Substation,NS_MO_2025,PRJ-NS-1326,05-01-2026,C-1053,Precision Welding,Millwright,8,0,635.31
North Substation,NS_MO_2025,PRJ-NS-1286,05-01-2026,C-1067,PrimeFix Solutions,Millwright,8,0,750.49
North Substation,NS_MO_2025,PRJ-NS-1301,05-01-2026,C-1013,Atlas Heavy Eng,Safety Officer,8,0,564.31
North Substation,NS_MO_2025,PRJ-NS-1347,05-01-2026,C-1027,Precision Welding,Crane Operator,8,0,852.76
North Substation,NS_MO_2025,PRJ-NS-1194,05-01-2026,C-1046,Precision Welding,General Labor,8,0,412.01
North Substation,NS_MO_2025,PRJ-NS-1181,05-01-2026,C-1078,Atlas Heavy Eng,Millwright,8,0,727.59
North Substation,NS_MO_2025,PRJ-NS-1263,05-01-2026,C-1054,Midwest Mech Pros,General Labor,8,0,407.15
North Substation,NS_MO_2025,PRJ-NS-1295,05-01-2026,C-1005,Atlas Heavy Eng,Millwright,8,0,594.67
North Substation,NS_MO_2025,PRJ-NS-1290,05-01-2026,C-1037,PrimeFix Solutions,Controls Tech,8,0,1086.95
North Substation,NS_MO_2025,PRJ-NS-1335,05-01-2026,C-1019,Midwest Mech Pros,Controls Tech,8,0,1073.57
North Substation,NS_MO_2025,PRJ-NS-1196,05-01-2026,C-1023,Summit Field Techs,Field Engineer,8,0,1633.92
North Substation,NS_MO_2025,PRJ-NS-1150,05-01-2026,C-1071,PrimeFix Solutions,Crane Operator,8,0,793.48
North Substation,NS_MO_2025,PRJ-NS-1321,05-01-2026,C-1062,PrimeFix Solutions,General Labor,8,0,394.46
North Substation,NS_MO_2025,PRJ-NS-1213,05-01-2026,C-1041,Precision Welding,Millwright,8,0,743.89
North Substation,NS_MO_2025,PRJ-NS-1226,05-01-2026,C-1023,Summit Field Techs,Field Engineer,8,0,1535.28
North Substation,NS_MO_2025,PRJ-NS-1160,05-01-2026,C-1017,Summit Field Techs,Crane Operator,8,0,875.25
North Substation,NS_MO_2025,PRJ-NS-1390,05-01-2026,C-1062,PrimeFix Solutions,General Labor,8,0,361.87
North Substation,NS_MO_2025,PRJ-NS-1263,05-01-2026,C-1037,PrimeFix Solutions,Controls Tech,8,0,1103.11
North Substation,NS_MO_2025,PRJ-NS-1188,05-01-2026,C-1024,Apex Industrial,Millwright,8,0,734.56
North Substation,NS_MO_2025,PRJ-NS-1304,05-01-2026,C-1059,PrimeFix Solutions,Field Engineer,8,0,1235.45
North Substation,NS_MO_2025,PRJ-NS-1378,05-01-2026,C-1020,Midwest Mech Pros,Field Engineer,8,0,1207.33
North Substation,NS_MO_2025,PRJ-NS-1190,05-01-2026,C-1021,Summit Field Techs,Millwright,8,0,693.42
North Substation,NS_MO_2025,PRJ-NS-1312,05-01-2026,C-1010,PrimeFix Solutions,Field Engineer,8,0,1533.2
East Peaker,EP_MO_2027,PRJ-EP-1892,05-01-2026,C-1041,Precision Welding,Millwright,8,0,773.67
East Peaker,EP_MO_2027,PRJ-EP-1900,05-01-2026,C-1077,Precision Welding,Safety Officer,8,0,535.14
East Peaker,EP_MO_2027,PRJ-EP-1913,05-01-2026,C-1006,Apex Industrial,Field Engineer,8,0,1491.63
East Peaker,EP_MO_2027,PRJ-EP-1910,05-01-2026,C-1059,PrimeFix Solutions,Field Engineer,8,0,1182.93
East Peaker,EP_MO_2027,PRJ-EP-1907,05-01-2026,C-1045,Midwest Mech Pros,Crane Operator,8,0,865.18
East Peaker,EP_MO_2027,PRJ-EP-1906,05-01-2026,C-1028,Midwest Mech Pros,Field Engineer,8,0,1439.05
North Substation,NS_MO_2025,PRJ-NS-1356,05-01-2026,C-1054,Midwest Mech Pros,General Labor,8,0,399.89
North Substation,NS_MO_2025,PRJ-NS-1366,05-01-2026,C-1010,PrimeFix Solutions,Field Engineer,8,0,1584.67
North Substation,NS_MO_2025,PRJ-NS-1320,05-01-2026,C-1001,Apex Industrial,General Labor,8,0,420.28
North Substation,NS_MO_2025,PRJ-NS-1342,05-01-2026,C-1030,Summit Field Techs,Millwright,8,0,656.18
North Substation,NS_MO_2025,PRJ-NS-1160,05-01-2026,C-1021,Summit Field Techs,Millwright,8,0,647.04
North Substation,NS_MO_2025,PRJ-NS-1188,05-01-2026,C-1024,Apex Industrial,Millwright,8,0,763.06
North Substation,NS_MO_2025,PRJ-NS-1200,05-01-2026,C-1005,Atlas Heavy Eng,Millwright,8,0,623.38
North Substation,NS_MO_2025,PRJ-NS-1150,05-01-2026,C-1071,PrimeFix Solutions,Crane Operator,8,0,772.8
North Substation,NS_MO_2025,PRJ-NS-1259,05-01-2026,C-1035,Summit Field Techs,General Labor,8,0,358.19
North Substation,NS_MO_2025,PRJ-NS-1311,05-01-2026,C-1039,PrimeFix Solutions,Field Engineer,8,0,1513.21
North Substation,NS_MO_2025,PRJ-NS-1370,05-01-2026,C-1028,Midwest Mech Pros,Field Engineer,8,0,1480.76
North Substation,NS_MO_2025,PRJ-NS-1150,05-01-2026,C-1071,PrimeFix Solutions,Crane Operator,8,0,796.19
North Substation,NS_MO_2025,PRJ-NS-1255,05-01-2026,C-1000,PrimeFix Solutions,Millwright,8,0,679.85
North Substation,NS_MO_2025,PRJ-NS-1250,05-01-2026,C-1072,Apex Industrial,Crane Operator,8,0,718.43
North Substation,NS_MO_2025,PRJ-NS-1323,05-01-2026,C-1079,Precision Welding,Crane Operator,8,0,775.51
North Substation,NS_MO_2025,PRJ-NS-1342,05-01-2026,C-1030,Summit Field Techs,Millwright,8,0,608.02
North Substation,NS_MO_2025,PRJ-NS-1183,05-01-2026,C-1078,Atlas Heavy Eng,Millwright,8,0,696.84
North Substation,NS_MO_2025,PRJ-NS-1185,05-01-2026,C-1023,Summit Field Techs,Field Engineer,8,0,1642.87
North Substation,NS_MO_2025,PRJ-NS-1390,05-01-2026,C-1062,PrimeFix Solutions,General Labor,8,0,359.93
North Substation,NS_MO_2025,PRJ-NS-1372,05-01-2026,C-1066,Apex Industrial,General Labor,8,0,387.73
North Substation,NS_MO_2025,PRJ-NS-1378,05-01-2026,C-1020,Midwest Mech Pros,Field Engineer,8,0,1189.87
North Substation,NS_MO_2025,PRJ-NS-1228,05-01-2026,C-1027,Precision Welding,Crane Operator,8,0,896.48
North Substation,NS_MO_2025,PRJ-NS-1234,05-01-2026,C-1043,Apex Industrial,Crane Operator,8,0,807.86
North Substation,NS_MO_2025,PRJ-NS-1302,05-01-2026,C-1011,Midwest Mech Pros,General Labor,8,0,433.81
North Substation,NS_MO_2025,PRJ-NS-1374,05-01-2026,C-1019,Midwest Mech Pros,Controls Tech,8,0,1090.21
North Substation,NS_MO_2025,PRJ-NS-1194,05-01-2026,C-1046,Precision Welding,General Labor,8,0,440.41
North Substation,NS_MO_2025,PRJ-NS-1268,05-01-2026,C-1028,Midwest Mech Pros,Field Engineer,8,0,1543.78
North Substation,NS_MO_2025,PRJ-NS-1215,05-01-2026,C-1001,Apex Industrial,General Labor,8,0,409.69
North Substation,NS_MO_2025,PRJ-NS-1268,05-01-2026,C-1028,Midwest Mech Pros,Field Engineer,8,0,1543.13
North Substation,NS_MO_2025,PRJ-NS-1325,05-01-2026,C-1019,Midwest Mech Pros,Controls Tech,8,0,1017.37
North Substation,NS_MO_2025,PRJ-NS-1248,05-01-2026,C-1026,Precision Welding,Controls Tech,8,0,1025.53
North Substation,NS_MO_2025,PRJ-NS-1324,05-01-2026,C-1078,Atlas Heavy Eng,Millwright,8,0,702.04
North Substation,NS_MO_2025,PRJ-NS-1259,05-01-2026,C-1043,Apex Industrial,Crane Operator,8,0,791.0
North Substation,NS_MO_2025,PRJ-NS-1213,05-01-2026,C-1041,Precision Welding,Millwright,8,0,694.84
North Substation,NS_MO_2025,PRJ-NS-1393,05-01-2026,C-1003,Summit Field Techs,Millwright,8,0,705.36
North Substation,NS_MO_2025,PRJ-NS-1378,06-01-2026,C-1020,Midwest Mech Pros,Field Engineer,8,0,1179.03
North Substation,NS_MO_2025,PRJ-NS-1393,06-01-2026,C-1003,Summit Field Techs,Millwright,8,0,701.03
North Substation,NS_MO_2025,PRJ-NS-1375,06-01-2026,C-1012,Midwest Mech Pros,Controls Tech,8,0,982.14
North Substation,NS_MO_2025,PRJ-NS-1375,06-01-2026,C-1012,Midwest Mech Pros,Controls Tech,8,0,990.94
North Substation,NS_MO_2025,PRJ-NS-1394,06-01-2026,C-1029,Midwest Mech Pros,Controls Tech,8,0,1061.82
North Substation,NS_MO_2025,PRJ-NS-1380,06-01-2026,C-1006,Apex Industrial,Field Engineer,8,0,1347.75
North Substation,NS_MO_2025,PRJ-NS-1353,06-01-2026,C-1073,Precision Welding,General Labor,8,0,380.27
North Substation,NS_MO_2025,PRJ-NS-1307,06-01-2026,C-1066,Apex Industrial,General Labor,8,0,386.4
North Substation,NS_MO_2025,PRJ-NS-1206,06-01-2026,C-1026,Precision Welding,Controls Tech,8,0,1029.89
North Substation,NS_MO_2025,PRJ-NS-1244,06-01-2026,C-1078,Atlas Heavy Eng,Millwright,8,0,696.12
North Substation,NS_MO_2025,PRJ-NS-1393,06-01-2026,C-1003,Summit Field Techs,Millwright,8,0,678.98
North Substation,NS_MO_2025,PRJ-NS-1329,06-01-2026,C-1067,PrimeFix Solutions,Millwright,8,0,746.16
North Substation,NS_MO_2025,PRJ-NS-1200,06-01-2026,C-1005,Atlas Heavy Eng,Millwright,8,0,575.33
North Substation,NS_MO_2025,PRJ-NS-1384,06-01-2026,C-1035,Summit Field Techs,General Labor,8,0,372.01
North Substation,NS_MO_2025,PRJ-NS-1248,06-01-2026,C-1026,Precision Welding,Controls Tech,8,0,1016.72
North Substation,NS_MO_2025,PRJ-NS-1189,06-01-2026,C-1024,Apex Industrial,Millwright,8,0,724.62
North Substation,NS_MO_2025,PRJ-NS-1325,06-01-2026,C-1019,Midwest Mech Pros,Controls Tech,8,0,1028.21
North Substation,NS_MO_2025,PRJ-NS-1189,06-01-2026,C-1074,Apex Industrial,Controls Tech,8,0,1094.32
North Substation,NS_MO_2025,PRJ-NS-1159,06-01-2026,C-1006,Apex Industrial,Field Engineer,8,0,1315.82
North Substation,NS_MO_2025,PRJ-NS-1312,06-01-2026,C-1010,PrimeFix Solutions,Field Engineer,8,0,1668.85
North Substation,NS_MO_2025,PRJ-NS-1186,06-01-2026,C-1058,Midwest Mech Pros,Controls Tech,8,0,1225.9
North Substation,NS_MO_2025,PRJ-NS-1379,06-01-2026,C-1019,Midwest Mech Pros,Controls Tech,8,0,1035.55
North Substation,NS_MO_2025,PRJ-NS-1258,06-01-2026,C-1060,Summit Field Techs,General Labor,8,0,470.57
North Substation,NS_MO_2025,PRJ-NS-1304,06-01-2026,C-1013,Atlas Heavy Eng,Safety Officer,8,0,555.86
North Substation,NS_MO_2025,PRJ-NS-1366,06-01-2026,C-1066,Apex Industrial,General Labor,8,0,374.8
North Substation,NS_MO_2025,PRJ-NS-1200,06-01-2026,C-1023,Summit Field Techs,Field Engineer,8,0,1566.56
North Substation,NS_MO_2025,PRJ-NS-1353,06-01-2026,C-1073,Precision Welding,General Labor,8,0,377.28
North Substation,NS_MO_2025,PRJ-NS-1194,06-01-2026,C-1006,Apex Industrial,Field Engineer,8,0,1328.46
North Substation,NS_MO_2025,PRJ-NS-1222,06-01-2026,C-1041,Precision Welding,Millwright,8,0,737.56
North Substation,NS_MO_2025,PRJ-NS-1181,06-01-2026,C-1069,Precision Welding,Safety Officer,8,0,526.18
North Substation,NS_MO_2025,PRJ-NS-1346,06-01-2026,C-1006,Apex Industrial,Field Engineer,8,0,1357.76
North Substation,NS_MO_2025,PRJ-NS-1302,06-01-2026,C-1035,Summit Field Techs,General Labor,8,0,369.91
North Substation,NS_MO_2025,PRJ-NS-1304,06-01-2026,C-1013,Atlas Heavy Eng,Safety Officer,8,0,562.06
North Substation,NS_MO_2025,PRJ-NS-1361,06-01-2026,C-1073,Precision Welding,General Labor,8,0,383.75
North Substation,NS_MO_2025,PRJ-NS-1203,06-01-2026,C-1006,Apex Industrial,Field Engineer,8,0,1416.48
North Substation,NS_MO_2025,PRJ-NS-1259,06-01-2026,C-1035,Summit Field Techs,General Labor,8,0,360.42
North Substation,NS_MO_2025,PRJ-NS-1160,06-01-2026,C-1017,Summit Field Techs,Crane Operator,8,0,892.1
North Substation,NS_MO_2025,PRJ-NS-1326,06-01-2026,C-1076,Apex Industrial,Safety Officer,8,0,628.7
North Substation,NS_MO_2025,PRJ-NS-1258,06-01-2026,C-1060,Summit Field Techs,General Labor,8,0,470.91
North Substation,NS_MO_2025,PRJ-NS-1323,06-01-2026,C-1079,Precision Welding,Crane Operator,8,0,730.24
North Substation,NS_MO_2025,PRJ-NS-1356,06-01-2026,C-1054,Midwest Mech Pros,General Labor,8,0,378.78
North Substation,NS_MO_2025,PRJ-NS-1324,06-01-2026,C-1072,Apex Industrial,Crane Operator,8,0,761.67
North Substation,NS_MO_2025,PRJ-NS-1290,06-01-2026,C-1037,PrimeFix Solutions,Controls Tech,8,0,1162.15
North Substation,NS_MO_2025,PRJ-NS-1181,06-01-2026,C-1069,Precision Welding,Safety Officer,8,0,533.5
North Substation,NS_MO_2025,PRJ-NS-1370,06-01-2026,C-1028,Midwest Mech Pros,Field Engineer,8,0,1514.17
North Substation,NS_MO_2025,PRJ-NS-1356,06-01-2026,C-1067,PrimeFix Solutions,Millwright,8,0,742.04
North Substation,NS_MO_2025,PRJ-NS-1295,06-01-2026,C-1005,Atlas Heavy Eng,Millwright,8,0,610.31
North Substation,NS_MO_2025,PRJ-NS-1197,06-01-2026,C-1051,Apex Industrial,Crane Operator,8,0,885.19
North Substation,NS_MO_2025,PRJ-NS-1291,06-01-2026,C-1054,Midwest Mech Pros,General Labor,8,0,416.77
North Substation,NS_MO_2025,PRJ-NS-1258,06-01-2026,C-1060,Summit Field Techs,General Labor,8,0,466.44
North Substation,NS_MO_2025,PRJ-NS-1312,06-01-2026,C-1042,PrimeFix Solutions,General Labor,8,0,435.2
North Substation,NS_MO_2025,PRJ-NS-1162,06-01-2026,C-1069,Precision Welding,Safety Officer,8,0,526.59
North Substation,NS_MO_2025,PRJ-NS-1324,06-01-2026,C-1072,Apex Industrial,Crane Operator,8,0,756.57
North Substation,NS_MO_2025,PRJ-NS-1366,06-01-2026,C-1066,Apex Industrial,General Labor,8,0,386.63
North Substation,NS_MO_2025,PRJ-NS-1342,06-01-2026,C-1030,Summit Field Techs,Millwright,8,0,605.76
North Substation,NS_MO_2025,PRJ-NS-1188,06-01-2026,C-1003,Summit Field Techs,Millwright,8,0,713.73
North Substation,NS_MO_2025,PRJ-NS-1291,06-01-2026,C-1005,Atlas Heavy Eng,Millwright,8,0,601.85
North Substation,NS_MO_2025,PRJ-NS-1192,06-01-2026,C-1040,Atlas Heavy Eng,Crane Operator,8,0,846.63
North Substation,NS_MO_2025,PRJ-NS-1236,06-01-2026,C-1005,Atlas Heavy Eng,Millwright,8,0,589.56
North Substation,NS_MO_2025,PRJ-NS-1181,06-01-2026,C-1078,Atlas Heavy Eng,Millwright,8,0,688.35
North Substation,NS_MO_2025,PRJ-NS-1300,06-01-2026,C-1023,Summit Field Techs,Field Engineer,8,0,1599.3
North Substation,NS_MO_2025,PRJ-NS-1315,06-01-2026,C-1062,PrimeFix Solutions,General Labor,8,0,389.62
North Substation,NS_MO_2025,PRJ-NS-1317,06-01-2026,C-1000,PrimeFix Solutions,Millwright,8,0,702.69
North Substation,NS_MO_2025,PRJ-NS-1236,06-01-2026,C-1005,Atlas Heavy Eng,Millwright,8,0,598.11
North Substation,NS_MO_2025,PRJ-NS-1194,06-01-2026,C-1006,Apex Industrial,Field Engineer,8,0,1312.92
North Substation,NS_MO_2025,PRJ-NS-1188,06-01-2026,C-1003,Summit Field Techs,Millwright,8,0,703.0
North Substation,NS_MO_2025,PRJ-NS-1349,06-01-2026,C-1011,Midwest Mech Pros,General Labor,8,0,437.5
North Substation,NS_MO_2025,PRJ-NS-1270,06-01-2026,C-1006,Apex Industrial,Field Engineer,8,0,1388.52
North Substation,NS_MO_2025,PRJ-NS-1268,06-01-2026,C-1028,Midwest Mech Pros,Field Engineer,8,0,1458.98
North Substation,NS_MO_2025,PRJ-NS-1162,06-01-2026,C-1040,Atlas Heavy Eng,Crane Operator,8,0,842.85
North Substation,NS_MO_2025,PRJ-NS-1258,06-01-2026,C-1060,Summit Field Techs,General Labor,8,0,474.86
North Substation,NS_MO_2025,PRJ-NS-1166,06-01-2026,C-1023,Summit Field Techs,Field Engineer,8,0,1527.98
North Substation,NS_MO_2025,PRJ-NS-1378,06-01-2026,C-1020,Midwest Mech Pros,Field Engineer,8,0,1221.66
North Substation,NS_MO_2025,PRJ-NS-1374,06-01-2026,C-1019,Midwest Mech Pros,Controls Tech,8,0,1096.72
North Substation,NS_MO_2025,PRJ-NS-1312,06-01-2026,C-1010,PrimeFix Solutions,Field Engineer,8,0,1526.43
North Substation,NS_MO_2025,PRJ-NS-1370,06-01-2026,C-1028,Midwest Mech Pros,Field Engineer,8,0,1497.4
North Substation,NS_MO_2025,PRJ-NS-1269,06-01-2026,C-1029,Midwest Mech Pros,Controls Tech,8,0,1021.82
North Substation,NS_MO_2025,PRJ-NS-1188,06-01-2026,C-1003,Summit Field Techs,Millwright,8,0,708.04
North Substation,NS_MO_2025,PRJ-NS-1307,06-01-2026,C-1066,Apex Industrial,General Labor,8,0,375.07
North Substation,NS_MO_2025,PRJ-NS-1312,06-01-2026,C-1042,PrimeFix Solutions,General Labor,8,0,414.13
North Substation,NS_MO_2025,PRJ-NS-1181,06-01-2026,C-1078,Atlas Heavy Eng,Millwright,8,0,698.04
North Substation,NS_MO_2025,PRJ-NS-1259,06-01-2026,C-1035,Summit Field Techs,General Labor,8,0,351.72
North Substation,NS_MO_2025,PRJ-NS-1320,06-01-2026,C-1001,Apex Industrial,General Labor,8,0,400.23
North Substation,NS_MO_2025,PRJ-NS-1269,06-01-2026,C-1029,Midwest Mech Pros,Controls Tech,8,0,1041.62
North Substation,NS_MO_2025,PRJ-NS-1200,06-01-2026,C-1005,Atlas Heavy Eng,Millwright,8,0,615.77
North Substation,NS_MO_2025,PRJ-NS-1356,06-01-2026,C-1054,Midwest Mech Pros,General Labor,8,0,403.95
North Substation,NS_MO_2025,PRJ-NS-1226,06-01-2026,C-1001,Apex Industrial,General Labor,8,0,418.96
North Substation,NS_MO_2025,PRJ-NS-1189,06-01-2026,C-1074,Apex Industrial,Controls Tech,8,0,1061.83
North Substation,NS_MO_2025,PRJ-NS-1263,06-01-2026,C-1039,PrimeFix Solutions,Field Engineer,8,0,1526.18
North Substation,NS_MO_2025,PRJ-NS-1189,06-01-2026,C-1024,Apex Industrial,Millwright,8,0,766.28
North Substation,NS_MO_2025,PRJ-NS-1200,06-01-2026,C-1023,Summit Field Techs,Field Engineer,8,0,1603.72
North Substation,NS_MO_2025,PRJ-NS-1311,06-01-2026,C-1039,PrimeFix Solutions,Field Engineer,8,0,1490.8
North Substation,NS_MO_2025,PRJ-NS-1255,06-01-2026,C-1000,PrimeFix Solutions,Millwright,8,0,685.79
North Substation,NS_MO_2025,PRJ-NS-1321,06-01-2026,C-1062,PrimeFix Solutions,General Labor,8,0,392.82
North Substation,NS_MO_2025,PRJ-NS-1342,06-01-2026,C-1030,Summit Field Techs,Millwright,8,0,629.83
North Substation,NS_MO_2025,PRJ-NS-1335,06-01-2026,C-1019,Midwest Mech Pros,Controls Tech,8,0,1102.72
North Substation,NS_MO_2025,PRJ-NS-1342,06-01-2026,C-1030,Summit Field Techs,Millwright,8,0,610.87
North Substation,NS_MO_2025,PRJ-NS-1162,06-01-2026,C-1069,Precision Welding,Safety Officer,8,0,542.99
North Substation,NS_MO_2025,PRJ-NS-1150,06-01-2026,C-1071,PrimeFix Solutions,Crane Operator,8,0,803.23
West Valley Peaker,WV_HGP_2026,PRJ-WV-2339,06-01-2026,C-1006,Apex Industrial,Field Engineer,8,0,1437.01
West Valley Peaker,WV_HGP_2026,PRJ-WV-2326,06-01-2026,C-1023,Summit Field Techs,Field Engineer,8,0,1736.75
West Valley Peaker,WV_HGP_2026,PRJ-WV-2326,06-01-2026,C-1010,PrimeFix Solutions,Field Engineer,8,0,1578.51
West Valley Peaker,WV_HGP_2026,PRJ-WV-2345,06-01-2026,C-1059,PrimeFix Solutions,Field Engineer,8,0,1268.34
West Valley Peaker,WV_HGP_2026,PRJ-WV-2338,06-01-2026,C-1006,Apex Industrial,Field Engineer,8,0,1411.49
West Valley Peaker,WV_HGP_2026,PRJ-WV-2332,06-01-2026,C-1006,Apex Industrial,Field Engineer,8,0,1368.86
West Valley Peaker,WV_HGP_2026,PRJ-WV-2338,06-01-2026,C-1010,PrimeFix Solutions,Field Engineer,8,0,1587.62
West Valley Peaker,WV_HGP_2026,PRJ-WV-2332,06-01-2026,C-1023,Summit Field Techs,Field Engineer,8,0,1458.29
West Valley Peaker,WV_HGP_2026,PRJ-WV-2338,06-01-2026,C-1059,PrimeFix Solutions,Field Engineer,8,0,1314.05
West Valley Peaker,WV_HGP_2026,PRJ-WV-2339,06-01-2026,C-1039,PrimeFix Solutions,Field Engineer,8,0,1598.3
West Valley Peaker,WV_HGP_2026,PRJ-WV-2345,06-01-2026,C-1059,PrimeFix Solutions,Field Engineer,8,0,1326.5
West Valley Peaker,WV_HGP_2026,PRJ-WV-2326,06-01-2026,C-1059,PrimeFix Solutions,Field Engineer,8,0,1114.67
West Valley Peaker,WV_HGP_2026,PRJ-WV-2338,06-01-2026,C-1006,Apex Industrial,Field Engineer,8,0,1485.56
West Valley Peaker,WV_HGP_2026,PRJ-WV-2338,06-01-2026,C-1023,Summit Field Techs,Field Engineer,8,0,1573.7
West Valley Peaker,WV_HGP_2026,PRJ-WV-2332,06-01-2026,C-1010,PrimeFix Solutions,Field Engineer,8,0,1658.96
West Valley Peaker,WV_HGP_2026,PRJ-WV-2339,06-01-2026,C-1023,Summit Field Techs,Field Engineer,8,0,1658.24
West Valley Peaker,WV_HGP_2026,PRJ-WV-2330,06-01-2026,C-1028,Midwest Mech Pros,Field Engineer,8,0,1358.16
West Valley Peaker,WV_HGP_2026,PRJ-WV-2332,06-01-2026,C-1020,Midwest Mech Pros,Field Engineer,8,0,1163.37
North Substation,NS_MO_2025,PRJ-NS-1346,06-01-2026,C-1010,PrimeFix Solutions,Field Engineer,8,0,1579.49
West Valley Peaker,WV_HGP_2026,PRJ-WV-2332,06-01-2026,C-1039,PrimeFix Solutions,Field Engineer,8,0,1503.86
West Valley Peaker,WV_HGP_2026,PRJ-WV-2330,06-01-2026,C-1059,PrimeFix Solutions,Field Engineer,8,0,1203.1
North Substation,NS_MO_2025,PRJ-NS-1150,06-01-2026,C-1071,PrimeFix Solutions,Crane Operator,8,0,821.08
North Substation,NS_MO_2025,PRJ-NS-1194,06-01-2026,C-1006,Apex Industrial,Field Engineer,8,0,1366.23
North Substation,NS_MO_2025,PRJ-NS-1181,06-01-2026,C-1078,Atlas Heavy Eng,Millwright,8,0,698.36
North Substation,NS_MO_2025,PRJ-NS-1370,06-01-2026,C-1028,Midwest Mech Pros,Field Engineer,8,0,1533.43
North Substation,NS_MO_2025,PRJ-NS-1390,06-01-2026,C-1013,Atlas Heavy Eng,Safety Officer,8,0,604.44
North Substation,NS_MO_2025,PRJ-NS-1326,06-01-2026,C-1053,Precision Welding,Millwright,8,0,649.02
North Substation,NS_MO_2025,PRJ-NS-1211,06-01-2026,C-1067,PrimeFix Solutions,Millwright,8,0,710.8
North Substation,NS_MO_2025,PRJ-NS-1207,06-01-2026,C-1006,Apex Industrial,Field Engineer,8,0,1353.62
North Substation,NS_MO_2025,PRJ-NS-1393,06-01-2026,C-1037,PrimeFix Solutions,Controls Tech,8,0,1098.65
North Substation,NS_MO_2025,PRJ-NS-1346,06-01-2026,C-1006,Apex Industrial,Field Engineer,8,0,1339.08
North Substation,NS_MO_2025,PRJ-NS-1188,06-01-2026,C-1024,Apex Industrial,Millwright,8,0,727.64
North Substation,NS_MO_2025,PRJ-NS-1258,06-01-2026,C-1015,Atlas Heavy Eng,Controls Tech,8,0,1272.42
North Substation,NS_MO_2025,PRJ-NS-1257,06-01-2026,C-1077,Precision Welding,Safety Officer,8,0,546.17
West Valley Peaker,WV_HGP_2026,PRJ-WV-2332,06-01-2026,C-1010,PrimeFix Solutions,Field Engineer,8,0,1588.2
West Valley Peaker,WV_HGP_2026,PRJ-WV-2345,06-01-2026,C-1059,PrimeFix Solutions,Field Engineer,8,0,1193.35
West Valley Peaker,WV_HGP_2026,PRJ-WV-2339,06-01-2026,C-1028,Midwest Mech Pros,Field Engineer,8,0,1547.75
West Valley Peaker,WV_HGP_2026,PRJ-WV-2338,06-01-2026,C-1010,PrimeFix Solutions,Field Engineer,8,0,1530.18
West Valley Peaker,WV_HGP_2026,PRJ-WV-2338,06-01-2026,C-1028,Midwest Mech Pros,Field Engineer,8,0,1571.36
North Substation,NS_MO_2025,PRJ-NS-1198,06-01-2026,C-1043,Apex Industrial,Crane Operator,8,0,819.35
North Substation,NS_MO_2025,PRJ-NS-1291,06-01-2026,C-1054,Midwest Mech Pros,General Labor,8,0,404.9
North Substation,NS_MO_2025,PRJ-NS-1181,06-01-2026,C-1069,Precision Welding,Safety Officer,8,0,520.01
North Substation,NS_MO_2025,PRJ-NS-1188,06-01-2026,C-1024,Apex Industrial,Millwright,8,0,778.91
North Substation,NS_MO_2025,PRJ-NS-1261,06-01-2026,C-1018,Atlas Heavy Eng,Controls Tech,8,0,1114.4
North Substation,NS_MO_2025,PRJ-NS-1302,06-01-2026,C-1035,Summit Field Techs,General Labor,8,0,386.43
North Substation,NS_MO_2025,PRJ-NS-1346,06-01-2026,C-1006,Apex Industrial,Field Engineer,8,0,1423.17
North Substation,NS_MO_2025,PRJ-NS-1187,06-01-2026,C-1028,Midwest Mech Pros,Field Engineer,8,0,1437.97
North Substation,NS_MO_2025,PRJ-NS-1222,06-01-2026,C-1041,Precision Welding,Millwright,8,0,733.36
North Substation,NS_MO_2025,PRJ-NS-1313,06-01-2026,C-1005,Atlas Heavy Eng,Millwright,8,0,589.92
North Substation,NS_MO_2025,PRJ-NS-1322,06-01-2026,C-1019,Midwest Mech Pros,Controls Tech,8,0,1060.93
North Substation,NS_MO_2025,PRJ-NS-1150,06-01-2026,C-1071,PrimeFix Solutions,Crane Operator,8,0,792.48
North Substation,NS_MO_2025,PRJ-NS-1290,06-01-2026,C-1037,PrimeFix Solutions,Controls Tech,8,0,1088.33
North Substation,NS_MO_2025,PRJ-NS-1312,06-01-2026,C-1042,PrimeFix Solutions,General Labor,8,0,396.98
North Substation,NS_MO_2025,PRJ-NS-1375,06-01-2026,C-1012,Midwest Mech Pros,Controls Tech,8,0,999.85
North Substation,NS_MO_2025,PRJ-NS-1222,06-01-2026,C-1041,Precision Welding,Millwright,8,0,696.24
North Substation,NS_MO_2025,PRJ-NS-1207,06-01-2026,C-1006,Apex Industrial,Field Engineer,8,0,1360.52
North Substation,NS_MO_2025,PRJ-NS-1261,06-01-2026,C-1018,Atlas Heavy Eng,Controls Tech,8,0,1096.39
North Substation,NS_MO_2025,PRJ-NS-1394,06-01-2026,C-1029,Midwest Mech Pros,Controls Tech,8,0,1050.94
North Substation,NS_MO_2025,PRJ-NS-1259,06-01-2026,C-1023,Summit Field Techs,Field Engineer,8,0,1629.85
North Substation,NS_MO_2025,PRJ-NS-1356,06-01-2026,C-1054,Midwest Mech Pros,General Labor,8,0,393.86
North Substation,NS_MO_2025,PRJ-NS-1162,06-01-2026,C-1040,Atlas Heavy Eng,Crane Operator,8,0,815.59
North Substation,NS_MO_2025,PRJ-NS-1342,06-01-2026,C-1030,Summit Field Techs,Millwright,8,0,640.7
North Substation,NS_MO_2025,PRJ-NS-1374,06-01-2026,C-1019,Midwest Mech Pros,Controls Tech,8,0,1115.19
North Substation,NS_MO_2025,PRJ-NS-1213,06-01-2026,C-1067,PrimeFix Solutions,Millwright,8,0,692.45
North Substation,NS_MO_2025,PRJ-NS-1189,06-01-2026,C-1024,Apex Industrial,Millwright,8,0,755.36
North Substation,NS_MO_2025,PRJ-NS-1370,06-01-2026,C-1028,Midwest Mech Pros,Field Engineer,8,0,1459.09
North Substation,NS_MO_2025,PRJ-NS-1315,06-01-2026,C-1062,PrimeFix Solutions,General Labor,8,0,369.46
North Substation,NS_MO_2025,PRJ-NS-1384,06-01-2026,C-1035,Summit Field Techs,General Labor,8,0,358.53
North Substation,NS_MO_2025,PRJ-NS-1204,06-01-2026,C-1024,Apex Industrial,Millwright,8,0,756.35
North Substation,NS_MO_2025,PRJ-NS-1372,06-01-2026,C-1066,Apex Industrial,General Labor,8,0,385.15
North Substation,NS_MO_2025,PRJ-NS-1295,06-01-2026,C-1005,Atlas Heavy Eng,Millwright,8,0,585.5
North Substation,NS_MO_2025,PRJ-NS-1317,06-01-2026,C-1000,PrimeFix Solutions,Millwright,8,0,725.14
North Substation,NS_MO_2025,PRJ-NS-1263,06-01-2026,C-1037,PrimeFix Solutions,Controls Tech,8,0,1118.35
North Substation,NS_MO_2025,PRJ-NS-1236,06-01-2026,C-1005,Atlas Heavy Eng,Millwright,8,0,626.58
North Substation,NS_MO_2025,PRJ-NS-1183,06-01-2026,C-1078,Atlas Heavy Eng,Millwright,8,0,668.84
North Substation,NS_MO_2025,PRJ-NS-1200,06-01-2026,C-1005,Atlas Heavy Eng,Millwright,8,0,622.16
North Substation,NS_MO_2025,PRJ-NS-1246,06-01-2026,C-1079,Precision Welding,Crane Operator,8,0,774.65
North Substation,NS_MO_2025,PRJ-NS-1286,06-01-2026,C-1067,PrimeFix Solutions,Millwright,8,0,699.2
North Substation,NS_MO_2025,PRJ-NS-1263,06-01-2026,C-1037,PrimeFix Solutions,Controls Tech,8,0,1149.59
North Substation,NS_MO_2025,PRJ-NS-1325,06-01-2026,C-1019,Midwest Mech Pros,Controls Tech,8,0,1061.44
North Substation,NS_MO_2025,PRJ-NS-1185,06-01-2026,C-1023,Summit Field Techs,Field Engineer,8,0,1539.88
North Substation,NS_MO_2025,PRJ-NS-1276,06-01-2026,C-1003,Summit Field Techs,Millwright,8,0,692.48
North Substation,NS_MO_2025,PRJ-NS-1388,06-01-2026,C-1045,Midwest Mech Pros,Crane Operator,8,0,857.59
North Substation,NS_MO_2025,PRJ-NS-1153,06-01-2026,C-1035,Summit Field Techs,General Labor,8,0,386.21
North Substation,NS_MO_2025,PRJ-NS-1194,06-01-2026,C-1046,Precision Welding,General Labor,8,0,418.45
North Substation,NS_MO_2025,PRJ-NS-1166,06-01-2026,C-1023,Summit Field Techs,Field Engineer,8,0,1672.54
North Substation,NS_MO_2025,PRJ-NS-1304,06-01-2026,C-1013,Atlas Heavy Eng,Safety Officer,8,0,561.05
North Substation,NS_MO_2025,PRJ-NS-1191,06-01-2026,C-1047,Atlas Heavy Eng,Millwright,8,0,625.3
North Substation,NS_MO_2025,PRJ-NS-1190,06-01-2026,C-1006,Apex Industrial,Field Engineer,8,0,1299.88
North Substation,NS_MO_2025,PRJ-NS-1326,06-01-2026,C-1053,Precision Welding,Millwright,8,0,658.67
North Substation,NS_MO_2025,PRJ-NS-1379,06-01-2026,C-1019,Midwest Mech Pros,Controls Tech,8,0,1112.09
North Substation,NS_MO_2025,PRJ-NS-1378,06-01-2026,C-1020,Midwest Mech Pros,Field Engineer,8,0,1184.65
North Substation,NS_MO_2025,PRJ-NS-1269,06-01-2026,C-1029,Midwest Mech Pros,Controls Tech,8,0,981.26
North Substation,NS_MO_2025,PRJ-NS-1388,06-01-2026,C-1045,Midwest Mech Pros,Crane Operator,8,0,853.96
North Substation,NS_MO_2025,PRJ-NS-1322,06-01-2026,C-1031,Summit Field Techs,Crane Operator,8,0,761.94
North Substation,NS_MO_2025,PRJ-NS-1380,06-01-2026,C-1039,PrimeFix Solutions,Field Engineer,8,0,1546.05
North Substation,NS_MO_2025,PRJ-NS-1200,06-01-2026,C-1023,Summit Field Techs,Field Engineer,8,0,1568.26
North Substation,NS_MO_2025,PRJ-NS-1347,06-01-2026,C-1027,Precision Welding,Crane Operator,8,0,853.75
North Substation,NS_MO_2025,PRJ-NS-1335,06-01-2026,C-1019,Midwest Mech Pros,Controls Tech,8,0,1116.36
North Substation,NS_MO_2025,PRJ-NS-1257,06-01-2026,C-1077,Precision Welding,Safety Officer,8,0,594.88
North Substation,NS_MO_2025,PRJ-NS-1346,06-01-2026,C-1010,PrimeFix Solutions,Field Engineer,8,0,1615.97
North Substation,NS_MO_2025,PRJ-NS-1393,06-01-2026,C-1003,Summit Field Techs,Millwright,8,0,669.23
North Substation,NS_MO_2025,PRJ-NS-1228,06-01-2026,C-1020,Midwest Mech Pros,Field Engineer,8,0,1201.18
North Substation,NS_MO_2025,PRJ-NS-1226,06-01-2026,C-1001,Apex Industrial,General Labor,8,0,422.43
North Substation,NS_MO_2025,PRJ-NS-1354,06-01-2026,C-1066,Apex Industrial,General Labor,8,0,375.59
North Substation,NS_MO_2025,PRJ-NS-1384,06-01-2026,C-1035,Summit Field Techs,General Labor,8,0,362.57
North Substation,NS_MO_2025,PRJ-NS-1246,06-01-2026,C-1079,Precision Welding,Crane Operator,8,0,723.6
North Substation,NS_MO_2025,PRJ-NS-1312,06-01-2026,C-1010,PrimeFix Solutions,Field Engineer,8,0,1551.4
North Substation,NS_MO_2025,PRJ-NS-1324,06-01-2026,C-1072,Apex Industrial,Crane Operator,8,0,785.92
North Substation,NS_MO_2025,PRJ-NS-1321,06-01-2026,C-1062,PrimeFix Solutions,General Labor,8,0,394.5
North Substation,NS_MO_2025,PRJ-NS-1315,06-01-2026,C-1020,Midwest Mech Pros,Field Engineer,8,0,1242.49
North Substation,NS_MO_2025,PRJ-NS-1261,06-01-2026,C-1052,PrimeFix Solutions,General Labor,8,0,346.52
North Substation,NS_MO_2025,PRJ-NS-1366,06-01-2026,C-1010,PrimeFix Solutions,Field Engineer,8,0,1593.73
North Substation,NS_MO_2025,PRJ-NS-1213,06-01-2026,C-1041,Precision Welding,Millwright,8,0,692.66
North Substation,NS_MO_2025,PRJ-NS-1369,06-01-2026,C-1008,Apex Industrial,Safety Officer,8,0,692.47
North Substation,NS_MO_2025,PRJ-NS-1288,06-01-2026,C-1077,Precision Welding,Safety Officer,8,0,588.43
North Substation,NS_MO_2025,PRJ-NS-1228,06-01-2026,C-1020,Midwest Mech Pros,Field Engineer,8,0,1166.15
North Substation,NS_MO_2025,PRJ-NS-1226,06-01-2026,C-1018,Atlas Heavy Eng,Controls Tech,8,0,1130.13
North Substation,NS_MO_2025,PRJ-NS-1330,06-01-2026,C-1071,PrimeFix Solutions,Crane Operator,8,0,825.57
North Substation,NS_MO_2025,PRJ-NS-1248,06-01-2026,C-1026,Precision Welding,Controls Tech,8,0,1009.65
North Substation,NS_MO_2025,PRJ-NS-1206,06-01-2026,C-1026,Precision Welding,Controls Tech,8,0,1092.23
North Substation,NS_MO_2025,PRJ-NS-1226,06-01-2026,C-1023,Summit Field Techs,Field Engineer,8,0,1606.0
North Substation,NS_MO_2025,PRJ-NS-1185,06-01-2026,C-1023,Summit Field Techs,Field Engineer,8,0,1546.21
North Substation,NS_MO_2025,PRJ-NS-1304,06-01-2026,C-1013,Atlas Heavy Eng,Safety Officer,8,0,609.93
West Valley Peaker,WV_HGP_2026,PRJ-WV-2345,07-01-2026,C-1059,PrimeFix Solutions,Field Engineer,8,0,1214.17
West Valley Peaker,WV_HGP_2026,PRJ-WV-2339,07-01-2026,C-1039,PrimeFix Solutions,Field Engineer,8,0,1477.35
West Valley Peaker,WV_HGP_2026,PRJ-WV-2338,07-01-2026,C-1059,PrimeFix Solutions,Field Engineer,8,0,1265.84
West Valley Peaker,WV_HGP_2026,PRJ-WV-2339,07-01-2026,C-1028,Midwest Mech Pros,Field Engineer,8,0,1587.07
West Valley Peaker,WV_HGP_2026,PRJ-WV-2345,07-01-2026,C-1059,PrimeFix Solutions,Field Engineer,8,0,1150.78
West Valley Peaker,WV_HGP_2026,PRJ-WV-2330,07-01-2026,C-1059,PrimeFix Solutions,Field Engineer,8,0,1294.42
West Valley Peaker,WV_HGP_2026,PRJ-WV-2338,07-01-2026,C-1010,PrimeFix Solutions,Field Engineer,8,0,1514.63
West Valley Peaker,WV_HGP_2026,PRJ-WV-2330,07-01-2026,C-1028,Midwest Mech Pros,Field Engineer,8,0,1377.94
West Valley Peaker,WV_HGP_2026,PRJ-WV-2332,07-01-2026,C-1020,Midwest Mech Pros,Field Engineer,8,0,1114.58
West Valley Peaker,WV_HGP_2026,PRJ-WV-2338,07-01-2026,C-1010,PrimeFix Solutions,Field Engineer,8,0,1610.36
North Substation,NS_MO_2025,PRJ-NS-1206,07-01-2026,C-1026,Precision Welding,Controls Tech,8,0,1024.58
North Substation,NS_MO_2025,PRJ-NS-1320,07-01-2026,C-1001,Apex Industrial,General Labor,8,0,422.31
North Substation,NS_MO_2025,PRJ-NS-1162,07-01-2026,C-1069,Precision Welding,Safety Officer,8,0,526.26
North Substation,NS_MO_2025,PRJ-NS-1196,07-01-2026,C-1023,Summit Field Techs,Field Engineer,8,0,1528.82
North Substation,NS_MO_2025,PRJ-NS-1393,07-01-2026,C-1000,PrimeFix Solutions,Millwright,8,0,738.62
North Substation,NS_MO_2025,PRJ-NS-1160,07-01-2026,C-1017,Summit Field Techs,Crane Operator,8,0,834.72
North Substation,NS_MO_2025,PRJ-NS-1312,07-01-2026,C-1042,PrimeFix Solutions,General Labor,8,0,423.47
West Valley Peaker,WV_HGP_2026,PRJ-WV-2338,07-01-2026,C-1028,Midwest Mech Pros,Field Engineer,8,0,1524.9
North Substation,NS_MO_2025,PRJ-NS-1302,07-01-2026,C-1011,Midwest Mech Pros,General Labor,8,0,415.52
North Substation,NS_MO_2025,PRJ-NS-1361,07-01-2026,C-1073,Precision Welding,General Labor,8,0,368.62
North Substation,NS_MO_2025,PRJ-NS-1194,07-01-2026,C-1046,Precision Welding,General Labor,8,0,421.12
North Substation,NS_MO_2025,PRJ-NS-1290,07-01-2026,C-1037,PrimeFix Solutions,Controls Tech,8,0,1064.88
West Valley Peaker,WV_HGP_2026,PRJ-WV-2339,07-01-2026,C-1006,Apex Industrial,Field Engineer,8,0,1261.34
Metro Gen CC,MG_HGP_2026,PRJ-MG-1666,07-01-2026,C-1059,PrimeFix Solutions,Field Engineer,8,0,1182.17
West Valley Peaker,WV_HGP_2026,PRJ-WV-2326,07-01-2026,C-1023,Summit Field Techs,Field Engineer,8,0,1612.92
West Valley Peaker,WV_HGP_2026,PRJ-WV-2332,07-01-2026,C-1039,PrimeFix Solutions,Field Engineer,8,0,1472.76
West Valley Peaker,WV_HGP_2026,PRJ-WV-2332,07-01-2026,C-1006,Apex Industrial,Field Engineer,8,0,1402.07
West Valley Peaker,WV_HGP_2026,PRJ-WV-2338,07-01-2026,C-1006,Apex Industrial,Field Engineer,8,0,1473.44
West Valley Peaker,WV_HGP_2026,PRJ-WV-2326,07-01-2026,C-1059,PrimeFix Solutions,Field Engineer,8,0,1107.11
Metro Gen CC,MG_HGP_2026,PRJ-MG-1665,07-01-2026,C-1039,PrimeFix Solutions,Field Engineer,8,0,1475.88
Metro Gen CC,MG_HGP_2026,PRJ-MG-1664,07-01-2026,C-1020,Midwest Mech Pros,Field Engineer,8,0,1306.25
Metro Gen CC,MG_HGP_2026,PRJ-MG-1665,07-01-2026,C-1020,Midwest Mech Pros,Field Engineer,8,0,1197.58
Metro Gen CC,MG_HGP_2026,PRJ-MG-1666,07-01-2026,C-1006,Apex Industrial,Field Engineer,8,0,1366.42
Metro Gen CC,MG_HGP_2026,PRJ-MG-1667,07-01-2026,C-1020,Midwest Mech Pros,Field Engineer,8,0,1197.16
Metro Gen CC,MG_HGP_2026,PRJ-MG-1667,07-01-2026,C-1020,Midwest Mech Pros,Field Engineer,8,0,1166.04
Metro Gen CC,MG_HGP_2026,PRJ-MG-1670,07-01-2026,C-1073,Precision Welding,General Labor,8,0,355.38
Metro Gen CC,MG_HGP_2026,PRJ-MG-1667,07-01-2026,C-1069,Precision Welding,Safety Officer,8,0,559.57
Metro Gen CC,MG_HGP_2026,PRJ-MG-1663,07-01-2026,C-1039,PrimeFix Solutions,Field Engineer,8,0,1490.47
Metro Gen CC,MG_HGP_2026,PRJ-MG-1663,07-01-2026,C-1010,PrimeFix Solutions,Field Engineer,8,0,1486.52
West Valley Peaker,WV_HGP_2026,PRJ-WV-2332,07-01-2026,C-1010,PrimeFix Solutions,Field Engineer,8,0,1649.6
West Valley Peaker,WV_HGP_2026,PRJ-WV-2338,07-01-2026,C-1023,Summit Field Techs,Field Engineer,8,0,1605.65
West Valley Peaker,WV_HGP_2026,PRJ-WV-2332,07-01-2026,C-1010,PrimeFix Solutions,Field Engineer,8,0,1719.0
West Valley Peaker,WV_HGP_2026,PRJ-WV-2339,07-01-2026,C-1023,Summit Field Techs,Field Engineer,8,0,1679.32
West Valley Peaker,WV_HGP_2026,PRJ-WV-2338,07-01-2026,C-1006,Apex Industrial,Field Engineer,8,0,1427.33
West Valley Peaker,WV_HGP_2026,PRJ-WV-2345,07-01-2026,C-1059,PrimeFix Solutions,Field Engineer,8,0,1130.91
West Valley Peaker,WV_HGP_2026,PRJ-WV-2326,07-01-2026,C-1010,PrimeFix Solutions,Field Engineer,8,0,1442.1
West Valley Peaker,WV_HGP_2026,PRJ-WV-2332,07-01-2026,C-1023,Summit Field Techs,Field Engineer,8,0,1464.41
Metro Gen CC,MG_HGP_2026,PRJ-MG-1663,07-01-2026,C-1065,PrimeFix Solutions,Safety Officer,8,0,627.26
North Substation,NS_MO_2025,PRJ-NS-1250,07-01-2026,C-1072,Apex Industrial,Crane Operator,8,0,725.58
North Substation,NS_MO_2025,PRJ-NS-1232,07-01-2026,C-1073,Precision Welding,General Labor,8,0,367.14
North Substation,NS_MO_2025,PRJ-NS-1307,07-01-2026,C-1066,Apex Industrial,General Labor,8,0,390.98
North Substation,NS_MO_2025,PRJ-NS-1204,07-01-2026,C-1024,Apex Industrial,Millwright,8,0,756.71
North Substation,NS_MO_2025,PRJ-NS-1315,07-01-2026,C-1062,PrimeFix Solutions,General Labor,8,0,370.93
North Substation,NS_MO_2025,PRJ-NS-1349,07-01-2026,C-1011,Midwest Mech Pros,General Labor,8,0,435.11
North Substation,NS_MO_2025,PRJ-NS-1304,07-01-2026,C-1059,PrimeFix Solutions,Field Engineer,8,0,1176.46
North Substation,NS_MO_2025,PRJ-NS-1258,07-01-2026,C-1015,Atlas Heavy Eng,Controls Tech,8,0,1208.3
North Substation,NS_MO_2025,PRJ-NS-1372,07-01-2026,C-1066,Apex Industrial,General Labor,8,0,399.0
North Substation,NS_MO_2025,PRJ-NS-1329,07-01-2026,C-1067,PrimeFix Solutions,Millwright,8,0,707.61
North Substation,NS_MO_2025,PRJ-NS-1194,07-01-2026,C-1030,Summit Field Techs,Millwright,8,0,661.6
North Substation,NS_MO_2025,PRJ-NS-1213,07-01-2026,C-1067,PrimeFix Solutions,Millwright,8,0,700.03
North Substation,NS_MO_2025,PRJ-NS-1154,07-01-2026,C-1020,Midwest Mech Pros,Field Engineer,8,0,1264.51
North Substation,NS_MO_2025,PRJ-NS-1189,07-01-2026,C-1074,Apex Industrial,Controls Tech,8,0,1105.72
North Substation,NS_MO_2025,PRJ-NS-1261,07-01-2026,C-1018,Atlas Heavy Eng,Controls Tech,8,0,1140.06
North Substation,NS_MO_2025,PRJ-NS-1366,07-01-2026,C-1066,Apex Industrial,General Labor,8,0,379.2
North Substation,NS_MO_2025,PRJ-NS-1326,07-01-2026,C-1053,Precision Welding,Millwright,8,0,636.4
North Substation,NS_MO_2025,PRJ-NS-1295,07-01-2026,C-1059,PrimeFix Solutions,Field Engineer,8,0,1179.76
North Substation,NS_MO_2025,PRJ-NS-1181,07-01-2026,C-1078,Atlas Heavy Eng,Millwright,8,0,688.39
North Substation,NS_MO_2025,PRJ-NS-1228,07-01-2026,C-1027,Precision Welding,Crane Operator,8,0,842.8
North Substation,NS_MO_2025,PRJ-NS-1295,07-01-2026,C-1005,Atlas Heavy Eng,Millwright,8,0,622.54
North Substation,NS_MO_2025,PRJ-NS-1183,07-01-2026,C-1078,Atlas Heavy Eng,Millwright,8,0,716.59
North Substation,NS_MO_2025,PRJ-NS-1393,07-01-2026,C-1037,PrimeFix Solutions,Controls Tech,8,0,1073.83
North Substation,NS_MO_2025,PRJ-NS-1255,07-01-2026,C-1000,PrimeFix Solutions,Millwright,8,0,740.05
North Substation,NS_MO_2025,PRJ-NS-1151,07-01-2026,C-1065,PrimeFix Solutions,Safety Officer,8,0,660.41
North Substation,NS_MO_2025,PRJ-NS-1213,07-01-2026,C-1041,Precision Welding,Millwright,8,0,723.96
North Substation,NS_MO_2025,PRJ-NS-1353,07-01-2026,C-1073,Precision Welding,General Labor,8,0,359.46
North Substation,NS_MO_2025,PRJ-NS-1354,07-01-2026,C-1066,Apex Industrial,General Labor,8,0,388.08
North Substation,NS_MO_2025,PRJ-NS-1200,07-01-2026,C-1023,Summit Field Techs,Field Engineer,8,0,1550.79
North Substation,NS_MO_2025,PRJ-NS-1352,07-01-2026,C-1060,Summit Field Techs,General Labor,8,0,458.44
North Substation,NS_MO_2025,PRJ-NS-1176,07-01-2026,C-1029,Midwest Mech Pros,Controls Tech,8,0,985.82
North Substation,NS_MO_2025,PRJ-NS-1185,07-01-2026,C-1023,Summit Field Techs,Field Engineer,8,0,1592.61
North Substation,NS_MO_2025,PRJ-NS-1378,07-01-2026,C-1020,Midwest Mech Pros,Field Engineer,8,0,1253.24
North Substation,NS_MO_2025,PRJ-NS-1304,07-01-2026,C-1013,Atlas Heavy Eng,Safety Officer,8,0,580.96
North Substation,NS_MO_2025,PRJ-NS-1315,07-01-2026,C-1020,Midwest Mech Pros,Field Engineer,8,0,1160.43
North Substation,NS_MO_2025,PRJ-NS-1342,07-01-2026,C-1031,Summit Field Techs,Crane Operator,8,0,735.43
North Substation,NS_MO_2025,PRJ-NS-1388,07-01-2026,C-1045,Midwest Mech Pros,Crane Operator,8,0,848.45
North Substation,NS_MO_2025,PRJ-NS-1200,07-01-2026,C-1005,Atlas Heavy Eng,Millwright,8,0,617.54
North Substation,NS_MO_2025,PRJ-NS-1334,07-01-2026,C-1010,PrimeFix Solutions,Field Engineer,8,0,1616.13
North Substation,NS_MO_2025,PRJ-NS-1390,07-01-2026,C-1013,Atlas Heavy Eng,Safety Officer,8,0,572.26
North Substation,NS_MO_2025,PRJ-NS-1373,07-01-2026,C-1037,PrimeFix Solutions,Controls Tech,8,0,1149.54
North Substation,NS_MO_2025,PRJ-NS-1259,07-01-2026,C-1043,Apex Industrial,Crane Operator,8,0,815.21
North Substation,NS_MO_2025,PRJ-NS-1257,07-01-2026,C-1077,Precision Welding,Safety Officer,8,0,553.77
North Substation,NS_MO_2025,PRJ-NS-1291,07-01-2026,C-1054,Midwest Mech Pros,General Labor,8,0,383.53
North Substation,NS_MO_2025,PRJ-NS-1311,07-01-2026,C-1039,PrimeFix Solutions,Field Engineer,8,0,1447.79
North Substation,NS_MO_2025,PRJ-NS-1226,07-01-2026,C-1018,Atlas Heavy Eng,Controls Tech,8,0,1164.05
North Substation,NS_MO_2025,PRJ-NS-1356,07-01-2026,C-1039,PrimeFix Solutions,Field Engineer,8,0,1504.6
North Substation,NS_MO_2025,PRJ-NS-1211,07-01-2026,C-1067,PrimeFix Solutions,Millwright,8,0,752.02
North Substation,NS_MO_2025,PRJ-NS-1234,07-01-2026,C-1043,Apex Industrial,Crane Operator,8,0,838.65
North Substation,NS_MO_2025,PRJ-NS-1269,07-01-2026,C-1029,Midwest Mech Pros,Controls Tech,8,0,1062.97
North Substation,NS_MO_2025,PRJ-NS-1248,07-01-2026,C-1026,Precision Welding,Controls Tech,8,0,1040.4
North Substation,NS_MO_2025,PRJ-NS-1166,07-01-2026,C-1023,Summit Field Techs,Field Engineer,8,0,1558.51
North Substation,NS_MO_2025,PRJ-NS-1152,07-01-2026,C-1053,Precision Welding,Millwright,8,0,669.6
North Substation,NS_MO_2025,PRJ-NS-1348,07-01-2026,C-1026,Precision Welding,Controls Tech,8,0,1039.96
North Substation,NS_MO_2025,PRJ-NS-1172,07-01-2026,C-1005,Atlas Heavy Eng,Millwright,8,0,582.29
North Substation,NS_MO_2025,PRJ-NS-1222,07-01-2026,C-1041,Precision Welding,Millwright,8,0,712.24
North Substation,NS_MO_2025,PRJ-NS-1186,07-01-2026,C-1058,Midwest Mech Pros,Controls Tech,8,0,1226.75
North Substation,NS_MO_2025,PRJ-NS-1236,07-01-2026,C-1005,Atlas Heavy Eng,Millwright,8,0,599.05
North Substation,NS_MO_2025,PRJ-NS-1313,07-01-2026,C-1005,Atlas Heavy Eng,Millwright,8,0,601.09
North Substation,NS_MO_2025,PRJ-NS-1322,07-01-2026,C-1031,Summit Field Techs,Crane Operator,8,0,762.24
North Substation,NS_MO_2025,PRJ-NS-1321,07-01-2026,C-1062,PrimeFix Solutions,General Labor,8,0,364.57
North Substation,NS_MO_2025,PRJ-NS-1228,07-01-2026,C-1020,Midwest Mech Pros,Field Engineer,8,0,1156.8
North Substation,NS_MO_2025,PRJ-NS-1384,07-01-2026,C-1035,Summit Field Techs,General Labor,8,0,383.98
North Substation,NS_MO_2025,PRJ-NS-1346,07-01-2026,C-1010,PrimeFix Solutions,Field Engineer,8,0,1618.29
North Substation,NS_MO_2025,PRJ-NS-1215,07-01-2026,C-1001,Apex Industrial,General Labor,8,0,411.83
North Substation,NS_MO_2025,PRJ-NS-1342,07-01-2026,C-1030,Summit Field Techs,Millwright,8,0,660.6
North Substation,NS_MO_2025,PRJ-NS-1187,07-01-2026,C-1028,Midwest Mech Pros,Field Engineer,8,0,1423.72
North Substation,NS_MO_2025,PRJ-NS-1324,07-01-2026,C-1072,Apex Industrial,Crane Operator,8,0,734.95
North Substation,NS_MO_2025,PRJ-NS-1356,07-01-2026,C-1067,PrimeFix Solutions,Millwright,8,0,741.13
North Substation,NS_MO_2025,PRJ-NS-1327,07-01-2026,C-1023,Summit Field Techs,Field Engineer,8,0,1601.18
North Substation,NS_MO_2025,PRJ-NS-1182,07-01-2026,C-1029,Midwest Mech Pros,Controls Tech,8,0,1048.1
North Substation,NS_MO_2025,PRJ-NS-1288,07-01-2026,C-1077,Precision Welding,Safety Officer,8,0,592.93
North Substation,NS_MO_2025,PRJ-NS-1181,07-01-2026,C-1069,Precision Welding,Safety Officer,8,0,518.41
North Substation,NS_MO_2025,PRJ-NS-1162,07-01-2026,C-1040,Atlas Heavy Eng,Crane Operator,8,0,864.85
North Substation,NS_MO_2025,PRJ-NS-1197,07-01-2026,C-1051,Apex Industrial,Crane Operator,8,0,836.57
North Substation,NS_MO_2025,PRJ-NS-1356,07-01-2026,C-1054,Midwest Mech Pros,General Labor,8,0,410.75
North Substation,NS_MO_2025,PRJ-NS-1346,07-01-2026,C-1006,Apex Industrial,Field Engineer,8,0,1398.83
North Substation,NS_MO_2025,PRJ-NS-1335,07-01-2026,C-1019,Midwest Mech Pros,Controls Tech,8,0,1021.53
North Substation,NS_MO_2025,PRJ-NS-1258,07-01-2026,C-1060,Summit Field Techs,General Labor,8,0,466.63
North Substation,NS_MO_2025,PRJ-NS-1325,07-01-2026,C-1019,Midwest Mech Pros,Controls Tech,8,0,1093.74
North Substation,NS_MO_2025,PRJ-NS-1153,07-01-2026,C-1035,Summit Field Techs,General Labor,8,0,369.52
North Substation,NS_MO_2025,PRJ-NS-1312,07-01-2026,C-1010,PrimeFix Solutions,Field Engineer,8,0,1553.74
North Substation,NS_MO_2025,PRJ-NS-1379,07-01-2026,C-1019,Midwest Mech Pros,Controls Tech,8,0,1039.63
North Substation,NS_MO_2025,PRJ-NS-1286,07-01-2026,C-1067,PrimeFix Solutions,Millwright,8,0,714.33
North Substation,NS_MO_2025,PRJ-NS-1369,07-01-2026,C-1008,Apex Industrial,Safety Officer,8,0,699.77
North Substation,NS_MO_2025,PRJ-NS-1263,07-01-2026,C-1039,PrimeFix Solutions,Field Engineer,8,0,1582.45
North Substation,NS_MO_2025,PRJ-NS-1390,07-01-2026,C-1062,PrimeFix Solutions,General Labor,8,0,380.94
North Substation,NS_MO_2025,PRJ-NS-1380,07-01-2026,C-1006,Apex Industrial,Field Engineer,8,0,1364.3
North Substation,NS_MO_2025,PRJ-NS-1207,07-01-2026,C-1006,Apex Industrial,Field Engineer,8,0,1380.48
North Substation,NS_MO_2025,PRJ-NS-1350,07-01-2026,C-1079,Precision Welding,Crane Operator,8,0,796.68
North Substation,NS_MO_2025,PRJ-NS-1334,07-01-2026,C-1005,Atlas Heavy Eng,Millwright,8,0,611.28
North Substation,NS_MO_2025,PRJ-NS-1150,07-01-2026,C-1071,PrimeFix Solutions,Crane Operator,8,0,792.38
North Substation,NS_MO_2025,PRJ-NS-1190,07-01-2026,C-1021,Summit Field Techs,Millwright,8,0,640.96
North Substation,NS_MO_2025,PRJ-NS-1244,07-01-2026,C-1078,Atlas Heavy Eng,Millwright,8,0,679.01
North Substation,NS_MO_2025,PRJ-NS-1302,07-01-2026,C-1035,Summit Field Techs,General Labor,8,0,375.21
North Substation,NS_MO_2025,PRJ-NS-1275,07-01-2026,C-1024,Apex Industrial,Millwright,8,0,739.52
North Substation,NS_MO_2025,PRJ-NS-1259,07-01-2026,C-1023,Summit Field Techs,Field Engineer,8,0,1547.3
North Substation,NS_MO_2025,PRJ-NS-1332,07-01-2026,C-1052,PrimeFix Solutions,General Labor,8,0,375.13
North Substation,NS_MO_2025,PRJ-NS-1270,07-01-2026,C-1006,Apex Industrial,Field Engineer,8,0,1367.65
North Substation,NS_MO_2025,PRJ-NS-1190,07-01-2026,C-1006,Apex Industrial,Field Engineer,8,0,1342.69
North Substation,NS_MO_2025,PRJ-NS-1226,07-01-2026,C-1001,Apex Industrial,General Labor,8,0,412.69
North Substation,NS_MO_2025,PRJ-NS-1226,07-01-2026,C-1023,Summit Field Techs,Field Engineer,8,0,1548.64
North Substation,NS_MO_2025,PRJ-NS-1194,07-01-2026,C-1006,Apex Industrial,Field Engineer,8,0,1383.25
North Substation,NS_MO_2025,PRJ-NS-1259,07-01-2026,C-1035,Summit Field Techs,General Labor,8,0,354.62
North Substation,NS_MO_2025,PRJ-NS-1375,07-01-2026,C-1012,Midwest Mech Pros,Controls Tech,8,0,989.92
North Substation,NS_MO_2025,PRJ-NS-1189,07-01-2026,C-1024,Apex Industrial,Millwright,8,0,715.37
North Substation,NS_MO_2025,PRJ-NS-1203,07-01-2026,C-1006,Apex Industrial,Field Engineer,8,0,1320.29
North Substation,NS_MO_2025,PRJ-NS-1271,07-01-2026,C-1013,Atlas Heavy Eng,Safety Officer,8,0,581.48
North Substation,NS_MO_2025,PRJ-NS-1380,07-01-2026,C-1039,PrimeFix Solutions,Field Engineer,8,0,1520.03
North Substation,NS_MO_2025,PRJ-NS-1208,07-01-2026,C-1045,Midwest Mech Pros,Crane Operator,8,0,803.68
North Substation,NS_MO_2025,PRJ-NS-1188,07-01-2026,C-1024,Apex Industrial,Millwright,8,0,739.8
North Substation,NS_MO_2025,PRJ-NS-1261,07-01-2026,C-1052,PrimeFix Solutions,General Labor,8,0,358.34
North Substation,NS_MO_2025,PRJ-NS-1301,07-01-2026,C-1013,Atlas Heavy Eng,Safety Officer,8,0,586.98
North Substation,NS_MO_2025,PRJ-NS-1394,07-01-2026,C-1029,Midwest Mech Pros,Controls Tech,8,0,1022.31
North Substation,NS_MO_2025,PRJ-NS-1366,07-01-2026,C-1010,PrimeFix Solutions,Field Engineer,8,0,1526.24
North Substation,NS_MO_2025,PRJ-NS-1191,07-01-2026,C-1047,Atlas Heavy Eng,Millwright,8,0,605.58
North Substation,NS_MO_2025,PRJ-NS-1159,07-01-2026,C-1041,Precision Welding,Millwright,8,0,681.86
North Substation,NS_MO_2025,PRJ-NS-1205,07-01-2026,C-1012,Midwest Mech Pros,Controls Tech,8,0,1078.23
North Substation,NS_MO_2025,PRJ-NS-1326,07-01-2026,C-1076,Apex Industrial,Safety Officer,8,0,632.06
North Substation,NS_MO_2025,PRJ-NS-1291,07-01-2026,C-1005,Atlas Heavy Eng,Millwright,8,0,602.11
North Substation,NS_MO_2025,PRJ-NS-1323,07-01-2026,C-1079,Precision Welding,Crane Operator,8,0,742.56
North Substation,NS_MO_2025,PRJ-NS-1300,07-01-2026,C-1023,Summit Field Techs,Field Engineer,8,0,1635.98
North Substation,NS_MO_2025,PRJ-NS-1370,07-01-2026,C-1028,Midwest Mech Pros,Field Engineer,8,0,1424.09
North Substation,NS_MO_2025,PRJ-NS-1268,07-01-2026,C-1028,Midwest Mech Pros,Field Engineer,8,0,1439.99
North Substation,NS_MO_2025,PRJ-NS-1192,07-01-2026,C-1040,Atlas Heavy Eng,Crane Operator,8,0,838.62
North Substation,NS_MO_2025,PRJ-NS-1263,07-01-2026,C-1054,Midwest Mech Pros,General Labor,8,0,387.19
North Substation,NS_MO_2025,PRJ-NS-1301,07-01-2026,C-1065,PrimeFix Solutions,Safety Officer,8,0,652.54
North Substation,NS_MO_2025,PRJ-NS-1198,07-01-2026,C-1043,Apex Industrial,Crane Operator,8,0,841.76
North Substation,NS_MO_2025,PRJ-NS-1159,07-01-2026,C-1006,Apex Industrial,Field Engineer,8,0,1418.28
North Substation,NS_MO_2025,PRJ-NS-1322,07-01-2026,C-1019,Midwest Mech Pros,Controls Tech,8,0,1055.78
North Substation,NS_MO_2025,PRJ-NS-1181,07-01-2026,C-1039,PrimeFix Solutions,Field Engineer,8,0,1475.04
North Substation,NS_MO_2025,PRJ-NS-1374,07-01-2026,C-1019,Midwest Mech Pros,Controls Tech,8,0,1056.05
North Substation,NS_MO_2025,PRJ-NS-1324,07-01-2026,C-1078,Atlas Heavy Eng,Millwright,8,0,710.77
North Substation,NS_MO_2025,PRJ-NS-1276,07-01-2026,C-1003,Summit Field Techs,Millwright,8,0,671.48
West Valley Peaker,WV_HGP_2026,PRJ-WV-2332,08-01-2026,C-1006,Apex Industrial,Field Engineer,8,0,1391.33
North Substation,NS_MO_2025,PRJ-NS-1270,08-01-2026,C-1006,Apex Industrial,Field Engineer,8,0,1403.78
North Substation,NS_MO_2025,PRJ-NS-1182,08-01-2026,C-1029,Midwest Mech Pros,Controls Tech,8,0,989.05
North Substation,NS_MO_2025,PRJ-NS-1352,08-01-2026,C-1060,Summit Field Techs,General Labor,8,0,460.53
North Substation,NS_MO_2025,PRJ-NS-1322,08-01-2026,C-1031,Summit Field Techs,Crane Operator,8,0,760.06
North Substation,NS_MO_2025,PRJ-NS-1188,08-01-2026,C-1003,Summit Field Techs,Millwright,8,0,695.46
North Substation,NS_MO_2025,PRJ-NS-1181,08-01-2026,C-1039,PrimeFix Solutions,Field Engineer,8,0,1467.17
North Substation,NS_MO_2025,PRJ-NS-1354,08-01-2026,C-1066,Apex Industrial,General Labor,8,0,379.28
North Substation,NS_MO_2025,PRJ-NS-1203,08-01-2026,C-1006,Apex Industrial,Field Engineer,8,0,1353.73
North Substation,NS_MO_2025,PRJ-NS-1394,08-01-2026,C-1029,Midwest Mech Pros,Controls Tech,8,0,1024.03
North Substation,NS_MO_2025,PRJ-NS-1324,08-01-2026,C-1078,Atlas Heavy Eng,Millwright,8,0,707.85
North Substation,NS_MO_2025,PRJ-NS-1276,08-01-2026,C-1003,Summit Field Techs,Millwright,8,0,685.62
North Substation,NS_MO_2025,PRJ-NS-1263,08-01-2026,C-1039,PrimeFix Solutions,Field Engineer,8,0,1506.22
North Substation,NS_MO_2025,PRJ-NS-1313,08-01-2026,C-1005,Atlas Heavy Eng,Millwright,8,0,585.93
North Substation,NS_MO_2025,PRJ-NS-1154,08-01-2026,C-1020,Midwest Mech Pros,Field Engineer,8,0,1214.14
North Substation,NS_MO_2025,PRJ-NS-1172,08-01-2026,C-1005,Atlas Heavy Eng,Millwright,8,0,623.25
North Substation,NS_MO_2025,PRJ-NS-1301,08-01-2026,C-1013,Atlas Heavy Eng,Safety Officer,8,0,597.1
North Substation,NS_MO_2025,PRJ-NS-1326,08-01-2026,C-1053,Precision Welding,Millwright,8,0,649.5
North Substation,NS_MO_2025,PRJ-NS-1356,08-01-2026,C-1039,PrimeFix Solutions,Field Engineer,8,0,1534.5
North Substation,NS_MO_2025,PRJ-NS-1393,08-01-2026,C-1003,Summit Field Techs,Millwright,8,0,673.61
North Substation,NS_MO_2025,PRJ-NS-1198,08-01-2026,C-1043,Apex Industrial,Crane Operator,8,0,785.51
North Substation,NS_MO_2025,PRJ-NS-1207,08-01-2026,C-1006,Apex Industrial,Field Engineer,8,0,1306.3
North Substation,NS_MO_2025,PRJ-NS-1356,08-01-2026,C-1054,Midwest Mech Pros,General Labor,8,0,401.06
North Substation,NS_MO_2025,PRJ-NS-1346,08-01-2026,C-1006,Apex Industrial,Field Engineer,8,0,1350.99
North Substation,NS_MO_2025,PRJ-NS-1291,08-01-2026,C-1054,Midwest Mech Pros,General Labor,8,0,410.15
North Substation,NS_MO_2025,PRJ-NS-1311,08-01-2026,C-1039,PrimeFix Solutions,Field Engineer,8,0,1586.08
North Substation,NS_MO_2025,PRJ-NS-1200,08-01-2026,C-1005,Atlas Heavy Eng,Millwright,8,0,580.48
North Substation,NS_MO_2025,PRJ-NS-1236,08-01-2026,C-1005,Atlas Heavy Eng,Millwright,8,0,621.52
North Substation,NS_MO_2025,PRJ-NS-1374,08-01-2026,C-1019,Midwest Mech Pros,Controls Tech,8,0,1081.02
North Substation,NS_MO_2025,PRJ-NS-1194,08-01-2026,C-1006,Apex Industrial,Field Engineer,8,0,1392.84
North Substation,NS_MO_2025,PRJ-NS-1335,08-01-2026,C-1019,Midwest Mech Pros,Controls Tech,8,0,1082.88
North Substation,NS_MO_2025,PRJ-NS-1265,08-01-2026,C-1079,Precision Welding,Crane Operator,8,0,758.29
North Substation,NS_MO_2025,PRJ-NS-1228,08-01-2026,C-1027,Precision Welding,Crane Operator,8,0,876.54
North Substation,NS_MO_2025,PRJ-NS-1390,08-01-2026,C-1013,Atlas Heavy Eng,Safety Officer,8,0,592.14
North Substation,NS_MO_2025,PRJ-NS-1380,08-01-2026,C-1006,Apex Industrial,Field Engineer,8,0,1414.17
North Substation,NS_MO_2025,PRJ-NS-1342,08-01-2026,C-1030,Summit Field Techs,Millwright,8,0,644.44
North Substation,NS_MO_2025,PRJ-NS-1226,08-01-2026,C-1018,Atlas Heavy Eng,Controls Tech,8,0,1140.34
North Substation,NS_MO_2025,PRJ-NS-1312,08-01-2026,C-1042,PrimeFix Solutions,General Labor,8,0,406.8
North Substation,NS_MO_2025,PRJ-NS-1286,08-01-2026,C-1067,PrimeFix Solutions,Millwright,8,0,760.22
North Substation,NS_MO_2025,PRJ-NS-1378,08-01-2026,C-1020,Midwest Mech Pros,Field Engineer,8,0,1227.06
West Valley Peaker,WV_HGP_2026,PRJ-WV-2332,08-01-2026,C-1023,Summit Field Techs,Field Engineer,8,0,1650.95
West Valley Peaker,WV_HGP_2026,PRJ-WV-2339,08-01-2026,C-1006,Apex Industrial,Field Engineer,8,0,1386.82
West Valley Peaker,WV_HGP_2026,PRJ-WV-2332,08-01-2026,C-1039,PrimeFix Solutions,Field Engineer,8,0,1370.59
West Valley Peaker,WV_HGP_2026,PRJ-WV-2338,08-01-2026,C-1010,PrimeFix Solutions,Field Engineer,8,0,1653.78
West Valley Peaker,WV_HGP_2026,PRJ-WV-2338,08-01-2026,C-1028,Midwest Mech Pros,Field Engineer,8,0,1473.44
West Valley Peaker,WV_HGP_2026,PRJ-WV-2338,08-01-2026,C-1010,PrimeFix Solutions,Field Engineer,8,0,1730.32
West Valley Peaker,WV_HGP_2026,PRJ-WV-2339,08-01-2026,C-1028,Midwest Mech Pros,Field Engineer,8,0,1535.65
West Valley Peaker,WV_HGP_2026,PRJ-WV-2345,08-01-2026,C-1059,PrimeFix Solutions,Field Engineer,8,0,1196.52
West Valley Peaker,WV_HGP_2026,PRJ-WV-2332,08-01-2026,C-1020,Midwest Mech Pros,Field Engineer,8,0,1158.32
West Valley Peaker,WV_HGP_2026,PRJ-WV-2332,08-01-2026,C-1010,PrimeFix Solutions,Field Engineer,8,0,1639.08
West Valley Peaker,WV_HGP_2026,PRJ-WV-2338,08-01-2026,C-1059,PrimeFix Solutions,Field Engineer,8,0,1177.01
West Valley Peaker,WV_HGP_2026,PRJ-WV-2339,08-01-2026,C-1039,PrimeFix Solutions,Field Engineer,8,0,1435.18
West Valley Peaker,WV_HGP_2026,PRJ-WV-2345,08-01-2026,C-1059,PrimeFix Solutions,Field Engineer,8,0,1340.78
West Valley Peaker,WV_HGP_2026,PRJ-WV-2330,08-01-2026,C-1059,PrimeFix Solutions,Field Engineer,8,0,1219.75
West Valley Peaker,WV_HGP_2026,PRJ-WV-2338,08-01-2026,C-1006,Apex Industrial,Field Engineer,8,0,1390.74
West Valley Peaker,WV_HGP_2026,PRJ-WV-2326,08-01-2026,C-1023,Summit Field Techs,Field Engineer,8,0,1504.73
West Valley Peaker,WV_HGP_2026,PRJ-WV-2326,08-01-2026,C-1010,PrimeFix Solutions,Field Engineer,8,0,1673.27
West Valley Peaker,WV_HGP_2026,PRJ-WV-2345,08-01-2026,C-1059,PrimeFix Solutions,Field Engineer,8,0,1140.69
West Valley Peaker,WV_HGP_2026,PRJ-WV-2330,08-01-2026,C-1028,Midwest Mech Pros,Field Engineer,8,0,1469.93
North Substation,NS_MO_2025,PRJ-NS-1181,08-01-2026,C-1069,Precision Welding,Safety Officer,8,0,506.16
North Substation,NS_MO_2025,PRJ-NS-1295,08-01-2026,C-1005,Atlas Heavy Eng,Millwright,8,0,622.12
North Substation,NS_MO_2025,PRJ-NS-1232,08-01-2026,C-1073,Precision Welding,General Labor,8,0,371.59
North Substation,NS_MO_2025,PRJ-NS-1259,08-01-2026,C-1043,Apex Industrial,Crane Operator,8,0,799.76
North Substation,NS_MO_2025,PRJ-NS-1348,08-01-2026,C-1026,Precision Welding,Controls Tech,8,0,1048.86
North Substation,NS_MO_2025,PRJ-NS-1317,08-01-2026,C-1000,PrimeFix Solutions,Millwright,8,0,677.99
North Substation,NS_MO_2025,PRJ-NS-1250,08-01-2026,C-1072,Apex Industrial,Crane Operator,8,0,781.95
North Substation,NS_MO_2025,PRJ-NS-1315,08-01-2026,C-1020,Midwest Mech Pros,Field Engineer,8,0,1229.03
North Substation,NS_MO_2025,PRJ-NS-1373,08-01-2026,C-1037,PrimeFix Solutions,Controls Tech,8,0,1141.51
North Substation,NS_MO_2025,PRJ-NS-1302,08-01-2026,C-1035,Summit Field Techs,General Labor,8,0,357.18
North Substation,NS_MO_2025,PRJ-NS-1327,08-01-2026,C-1023,Summit Field Techs,Field Engineer,8,0,1580.92
North Substation,NS_MO_2025,PRJ-NS-1153,08-01-2026,C-1035,Summit Field Techs,General Labor,8,0,361.16
North Substation,NS_MO_2025,PRJ-NS-1258,08-01-2026,C-1015,Atlas Heavy Eng,Controls Tech,8,0,1235.07
West Valley Peaker,WV_HGP_2026,PRJ-WV-2338,08-01-2026,C-1023,Summit Field Techs,Field Engineer,8,0,1459.69
West Valley Peaker,WV_HGP_2026,PRJ-WV-2332,08-01-2026,C-1010,PrimeFix Solutions,Field Engineer,8,0,1661.04
West Valley Peaker,WV_HGP_2026,PRJ-WV-2339,08-01-2026,C-1023,Summit Field Techs,Field Engineer,8,0,1681.43
North Substation,NS_MO_2025,PRJ-NS-1350,08-01-2026,C-1079,Precision Welding,Crane Operator,8,0,781.38
North Substation,NS_MO_2025,PRJ-NS-1244,08-01-2026,C-1078,Atlas Heavy Eng,Millwright,8,0,708.63
North Substation,NS_MO_2025,PRJ-NS-1176,08-01-2026,C-1029,Midwest Mech Pros,Controls Tech,8,0,1027.85
North Substation,NS_MO_2025,PRJ-NS-1213,08-01-2026,C-1041,Precision Welding,Millwright,8,0,715.97
North Substation,NS_MO_2025,PRJ-NS-1393,08-01-2026,C-1000,PrimeFix Solutions,Millwright,8,0,697.14
North Substation,NS_MO_2025,PRJ-NS-1275,08-01-2026,C-1024,Apex Industrial,Millwright,8,0,760.61
North Substation,NS_MO_2025,PRJ-NS-1372,08-01-2026,C-1066,Apex Industrial,General Labor,8,0,405.55
North Substation,NS_MO_2025,PRJ-NS-1228,08-01-2026,C-1020,Midwest Mech Pros,Field Engineer,8,0,1193.11
North Substation,NS_MO_2025,PRJ-NS-1188,08-01-2026,C-1024,Apex Industrial,Millwright,8,0,729.43
North Substation,NS_MO_2025,PRJ-NS-1353,08-01-2026,C-1073,Precision Welding,General Labor,8,0,396.37
North Substation,NS_MO_2025,PRJ-NS-1257,08-01-2026,C-1077,Precision Welding,Safety Officer,8,0,590.11
North Substation,NS_MO_2025,PRJ-NS-1334,08-01-2026,C-1005,Atlas Heavy Eng,Millwright,8,0,581.39
North Substation,NS_MO_2025,PRJ-NS-1321,08-01-2026,C-1062,PrimeFix Solutions,General Labor,8,0,370.89
North Substation,NS_MO_2025,PRJ-NS-1268,08-01-2026,C-1028,Midwest Mech Pros,Field Engineer,8,0,1534.69
North Substation,NS_MO_2025,PRJ-NS-1192,08-01-2026,C-1040,Atlas Heavy Eng,Crane Operator,8,0,892.72
North Substation,NS_MO_2025,PRJ-NS-1258,08-01-2026,C-1060,Summit Field Techs,General Labor,8,0,463.32
North Substation,NS_MO_2025,PRJ-NS-1213,08-01-2026,C-1067,PrimeFix Solutions,Millwright,8,0,728.47
North Substation,NS_MO_2025,PRJ-NS-1181,08-01-2026,C-1078,Atlas Heavy Eng,Millwright,8,0,694.73
North Substation,NS_MO_2025,PRJ-NS-1196,08-01-2026,C-1023,Summit Field Techs,Field Engineer,8,0,1623.28
North Substation,NS_MO_2025,PRJ-NS-1269,08-01-2026,C-1029,Midwest Mech Pros,Controls Tech,8,0,1021.33
North Substation,NS_MO_2025,PRJ-NS-1379,08-01-2026,C-1019,Midwest Mech Pros,Controls Tech,8,0,1115.11
North Substation,NS_MO_2025,PRJ-NS-1226,08-01-2026,C-1001,Apex Industrial,General Labor,8,0,415.03
North Substation,NS_MO_2025,PRJ-NS-1159,08-01-2026,C-1041,Precision Welding,Millwright,8,0,728.97
West Valley Peaker,WV_HGP_2026,PRJ-WV-2338,08-01-2026,C-1006,Apex Industrial,Field Engineer,8,0,1438.28
West Valley Peaker,WV_HGP_2026,PRJ-WV-2326,08-01-2026,C-1059,PrimeFix Solutions,Field Engineer,8,0,1340.54
Metro Gen CC,MG_HGP_2026,PRJ-MG-1665,08-01-2026,C-1039,PrimeFix Solutions,Field Engineer,8,0,1651.22
Metro Gen CC,MG_HGP_2026,PRJ-MG-1663,08-01-2026,C-1065,PrimeFix Solutions,Safety Officer,8,0,643.2
Metro Gen CC,MG_HGP_2026,PRJ-MG-1664,08-01-2026,C-1020,Midwest Mech Pros,Field Engineer,8,0,1181.72
Metro Gen CC,MG_HGP_2026,PRJ-MG-1665,08-01-2026,C-1020,Midwest Mech Pros,Field Engineer,8,0,1212.42
Metro Gen CC,MG_HGP_2026,PRJ-MG-1666,08-01-2026,C-1006,Apex Industrial,Field Engineer,8,0,1278.5
North Substation,NS_MO_2025,PRJ-NS-1183,08-01-2026,C-1078,Atlas Heavy Eng,Millwright,8,0,689.67
Metro Gen CC,MG_HGP_2026,PRJ-MG-1667,08-01-2026,C-1020,Midwest Mech Pros,Field Engineer,8,0,1153.27
Metro Gen CC,MG_HGP_2026,PRJ-MG-1670,08-01-2026,C-1073,Precision Welding,General Labor,8,0,404.79
Metro Gen CC,MG_HGP_2026,PRJ-MG-1667,08-01-2026,C-1069,Precision Welding,Safety Officer,8,0,544.11
North Substation,NS_MO_2025,PRJ-NS-1304,08-01-2026,C-1059,PrimeFix Solutions,Field Engineer,8,0,1262.96
Metro Gen CC,MG_HGP_2026,PRJ-MG-1663,08-01-2026,C-1010,PrimeFix Solutions,Field Engineer,8,0,1727.33
Metro Gen CC,MG_HGP_2026,PRJ-MG-1666,08-01-2026,C-1059,PrimeFix Solutions,Field Engineer,8,0,1200.95
North Substation,NS_MO_2025,PRJ-NS-1334,08-01-2026,C-1010,PrimeFix Solutions,Field Engineer,8,0,1540.28
North Substation,NS_MO_2025,PRJ-NS-1342,08-01-2026,C-1031,Summit Field Techs,Crane Operator,8,0,763.76
Metro Gen CC,MG_HGP_2026,PRJ-MG-1667,08-01-2026,C-1020,Midwest Mech Pros,Field Engineer,8,0,1168.2
North Substation,NS_MO_2025,PRJ-NS-1291,08-01-2026,C-1005,Atlas Heavy Eng,Millwright,8,0,600.33
Metro Gen CC,MG_HGP_2026,PRJ-MG-1663,08-01-2026,C-1039,PrimeFix Solutions,Field Engineer,8,0,1490.04
North Substation,NS_MO_2025,PRJ-NS-1204,08-01-2026,C-1024,Apex Industrial,Millwright,8,0,717.94
North Substation,NS_MO_2025,PRJ-NS-1190,08-01-2026,C-1006,Apex Industrial,Field Engineer,8,0,1408.58
North Substation,NS_MO_2025,PRJ-NS-1208,08-01-2026,C-1045,Midwest Mech Pros,Crane Operator,8,0,856.67
North Substation,NS_MO_2025,PRJ-NS-1194,08-01-2026,C-1046,Precision Welding,General Labor,8,0,418.96
North Substation,NS_MO_2025,PRJ-NS-1189,08-01-2026,C-1074,Apex Industrial,Controls Tech,8,0,1126.6
North Substation,NS_MO_2025,PRJ-NS-1215,08-01-2026,C-1001,Apex Industrial,General Labor,8,0,407.18
North Substation,NS_MO_2025,PRJ-NS-1384,08-01-2026,C-1035,Summit Field Techs,General Labor,8,0,379.35
North Substation,NS_MO_2025,PRJ-NS-1347,08-01-2026,C-1027,Precision Welding,Crane Operator,8,0,839.56
North Substation,NS_MO_2025,PRJ-NS-1255,08-01-2026,C-1000,PrimeFix Solutions,Millwright,8,0,684.13
North Substation,NS_MO_2025,PRJ-NS-1322,08-01-2026,C-1019,Midwest Mech Pros,Controls Tech,8,0,1111.93
North Substation,NS_MO_2025,PRJ-NS-1288,08-01-2026,C-1077,Precision Welding,Safety Officer,8,0,595.12
North Substation,NS_MO_2025,PRJ-NS-1211,08-01-2026,C-1067,PrimeFix Solutions,Millwright,8,0,746.16
North Substation,NS_MO_2025,PRJ-NS-1248,08-01-2026,C-1026,Precision Welding,Controls Tech,8,0,1002.62
North Substation,NS_MO_2025,PRJ-NS-1159,08-01-2026,C-1006,Apex Industrial,Field Engineer,8,0,1321.94
North Substation,NS_MO_2025,PRJ-NS-1349,08-01-2026,C-1011,Midwest Mech Pros,General Labor,8,0,415.98
North Substation,NS_MO_2025,PRJ-NS-1162,08-01-2026,C-1040,Atlas Heavy Eng,Crane Operator,8,0,853.61
North Substation,NS_MO_2025,PRJ-NS-1271,08-01-2026,C-1013,Atlas Heavy Eng,Safety Officer,8,0,577.12
North Substation,NS_MO_2025,PRJ-NS-1189,08-01-2026,C-1024,Apex Industrial,Millwright,8,0,756.76
North Substation,NS_MO_2025,PRJ-NS-1205,08-01-2026,C-1012,Midwest Mech Pros,Controls Tech,8,0,1032.09
North Substation,NS_MO_2025,PRJ-NS-1393,08-01-2026,C-1037,PrimeFix Solutions,Controls Tech,8,0,1106.48
North Substation,NS_MO_2025,PRJ-NS-1246,08-01-2026,C-1079,Precision Welding,Crane Operator,8,0,789.81
North Substation,NS_MO_2025,PRJ-NS-1166,08-01-2026,C-1023,Summit Field Techs,Field Engineer,8,0,1674.52
North Substation,NS_MO_2025,PRJ-NS-1162,08-01-2026,C-1069,Precision Welding,Safety Officer,8,0,501.42
North Substation,NS_MO_2025,PRJ-NS-1151,08-01-2026,C-1065,PrimeFix Solutions,Safety Officer,8,0,667.72
North Substation,NS_MO_2025,PRJ-NS-1307,08-01-2026,C-1066,Apex Industrial,General Labor,8,0,396.26
North Substation,NS_MO_2025,PRJ-NS-1323,08-01-2026,C-1079,Precision Welding,Crane Operator,8,0,767.31
North Substation,NS_MO_2025,PRJ-NS-1261,08-01-2026,C-1052,PrimeFix Solutions,General Labor,8,0,362.02
North Substation,NS_MO_2025,PRJ-NS-1304,08-01-2026,C-1013,Atlas Heavy Eng,Safety Officer,8,0,553.4
North Substation,NS_MO_2025,PRJ-NS-1301,08-01-2026,C-1065,PrimeFix Solutions,Safety Officer,8,0,662.86
North Substation,NS_MO_2025,PRJ-NS-1300,08-01-2026,C-1023,Summit Field Techs,Field Engineer,8,0,1579.83
North Substation,NS_MO_2025,PRJ-NS-1320,08-01-2026,C-1001,Apex Industrial,General Labor,8,0,393.69
North Substation,NS_MO_2025,PRJ-NS-1186,08-01-2026,C-1058,Midwest Mech Pros,Controls Tech,8,0,1214.59
North Substation,NS_MO_2025,PRJ-NS-1330,08-01-2026,C-1071,PrimeFix Solutions,Crane Operator,8,0,791.48
North Substation,NS_MO_2025,PRJ-NS-1152,08-01-2026,C-1053,Precision Welding,Millwright,8,0,627.94
North Substation,NS_MO_2025,PRJ-NS-1190,08-01-2026,C-1021,Summit Field Techs,Millwright,8,0,664.95
North Substation,NS_MO_2025,PRJ-NS-1160,08-01-2026,C-1017,Summit Field Techs,Crane Operator,8,0,829.82
North Substation,NS_MO_2025,PRJ-NS-1361,08-01-2026,C-1073,Precision Welding,General Labor,8,0,389.23
North Substation,NS_MO_2025,PRJ-NS-1154,09-01-2026,C-1020,Midwest Mech Pros,Field Engineer,8,0,1193.0
North Substation,NS_MO_2025,PRJ-NS-1189,09-01-2026,C-1024,Apex Industrial,Millwright,8,0,720.94
North Substation,NS_MO_2025,PRJ-NS-1265,09-01-2026,C-1079,Precision Welding,Crane Operator,8,0,748.56
North Substation,NS_MO_2025,PRJ-NS-1390,09-01-2026,C-1013,Atlas Heavy Eng,Safety Officer,8,0,577.4
North Substation,NS_MO_2025,PRJ-NS-1349,09-01-2026,C-1011,Midwest Mech Pros,General Labor,8,0,410.11
North Substation,NS_MO_2025,PRJ-NS-1346,09-01-2026,C-1010,PrimeFix Solutions,Field Engineer,8,0,1552.5
North Substation,NS_MO_2025,PRJ-NS-1295,09-01-2026,C-1005,Atlas Heavy Eng,Millwright,8,0,634.49
North Substation,NS_MO_2025,PRJ-NS-1259,09-01-2026,C-1035,Summit Field Techs,General Labor,8,0,378.87
North Substation,NS_MO_2025,PRJ-NS-1290,09-01-2026,C-1037,PrimeFix Solutions,Controls Tech,8,0,1140.6
North Substation,NS_MO_2025,PRJ-NS-1255,09-01-2026,C-1000,PrimeFix Solutions,Millwright,8,0,731.06
North Substation,NS_MO_2025,PRJ-NS-1307,09-01-2026,C-1066,Apex Industrial,General Labor,8,0,399.52
North Substation,NS_MO_2025,PRJ-NS-1205,09-01-2026,C-1012,Midwest Mech Pros,Controls Tech,8,0,985.09
North Substation,NS_MO_2025,PRJ-NS-1268,09-01-2026,C-1028,Midwest Mech Pros,Field Engineer,8,0,1539.07
North Substation,NS_MO_2025,PRJ-NS-1373,09-01-2026,C-1037,PrimeFix Solutions,Controls Tech,8,0,1090.92
North Substation,NS_MO_2025,PRJ-NS-1194,09-01-2026,C-1046,Precision Welding,General Labor,8,0,415.84
North Substation,NS_MO_2025,PRJ-NS-1188,09-01-2026,C-1003,Summit Field Techs,Millwright,8,0,694.35
North Substation,NS_MO_2025,PRJ-NS-1321,09-01-2026,C-1062,PrimeFix Solutions,General Labor,8,0,387.93
North Substation,NS_MO_2025,PRJ-NS-1215,09-01-2026,C-1001,Apex Industrial,General Labor,8,0,391.41
North Substation,NS_MO_2025,PRJ-NS-1176,09-01-2026,C-1029,Midwest Mech Pros,Controls Tech,8,0,1044.58
North Substation,NS_MO_2025,PRJ-NS-1172,09-01-2026,C-1005,Atlas Heavy Eng,Millwright,8,0,633.7
North Substation,NS_MO_2025,PRJ-NS-1255,09-01-2026,C-1000,PrimeFix Solutions,Millwright,8,0,721.98
North Substation,NS_MO_2025,PRJ-NS-1356,09-01-2026,C-1067,PrimeFix Solutions,Millwright,8,0,749.54
North Substation,NS_MO_2025,PRJ-NS-1352,09-01-2026,C-1060,Summit Field Techs,General Labor,8,0,456.12
North Substation,NS_MO_2025,PRJ-NS-1261,09-01-2026,C-1052,PrimeFix Solutions,General Labor,8,0,363.68
North Substation,NS_MO_2025,PRJ-NS-1312,09-01-2026,C-1042,PrimeFix Solutions,General Labor,8,0,405.36
North Substation,NS_MO_2025,PRJ-NS-1259,09-01-2026,C-1043,Apex Industrial,Crane Operator,8,0,847.77
North Substation,NS_MO_2025,PRJ-NS-1390,09-01-2026,C-1013,Atlas Heavy Eng,Safety Officer,8,0,593.81
North Substation,NS_MO_2025,PRJ-NS-1194,09-01-2026,C-1046,Precision Welding,General Labor,8,0,449.09
North Substation,NS_MO_2025,PRJ-NS-1329,09-01-2026,C-1067,PrimeFix Solutions,Millwright,8,0,723.45
North Substation,NS_MO_2025,PRJ-NS-1226,09-01-2026,C-1023,Summit Field Techs,Field Engineer,8,0,1558.16
North Substation,NS_MO_2025,PRJ-NS-1208,09-01-2026,C-1045,Midwest Mech Pros,Crane Operator,8,0,809.26
North Substation,NS_MO_2025,PRJ-NS-1394,09-01-2026,C-1029,Midwest Mech Pros,Controls Tech,8,0,972.45
North Substation,NS_MO_2025,PRJ-NS-1172,09-01-2026,C-1005,Atlas Heavy Eng,Millwright,8,0,620.45
North Substation,NS_MO_2025,PRJ-NS-1257,09-01-2026,C-1077,Precision Welding,Safety Officer,8,0,554.94
North Substation,NS_MO_2025,PRJ-NS-1295,09-01-2026,C-1059,PrimeFix Solutions,Field Engineer,8,0,1165.79
North Substation,NS_MO_2025,PRJ-NS-1315,09-01-2026,C-1062,PrimeFix Solutions,General Labor,8,0,365.08
North Substation,NS_MO_2025,PRJ-NS-1189,09-01-2026,C-1074,Apex Industrial,Controls Tech,8,0,1129.56
North Substation,NS_MO_2025,PRJ-NS-1312,09-01-2026,C-1010,PrimeFix Solutions,Field Engineer,8,0,1565.84
North Substation,NS_MO_2025,PRJ-NS-1270,09-01-2026,C-1006,Apex Industrial,Field Engineer,8,0,1419.78
North Substation,NS_MO_2025,PRJ-NS-1228,09-01-2026,C-1027,Precision Welding,Crane Operator,8,0,842.74
North Substation,NS_MO_2025,PRJ-NS-1304,09-01-2026,C-1059,PrimeFix Solutions,Field Engineer,8,0,1160.81
North Substation,NS_MO_2025,PRJ-NS-1270,09-01-2026,C-1006,Apex Industrial,Field Engineer,8,0,1414.9
North Substation,NS_MO_2025,PRJ-NS-1183,09-01-2026,C-1078,Atlas Heavy Eng,Millwright,8,0,696.38
North Substation,NS_MO_2025,PRJ-NS-1207,09-01-2026,C-1006,Apex Industrial,Field Engineer,8,0,1318.87
North Substation,NS_MO_2025,PRJ-NS-1346,09-01-2026,C-1006,Apex Industrial,Field Engineer,8,0,1332.25
North Substation,NS_MO_2025,PRJ-NS-1228,09-01-2026,C-1027,Precision Welding,Crane Operator,8,0,870.89
North Substation,NS_MO_2025,PRJ-NS-1270,09-01-2026,C-1006,Apex Industrial,Field Engineer,8,0,1325.67
North Substation,NS_MO_2025,PRJ-NS-1215,09-01-2026,C-1001,Apex Industrial,General Labor,8,0,393.17
North Substation,NS_MO_2025,PRJ-NS-1257,09-01-2026,C-1077,Precision Welding,Safety Officer,8,0,572.68
North Substation,NS_MO_2025,PRJ-NS-1324,09-01-2026,C-1078,Atlas Heavy Eng,Millwright,8,0,718.57
North Substation,NS_MO_2025,PRJ-NS-1259,09-01-2026,C-1035,Summit Field Techs,General Labor,8,0,365.73
North Substation,NS_MO_2025,PRJ-NS-1366,09-01-2026,C-1010,PrimeFix Solutions,Field Engineer,8,0,1577.91
North Substation,NS_MO_2025,PRJ-NS-1192,09-01-2026,C-1040,Atlas Heavy Eng,Crane Operator,8,0,884.34
North Substation,NS_MO_2025,PRJ-NS-1206,09-01-2026,C-1026,Precision Welding,Controls Tech,8,0,990.67
North Substation,NS_MO_2025,PRJ-NS-1190,09-01-2026,C-1021,Summit Field Techs,Millwright,8,0,695.76
North Substation,NS_MO_2025,PRJ-NS-1334,09-01-2026,C-1010,PrimeFix Solutions,Field Engineer,8,0,1651.97
North Substation,NS_MO_2025,PRJ-NS-1302,09-01-2026,C-1011,Midwest Mech Pros,General Labor,8,0,424.46
North Substation,NS_MO_2025,PRJ-NS-1317,09-01-2026,C-1000,PrimeFix Solutions,Millwright,8,0,693.97
North Substation,NS_MO_2025,PRJ-NS-1393,09-01-2026,C-1000,PrimeFix Solutions,Millwright,8,0,703.35
North Substation,NS_MO_2025,PRJ-NS-1206,09-01-2026,C-1026,Precision Welding,Controls Tech,8,0,1039.49
North Substation,NS_MO_2025,PRJ-NS-1373,09-01-2026,C-1037,PrimeFix Solutions,Controls Tech,8,0,1153.81
North Substation,NS_MO_2025,PRJ-NS-1301,09-01-2026,C-1013,Atlas Heavy Eng,Safety Officer,8,0,592.47
North Substation,NS_MO_2025,PRJ-NS-1393,09-01-2026,C-1000,PrimeFix Solutions,Millwright,8,0,725.58
North Substation,NS_MO_2025,PRJ-NS-1248,09-01-2026,C-1026,Precision Welding,Controls Tech,8,0,1024.12
North Substation,NS_MO_2025,PRJ-NS-1313,09-01-2026,C-1005,Atlas Heavy Eng,Millwright,8,0,610.34
North Substation,NS_MO_2025,PRJ-NS-1307,09-01-2026,C-1066,Apex Industrial,General Labor,8,0,397.03
North Substation,NS_MO_2025,PRJ-NS-1275,09-01-2026,C-1024,Apex Industrial,Millwright,8,0,735.13
North Substation,NS_MO_2025,PRJ-NS-1378,09-01-2026,C-1020,Midwest Mech Pros,Field Engineer,8,0,1166.48
North Substation,NS_MO_2025,PRJ-NS-1271,09-01-2026,C-1013,Atlas Heavy Eng,Safety Officer,8,0,582.95
North Substation,NS_MO_2025,PRJ-NS-1325,09-01-2026,C-1019,Midwest Mech Pros,Controls Tech,8,0,1111.07
North Substation,NS_MO_2025,PRJ-NS-1291,09-01-2026,C-1054,Midwest Mech Pros,General Labor,8,0,393.66
North Substation,NS_MO_2025,PRJ-NS-1259,09-01-2026,C-1035,Summit Field Techs,General Labor,8,0,363.47
North Substation,NS_MO_2025,PRJ-NS-1390,09-01-2026,C-1013,Atlas Heavy Eng,Safety Officer,8,0,604.72
North Substation,NS_MO_2025,PRJ-NS-1200,09-01-2026,C-1005,Atlas Heavy Eng,Millwright,8,0,585.17
North Substation,NS_MO_2025,PRJ-NS-1361,09-01-2026,C-1073,Precision Welding,General Labor,8,0,373.68
North Substation,NS_MO_2025,PRJ-NS-1246,09-01-2026,C-1079,Precision Welding,Crane Operator,8,0,754.33
North Substation,NS_MO_2025,PRJ-NS-1307,09-01-2026,C-1066,Apex Industrial,General Labor,8,0,390.76
North Substation,NS_MO_2025,PRJ-NS-1228,09-01-2026,C-1020,Midwest Mech Pros,Field Engineer,8,0,1226.22
North Substation,NS_MO_2025,PRJ-NS-1354,09-01-2026,C-1066,Apex Industrial,General Labor,8,0,392.88
North Substation,NS_MO_2025,PRJ-NS-1307,09-01-2026,C-1066,Apex Industrial,General Labor,8,0,378.51
North Substation,NS_MO_2025,PRJ-NS-1222,09-01-2026,C-1041,Precision Welding,Millwright,8,0,733.76
North Substation,NS_MO_2025,PRJ-NS-1265,09-01-2026,C-1079,Precision Welding,Crane Operator,8,0,784.49
North Substation,NS_MO_2025,PRJ-NS-1342,09-01-2026,C-1030,Summit Field Techs,Millwright,8,0,604.48
North Substation,NS_MO_2025,PRJ-NS-1379,09-01-2026,C-1019,Midwest Mech Pros,Controls Tech,8,0,1019.64
North Substation,NS_MO_2025,PRJ-NS-1356,09-01-2026,C-1067,PrimeFix Solutions,Millwright,8,0,742.42
North Substation,NS_MO_2025,PRJ-NS-1275,09-01-2026,C-1024,Apex Industrial,Millwright,8,0,748.36
North Substation,NS_MO_2025,PRJ-NS-1234,09-01-2026,C-1043,Apex Industrial,Crane Operator,8,0,791.46
North Substation,NS_MO_2025,PRJ-NS-1320,09-01-2026,C-1001,Apex Industrial,General Labor,8,0,389.95
North Substation,NS_MO_2025,PRJ-NS-1321,09-01-2026,C-1062,PrimeFix Solutions,General Labor,8,0,387.05
North Substation,NS_MO_2025,PRJ-NS-1166,09-01-2026,C-1023,Summit Field Techs,Field Engineer,8,0,1545.95
North Substation,NS_MO_2025,PRJ-NS-1315,09-01-2026,C-1020,Midwest Mech Pros,Field Engineer,8,0,1220.72
North Substation,NS_MO_2025,PRJ-NS-1263,09-01-2026,C-1054,Midwest Mech Pros,General Labor,8,0,399.09
North Substation,NS_MO_2025,PRJ-NS-1312,09-01-2026,C-1042,PrimeFix Solutions,General Labor,8,0,425.77
North Substation,NS_MO_2025,PRJ-NS-1187,09-01-2026,C-1028,Midwest Mech Pros,Field Engineer,8,0,1441.68
North Substation,NS_MO_2025,PRJ-NS-1288,09-01-2026,C-1077,Precision Welding,Safety Officer,8,0,589.11
North Substation,NS_MO_2025,PRJ-NS-1304,09-01-2026,C-1059,PrimeFix Solutions,Field Engineer,8,0,1186.87
North Substation,NS_MO_2025,PRJ-NS-1269,09-01-2026,C-1029,Midwest Mech Pros,Controls Tech,8,0,980.52
North Substation,NS_MO_2025,PRJ-NS-1263,09-01-2026,C-1039,PrimeFix Solutions,Field Engineer,8,0,1569.66
North Substation,NS_MO_2025,PRJ-NS-1226,09-01-2026,C-1018,Atlas Heavy Eng,Controls Tech,8,0,1187.8
North Substation,NS_MO_2025,PRJ-NS-1346,09-01-2026,C-1006,Apex Industrial,Field Engineer,8,0,1310.0
North Substation,NS_MO_2025,PRJ-NS-1393,09-01-2026,C-1003,Summit Field Techs,Millwright,8,0,702.11
North Substation,NS_MO_2025,PRJ-NS-1250,09-01-2026,C-1072,Apex Industrial,Crane Operator,8,0,717.98
North Substation,NS_MO_2025,PRJ-NS-1257,09-01-2026,C-1077,Precision Welding,Safety Officer,8,0,547.23
North Substation,NS_MO_2025,PRJ-NS-1208,09-01-2026,C-1045,Midwest Mech Pros,Crane Operator,8,0,844.66
North Substation,NS_MO_2025,PRJ-NS-1356,09-01-2026,C-1054,Midwest Mech Pros,General Labor,8,0,379.34
North Substation,NS_MO_2025,PRJ-NS-1312,09-01-2026,C-1042,PrimeFix Solutions,General Labor,8,0,422.62
North Substation,NS_MO_2025,PRJ-NS-1153,09-01-2026,C-1035,Summit Field Techs,General Labor,8,0,375.58
North Substation,NS_MO_2025,PRJ-NS-1154,09-01-2026,C-1020,Midwest Mech Pros,Field Engineer,8,0,1203.64
North Substation,NS_MO_2025,PRJ-NS-1295,09-01-2026,C-1059,PrimeFix Solutions,Field Engineer,8,0,1228.99
North Substation,NS_MO_2025,PRJ-NS-1226,09-01-2026,C-1023,Summit Field Techs,Field Engineer,8,0,1591.9
North Substation,NS_MO_2025,PRJ-NS-1258,09-01-2026,C-1015,Atlas Heavy Eng,Controls Tech,8,0,1285.68
North Substation,NS_MO_2025,PRJ-NS-1372,09-01-2026,C-1066,Apex Industrial,General Labor,8,0,399.87
North Substation,NS_MO_2025,PRJ-NS-1189,09-01-2026,C-1024,Apex Industrial,Millwright,8,0,754.3
North Substation,NS_MO_2025,PRJ-NS-1248,09-01-2026,C-1026,Precision Welding,Controls Tech,8,0,1039.0
North Substation,NS_MO_2025,PRJ-NS-1286,09-01-2026,C-1067,PrimeFix Solutions,Millwright,8,0,735.15
North Substation,NS_MO_2025,PRJ-NS-1172,09-01-2026,C-1005,Atlas Heavy Eng,Millwright,8,0,613.57
North Substation,NS_MO_2025,PRJ-NS-1326,09-01-2026,C-1053,Precision Welding,Millwright,8,0,674.64
North Substation,NS_MO_2025,PRJ-NS-1228,09-01-2026,C-1027,Precision Welding,Crane Operator,8,0,913.5
North Substation,NS_MO_2025,PRJ-NS-1271,09-01-2026,C-1013,Atlas Heavy Eng,Safety Officer,8,0,599.56
North Substation,NS_MO_2025,PRJ-NS-1183,09-01-2026,C-1078,Atlas Heavy Eng,Millwright,8,0,678.66
North Substation,NS_MO_2025,PRJ-NS-1200,09-01-2026,C-1005,Atlas Heavy Eng,Millwright,8,0,605.69
North Substation,NS_MO_2025,PRJ-NS-1302,09-01-2026,C-1011,Midwest Mech Pros,General Labor,8,0,413.39
North Substation,NS_MO_2025,PRJ-NS-1215,09-01-2026,C-1001,Apex Industrial,General Labor,8,0,389.58
North Substation,NS_MO_2025,PRJ-NS-1295,09-01-2026,C-1005,Atlas Heavy Eng,Millwright,8,0,602.6
North Substation,NS_MO_2025,PRJ-NS-1207,09-01-2026,C-1006,Apex Industrial,Field Engineer,8,0,1435.17
North Substation,NS_MO_2025,PRJ-NS-1200,09-01-2026,C-1005,Atlas Heavy Eng,Millwright,8,0,604.81
North Substation,NS_MO_2025,PRJ-NS-1198,09-01-2026,C-1043,Apex Industrial,Crane Operator,8,0,832.85
North Substation,NS_MO_2025,PRJ-NS-1185,09-01-2026,C-1023,Summit Field Techs,Field Engineer,8,0,1557.17
North Substation,NS_MO_2025,PRJ-NS-1226,09-01-2026,C-1023,Summit Field Techs,Field Engineer,8,0,1574.1
North Substation,NS_MO_2025,PRJ-NS-1375,09-01-2026,C-1012,Midwest Mech Pros,Controls Tech,8,0,1074.68
North Substation,NS_MO_2025,PRJ-NS-1329,09-01-2026,C-1067,PrimeFix Solutions,Millwright,8,0,747.98
North Substation,NS_MO_2025,PRJ-NS-1172,09-01-2026,C-1013,Atlas Heavy Eng,Safety Officer,8,0,580.79
North Substation,NS_MO_2025,PRJ-NS-1369,09-01-2026,C-1008,Apex Industrial,Safety Officer,8,0,684.44
North Substation,NS_MO_2025,PRJ-NS-1321,09-01-2026,C-1062,PrimeFix Solutions,General Labor,8,0,393.44
North Substation,NS_MO_2025,PRJ-NS-1261,09-01-2026,C-1018,Atlas Heavy Eng,Controls Tech,8,0,1139.92
North Substation,NS_MO_2025,PRJ-NS-1342,09-01-2026,C-1031,Summit Field Techs,Crane Operator,8,0,761.95
North Substation,NS_MO_2025,PRJ-NS-1190,09-01-2026,C-1021,Summit Field Techs,Millwright,8,0,663.57
North Substation,NS_MO_2025,PRJ-NS-1286,09-01-2026,C-1067,PrimeFix Solutions,Millwright,8,0,710.38
North Substation,NS_MO_2025,PRJ-NS-1313,09-01-2026,C-1005,Atlas Heavy Eng,Millwright,8,0,598.66
North Substation,NS_MO_2025,PRJ-NS-1346,09-01-2026,C-1006,Apex Industrial,Field Engineer,8,0,1420.32
North Substation,NS_MO_2025,PRJ-NS-1205,09-01-2026,C-1012,Midwest Mech Pros,Controls Tech,8,0,1027.97
North Substation,NS_MO_2025,PRJ-NS-1244,09-01-2026,C-1078,Atlas Heavy Eng,Millwright,8,0,713.91
North Substation,NS_MO_2025,PRJ-NS-1261,09-01-2026,C-1018,Atlas Heavy Eng,Controls Tech,8,0,1084.26
North Substation,NS_MO_2025,PRJ-NS-1380,09-01-2026,C-1006,Apex Industrial,Field Engineer,8,0,1346.88
West Valley Peaker,WV_HGP_2026,PRJ-WV-2339,09-01-2026,C-1006,Apex Industrial,Field Engineer,8,0,1321.08
Rural Gen BaseLoad,RG_HGP_2026,PRJ-RG-2966,09-01-2026,C-1051,Apex Industrial,Crane Operator,8,0,901.17
Rural Gen BaseLoad,RG_HGP_2026,PRJ-RG-2971,09-01-2026,C-1020,Midwest Mech Pros,Field Engineer,8,0,1300.51
North Substation,NS_MO_2025,PRJ-NS-1356,09-01-2026,C-1067,PrimeFix Solutions,Millwright,8,0,748.74
Rural Gen BaseLoad,RG_HGP_2026,PRJ-RG-2965,09-01-2026,C-1008,Apex Industrial,Safety Officer,8,0,668.43
Rural Gen BaseLoad,RG_HGP_2026,PRJ-RG-2968,09-01-2026,C-1023,Summit Field Techs,Field Engineer,8,0,1606.4
Rural Gen BaseLoad,RG_HGP_2026,PRJ-RG-2970,09-01-2026,C-1058,Midwest Mech Pros,Controls Tech,8,0,1262.46
Rural Gen BaseLoad,RG_HGP_2026,PRJ-RG-2969,09-01-2026,C-1028,Midwest Mech Pros,Field Engineer,8,0,1439.33
West Valley Peaker,WV_HGP_2026,PRJ-WV-2338,09-01-2026,C-1010,PrimeFix Solutions,Field Engineer,8,0,1620.21
West Valley Peaker,WV_HGP_2026,PRJ-WV-2345,09-01-2026,C-1059,PrimeFix Solutions,Field Engineer,8,0,1110.8
West Valley Peaker,WV_HGP_2026,PRJ-WV-2332,09-01-2026,C-1020,Midwest Mech Pros,Field Engineer,8,0,1242.33
North Substation,NS_MO_2025,PRJ-NS-1286,09-01-2026,C-1067,PrimeFix Solutions,Millwright,8,0,731.19
North Substation,NS_MO_2025,PRJ-NS-1257,09-01-2026,C-1077,Precision Welding,Safety Officer,8,0,570.8
West Valley Peaker,WV_HGP_2026,PRJ-WV-2345,09-01-2026,C-1059,PrimeFix Solutions,Field Engineer,8,0,1271.4
West Valley Peaker,WV_HGP_2026,PRJ-WV-2330,09-01-2026,C-1028,Midwest Mech Pros,Field Engineer,8,0,1589.22
West Valley Peaker,WV_HGP_2026,PRJ-WV-2339,09-01-2026,C-1023,Summit Field Techs,Field Engineer,8,0,1631.44
West Valley Peaker,WV_HGP_2026,PRJ-WV-2332,09-01-2026,C-1010,PrimeFix Solutions,Field Engineer,8,0,1489.98
West Valley Peaker,WV_HGP_2026,PRJ-WV-2338,09-01-2026,C-1023,Summit Field Techs,Field Engineer,8,0,1470.1
West Valley Peaker,WV_HGP_2026,PRJ-WV-2332,09-01-2026,C-1010,PrimeFix Solutions,Field Engineer,8,0,1451.21
West Valley Peaker,WV_HGP_2026,PRJ-WV-2338,09-01-2026,C-1006,Apex Industrial,Field Engineer,8,0,1432.79
West Valley Peaker,WV_HGP_2026,PRJ-WV-2326,09-01-2026,C-1059,PrimeFix Solutions,Field Engineer,8,0,1227.23
Rural Gen BaseLoad,RG_HGP_2026,PRJ-RG-2971,09-01-2026,C-1024,Apex Industrial,Millwright,8,0,795.31
West Valley Peaker,WV_HGP_2026,PRJ-WV-2339,09-01-2026,C-1039,PrimeFix Solutions,Field Engineer,8,0,1541.09
Rural Gen BaseLoad,RG_HGP_2026,PRJ-RG-2965,09-01-2026,C-1006,Apex Industrial,Field Engineer,8,0,1262.56
North Substation,NS_MO_2025,PRJ-NS-1228,09-01-2026,C-1027,Precision Welding,Crane Operator,8,0,852.82
North Substation,NS_MO_2025,PRJ-NS-1361,09-01-2026,C-1073,Precision Welding,General Labor,8,0,393.72
North Substation,NS_MO_2025,PRJ-NS-1312,09-01-2026,C-1010,PrimeFix Solutions,Field Engineer,8,0,1594.83
North Substation,NS_MO_2025,PRJ-NS-1291,09-01-2026,C-1005,Atlas Heavy Eng,Millwright,8,0,624.4
North Substation,NS_MO_2025,PRJ-NS-1369,09-01-2026,C-1008,Apex Industrial,Safety Officer,8,0,663.39
North Substation,NS_MO_2025,PRJ-NS-1334,09-01-2026,C-1010,PrimeFix Solutions,Field Engineer,8,0,1574.42
North Substation,NS_MO_2025,PRJ-NS-1356,09-01-2026,C-1067,PrimeFix Solutions,Millwright,8,0,729.58
North Substation,NS_MO_2025,PRJ-NS-1271,09-01-2026,C-1013,Atlas Heavy Eng,Safety Officer,8,0,589.02
North Substation,NS_MO_2025,PRJ-NS-1304,09-01-2026,C-1013,Atlas Heavy Eng,Safety Officer,8,0,598.05
North Substation,NS_MO_2025,PRJ-NS-1321,09-01-2026,C-1062,PrimeFix Solutions,General Labor,8,0,368.59
North Substation,NS_MO_2025,PRJ-NS-1356,09-01-2026,C-1054,Midwest Mech Pros,General Labor,8,0,396.62
North Substation,NS_MO_2025,PRJ-NS-1349,09-01-2026,C-1011,Midwest Mech Pros,General Labor,8,0,414.84
North Substation,NS_MO_2025,PRJ-NS-1291,09-01-2026,C-1005,Atlas Heavy Eng,Millwright,8,0,593.88
North Substation,NS_MO_2025,PRJ-NS-1206,09-01-2026,C-1026,Precision Welding,Controls Tech,8,0,1042.98
North Substation,NS_MO_2025,PRJ-NS-1188,09-01-2026,C-1003,Summit Field Techs,Millwright,8,0,676.32
North Substation,NS_MO_2025,PRJ-NS-1321,09-01-2026,C-1062,PrimeFix Solutions,General Labor,8,0,392.41
North Substation,NS_MO_2025,PRJ-NS-1388,09-01-2026,C-1045,Midwest Mech Pros,Crane Operator,8,0,809.74
North Substation,NS_MO_2025,PRJ-NS-1361,09-01-2026,C-1073,Precision Welding,General Labor,8,0,391.77
North Substation,NS_MO_2025,PRJ-NS-1324,09-01-2026,C-1072,Apex Industrial,Crane Operator,8,0,754.6
North Substation,NS_MO_2025,PRJ-NS-1288,09-01-2026,C-1077,Precision Welding,Safety Officer,8,0,565.26
North Substation,NS_MO_2025,PRJ-NS-1152,09-01-2026,C-1053,Precision Welding,Millwright,8,0,630.35
North Substation,NS_MO_2025,PRJ-NS-1257,09-01-2026,C-1077,Precision Welding,Safety Officer,8,0,582.18
North Substation,NS_MO_2025,PRJ-NS-1250,09-01-2026,C-1072,Apex Industrial,Crane Operator,8,0,760.95
Rural Gen BaseLoad,RG_HGP_2026,PRJ-RG-2969,09-01-2026,C-1017,Summit Field Techs,Crane Operator,8,0,808.27
West Valley Peaker,WV_HGP_2026,PRJ-WV-2338,09-01-2026,C-1059,PrimeFix Solutions,Field Engineer,8,0,1253.37
West Valley Peaker,WV_HGP_2026,PRJ-WV-2330,09-01-2026,C-1059,PrimeFix Solutions,Field Engineer,8,0,1335.74
Rural Gen BaseLoad,RG_HGP_2026,PRJ-RG-2965,09-01-2026,C-1010,PrimeFix Solutions,Field Engineer,8,0,1749.67
Rural Gen BaseLoad,RG_HGP_2026,PRJ-RG-2966,09-01-2026,C-1059,PrimeFix Solutions,Field Engineer,8,0,1338.01
Coast BaseLoad,CB_MO_2027,PRJ-CB-2526,09-01-2026,C-1066,Apex Industrial,General Labor,8,0,419.34
Coast BaseLoad,CB_MO_2027,PRJ-CB-2531,09-01-2026,C-1023,Summit Field Techs,Field Engineer,8,0,1629.96
Coast BaseLoad,CB_MO_2027,PRJ-CB-2514,09-01-2026,C-1010,PrimeFix Solutions,Field Engineer,8,0,1747.45
Coast BaseLoad,CB_MO_2027,PRJ-CB-2517,09-01-2026,C-1065,PrimeFix Solutions,Safety Officer,8,0,631.95
Coast BaseLoad,CB_MO_2027,PRJ-CB-2517,09-01-2026,C-1023,Summit Field Techs,Field Engineer,8,0,1652.56
Rural Gen BaseLoad,RG_HGP_2026,PRJ-RG-2965,09-01-2026,C-1006,Apex Industrial,Field Engineer,8,0,1423.77
Rural Gen BaseLoad,RG_HGP_2026,PRJ-RG-2969,09-01-2026,C-1023,Summit Field Techs,Field Engineer,8,0,1698.14
Rural Gen BaseLoad,RG_HGP_2026,PRJ-RG-2968,09-01-2026,C-1028,Midwest Mech Pros,Field Engineer,8,0,1503.89
Rural Gen BaseLoad,RG_HGP_2026,PRJ-RG-2966,09-01-2026,C-1059,PrimeFix Solutions,Field Engineer,8,0,1196.39
Rural Gen BaseLoad,RG_HGP_2026,PRJ-RG-2964,09-01-2026,C-1039,PrimeFix Solutions,Field Engineer,8,0,1616.03
Rural Gen BaseLoad,RG_HGP_2026,PRJ-RG-2968,09-01-2026,C-1020,Midwest Mech Pros,Field Engineer,8,0,1270.65
Coast BaseLoad,CB_MO_2027,PRJ-CB-2531,09-01-2026,C-1030,Summit Field Techs,Millwright,8,0,650.67
Rural Gen BaseLoad,RG_HGP_2026,PRJ-RG-2968,09-01-2026,C-1020,Midwest Mech Pros,Field Engineer,8,0,1121.49
Rural Gen BaseLoad,RG_HGP_2026,PRJ-RG-2965,09-01-2026,C-1028,Midwest Mech Pros,Field Engineer,8,0,1618.51
Rural Gen BaseLoad,RG_HGP_2026,PRJ-RG-2965,09-01-2026,C-1039,PrimeFix Solutions,Field Engineer,8,0,1449.23
Rural Gen BaseLoad,RG_HGP_2026,PRJ-RG-2969,09-01-2026,C-1059,PrimeFix Solutions,Field Engineer,8,0,1151.3
Rural Gen BaseLoad,RG_HGP_2026,PRJ-RG-2967,09-01-2026,C-1039,PrimeFix Solutions,Field Engineer,8,0,1580.92
Rural Gen BaseLoad,RG_HGP_2026,PRJ-RG-2970,09-01-2026,C-1020,Midwest Mech Pros,Field Engineer,8,0,1129.77
Rural Gen BaseLoad,RG_HGP_2026,PRJ-RG-2971,09-01-2026,C-1028,Midwest Mech Pros,Field Engineer,8,0,1415.36
Rural Gen BaseLoad,RG_HGP_2026,PRJ-RG-2970,09-01-2026,C-1003,Summit Field Techs,Millwright,8,0,672.57
Rural Gen BaseLoad,RG_HGP_2026,PRJ-RG-2965,09-01-2026,C-1023,Summit Field Techs,Field Engineer,8,0,1607.99
Rural Gen BaseLoad,RG_HGP_2026,PRJ-RG-2971,09-01-2026,C-1023,Summit Field Techs,Field Engineer,8,0,1723.03
Rural Gen BaseLoad,RG_HGP_2026,PRJ-RG-2968,09-01-2026,C-1008,Apex Industrial,Safety Officer,8,0,730.58
West Valley Peaker,WV_HGP_2026,PRJ-WV-2339,09-01-2026,C-1028,Midwest Mech Pros,Field Engineer,8,0,1550.31
North Substation,NS_MO_2025,PRJ-NS-1208,09-01-2026,C-1045,Midwest Mech Pros,Crane Operator,8,0,837.11
West Valley Peaker,WV_HGP_2026,PRJ-WV-2338,09-01-2026,C-1010,PrimeFix Solutions,Field Engineer,8,0,1702.08
West Valley Peaker,WV_HGP_2026,PRJ-WV-2326,09-01-2026,C-1023,Summit Field Techs,Field Engineer,8,0,1460.57
West Valley Peaker,WV_HGP_2026,PRJ-WV-2326,09-01-2026,C-1010,PrimeFix Solutions,Field Engineer,8,0,1547.9
West Valley Peaker,WV_HGP_2026,PRJ-WV-2345,09-01-2026,C-1059,PrimeFix Solutions,Field Engineer,8,0,1107.1
West Valley Peaker,WV_HGP_2026,PRJ-WV-2338,09-01-2026,C-1006,Apex Industrial,Field Engineer,8,0,1349.62
West Valley Peaker,WV_HGP_2026,PRJ-WV-2332,09-01-2026,C-1006,Apex Industrial,Field Engineer,8,0,1300.34
Rural Gen BaseLoad,RG_HGP_2026,PRJ-RG-2968,09-01-2026,C-1039,PrimeFix Solutions,Field Engineer,8,0,1636.68
Rural Gen BaseLoad,RG_HGP_2026,PRJ-RG-2969,09-01-2026,C-1059,PrimeFix Solutions,Field Engineer,8,0,1330.63
Rural Gen BaseLoad,RG_HGP_2026,PRJ-RG-2969,09-01-2026,C-1051,Apex Industrial,Crane Operator,8,0,852.89
Rural Gen BaseLoad,RG_HGP_2026,PRJ-RG-2964,09-01-2026,C-1010,PrimeFix Solutions,Field Engineer,8,0,1517.07
Rural Gen BaseLoad,RG_HGP_2026,PRJ-RG-2964,09-01-2026,C-1028,Midwest Mech Pros,Field Engineer,8,0,1413.81
Rural Gen BaseLoad,RG_HGP_2026,PRJ-RG-2966,09-01-2026,C-1029,Midwest Mech Pros,Controls Tech,8,0,1032.23
Rural Gen BaseLoad,RG_HGP_2026,PRJ-RG-2971,09-01-2026,C-1010,PrimeFix Solutions,Field Engineer,8,0,1514.67
Rural Gen BaseLoad,RG_HGP_2026,PRJ-RG-2967,09-01-2026,C-1034,Atlas Heavy Eng,Safety Officer,8,0,549.84
West Valley Peaker,WV_HGP_2026,PRJ-WV-2338,09-01-2026,C-1028,Midwest Mech Pros,Field Engineer,8,0,1408.31
Rural Gen BaseLoad,RG_HGP_2026,PRJ-RG-2968,09-01-2026,C-1020,Midwest Mech Pros,Field Engineer,8,0,1297.01
West Valley Peaker,WV_HGP_2026,PRJ-WV-2332,09-01-2026,C-1023,Summit Field Techs,Field Engineer,8,0,1748.41
West Valley Peaker,WV_HGP_2026,PRJ-WV-2332,09-01-2026,C-1039,PrimeFix Solutions,Field Engineer,8,0,1445.36
North Substation,NS_MO_2025,PRJ-NS-1258,10-01-2026,C-1015,Atlas Heavy Eng,Controls Tech,8,0,1285.32
North Substation,NS_MO_2025,PRJ-NS-1301,10-01-2026,C-1013,Atlas Heavy Eng,Safety Officer,8,0,569.85
North Substation,NS_MO_2025,PRJ-NS-1181,10-01-2026,C-1078,Atlas Heavy Eng,Millwright,8,0,694.79
North Substation,NS_MO_2025,PRJ-NS-1265,10-01-2026,C-1079,Precision Welding,Crane Operator,8,0,786.0
North Substation,NS_MO_2025,PRJ-NS-1200,10-01-2026,C-1005,Atlas Heavy Eng,Millwright,8,0,589.33
North Substation,NS_MO_2025,PRJ-NS-1286,10-01-2026,C-1067,PrimeFix Solutions,Millwright,8,0,751.36
North Substation,NS_MO_2025,PRJ-NS-1312,10-01-2026,C-1042,PrimeFix Solutions,General Labor,8,0,408.21
North Substation,NS_MO_2025,PRJ-NS-1348,10-01-2026,C-1026,Precision Welding,Controls Tech,8,0,1028.16
North Substation,NS_MO_2025,PRJ-NS-1213,10-01-2026,C-1041,Precision Welding,Millwright,8,0,686.27
North Substation,NS_MO_2025,PRJ-NS-1198,10-01-2026,C-1043,Apex Industrial,Crane Operator,8,0,820.36
North Substation,NS_MO_2025,PRJ-NS-1366,10-01-2026,C-1010,PrimeFix Solutions,Field Engineer,8,0,1667.74
North Substation,NS_MO_2025,PRJ-NS-1330,10-01-2026,C-1071,PrimeFix Solutions,Crane Operator,8,0,771.44
North Substation,NS_MO_2025,PRJ-NS-1315,10-01-2026,C-1062,PrimeFix Solutions,General Labor,8,0,367.47
North Substation,NS_MO_2025,PRJ-NS-1151,10-01-2026,C-1065,PrimeFix Solutions,Safety Officer,8,0,640.35
North Substation,NS_MO_2025,PRJ-NS-1236,10-01-2026,C-1005,Atlas Heavy Eng,Millwright,8,0,596.26
North Substation,NS_MO_2025,PRJ-NS-1181,10-01-2026,C-1069,Precision Welding,Safety Officer,8,0,546.47
North Substation,NS_MO_2025,PRJ-NS-1232,10-01-2026,C-1073,Precision Welding,General Labor,8,0,364.6
North Substation,NS_MO_2025,PRJ-NS-1162,10-01-2026,C-1040,Atlas Heavy Eng,Crane Operator,8,0,827.68
North Substation,NS_MO_2025,PRJ-NS-1261,10-01-2026,C-1052,PrimeFix Solutions,General Labor,8,0,351.37
North Substation,NS_MO_2025,PRJ-NS-1321,10-01-2026,C-1062,PrimeFix Solutions,General Labor,8,0,360.04
North Substation,NS_MO_2025,PRJ-NS-1327,10-01-2026,C-1023,Summit Field Techs,Field Engineer,8,0,1613.75
North Substation,NS_MO_2025,PRJ-NS-1196,10-01-2026,C-1023,Summit Field Techs,Field Engineer,8,0,1561.36
North Substation,NS_MO_2025,PRJ-NS-1226,10-01-2026,C-1018,Atlas Heavy Eng,Controls Tech,8,0,1149.81
North Substation,NS_MO_2025,PRJ-NS-1322,10-01-2026,C-1019,Midwest Mech Pros,Controls Tech,8,0,1092.18
North Substation,NS_MO_2025,PRJ-NS-1182,10-01-2026,C-1029,Midwest Mech Pros,Controls Tech,8,0,979.93
North Substation,NS_MO_2025,PRJ-NS-1200,10-01-2026,C-1023,Summit Field Techs,Field Engineer,8,0,1666.2
North Substation,NS_MO_2025,PRJ-NS-1394,10-01-2026,C-1029,Midwest Mech Pros,Controls Tech,8,0,978.01
North Substation,NS_MO_2025,PRJ-NS-1263,10-01-2026,C-1039,PrimeFix Solutions,Field Engineer,8,0,1483.4
North Substation,NS_MO_2025,PRJ-NS-1361,10-01-2026,C-1073,Precision Welding,General Labor,8,0,382.98
North Substation,NS_MO_2025,PRJ-NS-1302,10-01-2026,C-1011,Midwest Mech Pros,General Labor,8,0,409.51
North Substation,NS_MO_2025,PRJ-NS-1268,10-01-2026,C-1028,Midwest Mech Pros,Field Engineer,8,0,1443.79
North Substation,NS_MO_2025,PRJ-NS-1393,10-01-2026,C-1003,Summit Field Techs,Millwright,8,0,671.18
North Substation,NS_MO_2025,PRJ-NS-1269,10-01-2026,C-1029,Midwest Mech Pros,Controls Tech,8,0,1033.78
North Substation,NS_MO_2025,PRJ-NS-1257,10-01-2026,C-1077,Precision Welding,Safety Officer,8,0,547.78
North Substation,NS_MO_2025,PRJ-NS-1356,10-01-2026,C-1067,PrimeFix Solutions,Millwright,8,0,750.97
North Substation,NS_MO_2025,PRJ-NS-1375,10-01-2026,C-1012,Midwest Mech Pros,Controls Tech,8,0,1023.59
North Substation,NS_MO_2025,PRJ-NS-1393,10-01-2026,C-1037,PrimeFix Solutions,Controls Tech,8,0,1101.83
North Substation,NS_MO_2025,PRJ-NS-1270,10-01-2026,C-1006,Apex Industrial,Field Engineer,8,0,1353.73
North Substation,NS_MO_2025,PRJ-NS-1373,10-01-2026,C-1037,PrimeFix Solutions,Controls Tech,8,0,1060.46
North Substation,NS_MO_2025,PRJ-NS-1192,10-01-2026,C-1040,Atlas Heavy Eng,Crane Operator,8,0,821.9
North Substation,NS_MO_2025,PRJ-NS-1194,10-01-2026,C-1030,Summit Field Techs,Millwright,8,0,649.78
North Substation,NS_MO_2025,PRJ-NS-1150,10-01-2026,C-1071,PrimeFix Solutions,Crane Operator,8,0,774.29
North Substation,NS_MO_2025,PRJ-NS-1153,10-01-2026,C-1035,Summit Field Techs,General Labor,8,0,358.66
North Substation,NS_MO_2025,PRJ-NS-1159,10-01-2026,C-1041,Precision Welding,Millwright,8,0,681.1
North Substation,NS_MO_2025,PRJ-NS-1152,10-01-2026,C-1053,Precision Welding,Millwright,8,0,624.43
North Substation,NS_MO_2025,PRJ-NS-1259,10-01-2026,C-1023,Summit Field Techs,Field Engineer,8,0,1613.49
North Substation,NS_MO_2025,PRJ-NS-1228,10-01-2026,C-1027,Precision Welding,Crane Operator,8,0,890.38
North Substation,NS_MO_2025,PRJ-NS-1312,10-01-2026,C-1010,PrimeFix Solutions,Field Engineer,8,0,1664.5
North Substation,NS_MO_2025,PRJ-NS-1304,10-01-2026,C-1013,Atlas Heavy Eng,Safety Officer,8,0,581.62
North Substation,NS_MO_2025,PRJ-NS-1332,10-01-2026,C-1052,PrimeFix Solutions,General Labor,8,0,371.62
North Substation,NS_MO_2025,PRJ-NS-1258,10-01-2026,C-1060,Summit Field Techs,General Labor,8,0,484.29
North Substation,NS_MO_2025,PRJ-NS-1154,10-01-2026,C-1020,Midwest Mech Pros,Field Engineer,8,0,1251.31
North Substation,NS_MO_2025,PRJ-NS-1189,10-01-2026,C-1074,Apex Industrial,Controls Tech,8,0,1061.4
North Substation,NS_MO_2025,PRJ-NS-1313,10-01-2026,C-1005,Atlas Heavy Eng,Millwright,8,0,595.03
North Substation,NS_MO_2025,PRJ-NS-1356,10-01-2026,C-1054,Midwest Mech Pros,General Labor,8,0,394.79
North Substation,NS_MO_2025,PRJ-NS-1172,10-01-2026,C-1005,Atlas Heavy Eng,Millwright,8,0,632.28
North Substation,NS_MO_2025,PRJ-NS-1372,10-01-2026,C-1066,Apex Industrial,General Labor,8,0,375.06
North Substation,NS_MO_2025,PRJ-NS-1261,10-01-2026,C-1018,Atlas Heavy Eng,Controls Tech,8,0,1105.6
North Substation,NS_MO_2025,PRJ-NS-1295,10-01-2026,C-1005,Atlas Heavy Eng,Millwright,8,0,584.18
North Substation,NS_MO_2025,PRJ-NS-1187,10-01-2026,C-1028,Midwest Mech Pros,Field Engineer,8,0,1503.11
North Substation,NS_MO_2025,PRJ-NS-1304,10-01-2026,C-1059,PrimeFix Solutions,Field Engineer,8,0,1202.0
North Substation,NS_MO_2025,PRJ-NS-1215,10-01-2026,C-1001,Apex Industrial,General Labor,8,0,410.02
North Substation,NS_MO_2025,PRJ-NS-1166,10-01-2026,C-1023,Summit Field Techs,Field Engineer,8,0,1584.52
North Substation,NS_MO_2025,PRJ-NS-1300,10-01-2026,C-1023,Summit Field Techs,Field Engineer,8,0,1550.24
North Substation,NS_MO_2025,PRJ-NS-1276,10-01-2026,C-1003,Summit Field Techs,Millwright,8,0,707.61
North Substation,NS_MO_2025,PRJ-NS-1188,10-01-2026,C-1024,Apex Industrial,Millwright,8,0,730.83
North Substation,NS_MO_2025,PRJ-NS-1369,10-01-2026,C-1008,Apex Industrial,Safety Officer,8,0,676.81
North Substation,NS_MO_2025,PRJ-NS-1186,10-01-2026,C-1058,Midwest Mech Pros,Controls Tech,8,0,1316.66
North Substation,NS_MO_2025,PRJ-NS-1352,10-01-2026,C-1060,Summit Field Techs,General Labor,8,0,463.64
North Substation,NS_MO_2025,PRJ-NS-1197,10-01-2026,C-1051,Apex Industrial,Crane Operator,8,0,812.75
North Substation,NS_MO_2025,PRJ-NS-1325,10-01-2026,C-1019,Midwest Mech Pros,Controls Tech,8,0,1090.09
North Substation,NS_MO_2025,PRJ-NS-1291,10-01-2026,C-1005,Atlas Heavy Eng,Millwright,8,0,614.63
North Substation,NS_MO_2025,PRJ-NS-1211,10-01-2026,C-1067,PrimeFix Solutions,Millwright,8,0,708.93
North Substation,NS_MO_2025,PRJ-NS-1326,10-01-2026,C-1076,Apex Industrial,Safety Officer,8,0,644.61
North Substation,NS_MO_2025,PRJ-NS-1301,10-01-2026,C-1065,PrimeFix Solutions,Safety Officer,8,0,636.21
North Substation,NS_MO_2025,PRJ-NS-1315,10-01-2026,C-1020,Midwest Mech Pros,Field Engineer,8,0,1157.26
North Substation,NS_MO_2025,PRJ-NS-1349,10-01-2026,C-1011,Midwest Mech Pros,General Labor,8,0,428.92
North Substation,NS_MO_2025,PRJ-NS-1207,10-01-2026,C-1006,Apex Industrial,Field Engineer,8,0,1305.22
North Substation,NS_MO_2025,PRJ-NS-1302,10-01-2026,C-1035,Summit Field Techs,General Labor,8,0,372.59
North Substation,NS_MO_2025,PRJ-NS-1366,10-01-2026,C-1066,Apex Industrial,General Labor,8,0,395.04
North Substation,NS_MO_2025,PRJ-NS-1326,10-01-2026,C-1053,Precision Welding,Millwright,8,0,630.23
North Substation,NS_MO_2025,PRJ-NS-1259,10-01-2026,C-1035,Summit Field Techs,General Labor,8,0,351.18
North Substation,NS_MO_2025,PRJ-NS-1176,10-01-2026,C-1029,Midwest Mech Pros,Controls Tech,8,0,1038.75
North Substation,NS_MO_2025,PRJ-NS-1378,10-01-2026,C-1020,Midwest Mech Pros,Field Engineer,8,0,1159.77
North Substation,NS_MO_2025,PRJ-NS-1160,10-01-2026,C-1017,Summit Field Techs,Crane Operator,8,0,809.25
North Substation,NS_MO_2025,PRJ-NS-1342,10-01-2026,C-1030,Summit Field Techs,Millwright,8,0,627.42
North Substation,NS_MO_2025,PRJ-NS-1204,10-01-2026,C-1024,Apex Industrial,Millwright,8,0,745.12
North Substation,NS_MO_2025,PRJ-NS-1334,10-01-2026,C-1010,PrimeFix Solutions,Field Engineer,8,0,1613.43
North Substation,NS_MO_2025,PRJ-NS-1307,10-01-2026,C-1066,Apex Industrial,General Labor,8,0,380.48
North Substation,NS_MO_2025,PRJ-NS-1226,10-01-2026,C-1023,Summit Field Techs,Field Engineer,8,0,1544.31
North Substation,NS_MO_2025,PRJ-NS-1329,10-01-2026,C-1067,PrimeFix Solutions,Millwright,8,0,751.34
North Substation,NS_MO_2025,PRJ-NS-1255,10-01-2026,C-1000,PrimeFix Solutions,Millwright,8,0,683.67
North Substation,NS_MO_2025,PRJ-NS-1194,10-01-2026,C-1046,Precision Welding,General Labor,8,0,431.43
North Substation,NS_MO_2025,PRJ-NS-1226,10-01-2026,C-1001,Apex Industrial,General Labor,8,0,405.37
North Substation,NS_MO_2025,PRJ-NS-1353,10-01-2026,C-1073,Precision Welding,General Labor,8,0,359.68
North Substation,NS_MO_2025,PRJ-NS-1323,10-01-2026,C-1079,Precision Welding,Crane Operator,8,0,737.03
North Substation,NS_MO_2025,PRJ-NS-1388,10-01-2026,C-1045,Midwest Mech Pros,Crane Operator,8,0,845.02
North Substation,NS_MO_2025,PRJ-NS-1185,10-01-2026,C-1023,Summit Field Techs,Field Engineer,8,0,1673.85
North Substation,NS_MO_2025,PRJ-NS-1206,10-01-2026,C-1026,Precision Welding,Controls Tech,8,0,1089.32
North Substation,NS_MO_2025,PRJ-NS-1190,10-01-2026,C-1021,Summit Field Techs,Millwright,8,0,646.55
North Substation,NS_MO_2025,PRJ-NS-1342,10-01-2026,C-1031,Summit Field Techs,Crane Operator,8,0,754.71
North Substation,NS_MO_2025,PRJ-NS-1244,10-01-2026,C-1078,Atlas Heavy Eng,Millwright,8,0,692.99
North Substation,NS_MO_2025,PRJ-NS-1317,10-01-2026,C-1000,PrimeFix Solutions,Millwright,8,0,681.37
North Substation,NS_MO_2025,PRJ-NS-1188,10-01-2026,C-1003,Summit Field Techs,Millwright,8,0,662.44
North Substation,NS_MO_2025,PRJ-NS-1390,10-01-2026,C-1062,PrimeFix Solutions,General Labor,8,0,395.2
North Substation,NS_MO_2025,PRJ-NS-1222,11-01-2026,C-1041,Precision Welding,Millwright,8,0,727.11
North Substation,NS_MO_2025,PRJ-NS-1154,11-01-2026,C-1020,Midwest Mech Pros,Field Engineer,8,0,1177.76
North Substation,NS_MO_2025,PRJ-NS-1288,11-01-2026,C-1077,Precision Welding,Safety Officer,8,0,554.45
North Substation,NS_MO_2025,PRJ-NS-1190,11-01-2026,C-1006,Apex Industrial,Field Engineer,8,0,1406.65
North Substation,NS_MO_2025,PRJ-NS-1356,11-01-2026,C-1054,Midwest Mech Pros,General Labor,8,0,410.88
North Substation,NS_MO_2025,PRJ-NS-1311,11-01-2026,C-1039,PrimeFix Solutions,Field Engineer,8,0,1522.37
North Substation,NS_MO_2025,PRJ-NS-1176,11-01-2026,C-1029,Midwest Mech Pros,Controls Tech,8,0,1037.79
North Substation,NS_MO_2025,PRJ-NS-1324,11-01-2026,C-1078,Atlas Heavy Eng,Millwright,8,0,699.06
North Substation,NS_MO_2025,PRJ-NS-1394,11-01-2026,C-1029,Midwest Mech Pros,Controls Tech,8,0,1047.12
North Substation,NS_MO_2025,PRJ-NS-1300,11-01-2026,C-1023,Summit Field Techs,Field Engineer,8,0,1652.47
North Substation,NS_MO_2025,PRJ-NS-1393,11-01-2026,C-1003,Summit Field Techs,Millwright,8,0,674.96
North Substation,NS_MO_2025,PRJ-NS-1204,11-01-2026,C-1024,Apex Industrial,Millwright,8,0,740.31
North Substation,NS_MO_2025,PRJ-NS-1313,11-01-2026,C-1005,Atlas Heavy Eng,Millwright,8,0,633.14
North Substation,NS_MO_2025,PRJ-NS-1206,11-01-2026,C-1026,Precision Welding,Controls Tech,8,0,1030.21
North Substation,NS_MO_2025,PRJ-NS-1269,11-01-2026,C-1029,Midwest Mech Pros,Controls Tech,8,0,992.66
North Substation,NS_MO_2025,PRJ-NS-1166,11-01-2026,C-1023,Summit Field Techs,Field Engineer,8,0,1645.04
North Substation,NS_MO_2025,PRJ-NS-1183,11-01-2026,C-1078,Atlas Heavy Eng,Millwright,8,0,690.36
North Substation,NS_MO_2025,PRJ-NS-1246,11-01-2026,C-1079,Precision Welding,Crane Operator,8,0,749.72
North Substation,NS_MO_2025,PRJ-NS-1379,11-01-2026,C-1019,Midwest Mech Pros,Controls Tech,8,0,1091.0
North Substation,NS_MO_2025,PRJ-NS-1181,11-01-2026,C-1078,Atlas Heavy Eng,Millwright,8,0,692.03
North Substation,NS_MO_2025,PRJ-NS-1191,11-01-2026,C-1047,Atlas Heavy Eng,Millwright,8,0,588.94
North Substation,NS_MO_2025,PRJ-NS-1226,11-01-2026,C-1001,Apex Industrial,General Labor,8,0,411.98
North Substation,NS_MO_2025,PRJ-NS-1153,11-01-2026,C-1035,Summit Field Techs,General Labor,8,0,377.27
North Substation,NS_MO_2025,PRJ-NS-1342,11-01-2026,C-1030,Summit Field Techs,Millwright,8,0,629.3
North Substation,NS_MO_2025,PRJ-NS-1207,11-01-2026,C-1006,Apex Industrial,Field Engineer,8,0,1405.19
North Substation,NS_MO_2025,PRJ-NS-1258,11-01-2026,C-1060,Summit Field Techs,General Labor,8,0,456.48
North Substation,NS_MO_2025,PRJ-NS-1335,11-01-2026,C-1019,Midwest Mech Pros,Controls Tech,8,0,1032.42
North Substation,NS_MO_2025,PRJ-NS-1196,11-01-2026,C-1023,Summit Field Techs,Field Engineer,8,0,1560.68
North Substation,NS_MO_2025,PRJ-NS-1263,11-01-2026,C-1054,Midwest Mech Pros,General Labor,8,0,387.2
North Substation,NS_MO_2025,PRJ-NS-1150,11-01-2026,C-1071,PrimeFix Solutions,Crane Operator,8,0,790.79
North Substation,NS_MO_2025,PRJ-NS-1182,11-01-2026,C-1029,Midwest Mech Pros,Controls Tech,8,0,1011.17
North Substation,NS_MO_2025,PRJ-NS-1286,11-01-2026,C-1067,PrimeFix Solutions,Millwright,8,0,707.31
North Substation,NS_MO_2025,PRJ-NS-1304,11-01-2026,C-1013,Atlas Heavy Eng,Safety Officer,8,0,567.12
North Substation,NS_MO_2025,PRJ-NS-1226,11-01-2026,C-1023,Summit Field Techs,Field Engineer,8,0,1654.56
North Substation,NS_MO_2025,PRJ-NS-1315,11-01-2026,C-1020,Midwest Mech Pros,Field Engineer,8,0,1172.56
North Substation,NS_MO_2025,PRJ-NS-1356,11-01-2026,C-1067,PrimeFix Solutions,Millwright,8,0,731.19
North Substation,NS_MO_2025,PRJ-NS-1352,11-01-2026,C-1060,Summit Field Techs,General Labor,8,0,459.6
North Substation,NS_MO_2025,PRJ-NS-1181,11-01-2026,C-1039,PrimeFix Solutions,Field Engineer,8,0,1442.04
North Substation,NS_MO_2025,PRJ-NS-1326,11-01-2026,C-1076,Apex Industrial,Safety Officer,8,0,636.2
North Substation,NS_MO_2025,PRJ-NS-1390,11-01-2026,C-1062,PrimeFix Solutions,General Labor,8,0,365.78
Coast BaseLoad,CB_MO_2027,PRJ-CB-2531,11-01-2026,C-1023,Summit Field Techs,Field Engineer,8,0,1626.62
Coast BaseLoad,CB_MO_2027,PRJ-CB-2531,11-01-2026,C-1030,Summit Field Techs,Millwright,8,0,634.06
East Peaker,EP_MO_2027,PRJ-EP-1906,11-01-2026,C-1028,Midwest Mech Pros,Field Engineer,8,0,1369.91
East Peaker,EP_MO_2027,PRJ-EP-1907,11-01-2026,C-1045,Midwest Mech Pros,Crane Operator,8,0,782.24
East Peaker,EP_MO_2027,PRJ-EP-1910,11-01-2026,C-1059,PrimeFix Solutions,Field Engineer,8,0,1209.25
East Peaker,EP_MO_2027,PRJ-EP-1913,11-01-2026,C-1006,Apex Industrial,Field Engineer,8,0,1457.72
East Peaker,EP_MO_2027,PRJ-EP-1900,11-01-2026,C-1077,Precision Welding,Safety Officer,8,0,598.53
East Peaker,EP_MO_2027,PRJ-EP-1892,11-01-2026,C-1041,Precision Welding,Millwright,8,0,775.19
Coast BaseLoad,CB_MO_2027,PRJ-CB-2517,11-01-2026,C-1023,Summit Field Techs,Field Engineer,8,0,1456.81
Coast BaseLoad,CB_MO_2027,PRJ-CB-2526,11-01-2026,C-1066,Apex Industrial,General Labor,8,0,370.79
Coast BaseLoad,CB_MO_2027,PRJ-CB-2517,11-01-2026,C-1065,PrimeFix Solutions,Safety Officer,8,0,651.62
Coast BaseLoad,CB_MO_2027,PRJ-CB-2514,11-01-2026,C-1010,PrimeFix Solutions,Field Engineer,8,0,1695.43
North Substation,NS_MO_2025,PRJ-NS-1390,12-01-2026,C-1062,PrimeFix Solutions,General Labor,8,0,389.88
North Substation,NS_MO_2025,PRJ-NS-1291,12-01-2026,C-1005,Atlas Heavy Eng,Millwright,8,0,585.29
North Substation,NS_MO_2025,PRJ-NS-1295,12-01-2026,C-1005,Atlas Heavy Eng,Millwright,8,0,611.37
North Substation,NS_MO_2025,PRJ-NS-1236,12-01-2026,C-1005,Atlas Heavy Eng,Millwright,8,0,603.47
North Substation,NS_MO_2025,PRJ-NS-1379,12-01-2026,C-1019,Midwest Mech Pros,Controls Tech,8,0,1106.73
North Substation,NS_MO_2025,PRJ-NS-1300,12-01-2026,C-1023,Summit Field Techs,Field Engineer,8,0,1522.39
North Substation,NS_MO_2025,PRJ-NS-1263,12-01-2026,C-1037,PrimeFix Solutions,Controls Tech,8,0,1075.24
North Substation,NS_MO_2025,PRJ-NS-1200,12-01-2026,C-1023,Summit Field Techs,Field Engineer,8,0,1558.82
North Substation,NS_MO_2025,PRJ-NS-1348,12-01-2026,C-1026,Precision Welding,Controls Tech,8,0,1000.79
North Substation,NS_MO_2025,PRJ-NS-1153,12-01-2026,C-1035,Summit Field Techs,General Labor,8,0,359.76
North Substation,NS_MO_2025,PRJ-NS-1369,12-01-2026,C-1008,Apex Industrial,Safety Officer,8,0,644.12
North Substation,NS_MO_2025,PRJ-NS-1275,12-01-2026,C-1024,Apex Industrial,Millwright,8,0,708.68
North Substation,NS_MO_2025,PRJ-NS-1323,12-01-2026,C-1079,Precision Welding,Crane Operator,8,0,748.72
North Substation,NS_MO_2025,PRJ-NS-1346,12-01-2026,C-1010,PrimeFix Solutions,Field Engineer,8,0,1592.03
North Substation,NS_MO_2025,PRJ-NS-1186,12-01-2026,C-1058,Midwest Mech Pros,Controls Tech,8,0,1327.42
North Substation,NS_MO_2025,PRJ-NS-1259,12-01-2026,C-1023,Summit Field Techs,Field Engineer,8,0,1633.7
North Substation,NS_MO_2025,PRJ-NS-1300,12-01-2026,C-1023,Summit Field Techs,Field Engineer,8,0,1658.78
North Substation,NS_MO_2025,PRJ-NS-1366,12-01-2026,C-1066,Apex Industrial,General Labor,8,0,398.48
North Substation,NS_MO_2025,PRJ-NS-1315,12-01-2026,C-1062,PrimeFix Solutions,General Labor,8,0,388.1
North Substation,NS_MO_2025,PRJ-NS-1268,12-01-2026,C-1028,Midwest Mech Pros,Field Engineer,8,0,1492.93
North Substation,NS_MO_2025,PRJ-NS-1323,12-01-2026,C-1079,Precision Welding,Crane Operator,8,0,748.7
North Substation,NS_MO_2025,PRJ-NS-1153,12-01-2026,C-1035,Summit Field Techs,General Labor,8,0,364.69
North Substation,NS_MO_2025,PRJ-NS-1320,12-01-2026,C-1001,Apex Industrial,General Labor,8,0,391.1
North Substation,NS_MO_2025,PRJ-NS-1352,12-01-2026,C-1060,Summit Field Techs,General Labor,8,0,461.7
North Substation,NS_MO_2025,PRJ-NS-1246,12-01-2026,C-1079,Precision Welding,Crane Operator,8,0,731.72
North Substation,NS_MO_2025,PRJ-NS-1327,12-01-2026,C-1023,Summit Field Techs,Field Engineer,8,0,1636.99
North Substation,NS_MO_2025,PRJ-NS-1276,12-01-2026,C-1003,Summit Field Techs,Millwright,8,0,657.4
North Substation,NS_MO_2025,PRJ-NS-1244,12-01-2026,C-1078,Atlas Heavy Eng,Millwright,8,0,665.3
North Substation,NS_MO_2025,PRJ-NS-1197,12-01-2026,C-1051,Apex Industrial,Crane Operator,8,0,895.24
North Substation,NS_MO_2025,PRJ-NS-1276,12-01-2026,C-1003,Summit Field Techs,Millwright,8,0,713.42
North Substation,NS_MO_2025,PRJ-NS-1388,12-01-2026,C-1045,Midwest Mech Pros,Crane Operator,8,0,804.22
North Substation,NS_MO_2025,PRJ-NS-1211,12-01-2026,C-1067,PrimeFix Solutions,Millwright,8,0,723.07
North Substation,NS_MO_2025,PRJ-NS-1327,12-01-2026,C-1023,Summit Field Techs,Field Engineer,8,0,1547.01
North Substation,NS_MO_2025,PRJ-NS-1154,12-01-2026,C-1020,Midwest Mech Pros,Field Engineer,8,0,1208.55
North Substation,NS_MO_2025,PRJ-NS-1315,12-01-2026,C-1020,Midwest Mech Pros,Field Engineer,8,0,1250.28
North Substation,NS_MO_2025,PRJ-NS-1369,12-01-2026,C-1008,Apex Industrial,Safety Officer,8,0,708.05
North Substation,NS_MO_2025,PRJ-NS-1191,12-01-2026,C-1047,Atlas Heavy Eng,Millwright,8,0,619.24
North Substation,NS_MO_2025,PRJ-NS-1390,12-01-2026,C-1013,Atlas Heavy Eng,Safety Officer,8,0,572.71
North Substation,NS_MO_2025,PRJ-NS-1187,12-01-2026,C-1028,Midwest Mech Pros,Field Engineer,8,0,1402.37
North Substation,NS_MO_2025,PRJ-NS-1204,12-01-2026,C-1024,Apex Industrial,Millwright,8,0,752.58
North Substation,NS_MO_2025,PRJ-NS-1162,12-01-2026,C-1069,Precision Welding,Safety Officer,8,0,543.64
North Substation,NS_MO_2025,PRJ-NS-1356,12-01-2026,C-1054,Midwest Mech Pros,General Labor,8,0,413.32
North Substation,NS_MO_2025,PRJ-NS-1326,12-01-2026,C-1076,Apex Industrial,Safety Officer,8,0,643.08
North Substation,NS_MO_2025,PRJ-NS-1325,12-01-2026,C-1019,Midwest Mech Pros,Controls Tech,8,0,1048.97
North Substation,NS_MO_2025,PRJ-NS-1181,12-01-2026,C-1039,PrimeFix Solutions,Field Engineer,8,0,1446.72
North Substation,NS_MO_2025,PRJ-NS-1189,12-01-2026,C-1074,Apex Industrial,Controls Tech,8,0,1150.83
North Substation,NS_MO_2025,PRJ-NS-1181,12-01-2026,C-1078,Atlas Heavy Eng,Millwright,8,0,691.99
North Substation,NS_MO_2025,PRJ-NS-1269,12-01-2026,C-1029,Midwest Mech Pros,Controls Tech,8,0,995.4
North Substation,NS_MO_2025,PRJ-NS-1258,12-01-2026,C-1015,Atlas Heavy Eng,Controls Tech,8,0,1224.53
North Substation,NS_MO_2025,PRJ-NS-1312,12-01-2026,C-1010,PrimeFix Solutions,Field Engineer,8,0,1642.25
North Substation,NS_MO_2025,PRJ-NS-1153,12-01-2026,C-1035,Summit Field Techs,General Labor,8,0,355.49
North Substation,NS_MO_2025,PRJ-NS-1370,12-01-2026,C-1028,Midwest Mech Pros,Field Engineer,8,0,1524.4
North Substation,NS_MO_2025,PRJ-NS-1196,12-01-2026,C-1023,Summit Field Techs,Field Engineer,8,0,1660.61
North Substation,NS_MO_2025,PRJ-NS-1354,12-01-2026,C-1066,Apex Industrial,General Labor,8,0,405.75
North Substation,NS_MO_2025,PRJ-NS-1257,12-01-2026,C-1077,Precision Welding,Safety Officer,8,0,559.99
North Substation,NS_MO_2025,PRJ-NS-1390,12-01-2026,C-1013,Atlas Heavy Eng,Safety Officer,8,0,604.99
North Substation,NS_MO_2025,PRJ-NS-1301,12-01-2026,C-1013,Atlas Heavy Eng,Safety Officer,8,0,590.14
North Substation,NS_MO_2025,PRJ-NS-1324,12-01-2026,C-1072,Apex Industrial,Crane Operator,8,0,771.47
North Substation,NS_MO_2025,PRJ-NS-1326,12-01-2026,C-1076,Apex Industrial,Safety Officer,8,0,667.26
North Substation,NS_MO_2025,PRJ-NS-1197,12-01-2026,C-1051,Apex Industrial,Crane Operator,8,0,888.23
North Substation,NS_MO_2025,PRJ-NS-1189,12-01-2026,C-1074,Apex Industrial,Controls Tech,8,0,1143.73
North Substation,NS_MO_2025,PRJ-NS-1366,12-01-2026,C-1066,Apex Industrial,General Labor,8,0,395.44
North Substation,NS_MO_2025,PRJ-NS-1150,12-01-2026,C-1071,PrimeFix Solutions,Crane Operator,8,0,803.05
North Substation,NS_MO_2025,PRJ-NS-1263,12-01-2026,C-1039,PrimeFix Solutions,Field Engineer,8,0,1464.12
North Substation,NS_MO_2025,PRJ-NS-1198,12-01-2026,C-1043,Apex Industrial,Crane Operator,8,0,801.05
North Substation,NS_MO_2025,PRJ-NS-1206,12-01-2026,C-1026,Precision Welding,Controls Tech,8,0,1051.07
North Substation,NS_MO_2025,PRJ-NS-1263,12-01-2026,C-1054,Midwest Mech Pros,General Labor,8,0,380.14
North Substation,NS_MO_2025,PRJ-NS-1159,12-01-2026,C-1006,Apex Industrial,Field Engineer,8,0,1335.15
North Substation,NS_MO_2025,PRJ-NS-1375,12-01-2026,C-1012,Midwest Mech Pros,Controls Tech,8,0,1009.79
North Substation,NS_MO_2025,PRJ-NS-1181,12-01-2026,C-1078,Atlas Heavy Eng,Millwright,8,0,697.3
North Substation,NS_MO_2025,PRJ-NS-1375,12-01-2026,C-1012,Midwest Mech Pros,Controls Tech,8,0,1056.95
North Substation,NS_MO_2025,PRJ-NS-1346,12-01-2026,C-1010,PrimeFix Solutions,Field Engineer,8,0,1583.18
North Substation,NS_MO_2025,PRJ-NS-1379,12-01-2026,C-1019,Midwest Mech Pros,Controls Tech,8,0,1065.24
North Substation,NS_MO_2025,PRJ-NS-1301,12-01-2026,C-1065,PrimeFix Solutions,Safety Officer,8,0,660.52
North Substation,NS_MO_2025,PRJ-NS-1213,12-01-2026,C-1067,PrimeFix Solutions,Millwright,8,0,720.64
North Substation,NS_MO_2025,PRJ-NS-1332,12-01-2026,C-1052,PrimeFix Solutions,General Labor,8,0,375.87
North Substation,NS_MO_2025,PRJ-NS-1370,12-01-2026,C-1028,Midwest Mech Pros,Field Engineer,8,0,1480.32
North Substation,NS_MO_2025,PRJ-NS-1194,12-01-2026,C-1030,Summit Field Techs,Millwright,8,0,648.36
North Substation,NS_MO_2025,PRJ-NS-1321,12-01-2026,C-1062,PrimeFix Solutions,General Labor,8,0,382.67
North Substation,NS_MO_2025,PRJ-NS-1323,12-01-2026,C-1079,Precision Welding,Crane Operator,8,0,741.04
North Substation,NS_MO_2025,PRJ-NS-1181,12-01-2026,C-1069,Precision Welding,Safety Officer,8,0,496.18
North Substation,NS_MO_2025,PRJ-NS-1181,12-01-2026,C-1078,Atlas Heavy Eng,Millwright,8,0,713.32
North Substation,NS_MO_2025,PRJ-NS-1259,12-01-2026,C-1023,Summit Field Techs,Field Engineer,8,0,1674.61
North Substation,NS_MO_2025,PRJ-NS-1151,12-01-2026,C-1065,PrimeFix Solutions,Safety Officer,8,0,679.13
North Substation,NS_MO_2025,PRJ-NS-1374,12-01-2026,C-1019,Midwest Mech Pros,Controls Tech,8,0,1015.17
North Substation,NS_MO_2025,PRJ-NS-1290,12-01-2026,C-1037,PrimeFix Solutions,Controls Tech,8,0,1126.19
North Substation,NS_MO_2025,PRJ-NS-1295,12-01-2026,C-1059,PrimeFix Solutions,Field Engineer,8,0,1196.05
North Substation,NS_MO_2025,PRJ-NS-1152,12-01-2026,C-1053,Precision Welding,Millwright,8,0,629.71
North Substation,NS_MO_2025,PRJ-NS-1197,12-01-2026,C-1051,Apex Industrial,Crane Operator,8,0,889.79
North Substation,NS_MO_2025,PRJ-NS-1335,12-01-2026,C-1019,Midwest Mech Pros,Controls Tech,8,0,1109.62
North Substation,NS_MO_2025,PRJ-NS-1259,12-01-2026,C-1035,Summit Field Techs,General Labor,8,0,367.89
North Substation,NS_MO_2025,PRJ-NS-1323,12-01-2026,C-1079,Precision Welding,Crane Operator,8,0,774.55
North Substation,NS_MO_2025,PRJ-NS-1153,12-01-2026,C-1035,Summit Field Techs,General Labor,8,0,351.09
North Substation,NS_MO_2025,PRJ-NS-1191,12-01-2026,C-1047,Atlas Heavy Eng,Millwright,8,0,640.67
North Substation,NS_MO_2025,PRJ-NS-1334,12-01-2026,C-1005,Atlas Heavy Eng,Millwright,8,0,627.73
North Substation,NS_MO_2025,PRJ-NS-1154,12-01-2026,C-1020,Midwest Mech Pros,Field Engineer,8,0,1258.14
North Substation,NS_MO_2025,PRJ-NS-1390,12-01-2026,C-1013,Atlas Heavy Eng,Safety Officer,8,0,590.46
North Substation,NS_MO_2025,PRJ-NS-1200,12-01-2026,C-1023,Summit Field Techs,Field Engineer,8,0,1572.33
North Substation,NS_MO_2025,PRJ-NS-1194,12-01-2026,C-1006,Apex Industrial,Field Engineer,8,0,1422.1
North Substation,NS_MO_2025,PRJ-NS-1302,12-01-2026,C-1011,Midwest Mech Pros,General Labor,8,0,411.32
North Substation,NS_MO_2025,PRJ-NS-1312,12-01-2026,C-1010,PrimeFix Solutions,Field Engineer,8,0,1601.5
North Substation,NS_MO_2025,PRJ-NS-1370,12-01-2026,C-1028,Midwest Mech Pros,Field Engineer,8,0,1412.85
North Substation,NS_MO_2025,PRJ-NS-1324,12-01-2026,C-1072,Apex Industrial,Crane Operator,8,0,785.48
North Substation,NS_MO_2025,PRJ-NS-1248,12-01-2026,C-1026,Precision Welding,Controls Tech,8,0,1004.95
North Substation,NS_MO_2025,PRJ-NS-1222,12-01-2026,C-1041,Precision Welding,Millwright,8,0,692.18
North Substation,NS_MO_2025,PRJ-NS-1206,12-01-2026,C-1026,Precision Welding,Controls Tech,8,0,1051.62
North Substation,NS_MO_2025,PRJ-NS-1335,12-01-2026,C-1019,Midwest Mech Pros,Controls Tech,8,0,1118.77
North Substation,NS_MO_2025,PRJ-NS-1198,12-01-2026,C-1043,Apex Industrial,Crane Operator,8,0,786.8
North Substation,NS_MO_2025,PRJ-NS-1312,12-01-2026,C-1042,PrimeFix Solutions,General Labor,8,0,414.79
North Substation,NS_MO_2025,PRJ-NS-1390,12-01-2026,C-1062,PrimeFix Solutions,General Labor,8,0,366.92
North Substation,NS_MO_2025,PRJ-NS-1250,12-01-2026,C-1072,Apex Industrial,Crane Operator,8,0,736.66
North Substation,NS_MO_2025,PRJ-NS-1361,12-01-2026,C-1073,Precision Welding,General Labor,8,0,395.84
North Substation,NS_MO_2025,PRJ-NS-1200,12-01-2026,C-1005,Atlas Heavy Eng,Millwright,8,0,617.92
North Substation,NS_MO_2025,PRJ-NS-1315,12-01-2026,C-1020,Midwest Mech Pros,Field Engineer,8,0,1218.24
North Substation,NS_MO_2025,PRJ-NS-1206,12-01-2026,C-1026,Precision Welding,Controls Tech,8,0,1020.86
North Substation,NS_MO_2025,PRJ-NS-1258,12-01-2026,C-1015,Atlas Heavy Eng,Controls Tech,8,0,1234.22
Rural Gen BaseLoad,RG_HGP_2026,PRJ-RG-2965,12-01-2026,C-1006,Apex Industrial,Field Engineer,8,0,1483.0
Rural Gen BaseLoad,RG_HGP_2026,PRJ-RG-2971,12-01-2026,C-1024,Apex Industrial,Millwright,8,0,788.01
Rural Gen BaseLoad,RG_HGP_2026,PRJ-RG-2969,12-01-2026,C-1059,PrimeFix Solutions,Field Engineer,8,0,1166.39
Rural Gen BaseLoad,RG_HGP_2026,PRJ-RG-2969,12-01-2026,C-1051,Apex Industrial,Crane Operator,8,0,863.72
Rural Gen BaseLoad,RG_HGP_2026,PRJ-RG-2964,12-01-2026,C-1010,PrimeFix Solutions,Field Engineer,8,0,1479.15
Rural Gen BaseLoad,RG_HGP_2026,PRJ-RG-2964,12-01-2026,C-1028,Midwest Mech Pros,Field Engineer,8,0,1584.0
Rural Gen BaseLoad,RG_HGP_2026,PRJ-RG-2971,12-01-2026,C-1010,PrimeFix Solutions,Field Engineer,8,0,1689.38
Rural Gen BaseLoad,RG_HGP_2026,PRJ-RG-2966,12-01-2026,C-1029,Midwest Mech Pros,Controls Tech,8,0,1043.32
North Substation,NS_MO_2025,PRJ-NS-1290,12-01-2026,C-1037,PrimeFix Solutions,Controls Tech,8,0,1154.6
North Substation,NS_MO_2025,PRJ-NS-1189,12-01-2026,C-1074,Apex Industrial,Controls Tech,8,0,1149.5
North Substation,NS_MO_2025,PRJ-NS-1160,12-01-2026,C-1021,Summit Field Techs,Millwright,8,0,652.55
North Substation,NS_MO_2025,PRJ-NS-1301,12-01-2026,C-1065,PrimeFix Solutions,Safety Officer,8,0,645.43
North Substation,NS_MO_2025,PRJ-NS-1374,12-01-2026,C-1019,Midwest Mech Pros,Controls Tech,8,0,1090.85
North Substation,NS_MO_2025,PRJ-NS-1154,12-01-2026,C-1020,Midwest Mech Pros,Field Engineer,8,0,1160.0
North Substation,NS_MO_2025,PRJ-NS-1263,12-01-2026,C-1037,PrimeFix Solutions,Controls Tech,8,0,1145.77
North Substation,NS_MO_2025,PRJ-NS-1349,12-01-2026,C-1011,Midwest Mech Pros,General Labor,8,0,429.28
North Substation,NS_MO_2025,PRJ-NS-1342,12-01-2026,C-1031,Summit Field Techs,Crane Operator,8,0,763.21
North Substation,NS_MO_2025,PRJ-NS-1393,12-01-2026,C-1000,PrimeFix Solutions,Millwright,8,0,683.23
North Substation,NS_MO_2025,PRJ-NS-1191,12-01-2026,C-1047,Atlas Heavy Eng,Millwright,8,0,624.35
North Substation,NS_MO_2025,PRJ-NS-1342,12-01-2026,C-1030,Summit Field Techs,Millwright,8,0,643.04
North Substation,NS_MO_2025,PRJ-NS-1185,12-01-2026,C-1023,Summit Field Techs,Field Engineer,8,0,1649.97
North Substation,NS_MO_2025,PRJ-NS-1366,12-01-2026,C-1066,Apex Industrial,General Labor,8,0,370.6
North Substation,NS_MO_2025,PRJ-NS-1335,12-01-2026,C-1019,Midwest Mech Pros,Controls Tech,8,0,1016.76
North Substation,NS_MO_2025,PRJ-NS-1317,12-01-2026,C-1000,PrimeFix Solutions,Millwright,8,0,702.64
North Substation,NS_MO_2025,PRJ-NS-1393,12-01-2026,C-1003,Summit Field Techs,Millwright,8,0,658.28
Rural Gen BaseLoad,RG_HGP_2026,PRJ-RG-2968,12-01-2026,C-1039,PrimeFix Solutions,Field Engineer,8,0,1486.85
Rural Gen BaseLoad,RG_HGP_2026,PRJ-RG-2971,12-01-2026,C-1023,Summit Field Techs,Field Engineer,8,0,1636.35
Rural Gen BaseLoad,RG_HGP_2026,PRJ-RG-2965,12-01-2026,C-1010,PrimeFix Solutions,Field Engineer,8,0,1567.13
Rural Gen BaseLoad,RG_HGP_2026,PRJ-RG-2968,12-01-2026,C-1020,Midwest Mech Pros,Field Engineer,8,0,1114.5
North Substation,NS_MO_2025,PRJ-NS-1197,12-01-2026,C-1051,Apex Industrial,Crane Operator,8,0,853.86
Rural Gen BaseLoad,RG_HGP_2026,PRJ-RG-2968,12-01-2026,C-1020,Midwest Mech Pros,Field Engineer,8,0,1219.53
Rural Gen BaseLoad,RG_HGP_2026,PRJ-RG-2969,12-01-2026,C-1023,Summit Field Techs,Field Engineer,8,0,1466.04
Rural Gen BaseLoad,RG_HGP_2026,PRJ-RG-2965,12-01-2026,C-1006,Apex Industrial,Field Engineer,8,0,1442.68
Rural Gen BaseLoad,RG_HGP_2026,PRJ-RG-2967,12-01-2026,C-1034,Atlas Heavy Eng,Safety Officer,8,0,537.88
Rural Gen BaseLoad,RG_HGP_2026,PRJ-RG-2965,12-01-2026,C-1008,Apex Industrial,Safety Officer,8,0,642.81
Rural Gen BaseLoad,RG_HGP_2026,PRJ-RG-2970,12-01-2026,C-1058,Midwest Mech Pros,Controls Tech,8,0,1156.93
Rural Gen BaseLoad,RG_HGP_2026,PRJ-RG-2968,12-01-2026,C-1023,Summit Field Techs,Field Engineer,8,0,1533.36
Rural Gen BaseLoad,RG_HGP_2026,PRJ-RG-2968,12-01-2026,C-1028,Midwest Mech Pros,Field Engineer,8,0,1591.24
Rural Gen BaseLoad,RG_HGP_2026,PRJ-RG-2969,12-01-2026,C-1017,Summit Field Techs,Crane Operator,8,0,882.42
Rural Gen BaseLoad,RG_HGP_2026,PRJ-RG-2966,12-01-2026,C-1059,PrimeFix Solutions,Field Engineer,8,0,1138.23
Rural Gen BaseLoad,RG_HGP_2026,PRJ-RG-2968,12-01-2026,C-1008,Apex Industrial,Safety Officer,8,0,625.04
North Substation,NS_MO_2025,PRJ-NS-1379,12-01-2026,C-1019,Midwest Mech Pros,Controls Tech,8,0,1073.91
Rural Gen BaseLoad,RG_HGP_2026,PRJ-RG-2964,12-01-2026,C-1039,PrimeFix Solutions,Field Engineer,8,0,1463.74
Rural Gen BaseLoad,RG_HGP_2026,PRJ-RG-2971,12-01-2026,C-1028,Midwest Mech Pros,Field Engineer,8,0,1536.11
Rural Gen BaseLoad,RG_HGP_2026,PRJ-RG-2965,12-01-2026,C-1039,PrimeFix Solutions,Field Engineer,8,0,1656.76
Rural Gen BaseLoad,RG_HGP_2026,PRJ-RG-2969,12-01-2026,C-1059,PrimeFix Solutions,Field Engineer,8,0,1143.66
Rural Gen BaseLoad,RG_HGP_2026,PRJ-RG-2967,12-01-2026,C-1039,PrimeFix Solutions,Field Engineer,8,0,1648.14
Rural Gen BaseLoad,RG_HGP_2026,PRJ-RG-2970,12-01-2026,C-1020,Midwest Mech Pros,Field Engineer,8,0,1321.55
Rural Gen BaseLoad,RG_HGP_2026,PRJ-RG-2968,12-01-2026,C-1020,Midwest Mech Pros,Field Engineer,8,0,1136.15
Rural Gen BaseLoad,RG_HGP_2026,PRJ-RG-2965,12-01-2026,C-1028,Midwest Mech Pros,Field Engineer,8,0,1343.57
Rural Gen BaseLoad,RG_HGP_2026,PRJ-RG-2966,12-01-2026,C-1051,Apex Industrial,Crane Operator,8,0,930.34
Rural Gen BaseLoad,RG_HGP_2026,PRJ-RG-2970,12-01-2026,C-1003,Summit Field Techs,Millwright,8,0,661.87
Rural Gen BaseLoad,RG_HGP_2026,PRJ-RG-2971,12-01-2026,C-1020,Midwest Mech Pros,Field Engineer,8,0,1253.37
Rural Gen BaseLoad,RG_HGP_2026,PRJ-RG-2965,12-01-2026,C-1023,Summit Field Techs,Field Engineer,8,0,1636.09
Rural Gen BaseLoad,RG_HGP_2026,PRJ-RG-2969,12-01-2026,C-1028,Midwest Mech Pros,Field Engineer,8,0,1393.87
Rural Gen BaseLoad,RG_HGP_2026,PRJ-RG-2966,12-01-2026,C-1059,PrimeFix Solutions,Field Engineer,8,0,1172.91
North Substation,NS_MO_2025,PRJ-NS-1269,12-01-2026,C-1029,Midwest Mech Pros,Controls Tech,8,0,1055.4
North Substation,NS_MO_2025,PRJ-NS-1347,12-01-2026,C-1027,Precision Welding,Crane Operator,8,0,875.75
North Substation,NS_MO_2025,PRJ-NS-1190,12-01-2026,C-1021,Summit Field Techs,Millwright,8,0,697.08
North Substation,NS_MO_2025,PRJ-NS-1207,12-01-2026,C-1006,Apex Industrial,Field Engineer,8,0,1392.48
North Substation,NS_MO_2025,PRJ-NS-1269,12-01-2026,C-1029,Midwest Mech Pros,Controls Tech,8,0,1051.06
North Substation,NS_MO_2025,PRJ-NS-1205,12-01-2026,C-1012,Midwest Mech Pros,Controls Tech,8,0,1054.28
North Substation,NS_MO_2025,PRJ-NS-1263,12-01-2026,C-1039,PrimeFix Solutions,Field Engineer,8,0,1584.08
North Substation,NS_MO_2025,PRJ-NS-1361,12-01-2026,C-1073,Precision Welding,General Labor,8,0,360.76
North Substation,NS_MO_2025,PRJ-NS-1189,12-01-2026,C-1074,Apex Industrial,Controls Tech,8,0,1061.18
North Substation,NS_MO_2025,PRJ-NS-1200,12-01-2026,C-1023,Summit Field Techs,Field Engineer,8,0,1622.89
North Substation,NS_MO_2025,PRJ-NS-1304,12-01-2026,C-1059,PrimeFix Solutions,Field Engineer,8,0,1194.3
North Substation,NS_MO_2025,PRJ-NS-1268,12-01-2026,C-1028,Midwest Mech Pros,Field Engineer,8,0,1435.48
North Substation,NS_MO_2025,PRJ-NS-1370,12-01-2026,C-1028,Midwest Mech Pros,Field Engineer,8,0,1446.87
North Substation,NS_MO_2025,PRJ-NS-1198,12-01-2026,C-1043,Apex Industrial,Crane Operator,8,0,804.33
North Substation,NS_MO_2025,PRJ-NS-1181,12-01-2026,C-1078,Atlas Heavy Eng,Millwright,8,0,696.24
North Substation,NS_MO_2025,PRJ-NS-1192,12-01-2026,C-1040,Atlas Heavy Eng,Crane Operator,8,0,848.57
North Substation,NS_MO_2025,PRJ-NS-1329,12-01-2026,C-1067,PrimeFix Solutions,Millwright,8,0,728.1
North Substation,NS_MO_2025,PRJ-NS-1263,12-01-2026,C-1037,PrimeFix Solutions,Controls Tech,8,0,1098.58
North Substation,NS_MO_2025,PRJ-NS-1246,12-01-2026,C-1079,Precision Welding,Crane Operator,8,0,742.5
North Substation,NS_MO_2025,PRJ-NS-1304,12-01-2026,C-1013,Atlas Heavy Eng,Safety Officer,8,0,561.8
North Substation,NS_MO_2025,PRJ-NS-1192,12-01-2026,C-1040,Atlas Heavy Eng,Crane Operator,8,0,838.07
North Substation,NS_MO_2025,PRJ-NS-1259,12-01-2026,C-1035,Summit Field Techs,General Labor,8,0,378.29
North Substation,NS_MO_2025,PRJ-NS-1356,12-01-2026,C-1067,PrimeFix Solutions,Millwright,8,0,745.87
North Substation,NS_MO_2025,PRJ-NS-1150,12-01-2026,C-1071,PrimeFix Solutions,Crane Operator,8,0,804.08
North Substation,NS_MO_2025,PRJ-NS-1322,12-01-2026,C-1019,Midwest Mech Pros,Controls Tech,8,0,1039.28
North Substation,NS_MO_2025,PRJ-NS-1192,12-01-2026,C-1040,Atlas Heavy Eng,Crane Operator,8,0,858.38
North Substation,NS_MO_2025,PRJ-NS-1302,12-01-2026,C-1011,Midwest Mech Pros,General Labor,8,0,423.05
North Substation,NS_MO_2025,PRJ-NS-1200,12-01-2026,C-1023,Summit Field Techs,Field Engineer,8,0,1594.61
North Substation,NS_MO_2025,PRJ-NS-1213,12-01-2026,C-1041,Precision Welding,Millwright,8,0,704.04
North Substation,NS_MO_2025,PRJ-NS-1226,12-01-2026,C-1018,Atlas Heavy Eng,Controls Tech,8,0,1153.26
North Substation,NS_MO_2025,PRJ-NS-1342,12-01-2026,C-1030,Summit Field Techs,Millwright,8,0,606.96
North Substation,NS_MO_2025,PRJ-NS-1346,12-01-2026,C-1010,PrimeFix Solutions,Field Engineer,8,0,1581.99
North Substation,NS_MO_2025,PRJ-NS-1176,12-01-2026,C-1029,Midwest Mech Pros,Controls Tech,8,0,962.78
North Substation,NS_MO_2025,PRJ-NS-1346,12-01-2026,C-1006,Apex Industrial,Field Engineer,8,0,1322.88
North Substation,NS_MO_2025,PRJ-NS-1159,12-01-2026,C-1006,Apex Industrial,Field Engineer,8,0,1341.36
North Substation,NS_MO_2025,PRJ-NS-1335,12-01-2026,C-1019,Midwest Mech Pros,Controls Tech,8,0,1014.32
North Substation,NS_MO_2025,PRJ-NS-1152,12-01-2026,C-1053,Precision Welding,Millwright,8,0,621.76
North Substation,NS_MO_2025,PRJ-NS-1204,12-01-2026,C-1024,Apex Industrial,Millwright,8,0,732.08
North Substation,NS_MO_2025,PRJ-NS-1390,12-01-2026,C-1062,PrimeFix Solutions,General Labor,8,0,393.6
North Substation,NS_MO_2025,PRJ-NS-1302,12-01-2026,C-1011,Midwest Mech Pros,General Labor,8,0,403.15
North Substation,NS_MO_2025,PRJ-NS-1334,12-01-2026,C-1005,Atlas Heavy Eng,Millwright,8,0,611.32
North Substation,NS_MO_2025,PRJ-NS-1259,12-01-2026,C-1023,Summit Field Techs,Field Engineer,8,0,1667.15
North Substation,NS_MO_2025,PRJ-NS-1384,12-01-2026,C-1035,Summit Field Techs,General Labor,8,0,355.42
North Substation,NS_MO_2025,PRJ-NS-1261,12-01-2026,C-1052,PrimeFix Solutions,General Labor,8,0,350.88
North Substation,NS_MO_2025,PRJ-NS-1250,12-01-2026,C-1072,Apex Industrial,Crane Operator,8,0,718.22
North Substation,NS_MO_2025,PRJ-NS-1307,12-01-2026,C-1066,Apex Industrial,General Labor,8,0,385.83
North Substation,NS_MO_2025,PRJ-NS-1162,12-01-2026,C-1069,Precision Welding,Safety Officer,8,0,519.71
North Substation,NS_MO_2025,PRJ-NS-1332,12-01-2026,C-1052,PrimeFix Solutions,General Labor,8,0,373.39
North Substation,NS_MO_2025,PRJ-NS-1200,12-01-2026,C-1005,Atlas Heavy Eng,Millwright,8,0,627.25
North Substation,NS_MO_2025,PRJ-NS-1300,12-01-2026,C-1023,Summit Field Techs,Field Engineer,8,0,1613.88
North Substation,NS_MO_2025,PRJ-NS-1388,12-01-2026,C-1045,Midwest Mech Pros,Crane Operator,8,0,850.8
North Substation,NS_MO_2025,PRJ-NS-1258,12-01-2026,C-1060,Summit Field Techs,General Labor,8,0,467.97
North Substation,NS_MO_2025,PRJ-NS-1342,12-01-2026,C-1031,Summit Field Techs,Crane Operator,8,0,725.75
North Substation,NS_MO_2025,PRJ-NS-1332,12-01-2026,C-1052,PrimeFix Solutions,General Labor,8,0,346.53
North Substation,NS_MO_2025,PRJ-NS-1246,12-01-2026,C-1079,Precision Welding,Crane Operator,8,0,757.25
North Substation,NS_MO_2025,PRJ-NS-1222,12-01-2026,C-1041,Precision Welding,Millwright,8,0,747.31
North Substation,NS_MO_2025,PRJ-NS-1162,12-01-2026,C-1040,Atlas Heavy Eng,Crane Operator,8,0,884.36
North Substation,NS_MO_2025,PRJ-NS-1380,12-01-2026,C-1006,Apex Industrial,Field Engineer,8,0,1412.47
North Substation,NS_MO_2025,PRJ-NS-1315,12-01-2026,C-1020,Midwest Mech Pros,Field Engineer,8,0,1183.43
North Substation,NS_MO_2025,PRJ-NS-1244,12-01-2026,C-1078,Atlas Heavy Eng,Millwright,8,0,667.83
North Substation,NS_MO_2025,PRJ-NS-1162,13-01-2026,C-1040,Atlas Heavy Eng,Crane Operator,8,0,874.63
North Substation,NS_MO_2025,PRJ-NS-1205,13-01-2026,C-1012,Midwest Mech Pros,Controls Tech,8,0,1037.38
North Substation,NS_MO_2025,PRJ-NS-1295,13-01-2026,C-1059,PrimeFix Solutions,Field Engineer,8,0,1246.72
North Substation,NS_MO_2025,PRJ-NS-1320,13-01-2026,C-1001,Apex Industrial,General Labor,8,0,415.08
North Substation,NS_MO_2025,PRJ-NS-1226,13-01-2026,C-1001,Apex Industrial,General Labor,8,0,406.97
North Substation,NS_MO_2025,PRJ-NS-1352,13-01-2026,C-1060,Summit Field Techs,General Labor,8,0,466.33
North Substation,NS_MO_2025,PRJ-NS-1196,13-01-2026,C-1023,Summit Field Techs,Field Engineer,8,0,1645.1
North Substation,NS_MO_2025,PRJ-NS-1370,13-01-2026,C-1028,Midwest Mech Pros,Field Engineer,8,0,1484.16
North Substation,NS_MO_2025,PRJ-NS-1152,13-01-2026,C-1053,Precision Welding,Millwright,8,0,622.95
North Substation,NS_MO_2025,PRJ-NS-1275,13-01-2026,C-1024,Apex Industrial,Millwright,8,0,752.61
North Substation,NS_MO_2025,PRJ-NS-1259,13-01-2026,C-1023,Summit Field Techs,Field Engineer,8,0,1574.81
North Substation,NS_MO_2025,PRJ-NS-1330,13-01-2026,C-1071,PrimeFix Solutions,Crane Operator,8,0,754.6
North Substation,NS_MO_2025,PRJ-NS-1211,13-01-2026,C-1067,PrimeFix Solutions,Millwright,8,0,694.77
North Substation,NS_MO_2025,PRJ-NS-1263,13-01-2026,C-1039,PrimeFix Solutions,Field Engineer,8,0,1477.4
North Substation,NS_MO_2025,PRJ-NS-1162,13-01-2026,C-1069,Precision Welding,Safety Officer,8,0,545.97
North Substation,NS_MO_2025,PRJ-NS-1311,13-01-2026,C-1039,PrimeFix Solutions,Field Engineer,8,0,1455.06
North Substation,NS_MO_2025,PRJ-NS-1203,13-01-2026,C-1006,Apex Industrial,Field Engineer,8,0,1426.56
North Substation,NS_MO_2025,PRJ-NS-1394,13-01-2026,C-1029,Midwest Mech Pros,Controls Tech,8,0,1034.75
North Substation,NS_MO_2025,PRJ-NS-1159,13-01-2026,C-1006,Apex Industrial,Field Engineer,8,0,1370.22
North Substation,NS_MO_2025,PRJ-NS-1194,13-01-2026,C-1046,Precision Welding,General Labor,8,0,419.46
North Substation,NS_MO_2025,PRJ-NS-1312,13-01-2026,C-1042,PrimeFix Solutions,General Labor,8,0,407.65
North Substation,NS_MO_2025,PRJ-NS-1261,13-01-2026,C-1052,PrimeFix Solutions,General Labor,8,0,350.91
North Substation,NS_MO_2025,PRJ-NS-1291,13-01-2026,C-1005,Atlas Heavy Eng,Millwright,8,0,585.78
North Substation,NS_MO_2025,PRJ-NS-1192,13-01-2026,C-1040,Atlas Heavy Eng,Crane Operator,8,0,884.45
North Substation,NS_MO_2025,PRJ-NS-1154,13-01-2026,C-1020,Midwest Mech Pros,Field Engineer,8,0,1230.44
North Substation,NS_MO_2025,PRJ-NS-1322,13-01-2026,C-1019,Midwest Mech Pros,Controls Tech,8,0,1112.78
North Substation,NS_MO_2025,PRJ-NS-1255,13-01-2026,C-1000,PrimeFix Solutions,Millwright,8,0,747.05
North Substation,NS_MO_2025,PRJ-NS-1304,13-01-2026,C-1059,PrimeFix Solutions,Field Engineer,8,0,1271.4
North Substation,NS_MO_2025,PRJ-NS-1213,13-01-2026,C-1067,PrimeFix Solutions,Millwright,8,0,723.99
North Substation,NS_MO_2025,PRJ-NS-1361,13-01-2026,C-1073,Precision Welding,General Labor,8,0,383.09
North Substation,NS_MO_2025,PRJ-NS-1186,13-01-2026,C-1058,Midwest Mech Pros,Controls Tech,8,0,1294.25
North Substation,NS_MO_2025,PRJ-NS-1302,13-01-2026,C-1011,Midwest Mech Pros,General Labor,8,0,437.42
North Substation,NS_MO_2025,PRJ-NS-1353,13-01-2026,C-1073,Precision Welding,General Labor,8,0,369.96
North Substation,NS_MO_2025,PRJ-NS-1354,13-01-2026,C-1066,Apex Industrial,General Labor,8,0,385.19
North Substation,NS_MO_2025,PRJ-NS-1346,13-01-2026,C-1010,PrimeFix Solutions,Field Engineer,8,0,1638.15
North Substation,NS_MO_2025,PRJ-NS-1151,13-01-2026,C-1065,PrimeFix Solutions,Safety Officer,8,0,626.22
North Substation,NS_MO_2025,PRJ-NS-1194,13-01-2026,C-1030,Summit Field Techs,Millwright,8,0,603.04
North Substation,NS_MO_2025,PRJ-NS-1325,13-01-2026,C-1019,Midwest Mech Pros,Controls Tech,8,0,1014.68
North Substation,NS_MO_2025,PRJ-NS-1276,13-01-2026,C-1003,Summit Field Techs,Millwright,8,0,696.8
North Substation,NS_MO_2025,PRJ-NS-1185,13-01-2026,C-1023,Summit Field Techs,Field Engineer,8,0,1529.66
North Substation,NS_MO_2025,PRJ-NS-1380,13-01-2026,C-1039,PrimeFix Solutions,Field Engineer,8,0,1497.49
North Substation,NS_MO_2025,PRJ-NS-1228,13-01-2026,C-1020,Midwest Mech Pros,Field Engineer,8,0,1183.6
North Substation,NS_MO_2025,PRJ-NS-1248,13-01-2026,C-1026,Precision Welding,Controls Tech,8,0,1074.31
North Substation,NS_MO_2025,PRJ-NS-1204,13-01-2026,C-1024,Apex Industrial,Millwright,8,0,762.64
North Substation,NS_MO_2025,PRJ-NS-1187,13-01-2026,C-1028,Midwest Mech Pros,Field Engineer,8,0,1508.38
North Substation,NS_MO_2025,PRJ-NS-1244,13-01-2026,C-1078,Atlas Heavy Eng,Millwright,8,0,678.12
North Substation,NS_MO_2025,PRJ-NS-1181,13-01-2026,C-1069,Precision Welding,Safety Officer,8,0,524.55
North Substation,NS_MO_2025,PRJ-NS-1270,13-01-2026,C-1006,Apex Industrial,Field Engineer,8,0,1406.89
North Substation,NS_MO_2025,PRJ-NS-1258,13-01-2026,C-1060,Summit Field Techs,General Labor,8,0,481.45
North Substation,NS_MO_2025,PRJ-NS-1374,13-01-2026,C-1019,Midwest Mech Pros,Controls Tech,8,0,1052.09
North Substation,NS_MO_2025,PRJ-NS-1208,13-01-2026,C-1045,Midwest Mech Pros,Crane Operator,8,0,847.68
North Substation,NS_MO_2025,PRJ-NS-1226,13-01-2026,C-1023,Summit Field Techs,Field Engineer,8,0,1658.31
North Substation,NS_MO_2025,PRJ-NS-1150,13-01-2026,C-1071,PrimeFix Solutions,Crane Operator,8,0,803.34
North Substation,NS_MO_2025,PRJ-NS-1206,13-01-2026,C-1026,Precision Welding,Controls Tech,8,0,996.47
North Substation,NS_MO_2025,PRJ-NS-1215,13-01-2026,C-1001,Apex Industrial,General Labor,8,0,409.23
North Substation,NS_MO_2025,PRJ-NS-1188,13-01-2026,C-1024,Apex Industrial,Millwright,8,0,778.81
North Substation,NS_MO_2025,PRJ-NS-1335,13-01-2026,C-1019,Midwest Mech Pros,Controls Tech,8,0,1031.81
North Substation,NS_MO_2025,PRJ-NS-1312,13-01-2026,C-1010,PrimeFix Solutions,Field Engineer,8,0,1625.45
North Substation,NS_MO_2025,PRJ-NS-1232,13-01-2026,C-1073,Precision Welding,General Labor,8,0,396.16
North Substation,NS_MO_2025,PRJ-NS-1324,13-01-2026,C-1078,Atlas Heavy Eng,Millwright,8,0,671.4
North Substation,NS_MO_2025,PRJ-NS-1326,13-01-2026,C-1076,Apex Industrial,Safety Officer,8,0,666.61
North Substation,NS_MO_2025,PRJ-NS-1304,13-01-2026,C-1013,Atlas Heavy Eng,Safety Officer,8,0,565.99
North Substation,NS_MO_2025,PRJ-NS-1347,13-01-2026,C-1027,Precision Welding,Crane Operator,8,0,913.21
North Substation,NS_MO_2025,PRJ-NS-1166,13-01-2026,C-1023,Summit Field Techs,Field Engineer,8,0,1673.22
North Substation,NS_MO_2025,PRJ-NS-1301,13-01-2026,C-1065,PrimeFix Solutions,Safety Officer,8,0,684.63
North Substation,NS_MO_2025,PRJ-NS-1290,13-01-2026,C-1037,PrimeFix Solutions,Controls Tech,8,0,1155.26
North Substation,NS_MO_2025,PRJ-NS-1295,13-01-2026,C-1005,Atlas Heavy Eng,Millwright,8,0,615.82
North Substation,NS_MO_2025,PRJ-NS-1301,13-01-2026,C-1013,Atlas Heavy Eng,Safety Officer,8,0,601.61
North Substation,NS_MO_2025,PRJ-NS-1160,13-01-2026,C-1021,Summit Field Techs,Millwright,8,0,674.19
North Substation,NS_MO_2025,PRJ-NS-1346,13-01-2026,C-1006,Apex Industrial,Field Engineer,8,0,1365.24
North Substation,NS_MO_2025,PRJ-NS-1263,13-01-2026,C-1054,Midwest Mech Pros,General Labor,8,0,407.66
North Substation,NS_MO_2025,PRJ-NS-1176,13-01-2026,C-1029,Midwest Mech Pros,Controls Tech,8,0,1027.77
North Substation,NS_MO_2025,PRJ-NS-1334,13-01-2026,C-1010,PrimeFix Solutions,Field Engineer,8,0,1627.0
North Substation,NS_MO_2025,PRJ-NS-1228,13-01-2026,C-1027,Precision Welding,Crane Operator,8,0,915.88
North Substation,NS_MO_2025,PRJ-NS-1356,13-01-2026,C-1067,PrimeFix Solutions,Millwright,8,0,721.92
North Substation,NS_MO_2025,PRJ-NS-1317,13-01-2026,C-1000,PrimeFix Solutions,Millwright,8,0,736.67
North Substation,NS_MO_2025,PRJ-NS-1393,13-01-2026,C-1000,PrimeFix Solutions,Millwright,8,0,691.17
North Substation,NS_MO_2025,PRJ-NS-1334,13-01-2026,C-1005,Atlas Heavy Eng,Millwright,8,0,610.8
North Substation,NS_MO_2025,PRJ-NS-1234,13-01-2026,C-1043,Apex Industrial,Crane Operator,8,0,841.11
North Substation,NS_MO_2025,PRJ-NS-1327,13-01-2026,C-1023,Summit Field Techs,Field Engineer,8,0,1556.37
North Substation,NS_MO_2025,PRJ-NS-1375,13-01-2026,C-1012,Midwest Mech Pros,Controls Tech,8,0,1045.84
North Substation,NS_MO_2025,PRJ-NS-1159,13-01-2026,C-1041,Precision Welding,Millwright,8,0,746.34
North Substation,NS_MO_2025,PRJ-NS-1384,13-01-2026,C-1035,Summit Field Techs,General Labor,8,0,378.36
North Substation,NS_MO_2025,PRJ-NS-1321,13-01-2026,C-1062,PrimeFix Solutions,General Labor,8,0,376.68
North Substation,NS_MO_2025,PRJ-NS-1172,13-01-2026,C-1005,Atlas Heavy Eng,Millwright,8,0,579.82
North Substation,NS_MO_2025,PRJ-NS-1379,13-01-2026,C-1019,Midwest Mech Pros,Controls Tech,8,0,1069.82
North Substation,NS_MO_2025,PRJ-NS-1369,13-01-2026,C-1008,Apex Industrial,Safety Officer,8,0,645.11
North Substation,NS_MO_2025,PRJ-NS-1393,13-01-2026,C-1003,Summit Field Techs,Millwright,8,0,660.93
North Substation,NS_MO_2025,PRJ-NS-1373,13-01-2026,C-1037,PrimeFix Solutions,Controls Tech,8,0,1102.55
North Substation,NS_MO_2025,PRJ-NS-1259,13-01-2026,C-1035,Summit Field Techs,General Labor,8,0,351.39
North Substation,NS_MO_2025,PRJ-NS-1332,13-01-2026,C-1052,PrimeFix Solutions,General Labor,8,0,368.51
North Substation,NS_MO_2025,PRJ-NS-1263,13-01-2026,C-1037,PrimeFix Solutions,Controls Tech,8,0,1111.38
North Substation,NS_MO_2025,PRJ-NS-1261,13-01-2026,C-1018,Atlas Heavy Eng,Controls Tech,8,0,1095.85
North Substation,NS_MO_2025,PRJ-NS-1182,13-01-2026,C-1029,Midwest Mech Pros,Controls Tech,8,0,1033.93
North Substation,NS_MO_2025,PRJ-NS-1153,13-01-2026,C-1035,Summit Field Techs,General Labor,8,0,381.88
North Substation,NS_MO_2025,PRJ-NS-1222,13-01-2026,C-1041,Precision Welding,Millwright,8,0,683.23
North Substation,NS_MO_2025,PRJ-NS-1207,13-01-2026,C-1006,Apex Industrial,Field Engineer,8,0,1402.45
North Substation,NS_MO_2025,PRJ-NS-1356,13-01-2026,C-1054,Midwest Mech Pros,General Labor,8,0,383.8
North Substation,NS_MO_2025,PRJ-NS-1291,13-01-2026,C-1054,Midwest Mech Pros,General Labor,8,0,398.96
North Substation,NS_MO_2025,PRJ-NS-1213,13-01-2026,C-1041,Precision Welding,Millwright,8,0,727.86
North Substation,NS_MO_2025,PRJ-NS-1189,13-01-2026,C-1024,Apex Industrial,Millwright,8,0,732.69
North Substation,NS_MO_2025,PRJ-NS-1268,13-01-2026,C-1028,Midwest Mech Pros,Field Engineer,8,0,1472.65
North Substation,NS_MO_2025,PRJ-NS-1265,13-01-2026,C-1079,Precision Welding,Crane Operator,8,0,744.21
North Substation,NS_MO_2025,PRJ-NS-1342,13-01-2026,C-1031,Summit Field Techs,Crane Operator,8,0,736.0
North Substation,NS_MO_2025,PRJ-NS-1190,13-01-2026,C-1006,Apex Industrial,Field Engineer,8,0,1302.14
North Substation,NS_MO_2025,PRJ-NS-1307,13-01-2026,C-1066,Apex Industrial,General Labor,8,0,385.26
North Substation,NS_MO_2025,PRJ-NS-1300,13-01-2026,C-1023,Summit Field Techs,Field Engineer,8,0,1572.69
North Substation,NS_MO_2025,PRJ-NS-1390,13-01-2026,C-1062,PrimeFix Solutions,General Labor,8,0,371.45
North Substation,NS_MO_2025,PRJ-NS-1226,13-01-2026,C-1018,Atlas Heavy Eng,Controls Tech,8,0,1086.5
North Substation,NS_MO_2025,PRJ-NS-1246,13-01-2026,C-1079,Precision Welding,Crane Operator,8,0,757.77
North Substation,NS_MO_2025,PRJ-NS-1388,13-01-2026,C-1045,Midwest Mech Pros,Crane Operator,8,0,853.62
North Substation,NS_MO_2025,PRJ-NS-1323,13-01-2026,C-1079,Precision Welding,Crane Operator,8,0,768.23
North Substation,NS_MO_2025,PRJ-NS-1372,13-01-2026,C-1066,Apex Industrial,General Labor,8,0,383.85
North Substation,NS_MO_2025,PRJ-NS-1190,13-01-2026,C-1021,Summit Field Techs,Millwright,8,0,665.73
North Substation,NS_MO_2025,PRJ-NS-1302,13-01-2026,C-1035,Summit Field Techs,General Labor,8,0,366.25
North Substation,NS_MO_2025,PRJ-NS-1349,13-01-2026,C-1011,Midwest Mech Pros,General Labor,8,0,424.58
North Substation,NS_MO_2025,PRJ-NS-1200,13-01-2026,C-1023,Summit Field Techs,Field Engineer,8,0,1624.61
North Substation,NS_MO_2025,PRJ-NS-1348,13-01-2026,C-1026,Precision Welding,Controls Tech,8,0,1039.58
North Substation,NS_MO_2025,PRJ-NS-1315,13-01-2026,C-1020,Midwest Mech Pros,Field Engineer,8,0,1254.86
North Substation,NS_MO_2025,PRJ-NS-1250,13-01-2026,C-1072,Apex Industrial,Crane Operator,8,0,781.95
North Substation,NS_MO_2025,PRJ-NS-1181,13-01-2026,C-1039,PrimeFix Solutions,Field Engineer,8,0,1484.58
North Substation,NS_MO_2025,PRJ-NS-1390,13-01-2026,C-1013,Atlas Heavy Eng,Safety Officer,8,0,569.09
North Substation,NS_MO_2025,PRJ-NS-1380,13-01-2026,C-1006,Apex Industrial,Field Engineer,8,0,1432.37
North Substation,NS_MO_2025,PRJ-NS-1191,13-01-2026,C-1047,Atlas Heavy Eng,Millwright,8,0,622.04
North Substation,NS_MO_2025,PRJ-NS-1257,13-01-2026,C-1077,Precision Welding,Safety Officer,8,0,578.19
West Valley Peaker,WV_HGP_2026,PRJ-WV-2338,13-01-2026,C-1006,Apex Industrial,Field Engineer,8,0,1368.91
Rural Gen BaseLoad,RG_HGP_2026,PRJ-RG-2971,13-01-2026,C-1024,Apex Industrial,Millwright,8,0,781.49
Rural Gen BaseLoad,RG_HGP_2026,PRJ-RG-2969,13-01-2026,C-1059,PrimeFix Solutions,Field Engineer,8,0,1341.27
Rural Gen BaseLoad,RG_HGP_2026,PRJ-RG-2969,13-01-2026,C-1051,Apex Industrial,Crane Operator,8,0,896.07
Rural Gen BaseLoad,RG_HGP_2026,PRJ-RG-2964,13-01-2026,C-1010,PrimeFix Solutions,Field Engineer,8,0,1735.9
Rural Gen BaseLoad,RG_HGP_2026,PRJ-RG-2964,13-01-2026,C-1028,Midwest Mech Pros,Field Engineer,8,0,1587.0
Rural Gen BaseLoad,RG_HGP_2026,PRJ-RG-2966,13-01-2026,C-1029,Midwest Mech Pros,Controls Tech,8,0,1069.28
Rural Gen BaseLoad,RG_HGP_2026,PRJ-RG-2971,13-01-2026,C-1010,PrimeFix Solutions,Field Engineer,8,0,1472.17
Rural Gen BaseLoad,RG_HGP_2026,PRJ-RG-2968,13-01-2026,C-1020,Midwest Mech Pros,Field Engineer,8,0,1286.69
Rural Gen BaseLoad,RG_HGP_2026,PRJ-RG-2965,13-01-2026,C-1010,PrimeFix Solutions,Field Engineer,8,0,1539.11
Rural Gen BaseLoad,RG_HGP_2026,PRJ-RG-2968,13-01-2026,C-1008,Apex Industrial,Safety Officer,8,0,672.73
Rural Gen BaseLoad,RG_HGP_2026,PRJ-RG-2968,13-01-2026,C-1020,Midwest Mech Pros,Field Engineer,8,0,1316.14
Rural Gen BaseLoad,RG_HGP_2026,PRJ-RG-2968,13-01-2026,C-1023,Summit Field Techs,Field Engineer,8,0,1692.57
Rural Gen BaseLoad,RG_HGP_2026,PRJ-RG-2970,13-01-2026,C-1058,Midwest Mech Pros,Controls Tech,8,0,1350.89
Rural Gen BaseLoad,RG_HGP_2026,PRJ-RG-2965,13-01-2026,C-1008,Apex Industrial,Safety Officer,8,0,619.35
Rural Gen BaseLoad,RG_HGP_2026,PRJ-RG-2967,13-01-2026,C-1034,Atlas Heavy Eng,Safety Officer,8,0,585.91
Rural Gen BaseLoad,RG_HGP_2026,PRJ-RG-2965,13-01-2026,C-1006,Apex Industrial,Field Engineer,8,0,1457.99
Rural Gen BaseLoad,RG_HGP_2026,PRJ-RG-2965,13-01-2026,C-1006,Apex Industrial,Field Engineer,8,0,1485.5
Rural Gen BaseLoad,RG_HGP_2026,PRJ-RG-2969,13-01-2026,C-1017,Summit Field Techs,Crane Operator,8,0,911.87
Rural Gen BaseLoad,RG_HGP_2026,PRJ-RG-2968,13-01-2026,C-1020,Midwest Mech Pros,Field Engineer,8,0,1265.89
Metro Gen CC,MG_HGP_2026,PRJ-MG-1663,13-01-2026,C-1010,PrimeFix Solutions,Field Engineer,8,0,1555.36
Rural Gen BaseLoad,RG_HGP_2026,PRJ-RG-2969,13-01-2026,C-1028,Midwest Mech Pros,Field Engineer,8,0,1528.82
Rural Gen BaseLoad,RG_HGP_2026,PRJ-RG-2965,13-01-2026,C-1023,Summit Field Techs,Field Engineer,8,0,1580.46
Rural Gen BaseLoad,RG_HGP_2026,PRJ-RG-2971,13-01-2026,C-1020,Midwest Mech Pros,Field Engineer,8,0,1326.86
Rural Gen BaseLoad,RG_HGP_2026,PRJ-RG-2970,13-01-2026,C-1003,Summit Field Techs,Millwright,8,0,672.07
Rural Gen BaseLoad,RG_HGP_2026,PRJ-RG-2966,13-01-2026,C-1051,Apex Industrial,Crane Operator,8,0,852.27
Rural Gen BaseLoad,RG_HGP_2026,PRJ-RG-2971,13-01-2026,C-1023,Summit Field Techs,Field Engineer,8,0,1637.96
Rural Gen BaseLoad,RG_HGP_2026,PRJ-RG-2965,13-01-2026,C-1028,Midwest Mech Pros,Field Engineer,8,0,1552.72
Rural Gen BaseLoad,RG_HGP_2026,PRJ-RG-2970,13-01-2026,C-1020,Midwest Mech Pros,Field Engineer,8,0,1244.0
Rural Gen BaseLoad,RG_HGP_2026,PRJ-RG-2967,13-01-2026,C-1039,PrimeFix Solutions,Field Engineer,8,0,1545.12
Rural Gen BaseLoad,RG_HGP_2026,PRJ-RG-2969,13-01-2026,C-1059,PrimeFix Solutions,Field Engineer,8,0,1192.31
Rural Gen BaseLoad,RG_HGP_2026,PRJ-RG-2965,13-01-2026,C-1039,PrimeFix Solutions,Field Engineer,8,0,1375.45
Rural Gen BaseLoad,RG_HGP_2026,PRJ-RG-2971,13-01-2026,C-1028,Midwest Mech Pros,Field Engineer,8,0,1367.15
Rural Gen BaseLoad,RG_HGP_2026,PRJ-RG-2966,13-01-2026,C-1059,PrimeFix Solutions,Field Engineer,8,0,1266.14
Rural Gen BaseLoad,RG_HGP_2026,PRJ-RG-2964,13-01-2026,C-1039,PrimeFix Solutions,Field Engineer,8,0,1643.79
Rural Gen BaseLoad,RG_HGP_2026,PRJ-RG-2968,13-01-2026,C-1039,PrimeFix Solutions,Field Engineer,8,0,1504.86
Rural Gen BaseLoad,RG_HGP_2026,PRJ-RG-2969,13-01-2026,C-1023,Summit Field Techs,Field Engineer,8,0,1644.81
West Valley Peaker,WV_HGP_2026,PRJ-WV-2326,13-01-2026,C-1059,PrimeFix Solutions,Field Engineer,8,0,1265.06
Rural Gen BaseLoad,RG_HGP_2026,PRJ-RG-2966,13-01-2026,C-1059,PrimeFix Solutions,Field Engineer,8,0,1108.27
West Valley Peaker,WV_HGP_2026,PRJ-WV-2332,13-01-2026,C-1023,Summit Field Techs,Field Engineer,8,0,1671.94
West Valley Peaker,WV_HGP_2026,PRJ-WV-2339,13-01-2026,C-1006,Apex Industrial,Field Engineer,8,0,1466.85
West Valley Peaker,WV_HGP_2026,PRJ-WV-2332,13-01-2026,C-1039,PrimeFix Solutions,Field Engineer,8,0,1590.87
West Valley Peaker,WV_HGP_2026,PRJ-WV-2338,13-01-2026,C-1028,Midwest Mech Pros,Field Engineer,8,0,1393.93
West Valley Peaker,WV_HGP_2026,PRJ-WV-2330,13-01-2026,C-1059,PrimeFix Solutions,Field Engineer,8,0,1198.79
West Valley Peaker,WV_HGP_2026,PRJ-WV-2338,13-01-2026,C-1010,PrimeFix Solutions,Field Engineer,8,0,1538.65
West Valley Peaker,WV_HGP_2026,PRJ-WV-2339,13-01-2026,C-1028,Midwest Mech Pros,Field Engineer,8,0,1515.49
West Valley Peaker,WV_HGP_2026,PRJ-WV-2338,13-01-2026,C-1059,PrimeFix Solutions,Field Engineer,8,0,1101.42
West Valley Peaker,WV_HGP_2026,PRJ-WV-2345,13-01-2026,C-1059,PrimeFix Solutions,Field Engineer,8,0,1308.44
West Valley Peaker,WV_HGP_2026,PRJ-WV-2330,13-01-2026,C-1028,Midwest Mech Pros,Field Engineer,8,0,1388.85
West Valley Peaker,WV_HGP_2026,PRJ-WV-2345,13-01-2026,C-1059,PrimeFix Solutions,Field Engineer,8,0,1313.6
West Valley Peaker,WV_HGP_2026,PRJ-WV-2332,13-01-2026,C-1010,PrimeFix Solutions,Field Engineer,8,0,1445.77
West Valley Peaker,WV_HGP_2026,PRJ-WV-2338,13-01-2026,C-1023,Summit Field Techs,Field Engineer,8,0,1554.67
West Valley Peaker,WV_HGP_2026,PRJ-WV-2332,13-01-2026,C-1010,PrimeFix Solutions,Field Engineer,8,0,1454.54
Rural Gen BaseLoad,RG_HGP_2026,PRJ-RG-2968,13-01-2026,C-1028,Midwest Mech Pros,Field Engineer,8,0,1387.07
West Valley Peaker,WV_HGP_2026,PRJ-WV-2326,13-01-2026,C-1023,Summit Field Techs,Field Engineer,8,0,1543.71
West Valley Peaker,WV_HGP_2026,PRJ-WV-2339,13-01-2026,C-1023,Summit Field Techs,Field Engineer,8,0,1655.08
West Valley Peaker,WV_HGP_2026,PRJ-WV-2332,13-01-2026,C-1020,Midwest Mech Pros,Field Engineer,8,0,1221.93
West Valley Peaker,WV_HGP_2026,PRJ-WV-2326,13-01-2026,C-1010,PrimeFix Solutions,Field Engineer,8,0,1698.02
West Valley Peaker,WV_HGP_2026,PRJ-WV-2339,13-01-2026,C-1039,PrimeFix Solutions,Field Engineer,8,0,1533.43
Metro Gen CC,MG_HGP_2026,PRJ-MG-1663,13-01-2026,C-1039,PrimeFix Solutions,Field Engineer,8,0,1624.57
West Valley Peaker,WV_HGP_2026,PRJ-WV-2338,13-01-2026,C-1010,PrimeFix Solutions,Field Engineer,8,0,1454.81
West Valley Peaker,WV_HGP_2026,PRJ-WV-2338,13-01-2026,C-1006,Apex Industrial,Field Engineer,8,0,1347.24
Metro Gen CC,MG_HGP_2026,PRJ-MG-1666,13-01-2026,C-1059,PrimeFix Solutions,Field Engineer,8,0,1224.06
West Valley Peaker,WV_HGP_2026,PRJ-WV-2332,13-01-2026,C-1006,Apex Industrial,Field Engineer,8,0,1387.0
West Valley Peaker,WV_HGP_2026,PRJ-WV-2345,13-01-2026,C-1059,PrimeFix Solutions,Field Engineer,8,0,1301.75
Metro Gen CC,MG_HGP_2026,PRJ-MG-1665,13-01-2026,C-1039,PrimeFix Solutions,Field Engineer,8,0,1576.02
Metro Gen CC,MG_HGP_2026,PRJ-MG-1667,13-01-2026,C-1069,Precision Welding,Safety Officer,8,0,478.93
Metro Gen CC,MG_HGP_2026,PRJ-MG-1663,13-01-2026,C-1065,PrimeFix Solutions,Safety Officer,8,0,709.22
Metro Gen CC,MG_HGP_2026,PRJ-MG-1664,13-01-2026,C-1020,Midwest Mech Pros,Field Engineer,8,0,1164.81
Metro Gen CC,MG_HGP_2026,PRJ-MG-1665,13-01-2026,C-1020,Midwest Mech Pros,Field Engineer,8,0,1106.11
Metro Gen CC,MG_HGP_2026,PRJ-MG-1666,13-01-2026,C-1006,Apex Industrial,Field Engineer,8,0,1261.91
Metro Gen CC,MG_HGP_2026,PRJ-MG-1667,13-01-2026,C-1020,Midwest Mech Pros,Field Engineer,8,0,1167.38
Metro Gen CC,MG_HGP_2026,PRJ-MG-1667,13-01-2026,C-1020,Midwest Mech Pros,Field Engineer,8,0,1317.36
Metro Gen CC,MG_HGP_2026,PRJ-MG-1670,13-01-2026,C-1073,Precision Welding,General Labor,8,0,344.58
North Substation,NS_MO_2025,PRJ-NS-1194,14-01-2026,C-1006,Apex Industrial,Field Engineer,8,0,1423.37
North Substation,NS_MO_2025,PRJ-NS-1257,14-01-2026,C-1077,Precision Welding,Safety Officer,8,0,589.84
North Substation,NS_MO_2025,PRJ-NS-1390,14-01-2026,C-1062,PrimeFix Solutions,General Labor,8,0,395.27
North Substation,NS_MO_2025,PRJ-NS-1276,14-01-2026,C-1003,Summit Field Techs,Millwright,8,0,697.86
North Substation,NS_MO_2025,PRJ-NS-1375,14-01-2026,C-1012,Midwest Mech Pros,Controls Tech,8,0,1079.43
North Substation,NS_MO_2025,PRJ-NS-1315,14-01-2026,C-1020,Midwest Mech Pros,Field Engineer,8,0,1207.41
North Substation,NS_MO_2025,PRJ-NS-1317,14-01-2026,C-1000,PrimeFix Solutions,Millwright,8,0,724.28
North Substation,NS_MO_2025,PRJ-NS-1361,14-01-2026,C-1073,Precision Welding,General Labor,8,0,389.47
North Substation,NS_MO_2025,PRJ-NS-1302,14-01-2026,C-1035,Summit Field Techs,General Labor,8,0,365.45
North Substation,NS_MO_2025,PRJ-NS-1190,14-01-2026,C-1006,Apex Industrial,Field Engineer,8,0,1346.95
North Substation,NS_MO_2025,PRJ-NS-1330,14-01-2026,C-1071,PrimeFix Solutions,Crane Operator,8,0,772.43
North Substation,NS_MO_2025,PRJ-NS-1226,14-01-2026,C-1001,Apex Industrial,General Labor,8,0,421.51
North Substation,NS_MO_2025,PRJ-NS-1258,14-01-2026,C-1060,Summit Field Techs,General Labor,8,0,482.95
North Substation,NS_MO_2025,PRJ-NS-1373,14-01-2026,C-1037,PrimeFix Solutions,Controls Tech,8,0,1139.96
North Substation,NS_MO_2025,PRJ-NS-1176,14-01-2026,C-1029,Midwest Mech Pros,Controls Tech,8,0,1032.75
North Substation,NS_MO_2025,PRJ-NS-1181,14-01-2026,C-1069,Precision Welding,Safety Officer,8,0,519.94
North Substation,NS_MO_2025,PRJ-NS-1263,14-01-2026,C-1037,PrimeFix Solutions,Controls Tech,8,0,1111.2
North Substation,NS_MO_2025,PRJ-NS-1301,14-01-2026,C-1013,Atlas Heavy Eng,Safety Officer,8,0,572.8
North Substation,NS_MO_2025,PRJ-NS-1183,14-01-2026,C-1078,Atlas Heavy Eng,Millwright,8,0,710.47
North Substation,NS_MO_2025,PRJ-NS-1349,14-01-2026,C-1011,Midwest Mech Pros,General Labor,8,0,419.54
North Substation,NS_MO_2025,PRJ-NS-1197,14-01-2026,C-1051,Apex Industrial,Crane Operator,8,0,856.72
North Substation,NS_MO_2025,PRJ-NS-1200,14-01-2026,C-1005,Atlas Heavy Eng,Millwright,8,0,592.46
North Substation,NS_MO_2025,PRJ-NS-1366,14-01-2026,C-1066,Apex Industrial,General Labor,8,0,383.36
North Substation,NS_MO_2025,PRJ-NS-1388,14-01-2026,C-1045,Midwest Mech Pros,Crane Operator,8,0,800.84
North Substation,NS_MO_2025,PRJ-NS-1350,14-01-2026,C-1079,Precision Welding,Crane Operator,8,0,763.27
North Substation,NS_MO_2025,PRJ-NS-1369,14-01-2026,C-1008,Apex Industrial,Safety Officer,8,0,677.86
North Substation,NS_MO_2025,PRJ-NS-1329,14-01-2026,C-1067,PrimeFix Solutions,Millwright,8,0,711.72
North Substation,NS_MO_2025,PRJ-NS-1261,14-01-2026,C-1052,PrimeFix Solutions,General Labor,8,0,378.41
North Substation,NS_MO_2025,PRJ-NS-1259,14-01-2026,C-1035,Summit Field Techs,General Labor,8,0,384.56
North Substation,NS_MO_2025,PRJ-NS-1324,14-01-2026,C-1078,Atlas Heavy Eng,Millwright,8,0,671.91
North Substation,NS_MO_2025,PRJ-NS-1326,14-01-2026,C-1053,Precision Welding,Millwright,8,0,643.85
North Substation,NS_MO_2025,PRJ-NS-1186,14-01-2026,C-1058,Midwest Mech Pros,Controls Tech,8,0,1263.28
North Substation,NS_MO_2025,PRJ-NS-1334,14-01-2026,C-1010,PrimeFix Solutions,Field Engineer,8,0,1569.32
North Substation,NS_MO_2025,PRJ-NS-1370,14-01-2026,C-1028,Midwest Mech Pros,Field Engineer,8,0,1515.69
North Substation,NS_MO_2025,PRJ-NS-1236,14-01-2026,C-1005,Atlas Heavy Eng,Millwright,8,0,606.33
North Substation,NS_MO_2025,PRJ-NS-1295,14-01-2026,C-1005,Atlas Heavy Eng,Millwright,8,0,609.24
North Substation,NS_MO_2025,PRJ-NS-1153,14-01-2026,C-1035,Summit Field Techs,General Labor,8,0,382.4
North Substation,NS_MO_2025,PRJ-NS-1348,14-01-2026,C-1026,Precision Welding,Controls Tech,8,0,1074.29
North Substation,NS_MO_2025,PRJ-NS-1189,14-01-2026,C-1024,Apex Industrial,Millwright,8,0,717.48
North Substation,NS_MO_2025,PRJ-NS-1323,14-01-2026,C-1079,Precision Welding,Crane Operator,8,0,777.73
North Substation,NS_MO_2025,PRJ-NS-1207,14-01-2026,C-1006,Apex Industrial,Field Engineer,8,0,1359.41
North Substation,NS_MO_2025,PRJ-NS-1215,14-01-2026,C-1001,Apex Industrial,General Labor,8,0,384.37
North Substation,NS_MO_2025,PRJ-NS-1307,14-01-2026,C-1066,Apex Industrial,General Labor,8,0,383.09
North Substation,NS_MO_2025,PRJ-NS-1159,14-01-2026,C-1006,Apex Industrial,Field Engineer,8,0,1362.65
North Substation,NS_MO_2025,PRJ-NS-1313,14-01-2026,C-1005,Atlas Heavy Eng,Millwright,8,0,603.18
East Peaker,EP_MO_2027,PRJ-EP-1907,14-01-2026,C-1045,Midwest Mech Pros,Crane Operator,8,0,846.04
East Peaker,EP_MO_2027,PRJ-EP-1910,14-01-2026,C-1059,PrimeFix Solutions,Field Engineer,8,0,1186.53
East Peaker,EP_MO_2027,PRJ-EP-1913,14-01-2026,C-1006,Apex Industrial,Field Engineer,8,0,1362.9
East Peaker,EP_MO_2027,PRJ-EP-1900,14-01-2026,C-1077,Precision Welding,Safety Officer,8,0,583.91
East Peaker,EP_MO_2027,PRJ-EP-1892,14-01-2026,C-1041,Precision Welding,Millwright,8,0,698.8
Coast BaseLoad,CB_MO_2027,PRJ-CB-2526,14-01-2026,C-1066,Apex Industrial,General Labor,8,0,368.66
North Substation,NS_MO_2025,PRJ-NS-1268,14-01-2026,C-1028,Midwest Mech Pros,Field Engineer,8,0,1531.79
Coast BaseLoad,CB_MO_2027,PRJ-CB-2531,14-01-2026,C-1023,Summit Field Techs,Field Engineer,8,0,1521.48
Coast BaseLoad,CB_MO_2027,PRJ-CB-2514,14-01-2026,C-1010,PrimeFix Solutions,Field Engineer,8,0,1592.56
Coast BaseLoad,CB_MO_2027,PRJ-CB-2517,14-01-2026,C-1065,PrimeFix Solutions,Safety Officer,8,0,597.81
Coast BaseLoad,CB_MO_2027,PRJ-CB-2517,14-01-2026,C-1023,Summit Field Techs,Field Engineer,8,0,1479.62
Coast BaseLoad,CB_MO_2027,PRJ-CB-2531,14-01-2026,C-1030,Summit Field Techs,Millwright,8,0,669.78
North Substation,NS_MO_2025,PRJ-NS-1194,14-01-2026,C-1030,Summit Field Techs,Millwright,8,0,616.0
East Peaker,EP_MO_2027,PRJ-EP-1906,14-01-2026,C-1028,Midwest Mech Pros,Field Engineer,8,0,1416.54
North Substation,NS_MO_2025,PRJ-NS-1270,14-01-2026,C-1006,Apex Industrial,Field Engineer,8,0,1357.06
North Substation,NS_MO_2025,PRJ-NS-1324,14-01-2026,C-1072,Apex Industrial,Crane Operator,8,0,730.12
North Substation,NS_MO_2025,PRJ-NS-1342,14-01-2026,C-1031,Summit Field Techs,Crane Operator,8,0,742.22
North Substation,NS_MO_2025,PRJ-NS-1258,14-01-2026,C-1015,Atlas Heavy Eng,Controls Tech,8,0,1240.49
North Substation,NS_MO_2025,PRJ-NS-1226,14-01-2026,C-1023,Summit Field Techs,Field Engineer,8,0,1569.55
North Substation,NS_MO_2025,PRJ-NS-1192,14-01-2026,C-1040,Atlas Heavy Eng,Crane Operator,8,0,874.79
North Substation,NS_MO_2025,PRJ-NS-1205,14-01-2026,C-1012,Midwest Mech Pros,Controls Tech,8,0,1063.66
North Substation,NS_MO_2025,PRJ-NS-1191,14-01-2026,C-1047,Atlas Heavy Eng,Millwright,8,0,600.26
North Substation,NS_MO_2025,PRJ-NS-1346,14-01-2026,C-1006,Apex Industrial,Field Engineer,8,0,1414.58
North Substation,NS_MO_2025,PRJ-NS-1354,14-01-2026,C-1066,Apex Industrial,General Labor,8,0,373.0
North Substation,NS_MO_2025,PRJ-NS-1295,14-01-2026,C-1059,PrimeFix Solutions,Field Engineer,8,0,1261.2
North Substation,NS_MO_2025,PRJ-NS-1187,14-01-2026,C-1028,Midwest Mech Pros,Field Engineer,8,0,1420.65
North Substation,NS_MO_2025,PRJ-NS-1255,14-01-2026,C-1000,PrimeFix Solutions,Millwright,8,0,682.0
North Substation,NS_MO_2025,PRJ-NS-1325,14-01-2026,C-1019,Midwest Mech Pros,Controls Tech,8,0,1082.82
North Substation,NS_MO_2025,PRJ-NS-1213,14-01-2026,C-1067,PrimeFix Solutions,Millwright,8,0,731.51
North Substation,NS_MO_2025,PRJ-NS-1190,15-01-2026,C-1006,Apex Industrial,Field Engineer,8,0,1360.87
North Substation,NS_MO_2025,PRJ-NS-1185,15-01-2026,C-1023,Summit Field Techs,Field Engineer,8,0,1625.77
North Substation,NS_MO_2025,PRJ-NS-1304,15-01-2026,C-1013,Atlas Heavy Eng,Safety Officer,8,0,577.25
North Substation,NS_MO_2025,PRJ-NS-1295,15-01-2026,C-1005,Atlas Heavy Eng,Millwright,8,0,631.17
North Substation,NS_MO_2025,PRJ-NS-1366,15-01-2026,C-1010,PrimeFix Solutions,Field Engineer,8,0,1572.8
North Substation,NS_MO_2025,PRJ-NS-1312,15-01-2026,C-1010,PrimeFix Solutions,Field Engineer,8,0,1602.52
North Substation,NS_MO_2025,PRJ-NS-1172,15-01-2026,C-1005,Atlas Heavy Eng,Millwright,8,0,625.71
North Substation,NS_MO_2025,PRJ-NS-1162,15-01-2026,C-1069,Precision Welding,Safety Officer,8,0,539.31
North Substation,NS_MO_2025,PRJ-NS-1342,15-01-2026,C-1030,Summit Field Techs,Millwright,8,0,659.26
North Substation,NS_MO_2025,PRJ-NS-1228,15-01-2026,C-1027,Precision Welding,Crane Operator,8,0,918.56
North Substation,NS_MO_2025,PRJ-NS-1329,15-01-2026,C-1067,PrimeFix Solutions,Millwright,8,0,752.48
North Substation,NS_MO_2025,PRJ-NS-1194,15-01-2026,C-1030,Summit Field Techs,Millwright,8,0,656.41
North Substation,NS_MO_2025,PRJ-NS-1196,15-01-2026,C-1023,Summit Field Techs,Field Engineer,8,0,1529.11
North Substation,NS_MO_2025,PRJ-NS-1207,15-01-2026,C-1006,Apex Industrial,Field Engineer,8,0,1329.17
North Substation,NS_MO_2025,PRJ-NS-1315,15-01-2026,C-1020,Midwest Mech Pros,Field Engineer,8,0,1215.02
North Substation,NS_MO_2025,PRJ-NS-1244,15-01-2026,C-1078,Atlas Heavy Eng,Millwright,8,0,726.4
North Substation,NS_MO_2025,PRJ-NS-1226,15-01-2026,C-1018,Atlas Heavy Eng,Controls Tech,8,0,1146.1
North Substation,NS_MO_2025,PRJ-NS-1181,15-01-2026,C-1069,Precision Welding,Safety Officer,8,0,538.05
North Substation,NS_MO_2025,PRJ-NS-1300,15-01-2026,C-1023,Summit Field Techs,Field Engineer,8,0,1538.75
North Substation,NS_MO_2025,PRJ-NS-1291,15-01-2026,C-1005,Atlas Heavy Eng,Millwright,8,0,585.09
North Substation,NS_MO_2025,PRJ-NS-1268,15-01-2026,C-1028,Midwest Mech Pros,Field Engineer,8,0,1450.81
North Substation,NS_MO_2025,PRJ-NS-1327,15-01-2026,C-1023,Summit Field Techs,Field Engineer,8,0,1563.7
North Substation,NS_MO_2025,PRJ-NS-1188,15-01-2026,C-1024,Apex Industrial,Millwright,8,0,753.43
North Substation,NS_MO_2025,PRJ-NS-1356,15-01-2026,C-1054,Midwest Mech Pros,General Labor,8,0,414.61
North Substation,NS_MO_2025,PRJ-NS-1348,15-01-2026,C-1026,Precision Welding,Controls Tech,8,0,1090.59
North Substation,NS_MO_2025,PRJ-NS-1334,15-01-2026,C-1010,PrimeFix Solutions,Field Engineer,8,0,1615.97
North Substation,NS_MO_2025,PRJ-NS-1162,15-01-2026,C-1040,Atlas Heavy Eng,Crane Operator,8,0,879.65
North Substation,NS_MO_2025,PRJ-NS-1322,15-01-2026,C-1019,Midwest Mech Pros,Controls Tech,8,0,1070.37
North Substation,NS_MO_2025,PRJ-NS-1353,15-01-2026,C-1073,Precision Welding,General Labor,8,0,366.59
North Substation,NS_MO_2025,PRJ-NS-1295,15-01-2026,C-1059,PrimeFix Solutions,Field Engineer,8,0,1223.01
North Substation,NS_MO_2025,PRJ-NS-1313,15-01-2026,C-1005,Atlas Heavy Eng,Millwright,8,0,608.21
North Substation,NS_MO_2025,PRJ-NS-1197,15-01-2026,C-1051,Apex Industrial,Crane Operator,8,0,875.28
North Substation,NS_MO_2025,PRJ-NS-1311,15-01-2026,C-1039,PrimeFix Solutions,Field Engineer,8,0,1475.01
North Substation,NS_MO_2025,PRJ-NS-1302,15-01-2026,C-1011,Midwest Mech Pros,General Labor,8,0,414.55
North Substation,NS_MO_2025,PRJ-NS-1151,15-01-2026,C-1065,PrimeFix Solutions,Safety Officer,8,0,649.92
North Substation,NS_MO_2025,PRJ-NS-1361,15-01-2026,C-1073,Precision Welding,General Labor,8,0,394.95
North Substation,NS_MO_2025,PRJ-NS-1236,15-01-2026,C-1005,Atlas Heavy Eng,Millwright,8,0,601.49
North Substation,NS_MO_2025,PRJ-NS-1302,15-01-2026,C-1035,Summit Field Techs,General Labor,8,0,378.78
North Substation,NS_MO_2025,PRJ-NS-1269,15-01-2026,C-1029,Midwest Mech Pros,Controls Tech,8,0,1038.53
North Substation,NS_MO_2025,PRJ-NS-1182,15-01-2026,C-1029,Midwest Mech Pros,Controls Tech,8,0,989.37
North Substation,NS_MO_2025,PRJ-NS-1315,15-01-2026,C-1062,PrimeFix Solutions,General Labor,8,0,380.88
North Substation,NS_MO_2025,PRJ-NS-1215,15-01-2026,C-1001,Apex Industrial,General Labor,8,0,417.54
North Substation,NS_MO_2025,PRJ-NS-1255,15-01-2026,C-1000,PrimeFix Solutions,Millwright,8,0,739.74
North Substation,NS_MO_2025,PRJ-NS-1159,15-01-2026,C-1041,Precision Welding,Millwright,8,0,712.56
North Substation,NS_MO_2025,PRJ-NS-1374,15-01-2026,C-1019,Midwest Mech Pros,Controls Tech,8,0,1055.89
North Substation,NS_MO_2025,PRJ-NS-1334,15-01-2026,C-1005,Atlas Heavy Eng,Millwright,8,0,583.08
North Substation,NS_MO_2025,PRJ-NS-1234,15-01-2026,C-1043,Apex Industrial,Crane Operator,8,0,846.07
North Substation,NS_MO_2025,PRJ-NS-1204,15-01-2026,C-1024,Apex Industrial,Millwright,8,0,754.25
North Substation,NS_MO_2025,PRJ-NS-1369,15-01-2026,C-1008,Apex Industrial,Safety Officer,8,0,671.36
North Substation,NS_MO_2025,PRJ-NS-1263,15-01-2026,C-1054,Midwest Mech Pros,General Labor,8,0,388.76
North Substation,NS_MO_2025,PRJ-NS-1261,15-01-2026,C-1052,PrimeFix Solutions,General Labor,8,0,374.28
North Substation,NS_MO_2025,PRJ-NS-1352,15-01-2026,C-1060,Summit Field Techs,General Labor,8,0,475.82
North Substation,NS_MO_2025,PRJ-NS-1291,15-01-2026,C-1054,Midwest Mech Pros,General Labor,8,0,400.46
North Substation,NS_MO_2025,PRJ-NS-1265,15-01-2026,C-1079,Precision Welding,Crane Operator,8,0,730.3
North Substation,NS_MO_2025,PRJ-NS-1259,15-01-2026,C-1035,Summit Field Techs,General Labor,8,0,368.4
North Substation,NS_MO_2025,PRJ-NS-1370,15-01-2026,C-1028,Midwest Mech Pros,Field Engineer,8,0,1426.68
North Substation,NS_MO_2025,PRJ-NS-1356,15-01-2026,C-1067,PrimeFix Solutions,Millwright,8,0,755.97
North Substation,NS_MO_2025,PRJ-NS-1324,15-01-2026,C-1078,Atlas Heavy Eng,Millwright,8,0,675.16
North Substation,NS_MO_2025,PRJ-NS-1321,15-01-2026,C-1062,PrimeFix Solutions,General Labor,8,0,393.71
North Substation,NS_MO_2025,PRJ-NS-1150,15-01-2026,C-1071,PrimeFix Solutions,Crane Operator,8,0,783.27
North Substation,NS_MO_2025,PRJ-NS-1246,15-01-2026,C-1079,Precision Welding,Crane Operator,8,0,739.19
North Substation,NS_MO_2025,PRJ-NS-1189,15-01-2026,C-1024,Apex Industrial,Millwright,8,0,755.96
North Substation,NS_MO_2025,PRJ-NS-1176,15-01-2026,C-1029,Midwest Mech Pros,Controls Tech,8,0,1050.73
North Substation,NS_MO_2025,PRJ-NS-1194,15-01-2026,C-1006,Apex Industrial,Field Engineer,8,0,1402.22
North Substation,NS_MO_2025,PRJ-NS-1354,15-01-2026,C-1066,Apex Industrial,General Labor,8,0,402.72
North Substation,NS_MO_2025,PRJ-NS-1320,15-01-2026,C-1001,Apex Industrial,General Labor,8,0,403.95
North Substation,NS_MO_2025,PRJ-NS-1159,15-01-2026,C-1006,Apex Industrial,Field Engineer,8,0,1402.7
North Substation,NS_MO_2025,PRJ-NS-1181,15-01-2026,C-1039,PrimeFix Solutions,Field Engineer,8,0,1462.9
North Substation,NS_MO_2025,PRJ-NS-1250,15-01-2026,C-1072,Apex Industrial,Crane Operator,8,0,742.24
North Substation,NS_MO_2025,PRJ-NS-1378,15-01-2026,C-1020,Midwest Mech Pros,Field Engineer,8,0,1229.84
North Substation,NS_MO_2025,PRJ-NS-1153,15-01-2026,C-1035,Summit Field Techs,General Labor,8,0,385.21
North Substation,NS_MO_2025,PRJ-NS-1181,15-01-2026,C-1078,Atlas Heavy Eng,Millwright,8,0,693.72
Coast BaseLoad,CB_MO_2027,PRJ-CB-2531,15-01-2026,C-1030,Summit Field Techs,Millwright,8,0,577.26
East Peaker,EP_MO_2027,PRJ-EP-1906,15-01-2026,C-1028,Midwest Mech Pros,Field Engineer,8,0,1399.22
East Peaker,EP_MO_2027,PRJ-EP-1907,15-01-2026,C-1045,Midwest Mech Pros,Crane Operator,8,0,825.45
East Peaker,EP_MO_2027,PRJ-EP-1910,15-01-2026,C-1059,PrimeFix Solutions,Field Engineer,8,0,1278.26
East Peaker,EP_MO_2027,PRJ-EP-1900,15-01-2026,C-1077,Precision Welding,Safety Officer,8,0,604.86
Coast BaseLoad,CB_MO_2027,PRJ-CB-2517,15-01-2026,C-1065,PrimeFix Solutions,Safety Officer,8,0,693.79
Coast BaseLoad,CB_MO_2027,PRJ-CB-2517,15-01-2026,C-1023,Summit Field Techs,Field Engineer,8,0,1521.79
Coast BaseLoad,CB_MO_2027,PRJ-CB-2514,15-01-2026,C-1010,PrimeFix Solutions,Field Engineer,8,0,1734.61
Coast BaseLoad,CB_MO_2027,PRJ-CB-2531,15-01-2026,C-1023,Summit Field Techs,Field Engineer,8,0,1632.28
Coast BaseLoad,CB_MO_2027,PRJ-CB-2526,15-01-2026,C-1066,Apex Industrial,General Labor,8,0,391.95
East Peaker,EP_MO_2027,PRJ-EP-1892,15-01-2026,C-1041,Precision Welding,Millwright,8,0,746.33
East Peaker,EP_MO_2027,PRJ-EP-1913,15-01-2026,C-1006,Apex Industrial,Field Engineer,8,0,1327.62
North Substation,NS_MO_2025,PRJ-NS-1250,16-01-2026,C-1072,Apex Industrial,Crane Operator,8,0,741.69
North Substation,NS_MO_2025,PRJ-NS-1211,16-01-2026,C-1067,PrimeFix Solutions,Millwright,8,0,703.45
North Substation,NS_MO_2025,PRJ-NS-1325,16-01-2026,C-1019,Midwest Mech Pros,Controls Tech,8,0,1028.25
North Substation,NS_MO_2025,PRJ-NS-1271,16-01-2026,C-1013,Atlas Heavy Eng,Safety Officer,8,0,599.76
North Substation,NS_MO_2025,PRJ-NS-1151,16-01-2026,C-1065,PrimeFix Solutions,Safety Officer,8,0,663.82
North Substation,NS_MO_2025,PRJ-NS-1326,16-01-2026,C-1053,Precision Welding,Millwright,8,0,671.1
North Substation,NS_MO_2025,PRJ-NS-1248,16-01-2026,C-1026,Precision Welding,Controls Tech,8,0,1026.18
North Substation,NS_MO_2025,PRJ-NS-1304,16-01-2026,C-1013,Atlas Heavy Eng,Safety Officer,8,0,593.76
North Substation,NS_MO_2025,PRJ-NS-1213,16-01-2026,C-1067,PrimeFix Solutions,Millwright,8,0,720.55
North Substation,NS_MO_2025,PRJ-NS-1263,16-01-2026,C-1037,PrimeFix Solutions,Controls Tech,8,0,1093.22
North Substation,NS_MO_2025,PRJ-NS-1350,16-01-2026,C-1079,Precision Welding,Crane Operator,8,0,749.92
North Substation,NS_MO_2025,PRJ-NS-1315,16-01-2026,C-1062,PrimeFix Solutions,General Labor,8,0,394.89
North Substation,NS_MO_2025,PRJ-NS-1226,16-01-2026,C-1001,Apex Industrial,General Labor,8,0,386.26
North Substation,NS_MO_2025,PRJ-NS-1261,16-01-2026,C-1018,Atlas Heavy Eng,Controls Tech,8,0,1116.81
North Substation,NS_MO_2025,PRJ-NS-1342,16-01-2026,C-1030,Summit Field Techs,Millwright,8,0,652.98
North Substation,NS_MO_2025,PRJ-NS-1380,16-01-2026,C-1039,PrimeFix Solutions,Field Engineer,8,0,1451.78
North Substation,NS_MO_2025,PRJ-NS-1183,16-01-2026,C-1078,Atlas Heavy Eng,Millwright,8,0,661.28
North Substation,NS_MO_2025,PRJ-NS-1162,16-01-2026,C-1040,Atlas Heavy Eng,Crane Operator,8,0,892.26
North Substation,NS_MO_2025,PRJ-NS-1353,16-01-2026,C-1073,Precision Welding,General Labor,8,0,362.06
North Substation,NS_MO_2025,PRJ-NS-1263,16-01-2026,C-1039,PrimeFix Solutions,Field Engineer,8,0,1485.85
North Substation,NS_MO_2025,PRJ-NS-1348,16-01-2026,C-1026,Precision Welding,Controls Tech,8,0,1029.1
North Substation,NS_MO_2025,PRJ-NS-1323,16-01-2026,C-1079,Precision Welding,Crane Operator,8,0,781.52
North Substation,NS_MO_2025,PRJ-NS-1302,16-01-2026,C-1011,Midwest Mech Pros,General Labor,8,0,408.32
North Substation,NS_MO_2025,PRJ-NS-1213,16-01-2026,C-1041,Precision Welding,Millwright,8,0,744.43
North Substation,NS_MO_2025,PRJ-NS-1311,16-01-2026,C-1039,PrimeFix Solutions,Field Engineer,8,0,1551.27
North Substation,NS_MO_2025,PRJ-NS-1393,16-01-2026,C-1000,PrimeFix Solutions,Millwright,8,0,678.85
North Substation,NS_MO_2025,PRJ-NS-1315,16-01-2026,C-1020,Midwest Mech Pros,Field Engineer,8,0,1267.15
North Substation,NS_MO_2025,PRJ-NS-1257,16-01-2026,C-1077,Precision Welding,Safety Officer,8,0,547.08
North Substation,NS_MO_2025,PRJ-NS-1192,16-01-2026,C-1040,Atlas Heavy Eng,Crane Operator,8,0,851.43
North Substation,NS_MO_2025,PRJ-NS-1356,16-01-2026,C-1067,PrimeFix Solutions,Millwright,8,0,698.7
North Substation,NS_MO_2025,PRJ-NS-1188,16-01-2026,C-1003,Summit Field Techs,Millwright,8,0,671.29
North Substation,NS_MO_2025,PRJ-NS-1322,16-01-2026,C-1031,Summit Field Techs,Crane Operator,8,0,779.62
North Substation,NS_MO_2025,PRJ-NS-1312,16-01-2026,C-1042,PrimeFix Solutions,General Labor,8,0,421.63
North Substation,NS_MO_2025,PRJ-NS-1259,16-01-2026,C-1023,Summit Field Techs,Field Engineer,8,0,1586.53
North Substation,NS_MO_2025,PRJ-NS-1191,16-01-2026,C-1047,Atlas Heavy Eng,Millwright,8,0,585.68
North Substation,NS_MO_2025,PRJ-NS-1394,16-01-2026,C-1029,Midwest Mech Pros,Controls Tech,8,0,982.96
North Substation,NS_MO_2025,PRJ-NS-1152,16-01-2026,C-1053,Precision Welding,Millwright,8,0,620.16
North Substation,NS_MO_2025,PRJ-NS-1160,16-01-2026,C-1017,Summit Field Techs,Crane Operator,8,0,834.65
North Substation,NS_MO_2025,PRJ-NS-1189,16-01-2026,C-1074,Apex Industrial,Controls Tech,8,0,1143.37
North Substation,NS_MO_2025,PRJ-NS-1268,16-01-2026,C-1028,Midwest Mech Pros,Field Engineer,8,0,1515.05
North Substation,NS_MO_2025,PRJ-NS-1329,16-01-2026,C-1067,PrimeFix Solutions,Millwright,8,0,705.56
North Substation,NS_MO_2025,PRJ-NS-1208,16-01-2026,C-1045,Midwest Mech Pros,Crane Operator,8,0,864.45
North Substation,NS_MO_2025,PRJ-NS-1194,16-01-2026,C-1030,Summit Field Techs,Millwright,8,0,631.83
North Substation,NS_MO_2025,PRJ-NS-1356,16-01-2026,C-1054,Midwest Mech Pros,General Labor,8,0,415.18
North Substation,NS_MO_2025,PRJ-NS-1200,16-01-2026,C-1023,Summit Field Techs,Field Engineer,8,0,1630.14
North Substation,NS_MO_2025,PRJ-NS-1286,16-01-2026,C-1067,PrimeFix Solutions,Millwright,8,0,706.4
North Substation,NS_MO_2025,PRJ-NS-1301,16-01-2026,C-1065,PrimeFix Solutions,Safety Officer,8,0,665.2
North Substation,NS_MO_2025,PRJ-NS-1346,16-01-2026,C-1006,Apex Industrial,Field Engineer,8,0,1378.82
North Substation,NS_MO_2025,PRJ-NS-1354,16-01-2026,C-1066,Apex Industrial,General Labor,8,0,398.4
North Substation,NS_MO_2025,PRJ-NS-1185,16-01-2026,C-1023,Summit Field Techs,Field Engineer,8,0,1647.28
North Substation,NS_MO_2025,PRJ-NS-1236,16-01-2026,C-1005,Atlas Heavy Eng,Millwright,8,0,628.47
North Substation,NS_MO_2025,PRJ-NS-1162,16-01-2026,C-1069,Precision Welding,Safety Officer,8,0,530.12
North Substation,NS_MO_2025,PRJ-NS-1181,16-01-2026,C-1078,Atlas Heavy Eng,Millwright,8,0,693.72
North Substation,NS_MO_2025,PRJ-NS-1380,16-01-2026,C-1006,Apex Industrial,Field Engineer,8,0,1416.76
North Substation,NS_MO_2025,PRJ-NS-1226,16-01-2026,C-1018,Atlas Heavy Eng,Controls Tech,8,0,1130.43
North Substation,NS_MO_2025,PRJ-NS-1196,16-01-2026,C-1023,Summit Field Techs,Field Engineer,8,0,1655.99
North Substation,NS_MO_2025,PRJ-NS-1313,16-01-2026,C-1005,Atlas Heavy Eng,Millwright,8,0,592.27
North Substation,NS_MO_2025,PRJ-NS-1302,16-01-2026,C-1035,Summit Field Techs,General Labor,8,0,355.65
North Substation,NS_MO_2025,PRJ-NS-1334,16-01-2026,C-1005,Atlas Heavy Eng,Millwright,8,0,633.09
North Substation,NS_MO_2025,PRJ-NS-1390,16-01-2026,C-1013,Atlas Heavy Eng,Safety Officer,8,0,601.85
North Substation,NS_MO_2025,PRJ-NS-1207,16-01-2026,C-1006,Apex Industrial,Field Engineer,8,0,1421.48
North Substation,NS_MO_2025,PRJ-NS-1393,16-01-2026,C-1003,Summit Field Techs,Millwright,8,0,712.11
North Substation,NS_MO_2025,PRJ-NS-1259,16-01-2026,C-1035,Summit Field Techs,General Labor,8,0,352.87
North Substation,NS_MO_2025,PRJ-NS-1204,16-01-2026,C-1024,Apex Industrial,Millwright,8,0,744.95
North Substation,NS_MO_2025,PRJ-NS-1332,16-01-2026,C-1052,PrimeFix Solutions,General Labor,8,0,356.76
North Substation,NS_MO_2025,PRJ-NS-1160,16-01-2026,C-1021,Summit Field Techs,Millwright,8,0,682.32
North Substation,NS_MO_2025,PRJ-NS-1312,16-01-2026,C-1010,PrimeFix Solutions,Field Engineer,8,0,1638.25
North Substation,NS_MO_2025,PRJ-NS-1321,16-01-2026,C-1062,PrimeFix Solutions,General Labor,8,0,369.86
North Substation,NS_MO_2025,PRJ-NS-1335,16-01-2026,C-1019,Midwest Mech Pros,Controls Tech,8,0,1073.74
North Substation,NS_MO_2025,PRJ-NS-1197,16-01-2026,C-1051,Apex Industrial,Crane Operator,8,0,862.03
North Substation,NS_MO_2025,PRJ-NS-1228,16-01-2026,C-1020,Midwest Mech Pros,Field Engineer,8,0,1227.79
North Substation,NS_MO_2025,PRJ-NS-1246,16-01-2026,C-1079,Precision Welding,Crane Operator,8,0,761.95
North Substation,NS_MO_2025,PRJ-NS-1300,16-01-2026,C-1023,Summit Field Techs,Field Engineer,8,0,1575.3
North Substation,NS_MO_2025,PRJ-NS-1372,16-01-2026,C-1066,Apex Industrial,General Labor,8,0,373.56
North Substation,NS_MO_2025,PRJ-NS-1304,16-01-2026,C-1059,PrimeFix Solutions,Field Engineer,8,0,1260.65
North Substation,NS_MO_2025,PRJ-NS-1342,16-01-2026,C-1031,Summit Field Techs,Crane Operator,8,0,761.42
North Substation,NS_MO_2025,PRJ-NS-1322,16-01-2026,C-1019,Midwest Mech Pros,Controls Tech,8,0,1094.75
North Substation,NS_MO_2025,PRJ-NS-1259,16-01-2026,C-1043,Apex Industrial,Crane Operator,8,0,855.37
North Substation,NS_MO_2025,PRJ-NS-1269,16-01-2026,C-1029,Midwest Mech Pros,Controls Tech,8,0,1033.41
North Substation,NS_MO_2025,PRJ-NS-1190,16-01-2026,C-1021,Summit Field Techs,Millwright,8,0,653.74
North Substation,NS_MO_2025,PRJ-NS-1291,16-01-2026,C-1054,Midwest Mech Pros,General Labor,8,0,395.76
North Substation,NS_MO_2025,PRJ-NS-1375,16-01-2026,C-1012,Midwest Mech Pros,Controls Tech,8,0,1028.03
North Substation,NS_MO_2025,PRJ-NS-1226,16-01-2026,C-1023,Summit Field Techs,Field Engineer,8,0,1558.06
North Substation,NS_MO_2025,PRJ-NS-1206,16-01-2026,C-1026,Precision Welding,Controls Tech,8,0,996.04
North Substation,NS_MO_2025,PRJ-NS-1378,16-01-2026,C-1020,Midwest Mech Pros,Field Engineer,8,0,1165.37
North Substation,NS_MO_2025,PRJ-NS-1187,16-01-2026,C-1028,Midwest Mech Pros,Field Engineer,8,0,1500.82
North Substation,NS_MO_2025,PRJ-NS-1301,16-01-2026,C-1013,Atlas Heavy Eng,Safety Officer,8,0,581.56
North Substation,NS_MO_2025,PRJ-NS-1263,16-01-2026,C-1054,Midwest Mech Pros,General Labor,8,0,379.65
North Substation,NS_MO_2025,PRJ-NS-1330,16-01-2026,C-1071,PrimeFix Solutions,Crane Operator,8,0,824.47
North Substation,NS_MO_2025,PRJ-NS-1172,16-01-2026,C-1005,Atlas Heavy Eng,Millwright,8,0,626.16
North Substation,NS_MO_2025,PRJ-NS-1374,16-01-2026,C-1019,Midwest Mech Pros,Controls Tech,8,0,1070.27
North Substation,NS_MO_2025,PRJ-NS-1270,16-01-2026,C-1006,Apex Industrial,Field Engineer,8,0,1331.15
North Substation,NS_MO_2025,PRJ-NS-1369,16-01-2026,C-1008,Apex Industrial,Safety Officer,8,0,651.88
North Substation,NS_MO_2025,PRJ-NS-1176,16-01-2026,C-1029,Midwest Mech Pros,Controls Tech,8,0,1059.18
North Substation,NS_MO_2025,PRJ-NS-1182,16-01-2026,C-1029,Midwest Mech Pros,Controls Tech,8,0,1015.66
North Substation,NS_MO_2025,PRJ-NS-1291,16-01-2026,C-1005,Atlas Heavy Eng,Millwright,8,0,593.03
North Substation,NS_MO_2025,PRJ-NS-1320,16-01-2026,C-1001,Apex Industrial,General Labor,8,0,385.01
North Substation,NS_MO_2025,PRJ-NS-1222,16-01-2026,C-1041,Precision Welding,Millwright,8,0,680.88
North Substation,NS_MO_2025,PRJ-NS-1205,16-01-2026,C-1012,Midwest Mech Pros,Controls Tech,8,0,999.42
North Substation,NS_MO_2025,PRJ-NS-1265,16-01-2026,C-1079,Precision Welding,Crane Operator,8,0,751.44
East Peaker,EP_MO_2027,PRJ-EP-1906,16-01-2026,C-1028,Midwest Mech Pros,Field Engineer,8,0,1367.21
Metro Gen CC,MG_HGP_2026,PRJ-MG-1664,16-01-2026,C-1020,Midwest Mech Pros,Field Engineer,8,0,1199.61
Metro Gen CC,MG_HGP_2026,PRJ-MG-1665,16-01-2026,C-1039,PrimeFix Solutions,Field Engineer,8,0,1398.63
Metro Gen CC,MG_HGP_2026,PRJ-MG-1665,16-01-2026,C-1020,Midwest Mech Pros,Field Engineer,8,0,1132.87
Metro Gen CC,MG_HGP_2026,PRJ-MG-1666,16-01-2026,C-1006,Apex Industrial,Field Engineer,8,0,1362.51
Metro Gen CC,MG_HGP_2026,PRJ-MG-1667,16-01-2026,C-1020,Midwest Mech Pros,Field Engineer,8,0,1239.35
Metro Gen CC,MG_HGP_2026,PRJ-MG-1667,16-01-2026,C-1020,Midwest Mech Pros,Field Engineer,8,0,1155.64
Metro Gen CC,MG_HGP_2026,PRJ-MG-1670,16-01-2026,C-1073,Precision Welding,General Labor,8,0,355.55
Metro Gen CC,MG_HGP_2026,PRJ-MG-1667,16-01-2026,C-1069,Precision Welding,Safety Officer,8,0,556.71
Metro Gen CC,MG_HGP_2026,PRJ-MG-1663,16-01-2026,C-1039,PrimeFix Solutions,Field Engineer,8,0,1380.93
Metro Gen CC,MG_HGP_2026,PRJ-MG-1663,16-01-2026,C-1010,PrimeFix Solutions,Field Engineer,8,0,1573.52
Metro Gen CC,MG_HGP_2026,PRJ-MG-1666,16-01-2026,C-1059,PrimeFix Solutions,Field Engineer,8,0,1161.36
Metro Gen CC,MG_HGP_2026,PRJ-MG-1663,16-01-2026,C-1065,PrimeFix Solutions,Safety Officer,8,0,678.41
East Peaker,EP_MO_2027,PRJ-EP-1907,16-01-2026,C-1045,Midwest Mech Pros,Crane Operator,8,0,857.13
East Peaker,EP_MO_2027,PRJ-EP-1892,16-01-2026,C-1041,Precision Welding,Millwright,8,0,641.6
East Peaker,EP_MO_2027,PRJ-EP-1900,16-01-2026,C-1077,Precision Welding,Safety Officer,8,0,525.26
East Peaker,EP_MO_2027,PRJ-EP-1913,16-01-2026,C-1006,Apex Industrial,Field Engineer,8,0,1234.23
East Peaker,EP_MO_2027,PRJ-EP-1910,16-01-2026,C-1059,PrimeFix Solutions,Field Engineer,8,0,1275.87
North Substation,NS_MO_2025,PRJ-NS-1366,16-01-2026,C-1010,PrimeFix Solutions,Field Engineer,8,0,1536.28
North Substation,NS_MO_2025,PRJ-NS-1390,16-01-2026,C-1062,PrimeFix Solutions,General Labor,8,0,382.4
North Substation,NS_MO_2025,PRJ-NS-1361,16-01-2026,C-1073,Precision Welding,General Labor,8,0,363.8
North Substation,NS_MO_2025,PRJ-NS-1307,16-01-2026,C-1066,Apex Industrial,General Labor,8,0,401.39
North Substation,NS_MO_2025,PRJ-NS-1276,16-01-2026,C-1003,Summit Field Techs,Millwright,8,0,653.58
North Substation,NS_MO_2025,PRJ-NS-1366,16-01-2026,C-1066,Apex Industrial,General Labor,8,0,400.8
North Substation,NS_MO_2025,PRJ-NS-1290,16-01-2026,C-1037,PrimeFix Solutions,Controls Tech,8,0,1087.18
North Substation,NS_MO_2025,PRJ-NS-1393,16-01-2026,C-1037,PrimeFix Solutions,Controls Tech,8,0,1095.65
North Substation,NS_MO_2025,PRJ-NS-1288,16-01-2026,C-1077,Precision Welding,Safety Officer,8,0,581.82
North Substation,NS_MO_2025,PRJ-NS-1153,16-01-2026,C-1035,Summit Field Techs,General Labor,8,0,369.86
North Substation,NS_MO_2025,PRJ-NS-1228,16-01-2026,C-1027,Precision Welding,Crane Operator,8,0,884.21
North Substation,NS_MO_2025,PRJ-NS-1244,16-01-2026,C-1078,Atlas Heavy Eng,Millwright,8,0,687.6
North Substation,NS_MO_2025,PRJ-NS-1190,16-01-2026,C-1006,Apex Industrial,Field Engineer,8,0,1310.88
North Substation,NS_MO_2025,PRJ-NS-1159,16-01-2026,C-1041,Precision Welding,Millwright,8,0,702.83
North Substation,NS_MO_2025,PRJ-NS-1154,16-01-2026,C-1020,Midwest Mech Pros,Field Engineer,8,0,1156.52
North Substation,NS_MO_2025,PRJ-NS-1232,16-01-2026,C-1073,Precision Welding,General Labor,8,0,362.5
North Substation,NS_MO_2025,PRJ-NS-1189,16-01-2026,C-1024,Apex Industrial,Millwright,8,0,777.07
North Substation,NS_MO_2025,PRJ-NS-1159,16-01-2026,C-1006,Apex Industrial,Field Engineer,8,0,1312.4
North Substation,NS_MO_2025,PRJ-NS-1166,16-01-2026,C-1023,Summit Field Techs,Field Engineer,8,0,1616.63
North Substation,NS_MO_2025,PRJ-NS-1275,16-01-2026,C-1024,Apex Industrial,Millwright,8,0,751.23
North Substation,NS_MO_2025,PRJ-NS-1379,16-01-2026,C-1019,Midwest Mech Pros,Controls Tech,8,0,1105.63
North Substation,NS_MO_2025,PRJ-NS-1373,16-01-2026,C-1037,PrimeFix Solutions,Controls Tech,8,0,1156.7
North Substation,NS_MO_2025,PRJ-NS-1172,16-01-2026,C-1013,Atlas Heavy Eng,Safety Officer,8,0,593.33
North Substation,NS_MO_2025,PRJ-NS-1349,16-01-2026,C-1011,Midwest Mech Pros,General Labor,8,0,417.97
North Substation,NS_MO_2025,PRJ-NS-1186,16-01-2026,C-1058,Midwest Mech Pros,Controls Tech,8,0,1278.53
North Substation,NS_MO_2025,PRJ-NS-1194,16-01-2026,C-1046,Precision Welding,General Labor,8,0,418.47
North Substation,NS_MO_2025,PRJ-NS-1228,17-01-2026,C-1027,Precision Welding,Crane Operator,8,0,871.01
North Substation,NS_MO_2025,PRJ-NS-1181,17-01-2026,C-1069,Precision Welding,Safety Officer,8,0,502.52
North Substation,NS_MO_2025,PRJ-NS-1232,17-01-2026,C-1073,Precision Welding,General Labor,8,0,394.31
North Substation,NS_MO_2025,PRJ-NS-1259,17-01-2026,C-1023,Summit Field Techs,Field Engineer,8,0,1590.91
North Substation,NS_MO_2025,PRJ-NS-1378,17-01-2026,C-1020,Midwest Mech Pros,Field Engineer,8,0,1200.91
North Substation,NS_MO_2025,PRJ-NS-1390,17-01-2026,C-1013,Atlas Heavy Eng,Safety Officer,8,0,586.75
North Substation,NS_MO_2025,PRJ-NS-1321,17-01-2026,C-1062,PrimeFix Solutions,General Labor,8,0,388.28
North Substation,NS_MO_2025,PRJ-NS-1352,17-01-2026,C-1060,Summit Field Techs,General Labor,8,0,483.55
North Substation,NS_MO_2025,PRJ-NS-1261,17-01-2026,C-1018,Atlas Heavy Eng,Controls Tech,8,0,1138.14
North Substation,NS_MO_2025,PRJ-NS-1159,17-01-2026,C-1041,Precision Welding,Millwright,8,0,729.51
North Substation,NS_MO_2025,PRJ-NS-1181,17-01-2026,C-1078,Atlas Heavy Eng,Millwright,8,0,672.38
North Substation,NS_MO_2025,PRJ-NS-1380,17-01-2026,C-1039,PrimeFix Solutions,Field Engineer,8,0,1558.91
North Substation,NS_MO_2025,PRJ-NS-1194,17-01-2026,C-1030,Summit Field Techs,Millwright,8,0,608.44
North Substation,NS_MO_2025,PRJ-NS-1375,17-01-2026,C-1012,Midwest Mech Pros,Controls Tech,8,0,1003.87
North Substation,NS_MO_2025,PRJ-NS-1204,17-01-2026,C-1024,Apex Industrial,Millwright,8,0,779.77
North Substation,NS_MO_2025,PRJ-NS-1236,17-01-2026,C-1005,Atlas Heavy Eng,Millwright,8,0,578.81
North Substation,NS_MO_2025,PRJ-NS-1301,17-01-2026,C-1013,Atlas Heavy Eng,Safety Officer,8,0,591.42
North Substation,NS_MO_2025,PRJ-NS-1152,17-01-2026,C-1053,Precision Welding,Millwright,8,0,684.6
North Substation,NS_MO_2025,PRJ-NS-1191,17-01-2026,C-1047,Atlas Heavy Eng,Millwright,8,0,586.12
North Substation,NS_MO_2025,PRJ-NS-1261,17-01-2026,C-1052,PrimeFix Solutions,General Labor,8,0,351.91
North Substation,NS_MO_2025,PRJ-NS-1166,17-01-2026,C-1023,Summit Field Techs,Field Engineer,8,0,1657.36
North Substation,NS_MO_2025,PRJ-NS-1188,17-01-2026,C-1024,Apex Industrial,Millwright,8,0,737.08
North Substation,NS_MO_2025,PRJ-NS-1390,17-01-2026,C-1062,PrimeFix Solutions,General Labor,8,0,376.89
North Substation,NS_MO_2025,PRJ-NS-1270,17-01-2026,C-1006,Apex Industrial,Field Engineer,8,0,1417.59
North Substation,NS_MO_2025,PRJ-NS-1350,17-01-2026,C-1079,Precision Welding,Crane Operator,8,0,763.1
North Substation,NS_MO_2025,PRJ-NS-1334,17-01-2026,C-1005,Atlas Heavy Eng,Millwright,8,0,586.34
North Substation,NS_MO_2025,PRJ-NS-1304,17-01-2026,C-1059,PrimeFix Solutions,Field Engineer,8,0,1267.83
North Substation,NS_MO_2025,PRJ-NS-1162,17-01-2026,C-1069,Precision Welding,Safety Officer,8,0,497.75
North Substation,NS_MO_2025,PRJ-NS-1384,17-01-2026,C-1035,Summit Field Techs,General Labor,8,0,383.96
North Substation,NS_MO_2025,PRJ-NS-1380,17-01-2026,C-1006,Apex Industrial,Field Engineer,8,0,1306.74
North Substation,NS_MO_2025,PRJ-NS-1258,17-01-2026,C-1015,Atlas Heavy Eng,Controls Tech,8,0,1275.63
North Substation,NS_MO_2025,PRJ-NS-1394,17-01-2026,C-1029,Midwest Mech Pros,Controls Tech,8,0,1029.92
North Substation,NS_MO_2025,PRJ-NS-1205,17-01-2026,C-1012,Midwest Mech Pros,Controls Tech,8,0,1049.85
North Substation,NS_MO_2025,PRJ-NS-1190,17-01-2026,C-1021,Summit Field Techs,Millwright,8,0,642.44
North Substation,NS_MO_2025,PRJ-NS-1372,17-01-2026,C-1066,Apex Industrial,General Labor,8,0,401.7
North Substation,NS_MO_2025,PRJ-NS-1334,17-01-2026,C-1010,PrimeFix Solutions,Field Engineer,8,0,1526.82
North Substation,NS_MO_2025,PRJ-NS-1374,17-01-2026,C-1019,Midwest Mech Pros,Controls Tech,8,0,1089.76
North Substation,NS_MO_2025,PRJ-NS-1160,17-01-2026,C-1021,Summit Field Techs,Millwright,8,0,673.12
North Substation,NS_MO_2025,PRJ-NS-1183,17-01-2026,C-1078,Atlas Heavy Eng,Millwright,8,0,673.95
North Substation,NS_MO_2025,PRJ-NS-1379,17-01-2026,C-1019,Midwest Mech Pros,Controls Tech,8,0,1015.97
North Substation,NS_MO_2025,PRJ-NS-1248,17-01-2026,C-1026,Precision Welding,Controls Tech,8,0,1033.85
North Substation,NS_MO_2025,PRJ-NS-1259,17-01-2026,C-1035,Summit Field Techs,General Labor,8,0,354.05
North Substation,NS_MO_2025,PRJ-NS-1269,17-01-2026,C-1029,Midwest Mech Pros,Controls Tech,8,0,972.0
North Substation,NS_MO_2025,PRJ-NS-1326,17-01-2026,C-1053,Precision Welding,Millwright,8,0,637.22
North Substation,NS_MO_2025,PRJ-NS-1189,17-01-2026,C-1024,Apex Industrial,Millwright,8,0,754.6
North Substation,NS_MO_2025,PRJ-NS-1317,17-01-2026,C-1000,PrimeFix Solutions,Millwright,8,0,713.81
North Substation,NS_MO_2025,PRJ-NS-1393,17-01-2026,C-1000,PrimeFix Solutions,Millwright,8,0,681.2
North Substation,NS_MO_2025,PRJ-NS-1151,17-01-2026,C-1065,PrimeFix Solutions,Safety Officer,8,0,656.64
North Substation,NS_MO_2025,PRJ-NS-1349,17-01-2026,C-1011,Midwest Mech Pros,General Labor,8,0,412.15
West Valley Peaker,WV_HGP_2026,PRJ-WV-2345,17-01-2026,C-1059,PrimeFix Solutions,Field Engineer,8,0,1317.74
West Valley Peaker,WV_HGP_2026,PRJ-WV-2338,17-01-2026,C-1059,PrimeFix Solutions,Field Engineer,8,0,1127.81
West Valley Peaker,WV_HGP_2026,PRJ-WV-2332,17-01-2026,C-1020,Midwest Mech Pros,Field Engineer,8,0,1267.59
West Valley Peaker,WV_HGP_2026,PRJ-WV-2345,17-01-2026,C-1059,PrimeFix Solutions,Field Engineer,8,0,1213.43
West Valley Peaker,WV_HGP_2026,PRJ-WV-2339,17-01-2026,C-1028,Midwest Mech Pros,Field Engineer,8,0,1328.18
Metro Gen CC,MG_HGP_2026,PRJ-MG-1665,17-01-2026,C-1039,PrimeFix Solutions,Field Engineer,8,0,1449.12
West Valley Peaker,WV_HGP_2026,PRJ-WV-2338,17-01-2026,C-1010,PrimeFix Solutions,Field Engineer,8,0,1563.72
West Valley Peaker,WV_HGP_2026,PRJ-WV-2330,17-01-2026,C-1059,PrimeFix Solutions,Field Engineer,8,0,1294.77
West Valley Peaker,WV_HGP_2026,PRJ-WV-2338,17-01-2026,C-1028,Midwest Mech Pros,Field Engineer,8,0,1428.52
West Valley Peaker,WV_HGP_2026,PRJ-WV-2332,17-01-2026,C-1039,PrimeFix Solutions,Field Engineer,8,0,1382.72
West Valley Peaker,WV_HGP_2026,PRJ-WV-2339,17-01-2026,C-1006,Apex Industrial,Field Engineer,8,0,1418.41
West Valley Peaker,WV_HGP_2026,PRJ-WV-2332,17-01-2026,C-1023,Summit Field Techs,Field Engineer,8,0,1661.37
West Valley Peaker,WV_HGP_2026,PRJ-WV-2326,17-01-2026,C-1023,Summit Field Techs,Field Engineer,8,0,1439.96
West Valley Peaker,WV_HGP_2026,PRJ-WV-2326,17-01-2026,C-1010,PrimeFix Solutions,Field Engineer,8,0,1651.39
West Valley Peaker,WV_HGP_2026,PRJ-WV-2345,17-01-2026,C-1059,PrimeFix Solutions,Field Engineer,8,0,1155.99
West Valley Peaker,WV_HGP_2026,PRJ-WV-2338,17-01-2026,C-1006,Apex Industrial,Field Engineer,8,0,1424.55
West Valley Peaker,WV_HGP_2026,PRJ-WV-2332,17-01-2026,C-1006,Apex Industrial,Field Engineer,8,0,1392.24
West Valley Peaker,WV_HGP_2026,PRJ-WV-2338,17-01-2026,C-1010,PrimeFix Solutions,Field Engineer,8,0,1680.03
West Valley Peaker,WV_HGP_2026,PRJ-WV-2330,17-01-2026,C-1028,Midwest Mech Pros,Field Engineer,8,0,1386.86
West Valley Peaker,WV_HGP_2026,PRJ-WV-2339,17-01-2026,C-1023,Summit Field Techs,Field Engineer,8,0,1620.18
West Valley Peaker,WV_HGP_2026,PRJ-WV-2332,17-01-2026,C-1010,PrimeFix Solutions,Field Engineer,8,0,1747.71
West Valley Peaker,WV_HGP_2026,PRJ-WV-2338,17-01-2026,C-1023,Summit Field Techs,Field Engineer,8,0,1546.46
Metro Gen CC,MG_HGP_2026,PRJ-MG-1663,17-01-2026,C-1065,PrimeFix Solutions,Safety Officer,8,0,637.97
West Valley Peaker,WV_HGP_2026,PRJ-WV-2332,17-01-2026,C-1010,PrimeFix Solutions,Field Engineer,8,0,1737.35
West Valley Peaker,WV_HGP_2026,PRJ-WV-2339,17-01-2026,C-1039,PrimeFix Solutions,Field Engineer,8,0,1534.35
West Valley Peaker,WV_HGP_2026,PRJ-WV-2338,17-01-2026,C-1006,Apex Industrial,Field Engineer,8,0,1351.06
West Valley Peaker,WV_HGP_2026,PRJ-WV-2326,17-01-2026,C-1059,PrimeFix Solutions,Field Engineer,8,0,1299.35
Metro Gen CC,MG_HGP_2026,PRJ-MG-1666,17-01-2026,C-1059,PrimeFix Solutions,Field Engineer,8,0,1109.98
North Substation,NS_MO_2025,PRJ-NS-1208,17-01-2026,C-1045,Midwest Mech Pros,Crane Operator,8,0,840.39
Metro Gen CC,MG_HGP_2026,PRJ-MG-1667,17-01-2026,C-1069,Precision Welding,Safety Officer,8,0,483.6
Metro Gen CC,MG_HGP_2026,PRJ-MG-1663,17-01-2026,C-1039,PrimeFix Solutions,Field Engineer,8,0,1579.29
Metro Gen CC,MG_HGP_2026,PRJ-MG-1670,17-01-2026,C-1073,Precision Welding,General Labor,8,0,361.8
Metro Gen CC,MG_HGP_2026,PRJ-MG-1667,17-01-2026,C-1020,Midwest Mech Pros,Field Engineer,8,0,1186.81
Metro Gen CC,MG_HGP_2026,PRJ-MG-1667,17-01-2026,C-1020,Midwest Mech Pros,Field Engineer,8,0,1113.49
Metro Gen CC,MG_HGP_2026,PRJ-MG-1666,17-01-2026,C-1006,Apex Industrial,Field Engineer,8,0,1492.28
Metro Gen CC,MG_HGP_2026,PRJ-MG-1663,17-01-2026,C-1010,PrimeFix Solutions,Field Engineer,8,0,1676.1
Metro Gen CC,MG_HGP_2026,PRJ-MG-1665,17-01-2026,C-1020,Midwest Mech Pros,Field Engineer,8,0,1308.53
Metro Gen CC,MG_HGP_2026,PRJ-MG-1664,17-01-2026,C-1020,Midwest Mech Pros,Field Engineer,8,0,1099.6
North Substation,NS_MO_2025,PRJ-NS-1322,18-01-2026,C-1019,Midwest Mech Pros,Controls Tech,8,0,1040.85
North Substation,NS_MO_2025,PRJ-NS-1160,18-01-2026,C-1021,Summit Field Techs,Millwright,8,0,703.68
North Substation,NS_MO_2025,PRJ-NS-1312,18-01-2026,C-1010,PrimeFix Solutions,Field Engineer,8,0,1623.77
North Substation,NS_MO_2025,PRJ-NS-1374,18-01-2026,C-1019,Midwest Mech Pros,Controls Tech,8,0,1059.52
North Substation,NS_MO_2025,PRJ-NS-1206,18-01-2026,C-1026,Precision Welding,Controls Tech,8,0,1033.38
North Substation,NS_MO_2025,PRJ-NS-1228,18-01-2026,C-1020,Midwest Mech Pros,Field Engineer,8,0,1260.57
North Substation,NS_MO_2025,PRJ-NS-1181,18-01-2026,C-1069,Precision Welding,Safety Officer,8,0,536.07
North Substation,NS_MO_2025,PRJ-NS-1271,18-01-2026,C-1013,Atlas Heavy Eng,Safety Officer,8,0,575.47
North Substation,NS_MO_2025,PRJ-NS-1166,18-01-2026,C-1023,Summit Field Techs,Field Engineer,8,0,1527.75
North Substation,NS_MO_2025,PRJ-NS-1190,18-01-2026,C-1006,Apex Industrial,Field Engineer,8,0,1360.21
North Substation,NS_MO_2025,PRJ-NS-1211,18-01-2026,C-1067,PrimeFix Solutions,Millwright,8,0,722.07
North Substation,NS_MO_2025,PRJ-NS-1334,18-01-2026,C-1010,PrimeFix Solutions,Field Engineer,8,0,1618.25
North Substation,NS_MO_2025,PRJ-NS-1375,18-01-2026,C-1012,Midwest Mech Pros,Controls Tech,8,0,1021.67
North Substation,NS_MO_2025,PRJ-NS-1153,18-01-2026,C-1035,Summit Field Techs,General Labor,8,0,381.79
North Substation,NS_MO_2025,PRJ-NS-1286,18-01-2026,C-1067,PrimeFix Solutions,Millwright,8,0,721.81
North Substation,NS_MO_2025,PRJ-NS-1194,18-01-2026,C-1046,Precision Welding,General Labor,8,0,412.5
North Substation,NS_MO_2025,PRJ-NS-1326,18-01-2026,C-1053,Precision Welding,Millwright,8,0,662.91
North Substation,NS_MO_2025,PRJ-NS-1259,18-01-2026,C-1043,Apex Industrial,Crane Operator,8,0,832.14
North Substation,NS_MO_2025,PRJ-NS-1321,18-01-2026,C-1062,PrimeFix Solutions,General Labor,8,0,383.46
North Substation,NS_MO_2025,PRJ-NS-1393,18-01-2026,C-1003,Summit Field Techs,Millwright,8,0,667.46
North Substation,NS_MO_2025,PRJ-NS-1315,18-01-2026,C-1020,Midwest Mech Pros,Field Engineer,8,0,1230.56
North Substation,NS_MO_2025,PRJ-NS-1329,18-01-2026,C-1067,PrimeFix Solutions,Millwright,8,0,697.43
North Substation,NS_MO_2025,PRJ-NS-1258,18-01-2026,C-1015,Atlas Heavy Eng,Controls Tech,8,0,1288.28
North Substation,NS_MO_2025,PRJ-NS-1291,18-01-2026,C-1005,Atlas Heavy Eng,Millwright,8,0,615.24
North Substation,NS_MO_2025,PRJ-NS-1172,18-01-2026,C-1013,Atlas Heavy Eng,Safety Officer,8,0,561.06
North Substation,NS_MO_2025,PRJ-NS-1228,18-01-2026,C-1027,Precision Welding,Crane Operator,8,0,882.78
North Substation,NS_MO_2025,PRJ-NS-1258,18-01-2026,C-1060,Summit Field Techs,General Labor,8,0,485.39
North Substation,NS_MO_2025,PRJ-NS-1259,18-01-2026,C-1023,Summit Field Techs,Field Engineer,8,0,1632.86
North Substation,NS_MO_2025,PRJ-NS-1394,18-01-2026,C-1029,Midwest Mech Pros,Controls Tech,8,0,965.58
North Substation,NS_MO_2025,PRJ-NS-1324,18-01-2026,C-1072,Apex Industrial,Crane Operator,8,0,764.39
North Substation,NS_MO_2025,PRJ-NS-1198,18-01-2026,C-1043,Apex Industrial,Crane Operator,8,0,862.55
North Substation,NS_MO_2025,PRJ-NS-1257,18-01-2026,C-1077,Precision Welding,Safety Officer,8,0,576.44
North Substation,NS_MO_2025,PRJ-NS-1162,18-01-2026,C-1069,Precision Welding,Safety Officer,8,0,525.09
North Substation,NS_MO_2025,PRJ-NS-1350,18-01-2026,C-1079,Precision Welding,Crane Operator,8,0,783.95
North Substation,NS_MO_2025,PRJ-NS-1152,18-01-2026,C-1053,Precision Welding,Millwright,8,0,622.65
North Substation,NS_MO_2025,PRJ-NS-1269,18-01-2026,C-1029,Midwest Mech Pros,Controls Tech,8,0,983.41
North Substation,NS_MO_2025,PRJ-NS-1181,18-01-2026,C-1039,PrimeFix Solutions,Field Engineer,8,0,1461.1
North Substation,NS_MO_2025,PRJ-NS-1356,18-01-2026,C-1067,PrimeFix Solutions,Millwright,8,0,742.5
North Substation,NS_MO_2025,PRJ-NS-1215,18-01-2026,C-1001,Apex Industrial,General Labor,8,0,393.1
North Substation,NS_MO_2025,PRJ-NS-1332,18-01-2026,C-1052,PrimeFix Solutions,General Labor,8,0,357.08
North Substation,NS_MO_2025,PRJ-NS-1188,18-01-2026,C-1003,Summit Field Techs,Millwright,8,0,649.82
North Substation,NS_MO_2025,PRJ-NS-1390,18-01-2026,C-1062,PrimeFix Solutions,General Labor,8,0,367.89
North Substation,NS_MO_2025,PRJ-NS-1353,18-01-2026,C-1073,Precision Welding,General Labor,8,0,388.05
North Substation,NS_MO_2025,PRJ-NS-1356,18-01-2026,C-1054,Midwest Mech Pros,General Labor,8,0,415.12
North Substation,NS_MO_2025,PRJ-NS-1325,18-01-2026,C-1019,Midwest Mech Pros,Controls Tech,8,0,1080.67
North Substation,NS_MO_2025,PRJ-NS-1369,18-01-2026,C-1008,Apex Industrial,Safety Officer,8,0,704.73
North Substation,NS_MO_2025,PRJ-NS-1213,18-01-2026,C-1041,Precision Welding,Millwright,8,0,719.34
North Substation,NS_MO_2025,PRJ-NS-1366,18-01-2026,C-1066,Apex Industrial,General Labor,8,0,384.11
North Substation,NS_MO_2025,PRJ-NS-1255,18-01-2026,C-1000,PrimeFix Solutions,Millwright,8,0,692.26
North Substation,NS_MO_2025,PRJ-NS-1320,18-01-2026,C-1001,Apex Industrial,General Labor,8,0,420.24
North Substation,NS_MO_2025,PRJ-NS-1200,18-01-2026,C-1005,Atlas Heavy Eng,Millwright,8,0,604.16
North Substation,NS_MO_2025,PRJ-NS-1326,18-01-2026,C-1076,Apex Industrial,Safety Officer,8,0,628.3
North Substation,NS_MO_2025,PRJ-NS-1276,18-01-2026,C-1003,Summit Field Techs,Millwright,8,0,666.22
North Substation,NS_MO_2025,PRJ-NS-1302,18-01-2026,C-1035,Summit Field Techs,General Labor,8,0,378.79
North Substation,NS_MO_2025,PRJ-NS-1270,18-01-2026,C-1006,Apex Industrial,Field Engineer,8,0,1360.05
North Substation,NS_MO_2025,PRJ-NS-1162,18-01-2026,C-1040,Atlas Heavy Eng,Crane Operator,8,0,879.41
North Substation,NS_MO_2025,PRJ-NS-1226,18-01-2026,C-1001,Apex Industrial,General Labor,8,0,406.89
West Valley Peaker,WV_HGP_2026,PRJ-WV-2339,18-01-2026,C-1028,Midwest Mech Pros,Field Engineer,8,0,1408.14
West Valley Peaker,WV_HGP_2026,PRJ-WV-2345,18-01-2026,C-1059,PrimeFix Solutions,Field Engineer,8,0,1178.63
West Valley Peaker,WV_HGP_2026,PRJ-WV-2332,18-01-2026,C-1020,Midwest Mech Pros,Field Engineer,8,0,1207.04
West Valley Peaker,WV_HGP_2026,PRJ-WV-2345,18-01-2026,C-1059,PrimeFix Solutions,Field Engineer,8,0,1256.02
West Valley Peaker,WV_HGP_2026,PRJ-WV-2338,18-01-2026,C-1059,PrimeFix Solutions,Field Engineer,8,0,1270.54
West Valley Peaker,WV_HGP_2026,PRJ-WV-2345,18-01-2026,C-1059,PrimeFix Solutions,Field Engineer,8,0,1329.86
West Valley Peaker,WV_HGP_2026,PRJ-WV-2330,18-01-2026,C-1028,Midwest Mech Pros,Field Engineer,8,0,1394.09
West Valley Peaker,WV_HGP_2026,PRJ-WV-2339,18-01-2026,C-1023,Summit Field Techs,Field Engineer,8,0,1441.19
West Valley Peaker,WV_HGP_2026,PRJ-WV-2332,18-01-2026,C-1010,PrimeFix Solutions,Field Engineer,8,0,1473.54
North Substation,NS_MO_2025,PRJ-NS-1313,18-01-2026,C-1005,Atlas Heavy Eng,Millwright,8,0,622.78
West Valley Peaker,WV_HGP_2026,PRJ-WV-2332,18-01-2026,C-1010,PrimeFix Solutions,Field Engineer,8,0,1471.68
West Valley Peaker,WV_HGP_2026,PRJ-WV-2338,18-01-2026,C-1006,Apex Industrial,Field Engineer,8,0,1339.49
West Valley Peaker,WV_HGP_2026,PRJ-WV-2326,18-01-2026,C-1059,PrimeFix Solutions,Field Engineer,8,0,1329.76
West Valley Peaker,WV_HGP_2026,PRJ-WV-2339,18-01-2026,C-1039,PrimeFix Solutions,Field Engineer,8,0,1667.06
West Valley Peaker,WV_HGP_2026,PRJ-WV-2338,18-01-2026,C-1006,Apex Industrial,Field Engineer,8,0,1307.54
West Valley Peaker,WV_HGP_2026,PRJ-WV-2332,18-01-2026,C-1006,Apex Industrial,Field Engineer,8,0,1412.73
West Valley Peaker,WV_HGP_2026,PRJ-WV-2338,18-01-2026,C-1010,PrimeFix Solutions,Field Engineer,8,0,1508.69
West Valley Peaker,WV_HGP_2026,PRJ-WV-2338,18-01-2026,C-1010,PrimeFix Solutions,Field Engineer,8,0,1720.04
West Valley Peaker,WV_HGP_2026,PRJ-WV-2330,18-01-2026,C-1059,PrimeFix Solutions,Field Engineer,8,0,1301.13
West Valley Peaker,WV_HGP_2026,PRJ-WV-2338,18-01-2026,C-1023,Summit Field Techs,Field Engineer,8,0,1618.04
West Valley Peaker,WV_HGP_2026,PRJ-WV-2332,18-01-2026,C-1039,PrimeFix Solutions,Field Engineer,8,0,1650.48
West Valley Peaker,WV_HGP_2026,PRJ-WV-2338,18-01-2026,C-1028,Midwest Mech Pros,Field Engineer,8,0,1383.91
North Substation,NS_MO_2025,PRJ-NS-1244,18-01-2026,C-1078,Atlas Heavy Eng,Millwright,8,0,668.36
North Substation,NS_MO_2025,PRJ-NS-1346,18-01-2026,C-1006,Apex Industrial,Field Engineer,8,0,1385.72
North Substation,NS_MO_2025,PRJ-NS-1366,18-01-2026,C-1010,PrimeFix Solutions,Field Engineer,8,0,1541.67
North Substation,NS_MO_2025,PRJ-NS-1186,18-01-2026,C-1058,Midwest Mech Pros,Controls Tech,8,0,1276.66
North Substation,NS_MO_2025,PRJ-NS-1373,18-01-2026,C-1037,PrimeFix Solutions,Controls Tech,8,0,1152.92
North Substation,NS_MO_2025,PRJ-NS-1192,18-01-2026,C-1040,Atlas Heavy Eng,Crane Operator,8,0,847.69
North Substation,NS_MO_2025,PRJ-NS-1304,18-01-2026,C-1059,PrimeFix Solutions,Field Engineer,8,0,1193.09
North Substation,NS_MO_2025,PRJ-NS-1380,18-01-2026,C-1006,Apex Industrial,Field Engineer,8,0,1331.43
North Substation,NS_MO_2025,PRJ-NS-1176,18-01-2026,C-1029,Midwest Mech Pros,Controls Tech,8,0,1014.15
North Substation,NS_MO_2025,PRJ-NS-1390,18-01-2026,C-1013,Atlas Heavy Eng,Safety Officer,8,0,562.08
North Substation,NS_MO_2025,PRJ-NS-1317,18-01-2026,C-1000,PrimeFix Solutions,Millwright,8,0,689.42
North Substation,NS_MO_2025,PRJ-NS-1352,18-01-2026,C-1060,Summit Field Techs,General Labor,8,0,479.23
North Substation,NS_MO_2025,PRJ-NS-1154,18-01-2026,C-1020,Midwest Mech Pros,Field Engineer,8,0,1207.22
West Valley Peaker,WV_HGP_2026,PRJ-WV-2326,18-01-2026,C-1010,PrimeFix Solutions,Field Engineer,8,0,1702.75
West Valley Peaker,WV_HGP_2026,PRJ-WV-2326,18-01-2026,C-1023,Summit Field Techs,Field Engineer,8,0,1520.12
West Valley Peaker,WV_HGP_2026,PRJ-WV-2332,18-01-2026,C-1023,Summit Field Techs,Field Engineer,8,0,1753.56
North Substation,NS_MO_2025,PRJ-NS-1304,18-01-2026,C-1013,Atlas Heavy Eng,Safety Officer,8,0,602.95
West Valley Peaker,WV_HGP_2026,PRJ-WV-2339,18-01-2026,C-1006,Apex Industrial,Field Engineer,8,0,1378.44
West Valley Peaker,WV_HGP_2026,PRJ-WV-2338,19-01-2026,C-1006,Apex Industrial,Field Engineer,8,0,1368.42
West Valley Peaker,WV_HGP_2026,PRJ-WV-2326,19-01-2026,C-1059,PrimeFix Solutions,Field Engineer,8,0,1185.82
West Valley Peaker,WV_HGP_2026,PRJ-WV-2332,19-01-2026,C-1023,Summit Field Techs,Field Engineer,8,0,1477.38
West Valley Peaker,WV_HGP_2026,PRJ-WV-2326,19-01-2026,C-1023,Summit Field Techs,Field Engineer,8,0,1601.1
West Valley Peaker,WV_HGP_2026,PRJ-WV-2338,19-01-2026,C-1006,Apex Industrial,Field Engineer,8,0,1409.35
West Valley Peaker,WV_HGP_2026,PRJ-WV-2338,19-01-2026,C-1010,PrimeFix Solutions,Field Engineer,8,0,1516.99
West Valley Peaker,WV_HGP_2026,PRJ-WV-2332,19-01-2026,C-1006,Apex Industrial,Field Engineer,8,0,1493.95
West Valley Peaker,WV_HGP_2026,PRJ-WV-2326,19-01-2026,C-1010,PrimeFix Solutions,Field Engineer,8,0,1483.65
West Valley Peaker,WV_HGP_2026,PRJ-WV-2332,19-01-2026,C-1010,PrimeFix Solutions,Field Engineer,8,0,1697.56
West Valley Peaker,WV_HGP_2026,PRJ-WV-2345,19-01-2026,C-1059,PrimeFix Solutions,Field Engineer,8,0,1214.48
West Valley Peaker,WV_HGP_2026,PRJ-WV-2338,19-01-2026,C-1023,Summit Field Techs,Field Engineer,8,0,1484.71
West Valley Peaker,WV_HGP_2026,PRJ-WV-2330,19-01-2026,C-1059,PrimeFix Solutions,Field Engineer,8,0,1238.62
West Valley Peaker,WV_HGP_2026,PRJ-WV-2339,19-01-2026,C-1023,Summit Field Techs,Field Engineer,8,0,1571.75
West Valley Peaker,WV_HGP_2026,PRJ-WV-2330,19-01-2026,C-1028,Midwest Mech Pros,Field Engineer,8,0,1552.8
West Valley Peaker,WV_HGP_2026,PRJ-WV-2345,19-01-2026,C-1059,PrimeFix Solutions,Field Engineer,8,0,1328.34
West Valley Peaker,WV_HGP_2026,PRJ-WV-2339,19-01-2026,C-1039,PrimeFix Solutions,Field Engineer,8,0,1520.25
West Valley Peaker,WV_HGP_2026,PRJ-WV-2338,19-01-2026,C-1059,PrimeFix Solutions,Field Engineer,8,0,1303.33
West Valley Peaker,WV_HGP_2026,PRJ-WV-2345,19-01-2026,C-1059,PrimeFix Solutions,Field Engineer,8,0,1105.41
West Valley Peaker,WV_HGP_2026,PRJ-WV-2339,19-01-2026,C-1028,Midwest Mech Pros,Field Engineer,8,0,1328.38
West Valley Peaker,WV_HGP_2026,PRJ-WV-2338,19-01-2026,C-1010,PrimeFix Solutions,Field Engineer,8,0,1457.3
West Valley Peaker,WV_HGP_2026,PRJ-WV-2338,19-01-2026,C-1028,Midwest Mech Pros,Field Engineer,8,0,1385.62
West Valley Peaker,WV_HGP_2026,PRJ-WV-2332,19-01-2026,C-1039,PrimeFix Solutions,Field Engineer,8,0,1443.21
West Valley Peaker,WV_HGP_2026,PRJ-WV-2339,19-01-2026,C-1006,Apex Industrial,Field Engineer,8,0,1413.48
West Valley Peaker,WV_HGP_2026,PRJ-WV-2332,19-01-2026,C-1010,PrimeFix Solutions,Field Engineer,8,0,1749.78
West Valley Peaker,WV_HGP_2026,PRJ-WV-2332,19-01-2026,C-1020,Midwest Mech Pros,Field Engineer,8,0,1222.82
North Substation,NS_MO_2025,PRJ-NS-1259,19-01-2026,C-1043,Apex Industrial,Crane Operator,8,0,838.35
North Substation,NS_MO_2025,PRJ-NS-1186,19-01-2026,C-1058,Midwest Mech Pros,Controls Tech,8,0,1308.86
North Substation,NS_MO_2025,PRJ-NS-1366,19-01-2026,C-1066,Apex Industrial,General Labor,8,0,398.6
North Substation,NS_MO_2025,PRJ-NS-1226,19-01-2026,C-1018,Atlas Heavy Eng,Controls Tech,8,0,1107.21
North Substation,NS_MO_2025,PRJ-NS-1342,19-01-2026,C-1031,Summit Field Techs,Crane Operator,8,0,730.48
North Substation,NS_MO_2025,PRJ-NS-1304,19-01-2026,C-1059,PrimeFix Solutions,Field Engineer,8,0,1231.54
North Substation,NS_MO_2025,PRJ-NS-1160,19-01-2026,C-1017,Summit Field Techs,Crane Operator,8,0,858.46
North Substation,NS_MO_2025,PRJ-NS-1380,19-01-2026,C-1039,PrimeFix Solutions,Field Engineer,8,0,1454.98
North Substation,NS_MO_2025,PRJ-NS-1200,19-01-2026,C-1005,Atlas Heavy Eng,Millwright,8,0,615.49
North Substation,NS_MO_2025,PRJ-NS-1354,19-01-2026,C-1066,Apex Industrial,General Labor,8,0,400.94
North Substation,NS_MO_2025,PRJ-NS-1379,19-01-2026,C-1019,Midwest Mech Pros,Controls Tech,8,0,1041.72
North Substation,NS_MO_2025,PRJ-NS-1263,19-01-2026,C-1037,PrimeFix Solutions,Controls Tech,8,0,1066.62
North Substation,NS_MO_2025,PRJ-NS-1342,19-01-2026,C-1030,Summit Field Techs,Millwright,8,0,618.85
North Substation,NS_MO_2025,PRJ-NS-1311,19-01-2026,C-1039,PrimeFix Solutions,Field Engineer,8,0,1569.93
North Substation,NS_MO_2025,PRJ-NS-1375,19-01-2026,C-1012,Midwest Mech Pros,Controls Tech,8,0,1068.75
North Substation,NS_MO_2025,PRJ-NS-1393,19-01-2026,C-1037,PrimeFix Solutions,Controls Tech,8,0,1109.87
North Substation,NS_MO_2025,PRJ-NS-1324,19-01-2026,C-1078,Atlas Heavy Eng,Millwright,8,0,704.45
North Substation,NS_MO_2025,PRJ-NS-1361,19-01-2026,C-1073,Precision Welding,General Labor,8,0,390.72
North Substation,NS_MO_2025,PRJ-NS-1172,19-01-2026,C-1005,Atlas Heavy Eng,Millwright,8,0,577.86
North Substation,NS_MO_2025,PRJ-NS-1393,19-01-2026,C-1000,PrimeFix Solutions,Millwright,8,0,735.51
North Substation,NS_MO_2025,PRJ-NS-1317,19-01-2026,C-1000,PrimeFix Solutions,Millwright,8,0,732.42
North Substation,NS_MO_2025,PRJ-NS-1198,19-01-2026,C-1043,Apex Industrial,Crane Operator,8,0,818.86
North Substation,NS_MO_2025,PRJ-NS-1300,19-01-2026,C-1023,Summit Field Techs,Field Engineer,8,0,1628.23
North Substation,NS_MO_2025,PRJ-NS-1236,19-01-2026,C-1005,Atlas Heavy Eng,Millwright,8,0,579.45
North Substation,NS_MO_2025,PRJ-NS-1152,19-01-2026,C-1053,Precision Welding,Millwright,8,0,655.94
North Substation,NS_MO_2025,PRJ-NS-1388,19-01-2026,C-1045,Midwest Mech Pros,Crane Operator,8,0,852.39
North Substation,NS_MO_2025,PRJ-NS-1329,19-01-2026,C-1067,PrimeFix Solutions,Millwright,8,0,760.63
North Substation,NS_MO_2025,PRJ-NS-1162,19-01-2026,C-1040,Atlas Heavy Eng,Crane Operator,8,0,833.81
North Substation,NS_MO_2025,PRJ-NS-1390,19-01-2026,C-1013,Atlas Heavy Eng,Safety Officer,8,0,557.89
North Substation,NS_MO_2025,PRJ-NS-1215,19-01-2026,C-1001,Apex Industrial,General Labor,8,0,418.61
North Substation,NS_MO_2025,PRJ-NS-1320,19-01-2026,C-1001,Apex Industrial,General Labor,8,0,395.73
North Substation,NS_MO_2025,PRJ-NS-1325,19-01-2026,C-1019,Midwest Mech Pros,Controls Tech,8,0,1059.8
North Substation,NS_MO_2025,PRJ-NS-1263,19-01-2026,C-1039,PrimeFix Solutions,Field Engineer,8,0,1576.23
North Substation,NS_MO_2025,PRJ-NS-1347,19-01-2026,C-1027,Precision Welding,Crane Operator,8,0,887.24
North Substation,NS_MO_2025,PRJ-NS-1166,19-01-2026,C-1023,Summit Field Techs,Field Engineer,8,0,1671.06
North Substation,NS_MO_2025,PRJ-NS-1159,19-01-2026,C-1041,Precision Welding,Millwright,8,0,685.47
North Substation,NS_MO_2025,PRJ-NS-1346,19-01-2026,C-1010,PrimeFix Solutions,Field Engineer,8,0,1640.57
North Substation,NS_MO_2025,PRJ-NS-1248,19-01-2026,C-1026,Precision Welding,Controls Tech,8,0,1024.68
North Substation,NS_MO_2025,PRJ-NS-1374,19-01-2026,C-1019,Midwest Mech Pros,Controls Tech,8,0,1062.23
North Substation,NS_MO_2025,PRJ-NS-1191,19-01-2026,C-1047,Atlas Heavy Eng,Millwright,8,0,603.09
North Substation,NS_MO_2025,PRJ-NS-1380,19-01-2026,C-1006,Apex Industrial,Field Engineer,8,0,1393.45
North Substation,NS_MO_2025,PRJ-NS-1208,19-01-2026,C-1045,Midwest Mech Pros,Crane Operator,8,0,848.72
North Substation,NS_MO_2025,PRJ-NS-1335,19-01-2026,C-1019,Midwest Mech Pros,Controls Tech,8,0,1077.77
North Substation,NS_MO_2025,PRJ-NS-1302,19-01-2026,C-1011,Midwest Mech Pros,General Labor,8,0,416.91
North Substation,NS_MO_2025,PRJ-NS-1352,19-01-2026,C-1060,Summit Field Techs,General Labor,8,0,488.43
North Substation,NS_MO_2025,PRJ-NS-1394,19-01-2026,C-1029,Midwest Mech Pros,Controls Tech,8,0,974.33
North Substation,NS_MO_2025,PRJ-NS-1315,19-01-2026,C-1062,PrimeFix Solutions,General Labor,8,0,376.22
North Substation,NS_MO_2025,PRJ-NS-1334,19-01-2026,C-1005,Atlas Heavy Eng,Millwright,8,0,586.17
North Substation,NS_MO_2025,PRJ-NS-1181,19-01-2026,C-1078,Atlas Heavy Eng,Millwright,8,0,679.63
North Substation,NS_MO_2025,PRJ-NS-1183,19-01-2026,C-1078,Atlas Heavy Eng,Millwright,8,0,670.07
North Substation,NS_MO_2025,PRJ-NS-1321,19-01-2026,C-1062,PrimeFix Solutions,General Labor,8,0,375.67
North Substation,NS_MO_2025,PRJ-NS-1378,19-01-2026,C-1020,Midwest Mech Pros,Field Engineer,8,0,1157.69
North Substation,NS_MO_2025,PRJ-NS-1246,19-01-2026,C-1079,Precision Welding,Crane Operator,8,0,767.36
North Substation,NS_MO_2025,PRJ-NS-1290,19-01-2026,C-1037,PrimeFix Solutions,Controls Tech,8,0,1079.9
North Substation,NS_MO_2025,PRJ-NS-1369,19-01-2026,C-1008,Apex Industrial,Safety Officer,8,0,653.07
North Substation,NS_MO_2025,PRJ-NS-1301,19-01-2026,C-1065,PrimeFix Solutions,Safety Officer,8,0,642.66
North Substation,NS_MO_2025,PRJ-NS-1393,19-01-2026,C-1003,Summit Field Techs,Millwright,8,0,686.19
North Substation,NS_MO_2025,PRJ-NS-1295,19-01-2026,C-1005,Atlas Heavy Eng,Millwright,8,0,579.93
North Substation,NS_MO_2025,PRJ-NS-1271,19-01-2026,C-1013,Atlas Heavy Eng,Safety Officer,8,0,606.6
North Substation,NS_MO_2025,PRJ-NS-1188,19-01-2026,C-1003,Summit Field Techs,Millwright,8,0,699.46
North Substation,NS_MO_2025,PRJ-NS-1228,19-01-2026,C-1020,Midwest Mech Pros,Field Engineer,8,0,1173.09
North Substation,NS_MO_2025,PRJ-NS-1334,19-01-2026,C-1010,PrimeFix Solutions,Field Engineer,8,0,1514.72
North Substation,NS_MO_2025,PRJ-NS-1190,19-01-2026,C-1006,Apex Industrial,Field Engineer,8,0,1349.2
North Substation,NS_MO_2025,PRJ-NS-1257,19-01-2026,C-1077,Precision Welding,Safety Officer,8,0,560.45
North Substation,NS_MO_2025,PRJ-NS-1259,19-01-2026,C-1035,Summit Field Techs,General Labor,8,0,386.64
North Substation,NS_MO_2025,PRJ-NS-1261,19-01-2026,C-1018,Atlas Heavy Eng,Controls Tech,8,0,1177.12
North Substation,NS_MO_2025,PRJ-NS-1176,19-01-2026,C-1029,Midwest Mech Pros,Controls Tech,8,0,1051.92
North Substation,NS_MO_2025,PRJ-NS-1326,19-01-2026,C-1076,Apex Industrial,Safety Officer,8,0,652.66
North Substation,NS_MO_2025,PRJ-NS-1188,19-01-2026,C-1024,Apex Industrial,Millwright,8,0,710.41
North Substation,NS_MO_2025,PRJ-NS-1286,19-01-2026,C-1067,PrimeFix Solutions,Millwright,8,0,718.73
North Substation,NS_MO_2025,PRJ-NS-1189,19-01-2026,C-1074,Apex Industrial,Controls Tech,8,0,1156.71
North Substation,NS_MO_2025,PRJ-NS-1366,19-01-2026,C-1010,PrimeFix Solutions,Field Engineer,8,0,1628.61
North Substation,NS_MO_2025,PRJ-NS-1372,19-01-2026,C-1066,Apex Industrial,General Labor,8,0,373.9
North Substation,NS_MO_2025,PRJ-NS-1150,19-01-2026,C-1071,PrimeFix Solutions,Crane Operator,8,0,801.49
North Substation,NS_MO_2025,PRJ-NS-1151,19-01-2026,C-1065,PrimeFix Solutions,Safety Officer,8,0,655.26
North Substation,NS_MO_2025,PRJ-NS-1269,19-01-2026,C-1029,Midwest Mech Pros,Controls Tech,8,0,1062.82
North Substation,NS_MO_2025,PRJ-NS-1356,19-01-2026,C-1067,PrimeFix Solutions,Millwright,8,0,713.5
North Substation,NS_MO_2025,PRJ-NS-1153,19-01-2026,C-1035,Summit Field Techs,General Labor,8,0,373.57
North Substation,NS_MO_2025,PRJ-NS-1268,19-01-2026,C-1028,Midwest Mech Pros,Field Engineer,8,0,1450.6
North Substation,NS_MO_2025,PRJ-NS-1194,19-01-2026,C-1006,Apex Industrial,Field Engineer,8,0,1336.66
North Substation,NS_MO_2025,PRJ-NS-1154,19-01-2026,C-1020,Midwest Mech Pros,Field Engineer,8,0,1202.6
North Substation,NS_MO_2025,PRJ-NS-1206,19-01-2026,C-1026,Precision Welding,Controls Tech,8,0,1052.63
North Substation,NS_MO_2025,PRJ-NS-1270,19-01-2026,C-1006,Apex Industrial,Field Engineer,8,0,1342.7
North Substation,NS_MO_2025,PRJ-NS-1190,19-01-2026,C-1021,Summit Field Techs,Millwright,8,0,663.72
North Substation,NS_MO_2025,PRJ-NS-1346,19-01-2026,C-1006,Apex Industrial,Field Engineer,8,0,1398.98
North Substation,NS_MO_2025,PRJ-NS-1234,19-01-2026,C-1043,Apex Industrial,Crane Operator,8,0,783.64
North Substation,NS_MO_2025,PRJ-NS-1189,19-01-2026,C-1024,Apex Industrial,Millwright,8,0,735.99
North Substation,NS_MO_2025,PRJ-NS-1327,19-01-2026,C-1023,Summit Field Techs,Field Engineer,8,0,1673.92
North Substation,NS_MO_2025,PRJ-NS-1349,19-01-2026,C-1011,Midwest Mech Pros,General Labor,8,0,412.24
North Substation,NS_MO_2025,PRJ-NS-1189,20-01-2026,C-1074,Apex Industrial,Controls Tech,8,0,1070.99
North Substation,NS_MO_2025,PRJ-NS-1356,20-01-2026,C-1039,PrimeFix Solutions,Field Engineer,8,0,1495.13
North Substation,NS_MO_2025,PRJ-NS-1291,20-01-2026,C-1005,Atlas Heavy Eng,Millwright,8,0,599.01
North Substation,NS_MO_2025,PRJ-NS-1291,20-01-2026,C-1054,Midwest Mech Pros,General Labor,8,0,379.29
North Substation,NS_MO_2025,PRJ-NS-1257,20-01-2026,C-1077,Precision Welding,Safety Officer,8,0,588.69
North Substation,NS_MO_2025,PRJ-NS-1327,20-01-2026,C-1023,Summit Field Techs,Field Engineer,8,0,1574.63
North Substation,NS_MO_2025,PRJ-NS-1276,20-01-2026,C-1003,Summit Field Techs,Millwright,8,0,687.73
North Substation,NS_MO_2025,PRJ-NS-1326,20-01-2026,C-1053,Precision Welding,Millwright,8,0,659.49
North Substation,NS_MO_2025,PRJ-NS-1393,20-01-2026,C-1003,Summit Field Techs,Millwright,8,0,660.07
North Substation,NS_MO_2025,PRJ-NS-1190,20-01-2026,C-1006,Apex Industrial,Field Engineer,8,0,1421.56
North Substation,NS_MO_2025,PRJ-NS-1393,20-01-2026,C-1037,PrimeFix Solutions,Controls Tech,8,0,1161.15
North Substation,NS_MO_2025,PRJ-NS-1207,20-01-2026,C-1006,Apex Industrial,Field Engineer,8,0,1436.48
North Substation,NS_MO_2025,PRJ-NS-1320,20-01-2026,C-1001,Apex Industrial,General Labor,8,0,397.32
North Substation,NS_MO_2025,PRJ-NS-1322,20-01-2026,C-1019,Midwest Mech Pros,Controls Tech,8,0,1043.08
North Substation,NS_MO_2025,PRJ-NS-1186,20-01-2026,C-1058,Midwest Mech Pros,Controls Tech,8,0,1318.58
North Substation,NS_MO_2025,PRJ-NS-1342,20-01-2026,C-1031,Summit Field Techs,Crane Operator,8,0,783.28
North Substation,NS_MO_2025,PRJ-NS-1380,20-01-2026,C-1039,PrimeFix Solutions,Field Engineer,8,0,1452.87
North Substation,NS_MO_2025,PRJ-NS-1373,20-01-2026,C-1037,PrimeFix Solutions,Controls Tech,8,0,1088.76
North Substation,NS_MO_2025,PRJ-NS-1348,20-01-2026,C-1026,Precision Welding,Controls Tech,8,0,1023.6
North Substation,NS_MO_2025,PRJ-NS-1181,20-01-2026,C-1039,PrimeFix Solutions,Field Engineer,8,0,1507.65
East Peaker,EP_MO_2027,PRJ-EP-1910,20-01-2026,C-1059,PrimeFix Solutions,Field Engineer,8,0,1314.48
East Peaker,EP_MO_2027,PRJ-EP-1913,20-01-2026,C-1006,Apex Industrial,Field Engineer,8,0,1502.69
North Substation,NS_MO_2025,PRJ-NS-1255,20-01-2026,C-1000,PrimeFix Solutions,Millwright,8,0,720.91
East Peaker,EP_MO_2027,PRJ-EP-1900,20-01-2026,C-1077,Precision Welding,Safety Officer,8,0,589.12
East Peaker,EP_MO_2027,PRJ-EP-1892,20-01-2026,C-1041,Precision Welding,Millwright,8,0,697.1
North Substation,NS_MO_2025,PRJ-NS-1321,20-01-2026,C-1062,PrimeFix Solutions,General Labor,8,0,372.22
North Substation,NS_MO_2025,PRJ-NS-1259,20-01-2026,C-1043,Apex Industrial,Crane Operator,8,0,816.56
North Substation,NS_MO_2025,PRJ-NS-1332,20-01-2026,C-1052,PrimeFix Solutions,General Labor,8,0,376.78
North Substation,NS_MO_2025,PRJ-NS-1208,20-01-2026,C-1045,Midwest Mech Pros,Crane Operator,8,0,860.32
North Substation,NS_MO_2025,PRJ-NS-1315,20-01-2026,C-1020,Midwest Mech Pros,Field Engineer,8,0,1260.03
North Substation,NS_MO_2025,PRJ-NS-1152,20-01-2026,C-1053,Precision Welding,Millwright,8,0,677.5
North Substation,NS_MO_2025,PRJ-NS-1204,20-01-2026,C-1024,Apex Industrial,Millwright,8,0,736.02
North Substation,NS_MO_2025,PRJ-NS-1366,20-01-2026,C-1066,Apex Industrial,General Labor,8,0,392.82
North Substation,NS_MO_2025,PRJ-NS-1151,20-01-2026,C-1065,PrimeFix Solutions,Safety Officer,8,0,667.03
North Substation,NS_MO_2025,PRJ-NS-1301,20-01-2026,C-1013,Atlas Heavy Eng,Safety Officer,8,0,580.14
North Substation,NS_MO_2025,PRJ-NS-1211,20-01-2026,C-1067,PrimeFix Solutions,Millwright,8,0,719.98
North Substation,NS_MO_2025,PRJ-NS-1334,20-01-2026,C-1005,Atlas Heavy Eng,Millwright,8,0,634.29
North Substation,NS_MO_2025,PRJ-NS-1263,20-01-2026,C-1037,PrimeFix Solutions,Controls Tech,8,0,1146.8
North Substation,NS_MO_2025,PRJ-NS-1352,20-01-2026,C-1060,Summit Field Techs,General Labor,8,0,476.54
North Substation,NS_MO_2025,PRJ-NS-1390,20-01-2026,C-1062,PrimeFix Solutions,General Labor,8,0,389.32
North Substation,NS_MO_2025,PRJ-NS-1234,20-01-2026,C-1043,Apex Industrial,Crane Operator,8,0,860.13
North Substation,NS_MO_2025,PRJ-NS-1160,20-01-2026,C-1017,Summit Field Techs,Crane Operator,8,0,839.28
North Substation,NS_MO_2025,PRJ-NS-1200,20-01-2026,C-1005,Atlas Heavy Eng,Millwright,8,0,594.53
North Substation,NS_MO_2025,PRJ-NS-1183,20-01-2026,C-1078,Atlas Heavy Eng,Millwright,8,0,706.11
North Substation,NS_MO_2025,PRJ-NS-1366,20-01-2026,C-1010,PrimeFix Solutions,Field Engineer,8,0,1556.44
North Substation,NS_MO_2025,PRJ-NS-1265,20-01-2026,C-1079,Precision Welding,Crane Operator,8,0,766.83
North Substation,NS_MO_2025,PRJ-NS-1380,20-01-2026,C-1006,Apex Industrial,Field Engineer,8,0,1405.48
North Substation,NS_MO_2025,PRJ-NS-1315,20-01-2026,C-1062,PrimeFix Solutions,General Labor,8,0,394.35
North Substation,NS_MO_2025,PRJ-NS-1263,20-01-2026,C-1054,Midwest Mech Pros,General Labor,8,0,389.04
North Substation,NS_MO_2025,PRJ-NS-1159,20-01-2026,C-1041,Precision Welding,Millwright,8,0,700.01
North Substation,NS_MO_2025,PRJ-NS-1275,20-01-2026,C-1024,Apex Industrial,Millwright,8,0,742.22
North Substation,NS_MO_2025,PRJ-NS-1190,20-01-2026,C-1021,Summit Field Techs,Millwright,8,0,702.62
North Substation,NS_MO_2025,PRJ-NS-1181,20-01-2026,C-1078,Atlas Heavy Eng,Millwright,8,0,723.35
North Substation,NS_MO_2025,PRJ-NS-1213,20-01-2026,C-1067,PrimeFix Solutions,Millwright,8,0,697.38
North Substation,NS_MO_2025,PRJ-NS-1246,20-01-2026,C-1079,Precision Welding,Crane Operator,8,0,733.41
North Substation,NS_MO_2025,PRJ-NS-1350,20-01-2026,C-1079,Precision Welding,Crane Operator,8,0,761.1
North Substation,NS_MO_2025,PRJ-NS-1228,20-01-2026,C-1020,Midwest Mech Pros,Field Engineer,8,0,1162.71
East Peaker,EP_MO_2027,PRJ-EP-1906,20-01-2026,C-1028,Midwest Mech Pros,Field Engineer,8,0,1358.98
North Substation,NS_MO_2025,PRJ-NS-1197,20-01-2026,C-1051,Apex Industrial,Crane Operator,8,0,841.36
North Substation,NS_MO_2025,PRJ-NS-1200,20-01-2026,C-1023,Summit Field Techs,Field Engineer,8,0,1633.74
North Substation,NS_MO_2025,PRJ-NS-1182,20-01-2026,C-1029,Midwest Mech Pros,Controls Tech,8,0,1041.66
North Substation,NS_MO_2025,PRJ-NS-1206,20-01-2026,C-1026,Precision Welding,Controls Tech,8,0,996.41
North Substation,NS_MO_2025,PRJ-NS-1335,20-01-2026,C-1019,Midwest Mech Pros,Controls Tech,8,0,1043.25
North Substation,NS_MO_2025,PRJ-NS-1334,20-01-2026,C-1010,PrimeFix Solutions,Field Engineer,8,0,1603.34
North Substation,NS_MO_2025,PRJ-NS-1187,20-01-2026,C-1028,Midwest Mech Pros,Field Engineer,8,0,1520.78
North Substation,NS_MO_2025,PRJ-NS-1250,20-01-2026,C-1072,Apex Industrial,Crane Operator,8,0,767.86
North Substation,NS_MO_2025,PRJ-NS-1188,20-01-2026,C-1024,Apex Industrial,Millwright,8,0,709.21
North Substation,NS_MO_2025,PRJ-NS-1370,20-01-2026,C-1028,Midwest Mech Pros,Field Engineer,8,0,1447.73
North Substation,NS_MO_2025,PRJ-NS-1194,20-01-2026,C-1006,Apex Industrial,Field Engineer,8,0,1319.6
North Substation,NS_MO_2025,PRJ-NS-1259,20-01-2026,C-1035,Summit Field Techs,General Labor,8,0,359.5
North Substation,NS_MO_2025,PRJ-NS-1232,20-01-2026,C-1073,Precision Welding,General Labor,8,0,392.91
North Substation,NS_MO_2025,PRJ-NS-1346,20-01-2026,C-1006,Apex Industrial,Field Engineer,8,0,1304.88
North Substation,NS_MO_2025,PRJ-NS-1271,20-01-2026,C-1013,Atlas Heavy Eng,Safety Officer,8,0,564.91
North Substation,NS_MO_2025,PRJ-NS-1154,20-01-2026,C-1020,Midwest Mech Pros,Field Engineer,8,0,1187.27
North Substation,NS_MO_2025,PRJ-NS-1196,20-01-2026,C-1023,Summit Field Techs,Field Engineer,8,0,1615.79
North Substation,NS_MO_2025,PRJ-NS-1162,20-01-2026,C-1040,Atlas Heavy Eng,Crane Operator,8,0,853.78
North Substation,NS_MO_2025,PRJ-NS-1261,20-01-2026,C-1018,Atlas Heavy Eng,Controls Tech,8,0,1101.74
North Substation,NS_MO_2025,PRJ-NS-1150,20-01-2026,C-1071,PrimeFix Solutions,Crane Operator,8,0,764.33
North Substation,NS_MO_2025,PRJ-NS-1248,20-01-2026,C-1026,Precision Welding,Controls Tech,8,0,1014.96
North Substation,NS_MO_2025,PRJ-NS-1222,20-01-2026,C-1041,Precision Welding,Millwright,8,0,711.94
North Substation,NS_MO_2025,PRJ-NS-1194,20-01-2026,C-1046,Precision Welding,General Labor,8,0,426.29
East Peaker,EP_MO_2027,PRJ-EP-1907,20-01-2026,C-1045,Midwest Mech Pros,Crane Operator,8,0,907.62
North Substation,NS_MO_2025,PRJ-NS-1226,20-01-2026,C-1001,Apex Industrial,General Labor,8,0,421.39
North Substation,NS_MO_2025,PRJ-NS-1324,20-01-2026,C-1072,Apex Industrial,Crane Operator,8,0,737.6
North Substation,NS_MO_2025,PRJ-NS-1189,20-01-2026,C-1024,Apex Industrial,Millwright,8,0,755.84
North Substation,NS_MO_2025,PRJ-NS-1378,20-01-2026,C-1020,Midwest Mech Pros,Field Engineer,8,0,1260.84
North Substation,NS_MO_2025,PRJ-NS-1226,20-01-2026,C-1018,Atlas Heavy Eng,Controls Tech,8,0,1154.07
North Substation,NS_MO_2025,PRJ-NS-1270,20-01-2026,C-1006,Apex Industrial,Field Engineer,8,0,1410.8
North Substation,NS_MO_2025,PRJ-NS-1356,20-01-2026,C-1067,PrimeFix Solutions,Millwright,8,0,698.76
North Substation,NS_MO_2025,PRJ-NS-1349,20-01-2026,C-1011,Midwest Mech Pros,General Labor,8,0,409.61
North Substation,NS_MO_2025,PRJ-NS-1302,20-01-2026,C-1011,Midwest Mech Pros,General Labor,8,0,436.65
North Substation,NS_MO_2025,PRJ-NS-1269,20-01-2026,C-1029,Midwest Mech Pros,Controls Tech,8,0,977.82
North Substation,NS_MO_2025,PRJ-NS-1307,20-01-2026,C-1066,Apex Industrial,General Labor,8,0,396.75
North Substation,NS_MO_2025,PRJ-NS-1185,20-01-2026,C-1023,Summit Field Techs,Field Engineer,8,0,1623.28
North Substation,NS_MO_2025,PRJ-NS-1317,20-01-2026,C-1000,PrimeFix Solutions,Millwright,8,0,705.57
North Substation,NS_MO_2025,PRJ-NS-1159,20-01-2026,C-1006,Apex Industrial,Field Engineer,8,0,1407.16
North Substation,NS_MO_2025,PRJ-NS-1301,20-01-2026,C-1065,PrimeFix Solutions,Safety Officer,8,0,670.66
North Substation,NS_MO_2025,PRJ-NS-1313,20-01-2026,C-1005,Atlas Heavy Eng,Millwright,8,0,603.23
North Substation,NS_MO_2025,PRJ-NS-1290,20-01-2026,C-1037,PrimeFix Solutions,Controls Tech,8,0,1155.54
North Substation,NS_MO_2025,PRJ-NS-1325,20-01-2026,C-1019,Midwest Mech Pros,Controls Tech,8,0,1050.19
North Substation,NS_MO_2025,PRJ-NS-1205,20-01-2026,C-1012,Midwest Mech Pros,Controls Tech,8,0,1043.0
North Substation,NS_MO_2025,PRJ-NS-1160,20-01-2026,C-1021,Summit Field Techs,Millwright,8,0,692.81
North Substation,NS_MO_2025,PRJ-NS-1379,20-01-2026,C-1019,Midwest Mech Pros,Controls Tech,8,0,1023.59
North Substation,NS_MO_2025,PRJ-NS-1304,20-01-2026,C-1059,PrimeFix Solutions,Field Engineer,8,0,1213.12
North Substation,NS_MO_2025,PRJ-NS-1326,20-01-2026,C-1076,Apex Industrial,Safety Officer,8,0,646.2
North Substation,NS_MO_2025,PRJ-NS-1258,20-01-2026,C-1015,Atlas Heavy Eng,Controls Tech,8,0,1236.04
North Substation,NS_MO_2025,PRJ-NS-1312,20-01-2026,C-1042,PrimeFix Solutions,General Labor,8,0,432.26
North Substation,NS_MO_2025,PRJ-NS-1176,20-01-2026,C-1029,Midwest Mech Pros,Controls Tech,8,0,1045.71
North Substation,NS_MO_2025,PRJ-NS-1356,20-01-2026,C-1054,Midwest Mech Pros,General Labor,8,0,383.51
North Substation,NS_MO_2025,PRJ-NS-1324,20-01-2026,C-1078,Atlas Heavy Eng,Millwright,8,0,719.68
North Substation,NS_MO_2025,PRJ-NS-1353,20-01-2026,C-1073,Precision Welding,General Labor,8,0,374.36
North Substation,NS_MO_2025,PRJ-NS-1329,20-01-2026,C-1067,PrimeFix Solutions,Millwright,8,0,709.29
North Substation,NS_MO_2025,PRJ-NS-1302,20-01-2026,C-1035,Summit Field Techs,General Labor,8,0,383.02
North Substation,NS_MO_2025,PRJ-NS-1226,20-01-2026,C-1023,Summit Field Techs,Field Engineer,8,0,1586.26
North Substation,NS_MO_2025,PRJ-NS-1322,20-01-2026,C-1031,Summit Field Techs,Crane Operator,8,0,769.09
North Substation,NS_MO_2025,PRJ-NS-1263,20-01-2026,C-1039,PrimeFix Solutions,Field Engineer,8,0,1481.62
North Substation,NS_MO_2025,PRJ-NS-1369,20-01-2026,C-1008,Apex Industrial,Safety Officer,8,0,643.91
North Substation,NS_MO_2025,PRJ-NS-1388,20-01-2026,C-1045,Midwest Mech Pros,Crane Operator,8,0,840.82
North Substation,NS_MO_2025,PRJ-NS-1191,20-01-2026,C-1047,Atlas Heavy Eng,Millwright,8,0,586.61
North Substation,NS_MO_2025,PRJ-NS-1188,20-01-2026,C-1003,Summit Field Techs,Millwright,8,0,699.59
North Substation,NS_MO_2025,PRJ-NS-1244,20-01-2026,C-1078,Atlas Heavy Eng,Millwright,8,0,679.87
North Substation,NS_MO_2025,PRJ-NS-1384,20-01-2026,C-1035,Summit Field Techs,General Labor,8,0,361.76
North Substation,NS_MO_2025,PRJ-NS-1198,20-01-2026,C-1043,Apex Industrial,Crane Operator,8,0,853.97
North Substation,NS_MO_2025,PRJ-NS-1261,20-01-2026,C-1052,PrimeFix Solutions,General Labor,8,0,344.83
North Substation,NS_MO_2025,PRJ-NS-1330,20-01-2026,C-1071,PrimeFix Solutions,Crane Operator,8,0,792.06
North Substation,NS_MO_2025,PRJ-NS-1394,20-01-2026,C-1029,Midwest Mech Pros,Controls Tech,8,0,1011.66
North Substation,NS_MO_2025,PRJ-NS-1268,20-01-2026,C-1028,Midwest Mech Pros,Field Engineer,8,0,1510.11
North Substation,NS_MO_2025,PRJ-NS-1304,20-01-2026,C-1013,Atlas Heavy Eng,Safety Officer,8,0,556.29
North Substation,NS_MO_2025,PRJ-NS-1194,20-01-2026,C-1030,Summit Field Techs,Millwright,8,0,607.4
North Substation,NS_MO_2025,PRJ-NS-1228,20-01-2026,C-1027,Precision Welding,Crane Operator,8,0,836.04
North Substation,NS_MO_2025,PRJ-NS-1347,20-01-2026,C-1027,Precision Welding,Crane Operator,8,0,901.44
North Substation,NS_MO_2025,PRJ-NS-1192,20-01-2026,C-1040,Atlas Heavy Eng,Crane Operator,8,0,831.65
North Substation,NS_MO_2025,PRJ-NS-1295,20-01-2026,C-1005,Atlas Heavy Eng,Millwright,8,0,608.01
North Substation,NS_MO_2025,PRJ-NS-1172,20-01-2026,C-1005,Atlas Heavy Eng,Millwright,8,0,583.08
North Substation,NS_MO_2025,PRJ-NS-1162,20-01-2026,C-1069,Precision Welding,Safety Officer,8,0,544.06
North Substation,NS_MO_2025,PRJ-NS-1215,20-01-2026,C-1001,Apex Industrial,General Labor,8,0,383.86
North Substation,NS_MO_2025,PRJ-NS-1259,20-01-2026,C-1023,Summit Field Techs,Field Engineer,8,0,1568.59
North Substation,NS_MO_2025,PRJ-NS-1213,20-01-2026,C-1041,Precision Welding,Millwright,8,0,732.1
North Substation,NS_MO_2025,PRJ-NS-1390,20-01-2026,C-1013,Atlas Heavy Eng,Safety Officer,8,0,553.59
North Substation,NS_MO_2025,PRJ-NS-1295,20-01-2026,C-1059,PrimeFix Solutions,Field Engineer,8,0,1184.19
North Substation,NS_MO_2025,PRJ-NS-1286,20-01-2026,C-1067,PrimeFix Solutions,Millwright,8,0,695.58
North Substation,NS_MO_2025,PRJ-NS-1342,20-01-2026,C-1030,Summit Field Techs,Millwright,8,0,657.17
North Substation,NS_MO_2025,PRJ-NS-1288,20-01-2026,C-1077,Precision Welding,Safety Officer,8,0,555.82
North Substation,NS_MO_2025,PRJ-NS-1361,20-01-2026,C-1073,Precision Welding,General Labor,8,0,363.66
North Substation,NS_MO_2025,PRJ-NS-1311,20-01-2026,C-1039,PrimeFix Solutions,Field Engineer,8,0,1474.28
North Substation,NS_MO_2025,PRJ-NS-1300,20-01-2026,C-1023,Summit Field Techs,Field Engineer,8,0,1622.07
North Substation,NS_MO_2025,PRJ-NS-1346,20-01-2026,C-1010,PrimeFix Solutions,Field Engineer,8,0,1573.22
North Substation,NS_MO_2025,PRJ-NS-1153,20-01-2026,C-1035,Summit Field Techs,General Labor,8,0,385.98
North Substation,NS_MO_2025,PRJ-NS-1172,20-01-2026,C-1013,Atlas Heavy Eng,Safety Officer,8,0,598.96
North Substation,NS_MO_2025,PRJ-NS-1312,20-01-2026,C-1010,PrimeFix Solutions,Field Engineer,8,0,1645.07
North Substation,NS_MO_2025,PRJ-NS-1258,20-01-2026,C-1060,Summit Field Techs,General Labor,8,0,479.95
North Substation,NS_MO_2025,PRJ-NS-1181,20-01-2026,C-1069,Precision Welding,Safety Officer,8,0,514.48
North Substation,NS_MO_2025,PRJ-NS-1203,20-01-2026,C-1006,Apex Industrial,Field Engineer,8,0,1322.69
North Substation,NS_MO_2025,PRJ-NS-1374,20-01-2026,C-1019,Midwest Mech Pros,Controls Tech,8,0,1017.86
North Substation,NS_MO_2025,PRJ-NS-1393,20-01-2026,C-1000,PrimeFix Solutions,Millwright,8,0,703.55
North Substation,NS_MO_2025,PRJ-NS-1375,20-01-2026,C-1012,Midwest Mech Pros,Controls Tech,8,0,1016.04
North Substation,NS_MO_2025,PRJ-NS-1390,21-01-2026,C-1062,PrimeFix Solutions,General Labor,8,0,372.92
North Substation,NS_MO_2025,PRJ-NS-1189,21-01-2026,C-1074,Apex Industrial,Controls Tech,8,0,1118.58
North Substation,NS_MO_2025,PRJ-NS-1215,21-01-2026,C-1001,Apex Industrial,General Labor,8,0,399.52
North Substation,NS_MO_2025,PRJ-NS-1228,21-01-2026,C-1020,Midwest Mech Pros,Field Engineer,8,0,1202.42
North Substation,NS_MO_2025,PRJ-NS-1190,21-01-2026,C-1006,Apex Industrial,Field Engineer,8,0,1313.2
North Substation,NS_MO_2025,PRJ-NS-1329,21-01-2026,C-1067,PrimeFix Solutions,Millwright,8,0,735.63
North Substation,NS_MO_2025,PRJ-NS-1270,21-01-2026,C-1006,Apex Industrial,Field Engineer,8,0,1415.26
North Substation,NS_MO_2025,PRJ-NS-1250,21-01-2026,C-1072,Apex Industrial,Crane Operator,8,0,763.18
North Substation,NS_MO_2025,PRJ-NS-1258,21-01-2026,C-1060,Summit Field Techs,General Labor,8,0,455.34
North Substation,NS_MO_2025,PRJ-NS-1152,21-01-2026,C-1053,Precision Welding,Millwright,8,0,661.14
North Substation,NS_MO_2025,PRJ-NS-1349,21-01-2026,C-1011,Midwest Mech Pros,General Labor,8,0,400.36
North Substation,NS_MO_2025,PRJ-NS-1312,21-01-2026,C-1042,PrimeFix Solutions,General Labor,8,0,429.31
North Substation,NS_MO_2025,PRJ-NS-1393,21-01-2026,C-1000,PrimeFix Solutions,Millwright,8,0,741.91
North Substation,NS_MO_2025,PRJ-NS-1325,21-01-2026,C-1019,Midwest Mech Pros,Controls Tech,8,0,1114.15
North Substation,NS_MO_2025,PRJ-NS-1151,21-01-2026,C-1065,PrimeFix Solutions,Safety Officer,8,0,643.92
North Substation,NS_MO_2025,PRJ-NS-1259,21-01-2026,C-1035,Summit Field Techs,General Labor,8,0,380.18
North Substation,NS_MO_2025,PRJ-NS-1211,21-01-2026,C-1067,PrimeFix Solutions,Millwright,8,0,731.88
North Substation,NS_MO_2025,PRJ-NS-1304,21-01-2026,C-1013,Atlas Heavy Eng,Safety Officer,8,0,575.81
North Substation,NS_MO_2025,PRJ-NS-1182,21-01-2026,C-1029,Midwest Mech Pros,Controls Tech,8,0,1053.88
North Substation,NS_MO_2025,PRJ-NS-1226,21-01-2026,C-1023,Summit Field Techs,Field Engineer,8,0,1669.65
North Substation,NS_MO_2025,PRJ-NS-1204,21-01-2026,C-1024,Apex Industrial,Millwright,8,0,772.49
North Substation,NS_MO_2025,PRJ-NS-1203,21-01-2026,C-1006,Apex Industrial,Field Engineer,8,0,1349.77
North Substation,NS_MO_2025,PRJ-NS-1263,21-01-2026,C-1039,PrimeFix Solutions,Field Engineer,8,0,1522.36
North Substation,NS_MO_2025,PRJ-NS-1268,21-01-2026,C-1028,Midwest Mech Pros,Field Engineer,8,0,1540.92
North Substation,NS_MO_2025,PRJ-NS-1307,21-01-2026,C-1066,Apex Industrial,General Labor,8,0,397.71
North Substation,NS_MO_2025,PRJ-NS-1302,21-01-2026,C-1035,Summit Field Techs,General Labor,8,0,368.41
North Substation,NS_MO_2025,PRJ-NS-1269,21-01-2026,C-1029,Midwest Mech Pros,Controls Tech,8,0,1063.68
North Substation,NS_MO_2025,PRJ-NS-1373,21-01-2026,C-1037,PrimeFix Solutions,Controls Tech,8,0,1135.16
North Substation,NS_MO_2025,PRJ-NS-1348,21-01-2026,C-1026,Precision Welding,Controls Tech,8,0,1063.4
North Substation,NS_MO_2025,PRJ-NS-1261,21-01-2026,C-1052,PrimeFix Solutions,General Labor,8,0,369.47
North Substation,NS_MO_2025,PRJ-NS-1236,21-01-2026,C-1005,Atlas Heavy Eng,Millwright,8,0,622.16
North Substation,NS_MO_2025,PRJ-NS-1187,21-01-2026,C-1028,Midwest Mech Pros,Field Engineer,8,0,1486.77
North Substation,NS_MO_2025,PRJ-NS-1334,21-01-2026,C-1005,Atlas Heavy Eng,Millwright,8,0,634.44
North Substation,NS_MO_2025,PRJ-NS-1313,21-01-2026,C-1005,Atlas Heavy Eng,Millwright,8,0,610.0
North Substation,NS_MO_2025,PRJ-NS-1246,21-01-2026,C-1079,Precision Welding,Crane Operator,8,0,786.41
North Substation,NS_MO_2025,PRJ-NS-1384,21-01-2026,C-1035,Summit Field Techs,General Labor,8,0,367.68
North Substation,NS_MO_2025,PRJ-NS-1275,21-01-2026,C-1024,Apex Industrial,Millwright,8,0,743.35
North Substation,NS_MO_2025,PRJ-NS-1222,21-01-2026,C-1041,Precision Welding,Millwright,8,0,716.77
North Substation,NS_MO_2025,PRJ-NS-1393,21-01-2026,C-1003,Summit Field Techs,Millwright,8,0,705.37
North Substation,NS_MO_2025,PRJ-NS-1261,21-01-2026,C-1018,Atlas Heavy Eng,Controls Tech,8,0,1087.47
North Substation,NS_MO_2025,PRJ-NS-1207,21-01-2026,C-1006,Apex Industrial,Field Engineer,8,0,1380.09
North Substation,NS_MO_2025,PRJ-NS-1380,21-01-2026,C-1039,PrimeFix Solutions,Field Engineer,8,0,1549.0
North Substation,NS_MO_2025,PRJ-NS-1259,21-01-2026,C-1043,Apex Industrial,Crane Operator,8,0,797.63
North Substation,NS_MO_2025,PRJ-NS-1304,21-01-2026,C-1059,PrimeFix Solutions,Field Engineer,8,0,1257.33
North Substation,NS_MO_2025,PRJ-NS-1356,21-01-2026,C-1054,Midwest Mech Pros,General Labor,8,0,383.84
North Substation,NS_MO_2025,PRJ-NS-1181,21-01-2026,C-1078,Atlas Heavy Eng,Millwright,8,0,677.51
North Substation,NS_MO_2025,PRJ-NS-1166,21-01-2026,C-1023,Summit Field Techs,Field Engineer,8,0,1556.13
North Substation,NS_MO_2025,PRJ-NS-1205,21-01-2026,C-1012,Midwest Mech Pros,Controls Tech,8,0,1067.47
North Substation,NS_MO_2025,PRJ-NS-1162,21-01-2026,C-1040,Atlas Heavy Eng,Crane Operator,8,0,825.27
North Substation,NS_MO_2025,PRJ-NS-1290,21-01-2026,C-1037,PrimeFix Solutions,Controls Tech,8,0,1143.0
North Substation,NS_MO_2025,PRJ-NS-1380,21-01-2026,C-1006,Apex Industrial,Field Engineer,8,0,1363.01
North Substation,NS_MO_2025,PRJ-NS-1300,21-01-2026,C-1023,Summit Field Techs,Field Engineer,8,0,1585.97
North Substation,NS_MO_2025,PRJ-NS-1378,21-01-2026,C-1020,Midwest Mech Pros,Field Engineer,8,0,1225.62
North Substation,NS_MO_2025,PRJ-NS-1350,21-01-2026,C-1079,Precision Welding,Crane Operator,8,0,792.62
West Valley Peaker,WV_HGP_2026,PRJ-WV-2339,21-01-2026,C-1039,PrimeFix Solutions,Field Engineer,8,0,1509.16
East Peaker,EP_MO_2027,PRJ-EP-1900,21-01-2026,C-1077,Precision Welding,Safety Officer,8,0,591.22
East Peaker,EP_MO_2027,PRJ-EP-1892,21-01-2026,C-1041,Precision Welding,Millwright,8,0,697.1
West Valley Peaker,WV_HGP_2026,PRJ-WV-2330,21-01-2026,C-1028,Midwest Mech Pros,Field Engineer,8,0,1461.81
West Valley Peaker,WV_HGP_2026,PRJ-WV-2338,21-01-2026,C-1010,PrimeFix Solutions,Field Engineer,8,0,1497.56
West Valley Peaker,WV_HGP_2026,PRJ-WV-2326,21-01-2026,C-1059,PrimeFix Solutions,Field Engineer,8,0,1101.5
West Valley Peaker,WV_HGP_2026,PRJ-WV-2338,21-01-2026,C-1006,Apex Industrial,Field Engineer,8,0,1267.28
West Valley Peaker,WV_HGP_2026,PRJ-WV-2332,21-01-2026,C-1010,PrimeFix Solutions,Field Engineer,8,0,1542.7
West Valley Peaker,WV_HGP_2026,PRJ-WV-2338,21-01-2026,C-1023,Summit Field Techs,Field Engineer,8,0,1448.37
West Valley Peaker,WV_HGP_2026,PRJ-WV-2332,21-01-2026,C-1010,PrimeFix Solutions,Field Engineer,8,0,1454.29
West Valley Peaker,WV_HGP_2026,PRJ-WV-2339,21-01-2026,C-1023,Summit Field Techs,Field Engineer,8,0,1573.26
West Valley Peaker,WV_HGP_2026,PRJ-WV-2345,21-01-2026,C-1059,PrimeFix Solutions,Field Engineer,8,0,1116.51
East Peaker,EP_MO_2027,PRJ-EP-1913,21-01-2026,C-1006,Apex Industrial,Field Engineer,8,0,1415.52
West Valley Peaker,WV_HGP_2026,PRJ-WV-2332,21-01-2026,C-1039,PrimeFix Solutions,Field Engineer,8,0,1560.82
West Valley Peaker,WV_HGP_2026,PRJ-WV-2345,21-01-2026,C-1059,PrimeFix Solutions,Field Engineer,8,0,1195.74
West Valley Peaker,WV_HGP_2026,PRJ-WV-2339,21-01-2026,C-1028,Midwest Mech Pros,Field Engineer,8,0,1446.05
West Valley Peaker,WV_HGP_2026,PRJ-WV-2332,21-01-2026,C-1020,Midwest Mech Pros,Field Engineer,8,0,1214.39
West Valley Peaker,WV_HGP_2026,PRJ-WV-2330,21-01-2026,C-1059,PrimeFix Solutions,Field Engineer,8,0,1226.32
West Valley Peaker,WV_HGP_2026,PRJ-WV-2326,21-01-2026,C-1023,Summit Field Techs,Field Engineer,8,0,1527.5
West Valley Peaker,WV_HGP_2026,PRJ-WV-2338,21-01-2026,C-1010,PrimeFix Solutions,Field Engineer,8,0,1512.14
West Valley Peaker,WV_HGP_2026,PRJ-WV-2332,21-01-2026,C-1006,Apex Industrial,Field Engineer,8,0,1402.09
West Valley Peaker,WV_HGP_2026,PRJ-WV-2338,21-01-2026,C-1006,Apex Industrial,Field Engineer,8,0,1436.88
West Valley Peaker,WV_HGP_2026,PRJ-WV-2338,21-01-2026,C-1028,Midwest Mech Pros,Field Engineer,8,0,1470.44
West Valley Peaker,WV_HGP_2026,PRJ-WV-2326,21-01-2026,C-1010,PrimeFix Solutions,Field Engineer,8,0,1485.85
West Valley Peaker,WV_HGP_2026,PRJ-WV-2345,21-01-2026,C-1059,PrimeFix Solutions,Field Engineer,8,0,1130.27
West Valley Peaker,WV_HGP_2026,PRJ-WV-2338,21-01-2026,C-1059,PrimeFix Solutions,Field Engineer,8,0,1296.98
West Valley Peaker,WV_HGP_2026,PRJ-WV-2332,21-01-2026,C-1023,Summit Field Techs,Field Engineer,8,0,1674.39
East Peaker,EP_MO_2027,PRJ-EP-1910,21-01-2026,C-1059,PrimeFix Solutions,Field Engineer,8,0,1274.5
East Peaker,EP_MO_2027,PRJ-EP-1906,21-01-2026,C-1028,Midwest Mech Pros,Field Engineer,8,0,1569.06
East Peaker,EP_MO_2027,PRJ-EP-1907,21-01-2026,C-1045,Midwest Mech Pros,Crane Operator,8,0,888.97
West Valley Peaker,WV_HGP_2026,PRJ-WV-2339,21-01-2026,C-1006,Apex Industrial,Field Engineer,8,0,1410.97
North Substation,NS_MO_2025,PRJ-NS-1356,22-01-2026,C-1054,Midwest Mech Pros,General Labor,8,0,379.39
North Substation,NS_MO_2025,PRJ-NS-1162,22-01-2026,C-1040,Atlas Heavy Eng,Crane Operator,8,0,818.15
North Substation,NS_MO_2025,PRJ-NS-1304,22-01-2026,C-1059,PrimeFix Solutions,Field Engineer,8,0,1255.57
North Substation,NS_MO_2025,PRJ-NS-1176,22-01-2026,C-1029,Midwest Mech Pros,Controls Tech,8,0,1015.74
North Substation,NS_MO_2025,PRJ-NS-1275,22-01-2026,C-1024,Apex Industrial,Millwright,8,0,775.0
North Substation,NS_MO_2025,PRJ-NS-1206,22-01-2026,C-1026,Precision Welding,Controls Tech,8,0,1003.55
North Substation,NS_MO_2025,PRJ-NS-1269,22-01-2026,C-1029,Midwest Mech Pros,Controls Tech,8,0,973.25
North Substation,NS_MO_2025,PRJ-NS-1301,22-01-2026,C-1065,PrimeFix Solutions,Safety Officer,8,0,631.53
North Substation,NS_MO_2025,PRJ-NS-1324,22-01-2026,C-1078,Atlas Heavy Eng,Millwright,8,0,710.74
North Substation,NS_MO_2025,PRJ-NS-1236,22-01-2026,C-1005,Atlas Heavy Eng,Millwright,8,0,615.77
North Substation,NS_MO_2025,PRJ-NS-1213,22-01-2026,C-1041,Precision Welding,Millwright,8,0,739.69
North Substation,NS_MO_2025,PRJ-NS-1255,22-01-2026,C-1000,PrimeFix Solutions,Millwright,8,0,714.6
North Substation,NS_MO_2025,PRJ-NS-1315,22-01-2026,C-1020,Midwest Mech Pros,Field Engineer,8,0,1237.42
North Substation,NS_MO_2025,PRJ-NS-1394,22-01-2026,C-1029,Midwest Mech Pros,Controls Tech,8,0,1018.12
North Substation,NS_MO_2025,PRJ-NS-1263,22-01-2026,C-1054,Midwest Mech Pros,General Labor,8,0,417.94
North Substation,NS_MO_2025,PRJ-NS-1347,22-01-2026,C-1027,Precision Welding,Crane Operator,8,0,916.36
North Substation,NS_MO_2025,PRJ-NS-1160,22-01-2026,C-1017,Summit Field Techs,Crane Operator,8,0,811.67
North Substation,NS_MO_2025,PRJ-NS-1270,22-01-2026,C-1006,Apex Industrial,Field Engineer,8,0,1355.36
North Substation,NS_MO_2025,PRJ-NS-1152,22-01-2026,C-1053,Precision Welding,Millwright,8,0,665.95
North Substation,NS_MO_2025,PRJ-NS-1244,22-01-2026,C-1078,Atlas Heavy Eng,Millwright,8,0,718.93
North Substation,NS_MO_2025,PRJ-NS-1250,22-01-2026,C-1072,Apex Industrial,Crane Operator,8,0,767.61
North Substation,NS_MO_2025,PRJ-NS-1259,22-01-2026,C-1035,Summit Field Techs,General Labor,8,0,352.15
North Substation,NS_MO_2025,PRJ-NS-1226,22-01-2026,C-1018,Atlas Heavy Eng,Controls Tech,8,0,1123.68
North Substation,NS_MO_2025,PRJ-NS-1189,22-01-2026,C-1074,Apex Industrial,Controls Tech,8,0,1067.7
North Substation,NS_MO_2025,PRJ-NS-1342,22-01-2026,C-1031,Summit Field Techs,Crane Operator,8,0,773.11
South Gen Unit 1,SG_F_EDF_2026,PRJ-SG-1432,22-01-2026,C-1079,Precision Welding,Crane Operator,8,0,750.2
East Peaker,EP_MO_2027,PRJ-EP-1910,22-01-2026,C-1059,PrimeFix Solutions,Field Engineer,8,0,1338.79
Coast BaseLoad,CB_MO_2027,PRJ-CB-2531,22-01-2026,C-1030,Summit Field Techs,Millwright,8,0,625.69
Coast BaseLoad,CB_MO_2027,PRJ-CB-2517,22-01-2026,C-1023,Summit Field Techs,Field Engineer,8,0,1728.62
Coast BaseLoad,CB_MO_2027,PRJ-CB-2517,22-01-2026,C-1065,PrimeFix Solutions,Safety Officer,8,0,619.67
Coast BaseLoad,CB_MO_2027,PRJ-CB-2514,22-01-2026,C-1010,PrimeFix Solutions,Field Engineer,8,0,1548.12
Coast BaseLoad,CB_MO_2027,PRJ-CB-2531,22-01-2026,C-1023,Summit Field Techs,Field Engineer,8,0,1566.48
Coast BaseLoad,CB_MO_2027,PRJ-CB-2526,22-01-2026,C-1066,Apex Industrial,General Labor,8,0,389.22
East Peaker,EP_MO_2027,PRJ-EP-1892,22-01-2026,C-1041,Precision Welding,Millwright,8,0,692.59
East Peaker,EP_MO_2027,PRJ-EP-1900,22-01-2026,C-1077,Precision Welding,Safety Officer,8,0,561.49
East Peaker,EP_MO_2027,PRJ-EP-1913,22-01-2026,C-1006,Apex Industrial,Field Engineer,8,0,1427.04
East Peaker,EP_MO_2027,PRJ-EP-1907,22-01-2026,C-1045,Midwest Mech Pros,Crane Operator,8,0,910.27
East Peaker,EP_MO_2027,PRJ-EP-1906,22-01-2026,C-1028,Midwest Mech Pros,Field Engineer,8,0,1618.05
South Gen Unit 1,SG_F_EDF_2026,PRJ-SG-1432,22-01-2026,C-1046,Precision Welding,General Labor,8,0,410.01
South Gen Unit 1,SG_F_EDF_2026,PRJ-SG-1449,22-01-2026,C-1017,Summit Field Techs,Crane Operator,8,0,885.83
South Gen Unit 1,SG_F_EDF_2026,PRJ-SG-1440,22-01-2026,C-1020,Midwest Mech Pros,Field Engineer,8,0,1089.54
South Gen Unit 1,SG_F_EDF_2026,PRJ-SG-1454,22-01-2026,C-1015,Atlas Heavy Eng,Controls Tech,8,0,1318.61
South Gen Unit 1,SG_F_EDF_2026,PRJ-SG-1452,22-01-2026,C-1028,Midwest Mech Pros,Field Engineer,8,0,1470.48
South Gen Unit 1,SG_F_EDF_2026,PRJ-SG-1453,22-01-2026,C-1047,Atlas Heavy Eng,Millwright,8,0,612.73
South Gen Unit 1,SG_F_EDF_2026,PRJ-SG-1440,22-01-2026,C-1078,Atlas Heavy Eng,Millwright,8,0,663.53
South Gen Unit 1,SG_F_EDF_2026,PRJ-SG-1440,22-01-2026,C-1023,Summit Field Techs,Field Engineer,8,0,1503.27
South Gen Unit 1,SG_F_EDF_2026,PRJ-SG-1429,22-01-2026,C-1039,PrimeFix Solutions,Field Engineer,8,0,1564.67
South Gen Unit 1,SG_F_EDF_2026,PRJ-SG-1434,22-01-2026,C-1008,Apex Industrial,Safety Officer,8,0,671.88
South Gen Unit 1,SG_F_EDF_2026,PRJ-SG-1445,22-01-2026,C-1060,Summit Field Techs,General Labor,8,0,484.01
North Substation,NS_MO_2025,PRJ-NS-1150,22-01-2026,C-1071,PrimeFix Solutions,Crane Operator,8,0,824.7
North Substation,NS_MO_2025,PRJ-NS-1276,22-01-2026,C-1003,Summit Field Techs,Millwright,8,0,704.15
North Substation,NS_MO_2025,PRJ-NS-1288,22-01-2026,C-1077,Precision Welding,Safety Officer,8,0,584.45
North Substation,NS_MO_2025,PRJ-NS-1154,22-01-2026,C-1020,Midwest Mech Pros,Field Engineer,8,0,1255.61
North Substation,NS_MO_2025,PRJ-NS-1204,22-01-2026,C-1024,Apex Industrial,Millwright,8,0,738.77
North Substation,NS_MO_2025,PRJ-NS-1186,22-01-2026,C-1058,Midwest Mech Pros,Controls Tech,8,0,1218.0
North Substation,NS_MO_2025,PRJ-NS-1315,22-01-2026,C-1062,PrimeFix Solutions,General Labor,8,0,396.03
North Substation,NS_MO_2025,PRJ-NS-1159,22-01-2026,C-1006,Apex Industrial,Field Engineer,8,0,1386.98
North Substation,NS_MO_2025,PRJ-NS-1373,22-01-2026,C-1037,PrimeFix Solutions,Controls Tech,8,0,1117.96
North Substation,NS_MO_2025,PRJ-NS-1295,22-01-2026,C-1059,PrimeFix Solutions,Field Engineer,8,0,1207.97
North Substation,NS_MO_2025,PRJ-NS-1353,22-01-2026,C-1073,Precision Welding,General Labor,8,0,384.18
North Substation,NS_MO_2025,PRJ-NS-1172,22-01-2026,C-1013,Atlas Heavy Eng,Safety Officer,8,0,566.43
North Substation,NS_MO_2025,PRJ-NS-1197,22-01-2026,C-1051,Apex Industrial,Crane Operator,8,0,814.55
North Substation,NS_MO_2025,PRJ-NS-1181,22-01-2026,C-1078,Atlas Heavy Eng,Millwright,8,0,669.39
North Substation,NS_MO_2025,PRJ-NS-1166,22-01-2026,C-1023,Summit Field Techs,Field Engineer,8,0,1550.54
North Substation,NS_MO_2025,PRJ-NS-1312,22-01-2026,C-1042,PrimeFix Solutions,General Labor,8,0,405.2
North Substation,NS_MO_2025,PRJ-NS-1246,22-01-2026,C-1079,Precision Welding,Crane Operator,8,0,767.14
North Substation,NS_MO_2025,PRJ-NS-1311,22-01-2026,C-1039,PrimeFix Solutions,Field Engineer,8,0,1444.27
North Substation,NS_MO_2025,PRJ-NS-1342,22-01-2026,C-1030,Summit Field Techs,Millwright,8,0,614.39
North Substation,NS_MO_2025,PRJ-NS-1323,22-01-2026,C-1079,Precision Welding,Crane Operator,8,0,754.16
North Substation,NS_MO_2025,PRJ-NS-1259,22-01-2026,C-1023,Summit Field Techs,Field Engineer,8,0,1547.54
North Substation,NS_MO_2025,PRJ-NS-1390,22-01-2026,C-1062,PrimeFix Solutions,General Labor,8,0,394.06
North Substation,NS_MO_2025,PRJ-NS-1271,22-01-2026,C-1013,Atlas Heavy Eng,Safety Officer,8,0,594.22
North Substation,NS_MO_2025,PRJ-NS-1329,22-01-2026,C-1067,PrimeFix Solutions,Millwright,8,0,738.98
North Substation,NS_MO_2025,PRJ-NS-1183,22-01-2026,C-1078,Atlas Heavy Eng,Millwright,8,0,676.3
North Substation,NS_MO_2025,PRJ-NS-1189,22-01-2026,C-1024,Apex Industrial,Millwright,8,0,731.82
North Substation,NS_MO_2025,PRJ-NS-1307,22-01-2026,C-1066,Apex Industrial,General Labor,8,0,398.99
North Substation,NS_MO_2025,PRJ-NS-1304,22-01-2026,C-1013,Atlas Heavy Eng,Safety Officer,8,0,589.0
North Substation,NS_MO_2025,PRJ-NS-1366,22-01-2026,C-1066,Apex Industrial,General Labor,8,0,397.93
North Substation,NS_MO_2025,PRJ-NS-1258,22-01-2026,C-1060,Summit Field Techs,General Labor,8,0,454.94
North Substation,NS_MO_2025,PRJ-NS-1190,22-01-2026,C-1006,Apex Industrial,Field Engineer,8,0,1360.1
North Substation,NS_MO_2025,PRJ-NS-1188,22-01-2026,C-1003,Summit Field Techs,Millwright,8,0,652.88
North Substation,NS_MO_2025,PRJ-NS-1263,22-01-2026,C-1039,PrimeFix Solutions,Field Engineer,8,0,1449.82
North Substation,NS_MO_2025,PRJ-NS-1191,22-01-2026,C-1047,Atlas Heavy Eng,Millwright,8,0,629.83
North Substation,NS_MO_2025,PRJ-NS-1349,22-01-2026,C-1011,Midwest Mech Pros,General Labor,8,0,407.54
North Substation,NS_MO_2025,PRJ-NS-1228,22-01-2026,C-1020,Midwest Mech Pros,Field Engineer,8,0,1191.76
North Substation,NS_MO_2025,PRJ-NS-1188,22-01-2026,C-1024,Apex Industrial,Millwright,8,0,748.89
North Substation,NS_MO_2025,PRJ-NS-1302,22-01-2026,C-1035,Summit Field Techs,General Labor,8,0,372.55
North Substation,NS_MO_2025,PRJ-NS-1257,22-01-2026,C-1077,Precision Welding,Safety Officer,8,0,544.03
North Substation,NS_MO_2025,PRJ-NS-1291,22-01-2026,C-1054,Midwest Mech Pros,General Labor,8,0,405.38
North Substation,NS_MO_2025,PRJ-NS-1265,22-01-2026,C-1079,Precision Welding,Crane Operator,8,0,756.97
North Substation,NS_MO_2025,PRJ-NS-1334,22-01-2026,C-1010,PrimeFix Solutions,Field Engineer,8,0,1576.18
North Substation,NS_MO_2025,PRJ-NS-1313,22-01-2026,C-1005,Atlas Heavy Eng,Millwright,8,0,605.47
North Substation,NS_MO_2025,PRJ-NS-1346,22-01-2026,C-1006,Apex Industrial,Field Engineer,8,0,1365.05
North Substation,NS_MO_2025,PRJ-NS-1346,22-01-2026,C-1010,PrimeFix Solutions,Field Engineer,8,0,1655.04
North Substation,NS_MO_2025,PRJ-NS-1215,22-01-2026,C-1001,Apex Industrial,General Labor,8,0,420.9
North Substation,NS_MO_2025,PRJ-NS-1393,22-01-2026,C-1037,PrimeFix Solutions,Controls Tech,8,0,1083.63
North Substation,NS_MO_2025,PRJ-NS-1258,22-01-2026,C-1015,Atlas Heavy Eng,Controls Tech,8,0,1252.14
North Substation,NS_MO_2025,PRJ-NS-1322,22-01-2026,C-1019,Midwest Mech Pros,Controls Tech,8,0,1054.52
North Substation,NS_MO_2025,PRJ-NS-1375,22-01-2026,C-1012,Midwest Mech Pros,Controls Tech,8,0,979.91
North Substation,NS_MO_2025,PRJ-NS-1248,22-01-2026,C-1026,Precision Welding,Controls Tech,8,0,1043.46
North Substation,NS_MO_2025,PRJ-NS-1374,22-01-2026,C-1019,Midwest Mech Pros,Controls Tech,8,0,1045.95
North Substation,NS_MO_2025,PRJ-NS-1356,22-01-2026,C-1067,PrimeFix Solutions,Millwright,8,0,749.49
North Substation,NS_MO_2025,PRJ-NS-1322,22-01-2026,C-1031,Summit Field Techs,Crane Operator,8,0,759.19
North Substation,NS_MO_2025,PRJ-NS-1200,22-01-2026,C-1023,Summit Field Techs,Field Engineer,8,0,1629.93
North Substation,NS_MO_2025,PRJ-NS-1172,22-01-2026,C-1005,Atlas Heavy Eng,Millwright,8,0,594.54
North Substation,NS_MO_2025,PRJ-NS-1330,22-01-2026,C-1071,PrimeFix Solutions,Crane Operator,8,0,823.75
North Substation,NS_MO_2025,PRJ-NS-1268,22-01-2026,C-1028,Midwest Mech Pros,Field Engineer,8,0,1532.1
North Substation,NS_MO_2025,PRJ-NS-1182,22-01-2026,C-1029,Midwest Mech Pros,Controls Tech,8,0,989.24
North Substation,NS_MO_2025,PRJ-NS-1380,22-01-2026,C-1039,PrimeFix Solutions,Field Engineer,8,0,1472.8
North Substation,NS_MO_2025,PRJ-NS-1198,22-01-2026,C-1043,Apex Industrial,Crane Operator,8,0,841.94
North Substation,NS_MO_2025,PRJ-NS-1228,22-01-2026,C-1027,Precision Welding,Crane Operator,8,0,854.73
North Substation,NS_MO_2025,PRJ-NS-1317,22-01-2026,C-1000,PrimeFix Solutions,Millwright,8,0,678.24
North Substation,NS_MO_2025,PRJ-NS-1370,22-01-2026,C-1028,Midwest Mech Pros,Field Engineer,8,0,1539.18
North Substation,NS_MO_2025,PRJ-NS-1302,22-01-2026,C-1011,Midwest Mech Pros,General Labor,8,0,427.12
North Substation,NS_MO_2025,PRJ-NS-1379,22-01-2026,C-1019,Midwest Mech Pros,Controls Tech,8,0,1082.73
North Substation,NS_MO_2025,PRJ-NS-1159,22-01-2026,C-1041,Precision Welding,Millwright,8,0,713.41
North Substation,NS_MO_2025,PRJ-NS-1354,22-01-2026,C-1066,Apex Industrial,General Labor,8,0,377.4
North Substation,NS_MO_2025,PRJ-NS-1190,22-01-2026,C-1021,Summit Field Techs,Millwright,8,0,647.44
North Substation,NS_MO_2025,PRJ-NS-1259,22-01-2026,C-1043,Apex Industrial,Crane Operator,8,0,801.2
North Substation,NS_MO_2025,PRJ-NS-1348,22-01-2026,C-1026,Precision Welding,Controls Tech,8,0,1061.04
North Substation,NS_MO_2025,PRJ-NS-1181,22-01-2026,C-1069,Precision Welding,Safety Officer,8,0,548.01
North Substation,NS_MO_2025,PRJ-NS-1372,22-01-2026,C-1066,Apex Industrial,General Labor,8,0,392.69
North Substation,NS_MO_2025,PRJ-NS-1181,22-01-2026,C-1039,PrimeFix Solutions,Field Engineer,8,0,1445.31
North Substation,NS_MO_2025,PRJ-NS-1300,22-01-2026,C-1023,Summit Field Techs,Field Engineer,8,0,1643.8
North Substation,NS_MO_2025,PRJ-NS-1263,22-01-2026,C-1037,PrimeFix Solutions,Controls Tech,8,0,1136.75
North Substation,NS_MO_2025,PRJ-NS-1335,22-01-2026,C-1019,Midwest Mech Pros,Controls Tech,8,0,1082.9
North Substation,NS_MO_2025,PRJ-NS-1207,22-01-2026,C-1006,Apex Industrial,Field Engineer,8,0,1326.75
North Substation,NS_MO_2025,PRJ-NS-1291,22-01-2026,C-1005,Atlas Heavy Eng,Millwright,8,0,587.27
North Substation,NS_MO_2025,PRJ-NS-1393,22-01-2026,C-1000,PrimeFix Solutions,Millwright,8,0,729.65
North Substation,NS_MO_2025,PRJ-NS-1352,22-01-2026,C-1060,Summit Field Techs,General Labor,8,0,479.83
North Substation,NS_MO_2025,PRJ-NS-1369,22-01-2026,C-1008,Apex Industrial,Safety Officer,8,0,663.46
North Substation,NS_MO_2025,PRJ-NS-1196,22-01-2026,C-1023,Summit Field Techs,Field Engineer,8,0,1525.06
North Substation,NS_MO_2025,PRJ-NS-1205,22-01-2026,C-1012,Midwest Mech Pros,Controls Tech,8,0,1024.33
North Substation,NS_MO_2025,PRJ-NS-1372,23-01-2026,C-1066,Apex Industrial,General Labor,8,0,371.6
North Substation,NS_MO_2025,PRJ-NS-1320,23-01-2026,C-1001,Apex Industrial,General Labor,8,0,383.93
North Substation,NS_MO_2025,PRJ-NS-1154,23-01-2026,C-1020,Midwest Mech Pros,Field Engineer,8,0,1153.79
North Substation,NS_MO_2025,PRJ-NS-1329,23-01-2026,C-1067,PrimeFix Solutions,Millwright,8,0,734.85
North Substation,NS_MO_2025,PRJ-NS-1302,23-01-2026,C-1011,Midwest Mech Pros,General Labor,8,0,425.09
North Substation,NS_MO_2025,PRJ-NS-1191,23-01-2026,C-1047,Atlas Heavy Eng,Millwright,8,0,612.85
North Substation,NS_MO_2025,PRJ-NS-1370,23-01-2026,C-1028,Midwest Mech Pros,Field Engineer,8,0,1510.36
North Substation,NS_MO_2025,PRJ-NS-1352,23-01-2026,C-1060,Summit Field Techs,General Labor,8,0,486.82
North Substation,NS_MO_2025,PRJ-NS-1322,23-01-2026,C-1031,Summit Field Techs,Crane Operator,8,0,709.46
North Substation,NS_MO_2025,PRJ-NS-1265,23-01-2026,C-1079,Precision Welding,Crane Operator,8,0,774.69
North Substation,NS_MO_2025,PRJ-NS-1324,23-01-2026,C-1078,Atlas Heavy Eng,Millwright,8,0,669.94
North Substation,NS_MO_2025,PRJ-NS-1160,23-01-2026,C-1021,Summit Field Techs,Millwright,8,0,699.44
North Substation,NS_MO_2025,PRJ-NS-1162,23-01-2026,C-1040,Atlas Heavy Eng,Crane Operator,8,0,851.79
North Substation,NS_MO_2025,PRJ-NS-1325,23-01-2026,C-1019,Midwest Mech Pros,Controls Tech,8,0,1023.08
North Substation,NS_MO_2025,PRJ-NS-1150,23-01-2026,C-1071,PrimeFix Solutions,Crane Operator,8,0,800.11
North Substation,NS_MO_2025,PRJ-NS-1356,23-01-2026,C-1039,PrimeFix Solutions,Field Engineer,8,0,1490.6
North Substation,NS_MO_2025,PRJ-NS-1172,23-01-2026,C-1005,Atlas Heavy Eng,Millwright,8,0,580.39
North Substation,NS_MO_2025,PRJ-NS-1311,23-01-2026,C-1039,PrimeFix Solutions,Field Engineer,8,0,1468.32
North Substation,NS_MO_2025,PRJ-NS-1393,23-01-2026,C-1037,PrimeFix Solutions,Controls Tech,8,0,1124.6
North Substation,NS_MO_2025,PRJ-NS-1313,23-01-2026,C-1005,Atlas Heavy Eng,Millwright,8,0,596.14
North Substation,NS_MO_2025,PRJ-NS-1257,23-01-2026,C-1077,Precision Welding,Safety Officer,8,0,586.47
North Substation,NS_MO_2025,PRJ-NS-1176,23-01-2026,C-1029,Midwest Mech Pros,Controls Tech,8,0,1015.3
North Substation,NS_MO_2025,PRJ-NS-1160,23-01-2026,C-1017,Summit Field Techs,Crane Operator,8,0,882.42
North Substation,NS_MO_2025,PRJ-NS-1302,23-01-2026,C-1035,Summit Field Techs,General Labor,8,0,369.05
North Substation,NS_MO_2025,PRJ-NS-1204,23-01-2026,C-1024,Apex Industrial,Millwright,8,0,717.15
North Substation,NS_MO_2025,PRJ-NS-1153,23-01-2026,C-1035,Summit Field Techs,General Labor,8,0,351.08
North Substation,NS_MO_2025,PRJ-NS-1375,23-01-2026,C-1012,Midwest Mech Pros,Controls Tech,8,0,1046.94
North Substation,NS_MO_2025,PRJ-NS-1194,23-01-2026,C-1046,Precision Welding,General Labor,8,0,429.98
North Substation,NS_MO_2025,PRJ-NS-1211,23-01-2026,C-1067,PrimeFix Solutions,Millwright,8,0,707.54
North Substation,NS_MO_2025,PRJ-NS-1326,23-01-2026,C-1053,Precision Welding,Millwright,8,0,641.37
North Substation,NS_MO_2025,PRJ-NS-1198,23-01-2026,C-1043,Apex Industrial,Crane Operator,8,0,820.54
North Substation,NS_MO_2025,PRJ-NS-1181,23-01-2026,C-1039,PrimeFix Solutions,Field Engineer,8,0,1456.86
North Substation,NS_MO_2025,PRJ-NS-1271,23-01-2026,C-1013,Atlas Heavy Eng,Safety Officer,8,0,571.67
North Substation,NS_MO_2025,PRJ-NS-1259,23-01-2026,C-1023,Summit Field Techs,Field Engineer,8,0,1577.83
North Substation,NS_MO_2025,PRJ-NS-1181,23-01-2026,C-1069,Precision Welding,Safety Officer,8,0,520.44
North Substation,NS_MO_2025,PRJ-NS-1189,23-01-2026,C-1024,Apex Industrial,Millwright,8,0,742.39
North Substation,NS_MO_2025,PRJ-NS-1259,23-01-2026,C-1035,Summit Field Techs,General Labor,8,0,360.38
North Substation,NS_MO_2025,PRJ-NS-1166,23-01-2026,C-1023,Summit Field Techs,Field Engineer,8,0,1653.05
North Substation,NS_MO_2025,PRJ-NS-1324,23-01-2026,C-1072,Apex Industrial,Crane Operator,8,0,728.73
North Substation,NS_MO_2025,PRJ-NS-1326,23-01-2026,C-1076,Apex Industrial,Safety Officer,8,0,648.99
North Substation,NS_MO_2025,PRJ-NS-1295,23-01-2026,C-1005,Atlas Heavy Eng,Millwright,8,0,599.08
North Substation,NS_MO_2025,PRJ-NS-1258,23-01-2026,C-1060,Summit Field Techs,General Labor,8,0,460.64
North Substation,NS_MO_2025,PRJ-NS-1270,23-01-2026,C-1006,Apex Industrial,Field Engineer,8,0,1420.88
North Substation,NS_MO_2025,PRJ-NS-1197,23-01-2026,C-1051,Apex Industrial,Crane Operator,8,0,881.53
North Substation,NS_MO_2025,PRJ-NS-1317,23-01-2026,C-1000,PrimeFix Solutions,Millwright,8,0,720.07
North Substation,NS_MO_2025,PRJ-NS-1248,23-01-2026,C-1026,Precision Welding,Controls Tech,8,0,1088.78
North Substation,NS_MO_2025,PRJ-NS-1206,23-01-2026,C-1026,Precision Welding,Controls Tech,8,0,1057.66
North Substation,NS_MO_2025,PRJ-NS-1172,23-01-2026,C-1013,Atlas Heavy Eng,Safety Officer,8,0,564.69
North Substation,NS_MO_2025,PRJ-NS-1152,23-01-2026,C-1053,Precision Welding,Millwright,8,0,667.32
North Substation,NS_MO_2025,PRJ-NS-1312,23-01-2026,C-1042,PrimeFix Solutions,General Labor,8,0,423.28
North Substation,NS_MO_2025,PRJ-NS-1393,23-01-2026,C-1000,PrimeFix Solutions,Millwright,8,0,746.25
North Substation,NS_MO_2025,PRJ-NS-1312,23-01-2026,C-1010,PrimeFix Solutions,Field Engineer,8,0,1545.99
North Substation,NS_MO_2025,PRJ-NS-1188,23-01-2026,C-1003,Summit Field Techs,Millwright,8,0,688.92
North Substation,NS_MO_2025,PRJ-NS-1332,23-01-2026,C-1052,PrimeFix Solutions,General Labor,8,0,371.4
North Substation,NS_MO_2025,PRJ-NS-1304,23-01-2026,C-1013,Atlas Heavy Eng,Safety Officer,8,0,571.84
North Substation,NS_MO_2025,PRJ-NS-1205,23-01-2026,C-1012,Midwest Mech Pros,Controls Tech,8,0,1016.26
North Substation,NS_MO_2025,PRJ-NS-1349,23-01-2026,C-1011,Midwest Mech Pros,General Labor,8,0,436.37
North Substation,NS_MO_2025,PRJ-NS-1393,23-01-2026,C-1003,Summit Field Techs,Millwright,8,0,666.19
North Substation,NS_MO_2025,PRJ-NS-1369,23-01-2026,C-1008,Apex Industrial,Safety Officer,8,0,685.97
North Substation,NS_MO_2025,PRJ-NS-1222,23-01-2026,C-1041,Precision Welding,Millwright,8,0,681.73
North Substation,NS_MO_2025,PRJ-NS-1342,23-01-2026,C-1030,Summit Field Techs,Millwright,8,0,602.68
North Substation,NS_MO_2025,PRJ-NS-1334,23-01-2026,C-1005,Atlas Heavy Eng,Millwright,8,0,632.75
North Substation,NS_MO_2025,PRJ-NS-1258,23-01-2026,C-1015,Atlas Heavy Eng,Controls Tech,8,0,1269.56
North Substation,NS_MO_2025,PRJ-NS-1300,23-01-2026,C-1023,Summit Field Techs,Field Engineer,8,0,1518.51
North Substation,NS_MO_2025,PRJ-NS-1187,23-01-2026,C-1028,Midwest Mech Pros,Field Engineer,8,0,1500.27
North Substation,NS_MO_2025,PRJ-NS-1380,23-01-2026,C-1006,Apex Industrial,Field Engineer,8,0,1343.98
North Substation,NS_MO_2025,PRJ-NS-1261,23-01-2026,C-1018,Atlas Heavy Eng,Controls Tech,8,0,1141.8
North Substation,NS_MO_2025,PRJ-NS-1261,23-01-2026,C-1052,PrimeFix Solutions,General Labor,8,0,377.78
North Substation,NS_MO_2025,PRJ-NS-1379,23-01-2026,C-1019,Midwest Mech Pros,Controls Tech,8,0,1046.27
North Substation,NS_MO_2025,PRJ-NS-1335,23-01-2026,C-1019,Midwest Mech Pros,Controls Tech,8,0,1120.02
North Substation,NS_MO_2025,PRJ-NS-1374,23-01-2026,C-1019,Midwest Mech Pros,Controls Tech,8,0,1081.85
North Substation,NS_MO_2025,PRJ-NS-1356,23-01-2026,C-1054,Midwest Mech Pros,General Labor,8,0,387.11
North Substation,NS_MO_2025,PRJ-NS-1151,23-01-2026,C-1065,PrimeFix Solutions,Safety Officer,8,0,641.89
North Substation,NS_MO_2025,PRJ-NS-1246,23-01-2026,C-1079,Precision Welding,Crane Operator,8,0,779.75
North Substation,NS_MO_2025,PRJ-NS-1228,23-01-2026,C-1020,Midwest Mech Pros,Field Engineer,8,0,1203.84
North Substation,NS_MO_2025,PRJ-NS-1322,23-01-2026,C-1019,Midwest Mech Pros,Controls Tech,8,0,1021.61
North Substation,NS_MO_2025,PRJ-NS-1250,23-01-2026,C-1072,Apex Industrial,Crane Operator,8,0,728.7
North Substation,NS_MO_2025,PRJ-NS-1366,23-01-2026,C-1010,PrimeFix Solutions,Field Engineer,8,0,1637.88
North Substation,NS_MO_2025,PRJ-NS-1321,23-01-2026,C-1062,PrimeFix Solutions,General Labor,8,0,383.77
North Substation,NS_MO_2025,PRJ-NS-1380,23-01-2026,C-1039,PrimeFix Solutions,Field Engineer,8,0,1528.12
North Substation,NS_MO_2025,PRJ-NS-1200,23-01-2026,C-1023,Summit Field Techs,Field Engineer,8,0,1544.04
North Substation,NS_MO_2025,PRJ-NS-1183,23-01-2026,C-1078,Atlas Heavy Eng,Millwright,8,0,691.04
North Substation,NS_MO_2025,PRJ-NS-1288,23-01-2026,C-1077,Precision Welding,Safety Officer,8,0,583.18
Metro Gen CC,MG_HGP_2026,PRJ-MG-1665,23-01-2026,C-1039,PrimeFix Solutions,Field Engineer,8,0,1669.11
North Substation,NS_MO_2025,PRJ-NS-1263,23-01-2026,C-1054,Midwest Mech Pros,General Labor,8,0,414.26
West Valley Peaker,WV_HGP_2026,PRJ-WV-2345,23-01-2026,C-1059,PrimeFix Solutions,Field Engineer,8,0,1099.11
West Valley Peaker,WV_HGP_2026,PRJ-WV-2338,23-01-2026,C-1006,Apex Industrial,Field Engineer,8,0,1424.73
South Gen Unit 1,SG_F_EDF_2026,PRJ-SG-1449,23-01-2026,C-1017,Summit Field Techs,Crane Operator,8,0,887.74
West Valley Peaker,WV_HGP_2026,PRJ-WV-2332,23-01-2026,C-1020,Midwest Mech Pros,Field Engineer,8,0,1159.44
Metro Gen CC,MG_HGP_2026,PRJ-MG-1666,23-01-2026,C-1006,Apex Industrial,Field Engineer,8,0,1323.92
West Valley Peaker,WV_HGP_2026,PRJ-WV-2339,23-01-2026,C-1039,PrimeFix Solutions,Field Engineer,8,0,1484.7
East Peaker,EP_MO_2027,PRJ-EP-1907,23-01-2026,C-1045,Midwest Mech Pros,Crane Operator,8,0,812.09
East Peaker,EP_MO_2027,PRJ-EP-1910,23-01-2026,C-1059,PrimeFix Solutions,Field Engineer,8,0,1229.42
East Peaker,EP_MO_2027,PRJ-EP-1913,23-01-2026,C-1006,Apex Industrial,Field Engineer,8,0,1344.16
East Peaker,EP_MO_2027,PRJ-EP-1900,23-01-2026,C-1077,Precision Welding,Safety Officer,8,0,531.21
East Peaker,EP_MO_2027,PRJ-EP-1892,23-01-2026,C-1041,Precision Welding,Millwright,8,0,780.5
West Valley Peaker,WV_HGP_2026,PRJ-WV-2338,23-01-2026,C-1010,PrimeFix Solutions,Field Engineer,8,0,1605.59
Metro Gen CC,MG_HGP_2026,PRJ-MG-1666,23-01-2026,C-1059,PrimeFix Solutions,Field Engineer,8,0,1147.59
Metro Gen CC,MG_HGP_2026,PRJ-MG-1663,23-01-2026,C-1010,PrimeFix Solutions,Field Engineer,8,0,1444.65
Metro Gen CC,MG_HGP_2026,PRJ-MG-1663,23-01-2026,C-1039,PrimeFix Solutions,Field Engineer,8,0,1456.83
Metro Gen CC,MG_HGP_2026,PRJ-MG-1667,23-01-2026,C-1069,Precision Welding,Safety Officer,8,0,512.32
Metro Gen CC,MG_HGP_2026,PRJ-MG-1670,23-01-2026,C-1073,Precision Welding,General Labor,8,0,391.22
West Valley Peaker,WV_HGP_2026,PRJ-WV-2326,23-01-2026,C-1010,PrimeFix Solutions,Field Engineer,8,0,1554.26
Metro Gen CC,MG_HGP_2026,PRJ-MG-1667,23-01-2026,C-1020,Midwest Mech Pros,Field Engineer,8,0,1236.71
West Valley Peaker,WV_HGP_2026,PRJ-WV-2326,23-01-2026,C-1023,Summit Field Techs,Field Engineer,8,0,1605.29
West Valley Peaker,WV_HGP_2026,PRJ-WV-2345,23-01-2026,C-1059,PrimeFix Solutions,Field Engineer,8,0,1153.47
South Gen Unit 1,SG_F_EDF_2026,PRJ-SG-1434,23-01-2026,C-1008,Apex Industrial,Safety Officer,8,0,725.14
South Gen Unit 1,SG_F_EDF_2026,PRJ-SG-1432,23-01-2026,C-1079,Precision Welding,Crane Operator,8,0,696.82
South Gen Unit 1,SG_F_EDF_2026,PRJ-SG-1453,23-01-2026,C-1047,Atlas Heavy Eng,Millwright,8,0,594.19
South Gen Unit 1,SG_F_EDF_2026,PRJ-SG-1452,23-01-2026,C-1028,Midwest Mech Pros,Field Engineer,8,0,1343.17
South Gen Unit 1,SG_F_EDF_2026,PRJ-SG-1454,23-01-2026,C-1015,Atlas Heavy Eng,Controls Tech,8,0,1110.85
East Peaker,EP_MO_2027,PRJ-EP-1906,23-01-2026,C-1028,Midwest Mech Pros,Field Engineer,8,0,1374.62
West Valley Peaker,WV_HGP_2026,PRJ-WV-2339,23-01-2026,C-1028,Midwest Mech Pros,Field Engineer,8,0,1471.73
South Gen Unit 1,SG_F_EDF_2026,PRJ-SG-1440,23-01-2026,C-1023,Summit Field Techs,Field Engineer,8,0,1672.44
South Gen Unit 1,SG_F_EDF_2026,PRJ-SG-1440,23-01-2026,C-1020,Midwest Mech Pros,Field Engineer,8,0,1154.51
South Gen Unit 1,SG_F_EDF_2026,PRJ-SG-1445,23-01-2026,C-1060,Summit Field Techs,General Labor,8,0,487.16
West Valley Peaker,WV_HGP_2026,PRJ-WV-2332,23-01-2026,C-1039,PrimeFix Solutions,Field Engineer,8,0,1514.66
South Gen Unit 1,SG_F_EDF_2026,PRJ-SG-1429,23-01-2026,C-1039,PrimeFix Solutions,Field Engineer,8,0,1506.41
South Gen Unit 1,SG_F_EDF_2026,PRJ-SG-1432,23-01-2026,C-1046,Precision Welding,General Labor,8,0,467.39
West Valley Peaker,WV_HGP_2026,PRJ-WV-2338,23-01-2026,C-1010,PrimeFix Solutions,Field Engineer,8,0,1660.05
West Valley Peaker,WV_HGP_2026,PRJ-WV-2330,23-01-2026,C-1059,PrimeFix Solutions,Field Engineer,8,0,1203.05
West Valley Peaker,WV_HGP_2026,PRJ-WV-2338,23-01-2026,C-1028,Midwest Mech Pros,Field Engineer,8,0,1532.21
West Valley Peaker,WV_HGP_2026,PRJ-WV-2339,23-01-2026,C-1006,Apex Industrial,Field Engineer,8,0,1398.08
West Valley Peaker,WV_HGP_2026,PRJ-WV-2332,23-01-2026,C-1023,Summit Field Techs,Field Engineer,8,0,1558.51
North Substation,NS_MO_2025,PRJ-NS-1353,23-01-2026,C-1073,Precision Welding,General Labor,8,0,388.03
Metro Gen CC,MG_HGP_2026,PRJ-MG-1667,23-01-2026,C-1020,Midwest Mech Pros,Field Engineer,8,0,1260.65
Metro Gen CC,MG_HGP_2026,PRJ-MG-1664,23-01-2026,C-1020,Midwest Mech Pros,Field Engineer,8,0,1181.44
North Substation,NS_MO_2025,PRJ-NS-1194,23-01-2026,C-1006,Apex Industrial,Field Engineer,8,0,1427.6
North Substation,NS_MO_2025,PRJ-NS-1215,23-01-2026,C-1001,Apex Industrial,General Labor,8,0,417.04
North Substation,NS_MO_2025,PRJ-NS-1327,23-01-2026,C-1023,Summit Field Techs,Field Engineer,8,0,1656.56
Metro Gen CC,MG_HGP_2026,PRJ-MG-1665,23-01-2026,C-1020,Midwest Mech Pros,Field Engineer,8,0,1108.74
West Valley Peaker,WV_HGP_2026,PRJ-WV-2332,23-01-2026,C-1006,Apex Industrial,Field Engineer,8,0,1329.38
West Valley Peaker,WV_HGP_2026,PRJ-WV-2338,23-01-2026,C-1059,PrimeFix Solutions,Field Engineer,8,0,1183.65
West Valley Peaker,WV_HGP_2026,PRJ-WV-2345,23-01-2026,C-1059,PrimeFix Solutions,Field Engineer,8,0,1171.63
South Gen Unit 1,SG_F_EDF_2026,PRJ-SG-1440,23-01-2026,C-1078,Atlas Heavy Eng,Millwright,8,0,659.45
West Valley Peaker,WV_HGP_2026,PRJ-WV-2339,23-01-2026,C-1023,Summit Field Techs,Field Engineer,8,0,1500.8
West Valley Peaker,WV_HGP_2026,PRJ-WV-2332,23-01-2026,C-1010,PrimeFix Solutions,Field Engineer,8,0,1736.63
West Valley Peaker,WV_HGP_2026,PRJ-WV-2338,23-01-2026,C-1023,Summit Field Techs,Field Engineer,8,0,1616.71
Metro Gen CC,MG_HGP_2026,PRJ-MG-1663,23-01-2026,C-1065,PrimeFix Solutions,Safety Officer,8,0,618.91
West Valley Peaker,WV_HGP_2026,PRJ-WV-2326,23-01-2026,C-1059,PrimeFix Solutions,Field Engineer,8,0,1304.58
West Valley Peaker,WV_HGP_2026,PRJ-WV-2338,23-01-2026,C-1006,Apex Industrial,Field Engineer,8,0,1232.31
West Valley Peaker,WV_HGP_2026,PRJ-WV-2330,23-01-2026,C-1028,Midwest Mech Pros,Field Engineer,8,0,1344.82
West Valley Peaker,WV_HGP_2026,PRJ-WV-2332,23-01-2026,C-1010,PrimeFix Solutions,Field Engineer,8,0,1437.38
Metro Gen CC,MG_HGP_2026,PRJ-MG-1670,24-01-2026,C-1073,Precision Welding,General Labor,8,0,398.8
Metro Gen CC,MG_HGP_2026,PRJ-MG-1667,24-01-2026,C-1020,Midwest Mech Pros,Field Engineer,8,0,1214.74
Metro Gen CC,MG_HGP_2026,PRJ-MG-1667,24-01-2026,C-1020,Midwest Mech Pros,Field Engineer,8,0,1163.87
Metro Gen CC,MG_HGP_2026,PRJ-MG-1666,24-01-2026,C-1006,Apex Industrial,Field Engineer,8,0,1406.05
Metro Gen CC,MG_HGP_2026,PRJ-MG-1663,24-01-2026,C-1065,PrimeFix Solutions,Safety Officer,8,0,721.21
Metro Gen CC,MG_HGP_2026,PRJ-MG-1664,24-01-2026,C-1020,Midwest Mech Pros,Field Engineer,8,0,1197.6
Metro Gen CC,MG_HGP_2026,PRJ-MG-1665,24-01-2026,C-1039,PrimeFix Solutions,Field Engineer,8,0,1518.42
North Substation,NS_MO_2025,PRJ-NS-1354,24-01-2026,C-1066,Apex Industrial,General Labor,8,0,374.01
Metro Gen CC,MG_HGP_2026,PRJ-MG-1665,24-01-2026,C-1020,Midwest Mech Pros,Field Engineer,8,0,1214.92
Metro Gen CC,MG_HGP_2026,PRJ-MG-1667,24-01-2026,C-1069,Precision Welding,Safety Officer,8,0,540.93
Metro Gen CC,MG_HGP_2026,PRJ-MG-1663,24-01-2026,C-1010,PrimeFix Solutions,Field Engineer,8,0,1480.49
Metro Gen CC,MG_HGP_2026,PRJ-MG-1666,24-01-2026,C-1059,PrimeFix Solutions,Field Engineer,8,0,1111.7
South Gen Unit 1,SG_F_EDF_2026,PRJ-SG-1429,24-01-2026,C-1039,PrimeFix Solutions,Field Engineer,8,0,1468.85
South Gen Unit 1,SG_F_EDF_2026,PRJ-SG-1454,24-01-2026,C-1015,Atlas Heavy Eng,Controls Tech,8,0,1191.56
South Gen Unit 1,SG_F_EDF_2026,PRJ-SG-1452,24-01-2026,C-1028,Midwest Mech Pros,Field Engineer,8,0,1569.71
South Gen Unit 1,SG_F_EDF_2026,PRJ-SG-1434,24-01-2026,C-1008,Apex Industrial,Safety Officer,8,0,666.77
South Gen Unit 1,SG_F_EDF_2026,PRJ-SG-1440,24-01-2026,C-1078,Atlas Heavy Eng,Millwright,8,0,737.98
South Gen Unit 1,SG_F_EDF_2026,PRJ-SG-1440,24-01-2026,C-1023,Summit Field Techs,Field Engineer,8,0,1497.95
South Gen Unit 1,SG_F_EDF_2026,PRJ-SG-1440,24-01-2026,C-1020,Midwest Mech Pros,Field Engineer,8,0,1114.49
South Gen Unit 1,SG_F_EDF_2026,PRJ-SG-1445,24-01-2026,C-1060,Summit Field Techs,General Labor,8,0,436.24
South Gen Unit 1,SG_F_EDF_2026,PRJ-SG-1432,24-01-2026,C-1079,Precision Welding,Crane Operator,8,0,688.3
South Gen Unit 1,SG_F_EDF_2026,PRJ-SG-1449,24-01-2026,C-1017,Summit Field Techs,Crane Operator,8,0,906.64
South Gen Unit 1,SG_F_EDF_2026,PRJ-SG-1432,24-01-2026,C-1046,Precision Welding,General Labor,8,0,446.6
Metro Gen CC,MG_HGP_2026,PRJ-MG-1663,24-01-2026,C-1039,PrimeFix Solutions,Field Engineer,8,0,1610.61
South Gen Unit 1,SG_F_EDF_2026,PRJ-SG-1453,24-01-2026,C-1047,Atlas Heavy Eng,Millwright,8,0,589.16
North Substation,NS_MO_2025,PRJ-NS-1302,24-01-2026,C-1035,Summit Field Techs,General Labor,8,0,354.54
North Substation,NS_MO_2025,PRJ-NS-1200,24-01-2026,C-1005,Atlas Heavy Eng,Millwright,8,0,611.91
North Substation,NS_MO_2025,PRJ-NS-1232,24-01-2026,C-1073,Precision Welding,General Labor,8,0,369.82
North Substation,NS_MO_2025,PRJ-NS-1390,24-01-2026,C-1013,Atlas Heavy Eng,Safety Officer,8,0,596.07
North Substation,NS_MO_2025,PRJ-NS-1275,24-01-2026,C-1024,Apex Industrial,Millwright,8,0,736.13
North Substation,NS_MO_2025,PRJ-NS-1263,24-01-2026,C-1037,PrimeFix Solutions,Controls Tech,8,0,1101.25
North Substation,NS_MO_2025,PRJ-NS-1192,24-01-2026,C-1040,Atlas Heavy Eng,Crane Operator,8,0,865.58
North Substation,NS_MO_2025,PRJ-NS-1269,24-01-2026,C-1029,Midwest Mech Pros,Controls Tech,8,0,1041.92
North Substation,NS_MO_2025,PRJ-NS-1390,24-01-2026,C-1013,Atlas Heavy Eng,Safety Officer,8,0,590.9
North Substation,NS_MO_2025,PRJ-NS-1301,24-01-2026,C-1013,Atlas Heavy Eng,Safety Officer,8,0,604.44
North Substation,NS_MO_2025,PRJ-NS-1150,24-01-2026,C-1071,PrimeFix Solutions,Crane Operator,8,0,813.43
North Substation,NS_MO_2025,PRJ-NS-1172,24-01-2026,C-1013,Atlas Heavy Eng,Safety Officer,8,0,568.71
North Substation,NS_MO_2025,PRJ-NS-1236,24-01-2026,C-1005,Atlas Heavy Eng,Millwright,8,0,582.55
North Substation,NS_MO_2025,PRJ-NS-1349,24-01-2026,C-1011,Midwest Mech Pros,General Labor,8,0,426.78
North Substation,NS_MO_2025,PRJ-NS-1295,24-01-2026,C-1059,PrimeFix Solutions,Field Engineer,8,0,1225.81
North Substation,NS_MO_2025,PRJ-NS-1194,24-01-2026,C-1006,Apex Industrial,Field Engineer,8,0,1367.51
North Substation,NS_MO_2025,PRJ-NS-1390,24-01-2026,C-1062,PrimeFix Solutions,General Labor,8,0,371.01
North Substation,NS_MO_2025,PRJ-NS-1159,24-01-2026,C-1041,Precision Welding,Millwright,8,0,712.03
North Substation,NS_MO_2025,PRJ-NS-1361,24-01-2026,C-1073,Precision Welding,General Labor,8,0,364.83
North Substation,NS_MO_2025,PRJ-NS-1189,24-01-2026,C-1024,Apex Industrial,Millwright,8,0,735.15
North Substation,NS_MO_2025,PRJ-NS-1196,24-01-2026,C-1023,Summit Field Techs,Field Engineer,8,0,1661.1
North Substation,NS_MO_2025,PRJ-NS-1172,24-01-2026,C-1013,Atlas Heavy Eng,Safety Officer,8,0,585.92
North Substation,NS_MO_2025,PRJ-NS-1186,24-01-2026,C-1058,Midwest Mech Pros,Controls Tech,8,0,1290.14
North Substation,NS_MO_2025,PRJ-NS-1301,24-01-2026,C-1065,PrimeFix Solutions,Safety Officer,8,0,645.87
North Substation,NS_MO_2025,PRJ-NS-1388,24-01-2026,C-1045,Midwest Mech Pros,Crane Operator,8,0,815.41
North Substation,NS_MO_2025,PRJ-NS-1160,24-01-2026,C-1017,Summit Field Techs,Crane Operator,8,0,854.76
North Substation,NS_MO_2025,PRJ-NS-1286,24-01-2026,C-1067,PrimeFix Solutions,Millwright,8,0,752.61
North Substation,NS_MO_2025,PRJ-NS-1302,24-01-2026,C-1011,Midwest Mech Pros,General Labor,8,0,401.15
North Substation,NS_MO_2025,PRJ-NS-1191,24-01-2026,C-1047,Atlas Heavy Eng,Millwright,8,0,634.82
North Substation,NS_MO_2025,PRJ-NS-1208,24-01-2026,C-1045,Midwest Mech Pros,Crane Operator,8,0,855.12
North Substation,NS_MO_2025,PRJ-NS-1369,24-01-2026,C-1008,Apex Industrial,Safety Officer,8,0,685.43
North Substation,NS_MO_2025,PRJ-NS-1261,24-01-2026,C-1018,Atlas Heavy Eng,Controls Tech,8,0,1147.95
North Substation,NS_MO_2025,PRJ-NS-1226,24-01-2026,C-1001,Apex Industrial,General Labor,8,0,394.28
North Substation,NS_MO_2025,PRJ-NS-1205,24-01-2026,C-1012,Midwest Mech Pros,Controls Tech,8,0,1019.91
North Substation,NS_MO_2025,PRJ-NS-1335,24-01-2026,C-1019,Midwest Mech Pros,Controls Tech,8,0,1099.63
North Substation,NS_MO_2025,PRJ-NS-1315,24-01-2026,C-1062,PrimeFix Solutions,General Labor,8,0,370.84
North Substation,NS_MO_2025,PRJ-NS-1286,24-01-2026,C-1067,PrimeFix Solutions,Millwright,8,0,725.02
North Substation,NS_MO_2025,PRJ-NS-1208,24-01-2026,C-1045,Midwest Mech Pros,Crane Operator,8,0,800.79
North Substation,NS_MO_2025,PRJ-NS-1335,24-01-2026,C-1019,Midwest Mech Pros,Controls Tech,8,0,1092.62
North Substation,NS_MO_2025,PRJ-NS-1350,24-01-2026,C-1079,Precision Welding,Crane Operator,8,0,755.17
North Substation,NS_MO_2025,PRJ-NS-1356,24-01-2026,C-1067,PrimeFix Solutions,Millwright,8,0,729.04
North Substation,NS_MO_2025,PRJ-NS-1329,24-01-2026,C-1067,PrimeFix Solutions,Millwright,8,0,699.18
North Substation,NS_MO_2025,PRJ-NS-1380,24-01-2026,C-1006,Apex Industrial,Field Engineer,8,0,1435.52
North Substation,NS_MO_2025,PRJ-NS-1353,24-01-2026,C-1073,Precision Welding,General Labor,8,0,380.31
North Substation,NS_MO_2025,PRJ-NS-1390,24-01-2026,C-1062,PrimeFix Solutions,General Labor,8,0,374.24
North Substation,NS_MO_2025,PRJ-NS-1332,24-01-2026,C-1052,PrimeFix Solutions,General Labor,8,0,346.68
North Substation,NS_MO_2025,PRJ-NS-1258,24-01-2026,C-1060,Summit Field Techs,General Labor,8,0,447.14
North Substation,NS_MO_2025,PRJ-NS-1295,24-01-2026,C-1005,Atlas Heavy Eng,Millwright,8,0,597.96
North Substation,NS_MO_2025,PRJ-NS-1259,24-01-2026,C-1035,Summit Field Techs,General Labor,8,0,370.48
North Substation,NS_MO_2025,PRJ-NS-1369,24-01-2026,C-1008,Apex Industrial,Safety Officer,8,0,684.22
North Substation,NS_MO_2025,PRJ-NS-1378,24-01-2026,C-1020,Midwest Mech Pros,Field Engineer,8,0,1263.07
North Substation,NS_MO_2025,PRJ-NS-1258,24-01-2026,C-1060,Summit Field Techs,General Labor,8,0,479.42
North Substation,NS_MO_2025,PRJ-NS-1160,24-01-2026,C-1017,Summit Field Techs,Crane Operator,8,0,822.11
North Substation,NS_MO_2025,PRJ-NS-1234,24-01-2026,C-1043,Apex Industrial,Crane Operator,8,0,796.46
North Substation,NS_MO_2025,PRJ-NS-1379,24-01-2026,C-1019,Midwest Mech Pros,Controls Tech,8,0,1025.03
North Substation,NS_MO_2025,PRJ-NS-1189,24-01-2026,C-1074,Apex Industrial,Controls Tech,8,0,1073.94
North Substation,NS_MO_2025,PRJ-NS-1176,24-01-2026,C-1029,Midwest Mech Pros,Controls Tech,8,0,1037.25
North Substation,NS_MO_2025,PRJ-NS-1290,24-01-2026,C-1037,PrimeFix Solutions,Controls Tech,8,0,1165.16
North Substation,NS_MO_2025,PRJ-NS-1356,24-01-2026,C-1054,Midwest Mech Pros,General Labor,8,0,399.44
North Substation,NS_MO_2025,PRJ-NS-1208,24-01-2026,C-1045,Midwest Mech Pros,Crane Operator,8,0,868.66
North Substation,NS_MO_2025,PRJ-NS-1192,24-01-2026,C-1040,Atlas Heavy Eng,Crane Operator,8,0,857.38
North Substation,NS_MO_2025,PRJ-NS-1234,24-01-2026,C-1043,Apex Industrial,Crane Operator,8,0,854.08
North Substation,NS_MO_2025,PRJ-NS-1380,24-01-2026,C-1006,Apex Industrial,Field Engineer,8,0,1398.48
North Substation,NS_MO_2025,PRJ-NS-1342,24-01-2026,C-1030,Summit Field Techs,Millwright,8,0,640.71
North Substation,NS_MO_2025,PRJ-NS-1244,24-01-2026,C-1078,Atlas Heavy Eng,Millwright,8,0,699.97
North Substation,NS_MO_2025,PRJ-NS-1378,24-01-2026,C-1020,Midwest Mech Pros,Field Engineer,8,0,1235.27
North Substation,NS_MO_2025,PRJ-NS-1261,24-01-2026,C-1018,Atlas Heavy Eng,Controls Tech,8,0,1120.64
North Substation,NS_MO_2025,PRJ-NS-1226,24-01-2026,C-1023,Summit Field Techs,Field Engineer,8,0,1609.22
North Substation,NS_MO_2025,PRJ-NS-1172,24-01-2026,C-1013,Atlas Heavy Eng,Safety Officer,8,0,579.33
North Substation,NS_MO_2025,PRJ-NS-1182,24-01-2026,C-1029,Midwest Mech Pros,Controls Tech,8,0,1001.1
North Substation,NS_MO_2025,PRJ-NS-1268,24-01-2026,C-1028,Midwest Mech Pros,Field Engineer,8,0,1522.09
North Substation,NS_MO_2025,PRJ-NS-1346,24-01-2026,C-1006,Apex Industrial,Field Engineer,8,0,1423.91
North Substation,NS_MO_2025,PRJ-NS-1312,24-01-2026,C-1042,PrimeFix Solutions,General Labor,8,0,399.34
North Substation,NS_MO_2025,PRJ-NS-1268,24-01-2026,C-1028,Midwest Mech Pros,Field Engineer,8,0,1491.56
North Substation,NS_MO_2025,PRJ-NS-1263,24-01-2026,C-1039,PrimeFix Solutions,Field Engineer,8,0,1545.5
North Substation,NS_MO_2025,PRJ-NS-1350,24-01-2026,C-1079,Precision Welding,Crane Operator,8,0,764.01
North Substation,NS_MO_2025,PRJ-NS-1312,24-01-2026,C-1042,PrimeFix Solutions,General Labor,8,0,424.17
North Substation,NS_MO_2025,PRJ-NS-1349,24-01-2026,C-1011,Midwest Mech Pros,General Labor,8,0,408.89
North Substation,NS_MO_2025,PRJ-NS-1347,24-01-2026,C-1027,Precision Welding,Crane Operator,8,0,874.53
North Substation,NS_MO_2025,PRJ-NS-1182,24-01-2026,C-1029,Midwest Mech Pros,Controls Tech,8,0,1002.06
North Substation,NS_MO_2025,PRJ-NS-1379,24-01-2026,C-1019,Midwest Mech Pros,Controls Tech,8,0,1023.87
North Substation,NS_MO_2025,PRJ-NS-1191,24-01-2026,C-1047,Atlas Heavy Eng,Millwright,8,0,618.71
North Substation,NS_MO_2025,PRJ-NS-1334,24-01-2026,C-1005,Atlas Heavy Eng,Millwright,8,0,604.59
North Substation,NS_MO_2025,PRJ-NS-1330,24-01-2026,C-1071,PrimeFix Solutions,Crane Operator,8,0,773.1
North Substation,NS_MO_2025,PRJ-NS-1301,24-01-2026,C-1013,Atlas Heavy Eng,Safety Officer,8,0,579.67
North Substation,NS_MO_2025,PRJ-NS-1181,24-01-2026,C-1039,PrimeFix Solutions,Field Engineer,8,0,1559.3
North Substation,NS_MO_2025,PRJ-NS-1361,24-01-2026,C-1073,Precision Welding,General Labor,8,0,388.99
North Substation,NS_MO_2025,PRJ-NS-1286,24-01-2026,C-1067,PrimeFix Solutions,Millwright,8,0,738.07
North Substation,NS_MO_2025,PRJ-NS-1390,24-01-2026,C-1013,Atlas Heavy Eng,Safety Officer,8,0,561.46
North Substation,NS_MO_2025,PRJ-NS-1192,24-01-2026,C-1040,Atlas Heavy Eng,Crane Operator,8,0,842.68
North Substation,NS_MO_2025,PRJ-NS-1213,24-01-2026,C-1041,Precision Welding,Millwright,8,0,686.99
North Substation,NS_MO_2025,PRJ-NS-1302,24-01-2026,C-1011,Midwest Mech Pros,General Labor,8,0,413.07
North Substation,NS_MO_2025,PRJ-NS-1153,24-01-2026,C-1035,Summit Field Techs,General Labor,8,0,363.77
North Substation,NS_MO_2025,PRJ-NS-1203,24-01-2026,C-1006,Apex Industrial,Field Engineer,8,0,1344.53
North Substation,NS_MO_2025,PRJ-NS-1366,24-01-2026,C-1010,PrimeFix Solutions,Field Engineer,8,0,1632.37
North Substation,NS_MO_2025,PRJ-NS-1194,24-01-2026,C-1030,Summit Field Techs,Millwright,8,0,628.77
North Substation,NS_MO_2025,PRJ-NS-1211,24-01-2026,C-1067,PrimeFix Solutions,Millwright,8,0,706.27
North Substation,NS_MO_2025,PRJ-NS-1379,24-01-2026,C-1019,Midwest Mech Pros,Controls Tech,8,0,1035.86
North Substation,NS_MO_2025,PRJ-NS-1213,24-01-2026,C-1067,PrimeFix Solutions,Millwright,8,0,753.32
North Substation,NS_MO_2025,PRJ-NS-1374,24-01-2026,C-1019,Midwest Mech Pros,Controls Tech,8,0,1086.66
North Substation,NS_MO_2025,PRJ-NS-1323,24-01-2026,C-1079,Precision Welding,Crane Operator,8,0,764.95
North Substation,NS_MO_2025,PRJ-NS-1271,24-01-2026,C-1013,Atlas Heavy Eng,Safety Officer,8,0,575.44
North Substation,NS_MO_2025,PRJ-NS-1354,24-01-2026,C-1066,Apex Industrial,General Labor,8,0,385.71
North Substation,NS_MO_2025,PRJ-NS-1356,24-01-2026,C-1039,PrimeFix Solutions,Field Engineer,8,0,1450.36
North Substation,NS_MO_2025,PRJ-NS-1236,24-01-2026,C-1005,Atlas Heavy Eng,Millwright,8,0,602.15
North Substation,NS_MO_2025,PRJ-NS-1369,24-01-2026,C-1008,Apex Industrial,Safety Officer,8,0,697.54
North Substation,NS_MO_2025,PRJ-NS-1228,24-01-2026,C-1027,Precision Welding,Crane Operator,8,0,865.63
North Substation,NS_MO_2025,PRJ-NS-1330,24-01-2026,C-1071,PrimeFix Solutions,Crane Operator,8,0,781.67
North Substation,NS_MO_2025,PRJ-NS-1326,24-01-2026,C-1076,Apex Industrial,Safety Officer,8,0,608.4
North Substation,NS_MO_2025,PRJ-NS-1159,24-01-2026,C-1006,Apex Industrial,Field Engineer,8,0,1362.47
North Substation,NS_MO_2025,PRJ-NS-1181,24-01-2026,C-1069,Precision Welding,Safety Officer,8,0,497.45
North Substation,NS_MO_2025,PRJ-NS-1348,24-01-2026,C-1026,Precision Welding,Controls Tech,8,0,1052.28
North Substation,NS_MO_2025,PRJ-NS-1215,24-01-2026,C-1001,Apex Industrial,General Labor,8,0,405.31
North Substation,NS_MO_2025,PRJ-NS-1373,24-01-2026,C-1037,PrimeFix Solutions,Controls Tech,8,0,1103.57
North Substation,NS_MO_2025,PRJ-NS-1291,24-01-2026,C-1054,Midwest Mech Pros,General Labor,8,0,404.28
North Substation,NS_MO_2025,PRJ-NS-1192,24-01-2026,C-1040,Atlas Heavy Eng,Crane Operator,8,0,856.43
North Substation,NS_MO_2025,PRJ-NS-1366,24-01-2026,C-1066,Apex Industrial,General Labor,8,0,375.01
North Substation,NS_MO_2025,PRJ-NS-1288,24-01-2026,C-1077,Precision Welding,Safety Officer,8,0,575.1
North Substation,NS_MO_2025,PRJ-NS-1268,24-01-2026,C-1028,Midwest Mech Pros,Field Engineer,8,0,1519.78
North Substation,NS_MO_2025,PRJ-NS-1334,24-01-2026,C-1005,Atlas Heavy Eng,Millwright,8,0,577.21
North Substation,NS_MO_2025,PRJ-NS-1290,24-01-2026,C-1037,PrimeFix Solutions,Controls Tech,8,0,1102.2
North Substation,NS_MO_2025,PRJ-NS-1257,24-01-2026,C-1077,Precision Welding,Safety Officer,8,0,568.5
North Substation,NS_MO_2025,PRJ-NS-1190,24-01-2026,C-1006,Apex Industrial,Field Engineer,8,0,1408.07
North Substation,NS_MO_2025,PRJ-NS-1189,24-01-2026,C-1024,Apex Industrial,Millwright,8,0,742.49
North Substation,NS_MO_2025,PRJ-NS-1160,24-01-2026,C-1017,Summit Field Techs,Crane Operator,8,0,857.35
North Substation,NS_MO_2025,PRJ-NS-1226,24-01-2026,C-1018,Atlas Heavy Eng,Controls Tech,8,0,1166.69
North Substation,NS_MO_2025,PRJ-NS-1390,24-01-2026,C-1062,PrimeFix Solutions,General Labor,8,0,380.42
North Substation,NS_MO_2025,PRJ-NS-1393,24-01-2026,C-1037,PrimeFix Solutions,Controls Tech,8,0,1095.38
North Substation,NS_MO_2025,PRJ-NS-1265,24-01-2026,C-1079,Precision Welding,Crane Operator,8,0,729.9
North Substation,NS_MO_2025,PRJ-NS-1327,24-01-2026,C-1023,Summit Field Techs,Field Engineer,8,0,1633.84
North Substation,NS_MO_2025,PRJ-NS-1162,24-01-2026,C-1040,Atlas Heavy Eng,Crane Operator,8,0,882.46
North Substation,NS_MO_2025,PRJ-NS-1291,24-01-2026,C-1005,Atlas Heavy Eng,Millwright,8,0,633.31
North Substation,NS_MO_2025,PRJ-NS-1190,24-01-2026,C-1021,Summit Field Techs,Millwright,8,0,702.59
North Substation,NS_MO_2025,PRJ-NS-1369,24-01-2026,C-1008,Apex Industrial,Safety Officer,8,0,697.67
North Substation,NS_MO_2025,PRJ-NS-1384,24-01-2026,C-1035,Summit Field Techs,General Labor,8,0,379.76
North Substation,NS_MO_2025,PRJ-NS-1348,24-01-2026,C-1026,Precision Welding,Controls Tech,8,0,1043.11
North Substation,NS_MO_2025,PRJ-NS-1304,24-01-2026,C-1059,PrimeFix Solutions,Field Engineer,8,0,1221.34
North Substation,NS_MO_2025,PRJ-NS-1228,24-01-2026,C-1020,Midwest Mech Pros,Field Engineer,8,0,1220.22
North Substation,NS_MO_2025,PRJ-NS-1312,24-01-2026,C-1042,PrimeFix Solutions,General Labor,8,0,408.73
North Substation,NS_MO_2025,PRJ-NS-1258,24-01-2026,C-1060,Summit Field Techs,General Labor,8,0,459.97
North Substation,NS_MO_2025,PRJ-NS-1356,24-01-2026,C-1054,Midwest Mech Pros,General Labor,8,0,418.04
North Substation,NS_MO_2025,PRJ-NS-1213,24-01-2026,C-1067,PrimeFix Solutions,Millwright,8,0,747.78
North Substation,NS_MO_2025,PRJ-NS-1349,24-01-2026,C-1011,Midwest Mech Pros,General Labor,8,0,402.08
North Substation,NS_MO_2025,PRJ-NS-1332,24-01-2026,C-1052,PrimeFix Solutions,General Labor,8,0,374.73
North Substation,NS_MO_2025,PRJ-NS-1188,24-01-2026,C-1024,Apex Industrial,Millwright,8,0,754.81
North Substation,NS_MO_2025,PRJ-NS-1286,24-01-2026,C-1067,PrimeFix Solutions,Millwright,8,0,755.6
North Substation,NS_MO_2025,PRJ-NS-1268,24-01-2026,C-1028,Midwest Mech Pros,Field Engineer,8,0,1448.46
North Substation,NS_MO_2025,PRJ-NS-1189,24-01-2026,C-1074,Apex Industrial,Controls Tech,8,0,1111.64
North Substation,NS_MO_2025,PRJ-NS-1346,24-01-2026,C-1006,Apex Industrial,Field Engineer,8,0,1422.45
North Substation,NS_MO_2025,PRJ-NS-1393,24-01-2026,C-1037,PrimeFix Solutions,Controls Tech,8,0,1085.85
North Substation,NS_MO_2025,PRJ-NS-1311,24-01-2026,C-1039,PrimeFix Solutions,Field Engineer,8,0,1580.57
North Substation,NS_MO_2025,PRJ-NS-1215,24-01-2026,C-1001,Apex Industrial,General Labor,8,0,415.7
North Substation,NS_MO_2025,PRJ-NS-1197,24-01-2026,C-1051,Apex Industrial,Crane Operator,8,0,895.63
North Substation,NS_MO_2025,PRJ-NS-1302,24-01-2026,C-1011,Midwest Mech Pros,General Labor,8,0,408.98
North Substation,NS_MO_2025,PRJ-NS-1373,24-01-2026,C-1037,PrimeFix Solutions,Controls Tech,8,0,1092.33
North Substation,NS_MO_2025,PRJ-NS-1269,24-01-2026,C-1029,Midwest Mech Pros,Controls Tech,8,0,1047.57
North Substation,NS_MO_2025,PRJ-NS-1342,24-01-2026,C-1031,Summit Field Techs,Crane Operator,8,0,780.0
North Substation,NS_MO_2025,PRJ-NS-1378,24-01-2026,C-1020,Midwest Mech Pros,Field Engineer,8,0,1182.54
North Substation,NS_MO_2025,PRJ-NS-1356,24-01-2026,C-1067,PrimeFix Solutions,Millwright,8,0,718.04
North Substation,NS_MO_2025,PRJ-NS-1172,24-01-2026,C-1005,Atlas Heavy Eng,Millwright,8,0,594.25
North Substation,NS_MO_2025,PRJ-NS-1311,24-01-2026,C-1039,PrimeFix Solutions,Field Engineer,8,0,1453.8
North Substation,NS_MO_2025,PRJ-NS-1263,24-01-2026,C-1054,Midwest Mech Pros,General Labor,8,0,394.7
North Substation,NS_MO_2025,PRJ-NS-1269,24-01-2026,C-1029,Midwest Mech Pros,Controls Tech,8,0,995.23
North Substation,NS_MO_2025,PRJ-NS-1190,24-01-2026,C-1021,Summit Field Techs,Millwright,8,0,674.93
North Substation,NS_MO_2025,PRJ-NS-1380,24-01-2026,C-1039,PrimeFix Solutions,Field Engineer,8,0,1455.9
North Substation,NS_MO_2025,PRJ-NS-1185,24-01-2026,C-1023,Summit Field Techs,Field Engineer,8,0,1616.46
North Substation,NS_MO_2025,PRJ-NS-1312,24-01-2026,C-1010,PrimeFix Solutions,Field Engineer,8,0,1657.83
North Substation,NS_MO_2025,PRJ-NS-1228,24-01-2026,C-1020,Midwest Mech Pros,Field Engineer,8,0,1186.01
North Substation,NS_MO_2025,PRJ-NS-1330,24-01-2026,C-1071,PrimeFix Solutions,Crane Operator,8,0,800.89
North Substation,NS_MO_2025,PRJ-NS-1228,24-01-2026,C-1020,Midwest Mech Pros,Field Engineer,8,0,1249.21
North Substation,NS_MO_2025,PRJ-NS-1152,24-01-2026,C-1053,Precision Welding,Millwright,8,0,665.43
North Substation,NS_MO_2025,PRJ-NS-1326,24-01-2026,C-1053,Precision Welding,Millwright,8,0,666.62
North Substation,NS_MO_2025,PRJ-NS-1330,24-01-2026,C-1071,PrimeFix Solutions,Crane Operator,8,0,775.93
North Substation,NS_MO_2025,PRJ-NS-1286,24-01-2026,C-1067,PrimeFix Solutions,Millwright,8,0,713.1
North Substation,NS_MO_2025,PRJ-NS-1325,24-01-2026,C-1019,Midwest Mech Pros,Controls Tech,8,0,1085.57
North Substation,NS_MO_2025,PRJ-NS-1288,24-01-2026,C-1077,Precision Welding,Safety Officer,8,0,582.44
North Substation,NS_MO_2025,PRJ-NS-1150,24-01-2026,C-1071,PrimeFix Solutions,Crane Operator,8,0,825.44
North Substation,NS_MO_2025,PRJ-NS-1315,24-01-2026,C-1020,Midwest Mech Pros,Field Engineer,8,0,1177.02
North Substation,NS_MO_2025,PRJ-NS-1191,24-01-2026,C-1047,Atlas Heavy Eng,Millwright,8,0,609.1
North Substation,NS_MO_2025,PRJ-NS-1286,24-01-2026,C-1067,PrimeFix Solutions,Millwright,8,0,728.06
North Substation,NS_MO_2025,PRJ-NS-1185,24-01-2026,C-1023,Summit Field Techs,Field Engineer,8,0,1557.27
North Substation,NS_MO_2025,PRJ-NS-1172,25-01-2026,C-1013,Atlas Heavy Eng,Safety Officer,8,0,560.84
North Substation,NS_MO_2025,PRJ-NS-1380,25-01-2026,C-1006,Apex Industrial,Field Engineer,8,0,1361.36
North Substation,NS_MO_2025,PRJ-NS-1325,25-01-2026,C-1019,Midwest Mech Pros,Controls Tech,8,0,1044.03
North Substation,NS_MO_2025,PRJ-NS-1270,25-01-2026,C-1006,Apex Industrial,Field Engineer,8,0,1428.88
North Substation,NS_MO_2025,PRJ-NS-1374,25-01-2026,C-1019,Midwest Mech Pros,Controls Tech,8,0,1108.69
North Substation,NS_MO_2025,PRJ-NS-1348,25-01-2026,C-1026,Precision Welding,Controls Tech,8,0,999.03
North Substation,NS_MO_2025,PRJ-NS-1322,25-01-2026,C-1031,Summit Field Techs,Crane Operator,8,0,748.13
North Substation,NS_MO_2025,PRJ-NS-1246,25-01-2026,C-1079,Precision Welding,Crane Operator,8,0,740.5
North Substation,NS_MO_2025,PRJ-NS-1159,25-01-2026,C-1006,Apex Industrial,Field Engineer,8,0,1356.03
North Substation,NS_MO_2025,PRJ-NS-1350,25-01-2026,C-1079,Precision Welding,Crane Operator,8,0,790.13
North Substation,NS_MO_2025,PRJ-NS-1354,25-01-2026,C-1066,Apex Industrial,General Labor,8,0,381.96
North Substation,NS_MO_2025,PRJ-NS-1361,25-01-2026,C-1073,Precision Welding,General Labor,8,0,366.57
North Substation,NS_MO_2025,PRJ-NS-1329,25-01-2026,C-1067,PrimeFix Solutions,Millwright,8,0,749.04
North Substation,NS_MO_2025,PRJ-NS-1259,25-01-2026,C-1043,Apex Industrial,Crane Operator,8,0,833.53
North Substation,NS_MO_2025,PRJ-NS-1372,25-01-2026,C-1066,Apex Industrial,General Labor,8,0,389.05
North Substation,NS_MO_2025,PRJ-NS-1153,25-01-2026,C-1035,Summit Field Techs,General Labor,8,0,367.7
North Substation,NS_MO_2025,PRJ-NS-1390,25-01-2026,C-1062,PrimeFix Solutions,General Labor,8,0,375.04
North Substation,NS_MO_2025,PRJ-NS-1311,25-01-2026,C-1039,PrimeFix Solutions,Field Engineer,8,0,1571.24
North Substation,NS_MO_2025,PRJ-NS-1234,25-01-2026,C-1043,Apex Industrial,Crane Operator,8,0,820.65
North Substation,NS_MO_2025,PRJ-NS-1370,25-01-2026,C-1028,Midwest Mech Pros,Field Engineer,8,0,1535.53
North Substation,NS_MO_2025,PRJ-NS-1160,25-01-2026,C-1017,Summit Field Techs,Crane Operator,8,0,825.69
North Substation,NS_MO_2025,PRJ-NS-1189,25-01-2026,C-1024,Apex Industrial,Millwright,8,0,764.59
North Substation,NS_MO_2025,PRJ-NS-1334,25-01-2026,C-1010,PrimeFix Solutions,Field Engineer,8,0,1515.68
North Substation,NS_MO_2025,PRJ-NS-1250,25-01-2026,C-1072,Apex Industrial,Crane Operator,8,0,744.3
North Substation,NS_MO_2025,PRJ-NS-1393,25-01-2026,C-1003,Summit Field Techs,Millwright,8,0,655.68
North Substation,NS_MO_2025,PRJ-NS-1194,25-01-2026,C-1006,Apex Industrial,Field Engineer,8,0,1378.04
North Substation,NS_MO_2025,PRJ-NS-1192,25-01-2026,C-1040,Atlas Heavy Eng,Crane Operator,8,0,838.33
North Substation,NS_MO_2025,PRJ-NS-1356,25-01-2026,C-1067,PrimeFix Solutions,Millwright,8,0,717.99
North Substation,NS_MO_2025,PRJ-NS-1172,25-01-2026,C-1005,Atlas Heavy Eng,Millwright,8,0,592.82
North Substation,NS_MO_2025,PRJ-NS-1320,25-01-2026,C-1001,Apex Industrial,General Labor,8,0,408.78
North Substation,NS_MO_2025,PRJ-NS-1232,25-01-2026,C-1073,Precision Welding,General Labor,8,0,393.42
North Substation,NS_MO_2025,PRJ-NS-1213,25-01-2026,C-1041,Precision Welding,Millwright,8,0,704.68
North Substation,NS_MO_2025,PRJ-NS-1255,25-01-2026,C-1000,PrimeFix Solutions,Millwright,8,0,689.78
North Substation,NS_MO_2025,PRJ-NS-1379,25-01-2026,C-1019,Midwest Mech Pros,Controls Tech,8,0,1043.2
North Substation,NS_MO_2025,PRJ-NS-1346,25-01-2026,C-1010,PrimeFix Solutions,Field Engineer,8,0,1539.56
North Substation,NS_MO_2025,PRJ-NS-1226,25-01-2026,C-1018,Atlas Heavy Eng,Controls Tech,8,0,1101.65
North Substation,NS_MO_2025,PRJ-NS-1226,25-01-2026,C-1023,Summit Field Techs,Field Engineer,8,0,1550.05
North Substation,NS_MO_2025,PRJ-NS-1166,25-01-2026,C-1023,Summit Field Techs,Field Engineer,8,0,1670.56
North Substation,NS_MO_2025,PRJ-NS-1346,25-01-2026,C-1006,Apex Industrial,Field Engineer,8,0,1375.49
North Substation,NS_MO_2025,PRJ-NS-1196,25-01-2026,C-1023,Summit Field Techs,Field Engineer,8,0,1595.29
North Substation,NS_MO_2025,PRJ-NS-1326,25-01-2026,C-1076,Apex Industrial,Safety Officer,8,0,614.68
North Substation,NS_MO_2025,PRJ-NS-1181,25-01-2026,C-1069,Precision Welding,Safety Officer,8,0,500.51
North Substation,NS_MO_2025,PRJ-NS-1181,25-01-2026,C-1039,PrimeFix Solutions,Field Engineer,8,0,1493.17
North Substation,NS_MO_2025,PRJ-NS-1327,25-01-2026,C-1023,Summit Field Techs,Field Engineer,8,0,1566.91
North Substation,NS_MO_2025,PRJ-NS-1206,25-01-2026,C-1026,Precision Welding,Controls Tech,8,0,1089.69
North Substation,NS_MO_2025,PRJ-NS-1291,25-01-2026,C-1005,Atlas Heavy Eng,Millwright,8,0,622.04
North Substation,NS_MO_2025,PRJ-NS-1263,25-01-2026,C-1039,PrimeFix Solutions,Field Engineer,8,0,1541.79
North Substation,NS_MO_2025,PRJ-NS-1269,25-01-2026,C-1029,Midwest Mech Pros,Controls Tech,8,0,1014.91
North Substation,NS_MO_2025,PRJ-NS-1375,25-01-2026,C-1012,Midwest Mech Pros,Controls Tech,8,0,994.42
North Substation,NS_MO_2025,PRJ-NS-1312,25-01-2026,C-1042,PrimeFix Solutions,General Labor,8,0,437.16
North Substation,NS_MO_2025,PRJ-NS-1315,25-01-2026,C-1020,Midwest Mech Pros,Field Engineer,8,0,1195.2
North Substation,NS_MO_2025,PRJ-NS-1366,25-01-2026,C-1010,PrimeFix Solutions,Field Engineer,8,0,1528.96
North Substation,NS_MO_2025,PRJ-NS-1317,25-01-2026,C-1000,PrimeFix Solutions,Millwright,8,0,711.24
North Substation,NS_MO_2025,PRJ-NS-1215,25-01-2026,C-1001,Apex Industrial,General Labor,8,0,414.71
North Substation,NS_MO_2025,PRJ-NS-1373,25-01-2026,C-1037,PrimeFix Solutions,Controls Tech,8,0,1139.47
North Substation,NS_MO_2025,PRJ-NS-1330,25-01-2026,C-1071,PrimeFix Solutions,Crane Operator,8,0,799.68
North Substation,NS_MO_2025,PRJ-NS-1302,25-01-2026,C-1035,Summit Field Techs,General Labor,8,0,371.08
North Substation,NS_MO_2025,PRJ-NS-1301,25-01-2026,C-1013,Atlas Heavy Eng,Safety Officer,8,0,582.37
North Substation,NS_MO_2025,PRJ-NS-1349,25-01-2026,C-1011,Midwest Mech Pros,General Labor,8,0,415.91
North Substation,NS_MO_2025,PRJ-NS-1353,25-01-2026,C-1073,Precision Welding,General Labor,8,0,378.41
North Substation,NS_MO_2025,PRJ-NS-1366,25-01-2026,C-1066,Apex Industrial,General Labor,8,0,399.24
North Substation,NS_MO_2025,PRJ-NS-1183,25-01-2026,C-1078,Atlas Heavy Eng,Millwright,8,0,684.32
North Substation,NS_MO_2025,PRJ-NS-1326,25-01-2026,C-1053,Precision Welding,Millwright,8,0,631.44
North Substation,NS_MO_2025,PRJ-NS-1151,25-01-2026,C-1065,PrimeFix Solutions,Safety Officer,8,0,664.48
North Substation,NS_MO_2025,PRJ-NS-1259,25-01-2026,C-1035,Summit Field Techs,General Labor,8,0,363.24
North Substation,NS_MO_2025,PRJ-NS-1291,25-01-2026,C-1054,Midwest Mech Pros,General Labor,8,0,405.14
North Substation,NS_MO_2025,PRJ-NS-1332,25-01-2026,C-1052,PrimeFix Solutions,General Labor,8,0,375.08
North Substation,NS_MO_2025,PRJ-NS-1189,25-01-2026,C-1074,Apex Industrial,Controls Tech,8,0,1101.23
North Substation,NS_MO_2025,PRJ-NS-1152,25-01-2026,C-1053,Precision Welding,Millwright,8,0,624.7
North Substation,NS_MO_2025,PRJ-NS-1208,25-01-2026,C-1045,Midwest Mech Pros,Crane Operator,8,0,879.76
North Substation,NS_MO_2025,PRJ-NS-1263,25-01-2026,C-1054,Midwest Mech Pros,General Labor,8,0,395.97
North Substation,NS_MO_2025,PRJ-NS-1205,25-01-2026,C-1012,Midwest Mech Pros,Controls Tech,8,0,1041.32
North Substation,NS_MO_2025,PRJ-NS-1159,25-01-2026,C-1041,Precision Welding,Millwright,8,0,723.6
North Substation,NS_MO_2025,PRJ-NS-1304,25-01-2026,C-1059,PrimeFix Solutions,Field Engineer,8,0,1245.95
North Substation,NS_MO_2025,PRJ-NS-1301,25-01-2026,C-1065,PrimeFix Solutions,Safety Officer,8,0,635.47
North Substation,NS_MO_2025,PRJ-NS-1384,25-01-2026,C-1035,Summit Field Techs,General Labor,8,0,371.53
North Substation,NS_MO_2025,PRJ-NS-1302,25-01-2026,C-1011,Midwest Mech Pros,General Labor,8,0,405.24
North Substation,NS_MO_2025,PRJ-NS-1204,25-01-2026,C-1024,Apex Industrial,Millwright,8,0,764.37
North Substation,NS_MO_2025,PRJ-NS-1190,25-01-2026,C-1006,Apex Industrial,Field Engineer,8,0,1374.49
North Substation,NS_MO_2025,PRJ-NS-1228,25-01-2026,C-1020,Midwest Mech Pros,Field Engineer,8,0,1225.77
North Substation,NS_MO_2025,PRJ-NS-1271,25-01-2026,C-1013,Atlas Heavy Eng,Safety Officer,8,0,606.5
North Substation,NS_MO_2025,PRJ-NS-1259,25-01-2026,C-1023,Summit Field Techs,Field Engineer,8,0,1565.03
North Substation,NS_MO_2025,PRJ-NS-1394,25-01-2026,C-1029,Midwest Mech Pros,Controls Tech,8,0,998.85
North Substation,NS_MO_2025,PRJ-NS-1324,25-01-2026,C-1072,Apex Industrial,Crane Operator,8,0,770.09
North Substation,NS_MO_2025,PRJ-NS-1268,25-01-2026,C-1028,Midwest Mech Pros,Field Engineer,8,0,1488.14
North Substation,NS_MO_2025,PRJ-NS-1186,25-01-2026,C-1058,Midwest Mech Pros,Controls Tech,8,0,1232.04
North Substation,NS_MO_2025,PRJ-NS-1393,25-01-2026,C-1037,PrimeFix Solutions,Controls Tech,8,0,1097.36
North Substation,NS_MO_2025,PRJ-NS-1191,25-01-2026,C-1047,Atlas Heavy Eng,Millwright,8,0,609.07
North Substation,NS_MO_2025,PRJ-NS-1248,25-01-2026,C-1026,Precision Welding,Controls Tech,8,0,1034.0
North Substation,NS_MO_2025,PRJ-NS-1150,25-01-2026,C-1071,PrimeFix Solutions,Crane Operator,8,0,765.44
North Substation,NS_MO_2025,PRJ-NS-1324,25-01-2026,C-1078,Atlas Heavy Eng,Millwright,8,0,713.68
North Substation,NS_MO_2025,PRJ-NS-1352,25-01-2026,C-1060,Summit Field Techs,General Labor,8,0,465.61
North Substation,NS_MO_2025,PRJ-NS-1181,25-01-2026,C-1078,Atlas Heavy Eng,Millwright,8,0,703.32
North Substation,NS_MO_2025,PRJ-NS-1160,25-01-2026,C-1021,Summit Field Techs,Millwright,8,0,685.97
North Substation,NS_MO_2025,PRJ-NS-1342,25-01-2026,C-1031,Summit Field Techs,Crane Operator,8,0,740.1
North Substation,NS_MO_2025,PRJ-NS-1390,25-01-2026,C-1013,Atlas Heavy Eng,Safety Officer,8,0,560.9
North Substation,NS_MO_2025,PRJ-NS-1312,25-01-2026,C-1010,PrimeFix Solutions,Field Engineer,8,0,1654.34
North Substation,NS_MO_2025,PRJ-NS-1258,25-01-2026,C-1060,Summit Field Techs,General Labor,8,0,454.75
North Substation,NS_MO_2025,PRJ-NS-1263,25-01-2026,C-1037,PrimeFix Solutions,Controls Tech,8,0,1065.71
North Substation,NS_MO_2025,PRJ-NS-1228,25-01-2026,C-1027,Precision Welding,Crane Operator,8,0,897.33
North Substation,NS_MO_2025,PRJ-NS-1356,25-01-2026,C-1039,PrimeFix Solutions,Field Engineer,8,0,1468.29
North Substation,NS_MO_2025,PRJ-NS-1200,25-01-2026,C-1023,Summit Field Techs,Field Engineer,8,0,1576.66
North Substation,NS_MO_2025,PRJ-NS-1347,25-01-2026,C-1027,Precision Welding,Crane Operator,8,0,834.14
North Substation,NS_MO_2025,PRJ-NS-1356,25-01-2026,C-1054,Midwest Mech Pros,General Labor,8,0,384.09
North Substation,NS_MO_2025,PRJ-NS-1187,25-01-2026,C-1028,Midwest Mech Pros,Field Engineer,8,0,1423.66
North Substation,NS_MO_2025,PRJ-NS-1226,25-01-2026,C-1001,Apex Industrial,General Labor,8,0,384.55
North Substation,NS_MO_2025,PRJ-NS-1380,25-01-2026,C-1039,PrimeFix Solutions,Field Engineer,8,0,1541.29
North Substation,NS_MO_2025,PRJ-NS-1290,25-01-2026,C-1037,PrimeFix Solutions,Controls Tech,8,0,1148.57
North Substation,NS_MO_2025,PRJ-NS-1154,25-01-2026,C-1020,Midwest Mech Pros,Field Engineer,8,0,1194.99
North Substation,NS_MO_2025,PRJ-NS-1313,25-01-2026,C-1005,Atlas Heavy Eng,Millwright,8,0,587.54
North Substation,NS_MO_2025,PRJ-NS-1334,25-01-2026,C-1005,Atlas Heavy Eng,Millwright,8,0,594.32
North Substation,NS_MO_2025,PRJ-NS-1211,25-01-2026,C-1067,PrimeFix Solutions,Millwright,8,0,735.97
North Substation,NS_MO_2025,PRJ-NS-1194,25-01-2026,C-1046,Precision Welding,General Labor,8,0,444.84
North Substation,NS_MO_2025,PRJ-NS-1162,25-01-2026,C-1040,Atlas Heavy Eng,Crane Operator,8,0,819.92
North Substation,NS_MO_2025,PRJ-NS-1200,25-01-2026,C-1005,Atlas Heavy Eng,Millwright,8,0,589.78
North Substation,NS_MO_2025,PRJ-NS-1176,25-01-2026,C-1029,Midwest Mech Pros,Controls Tech,8,0,1046.04
North Substation,NS_MO_2025,PRJ-NS-1300,25-01-2026,C-1023,Summit Field Techs,Field Engineer,8,0,1555.13
North Substation,NS_MO_2025,PRJ-NS-1295,25-01-2026,C-1005,Atlas Heavy Eng,Millwright,8,0,594.21
North Substation,NS_MO_2025,PRJ-NS-1185,25-01-2026,C-1023,Summit Field Techs,Field Engineer,8,0,1594.14
North Substation,NS_MO_2025,PRJ-NS-1304,25-01-2026,C-1013,Atlas Heavy Eng,Safety Officer,8,0,586.82
North Substation,NS_MO_2025,PRJ-NS-1276,25-01-2026,C-1003,Summit Field Techs,Millwright,8,0,667.73
North Substation,NS_MO_2025,PRJ-NS-1307,25-01-2026,C-1066,Apex Industrial,General Labor,8,0,391.99
North Substation,NS_MO_2025,PRJ-NS-1222,25-01-2026,C-1041,Precision Welding,Millwright,8,0,697.37
North Substation,NS_MO_2025,PRJ-NS-1315,25-01-2026,C-1062,PrimeFix Solutions,General Labor,8,0,361.35
North Substation,NS_MO_2025,PRJ-NS-1388,25-01-2026,C-1045,Midwest Mech Pros,Crane Operator,8,0,799.35
North Substation,NS_MO_2025,PRJ-NS-1261,25-01-2026,C-1052,PrimeFix Solutions,General Labor,8,0,346.87
North Substation,NS_MO_2025,PRJ-NS-1335,25-01-2026,C-1019,Midwest Mech Pros,Controls Tech,8,0,1098.88
North Substation,NS_MO_2025,PRJ-NS-1258,25-01-2026,C-1015,Atlas Heavy Eng,Controls Tech,8,0,1284.75
North Substation,NS_MO_2025,PRJ-NS-1162,25-01-2026,C-1069,Precision Welding,Safety Officer,8,0,518.43
North Substation,NS_MO_2025,PRJ-NS-1197,25-01-2026,C-1051,Apex Industrial,Crane Operator,8,0,855.64
North Substation,NS_MO_2025,PRJ-NS-1188,25-01-2026,C-1024,Apex Industrial,Millwright,8,0,768.5
North Substation,NS_MO_2025,PRJ-NS-1188,25-01-2026,C-1003,Summit Field Techs,Millwright,8,0,651.73
North Substation,NS_MO_2025,PRJ-NS-1261,25-01-2026,C-1018,Atlas Heavy Eng,Controls Tech,8,0,1155.93
North Substation,NS_MO_2025,PRJ-NS-1288,25-01-2026,C-1077,Precision Welding,Safety Officer,8,0,545.5
North Substation,NS_MO_2025,PRJ-NS-1207,25-01-2026,C-1006,Apex Industrial,Field Engineer,8,0,1374.08
North Substation,NS_MO_2025,PRJ-NS-1286,25-01-2026,C-1067,PrimeFix Solutions,Millwright,8,0,748.94
North Substation,NS_MO_2025,PRJ-NS-1257,25-01-2026,C-1077,Precision Welding,Safety Officer,8,0,544.25
North Substation,NS_MO_2025,PRJ-NS-1244,25-01-2026,C-1078,Atlas Heavy Eng,Millwright,8,0,729.1
North Substation,NS_MO_2025,PRJ-NS-1203,25-01-2026,C-1006,Apex Industrial,Field Engineer,8,0,1362.07
North Substation,NS_MO_2025,PRJ-NS-1342,25-01-2026,C-1030,Summit Field Techs,Millwright,8,0,622.79
North Substation,NS_MO_2025,PRJ-NS-1321,25-01-2026,C-1062,PrimeFix Solutions,General Labor,8,0,370.32
North Substation,NS_MO_2025,PRJ-NS-1190,25-01-2026,C-1021,Summit Field Techs,Millwright,8,0,677.28
North Substation,NS_MO_2025,PRJ-NS-1323,25-01-2026,C-1079,Precision Welding,Crane Operator,8,0,736.64
North Substation,NS_MO_2025,PRJ-NS-1275,25-01-2026,C-1024,Apex Industrial,Millwright,8,0,778.8
North Substation,NS_MO_2025,PRJ-NS-1236,25-01-2026,C-1005,Atlas Heavy Eng,Millwright,8,0,599.66
North Substation,NS_MO_2025,PRJ-NS-1198,25-01-2026,C-1043,Apex Industrial,Crane Operator,8,0,860.53
North Substation,NS_MO_2025,PRJ-NS-1393,25-01-2026,C-1000,PrimeFix Solutions,Millwright,8,0,734.72
North Substation,NS_MO_2025,PRJ-NS-1322,25-01-2026,C-1019,Midwest Mech Pros,Controls Tech,8,0,1065.66
North Substation,NS_MO_2025,PRJ-NS-1213,25-01-2026,C-1067,PrimeFix Solutions,Millwright,8,0,739.86
North Substation,NS_MO_2025,PRJ-NS-1295,25-01-2026,C-1059,PrimeFix Solutions,Field Engineer,8,0,1212.07
North Substation,NS_MO_2025,PRJ-NS-1194,25-01-2026,C-1030,Summit Field Techs,Millwright,8,0,650.1
North Substation,NS_MO_2025,PRJ-NS-1369,25-01-2026,C-1008,Apex Industrial,Safety Officer,8,0,706.28
North Substation,NS_MO_2025,PRJ-NS-1378,25-01-2026,C-1020,Midwest Mech Pros,Field Engineer,8,0,1255.66
East Peaker,EP_MO_2027,PRJ-EP-1892,25-01-2026,C-1041,Precision Welding,Millwright,8,0,695.49
Metro Gen CC,MG_HGP_2026,PRJ-MG-1666,25-01-2026,C-1059,PrimeFix Solutions,Field Engineer,8,0,1141.97
Metro Gen CC,MG_HGP_2026,PRJ-MG-1663,25-01-2026,C-1010,PrimeFix Solutions,Field Engineer,8,0,1496.59
Metro Gen CC,MG_HGP_2026,PRJ-MG-1663,25-01-2026,C-1039,PrimeFix Solutions,Field Engineer,8,0,1637.55
Metro Gen CC,MG_HGP_2026,PRJ-MG-1667,25-01-2026,C-1069,Precision Welding,Safety Officer,8,0,491.16
Metro Gen CC,MG_HGP_2026,PRJ-MG-1670,25-01-2026,C-1073,Precision Welding,General Labor,8,0,355.92
Metro Gen CC,MG_HGP_2026,PRJ-MG-1667,25-01-2026,C-1020,Midwest Mech Pros,Field Engineer,8,0,1240.9
Metro Gen CC,MG_HGP_2026,PRJ-MG-1666,25-01-2026,C-1006,Apex Industrial,Field Engineer,8,0,1456.68
Metro Gen CC,MG_HGP_2026,PRJ-MG-1665,25-01-2026,C-1020,Midwest Mech Pros,Field Engineer,8,0,1265.26
Metro Gen CC,MG_HGP_2026,PRJ-MG-1664,25-01-2026,C-1020,Midwest Mech Pros,Field Engineer,8,0,1238.49
Metro Gen CC,MG_HGP_2026,PRJ-MG-1663,25-01-2026,C-1065,PrimeFix Solutions,Safety Officer,8,0,631.45
Metro Gen CC,MG_HGP_2026,PRJ-MG-1665,25-01-2026,C-1039,PrimeFix Solutions,Field Engineer,8,0,1639.23
South Gen Unit 1,SG_F_EDF_2026,PRJ-SG-1454,25-01-2026,C-1015,Atlas Heavy Eng,Controls Tech,8,0,1115.22
South Gen Unit 1,SG_F_EDF_2026,PRJ-SG-1452,25-01-2026,C-1028,Midwest Mech Pros,Field Engineer,8,0,1385.85
South Gen Unit 1,SG_F_EDF_2026,PRJ-SG-1453,25-01-2026,C-1047,Atlas Heavy Eng,Millwright,8,0,556.17
Metro Gen CC,MG_HGP_2026,PRJ-MG-1667,25-01-2026,C-1020,Midwest Mech Pros,Field Engineer,8,0,1163.83
South Gen Unit 1,SG_F_EDF_2026,PRJ-SG-1440,25-01-2026,C-1078,Atlas Heavy Eng,Millwright,8,0,635.74
South Gen Unit 1,SG_F_EDF_2026,PRJ-SG-1434,25-01-2026,C-1008,Apex Industrial,Safety Officer,8,0,705.7
East Peaker,EP_MO_2027,PRJ-EP-1900,25-01-2026,C-1077,Precision Welding,Safety Officer,8,0,558.11
East Peaker,EP_MO_2027,PRJ-EP-1913,25-01-2026,C-1006,Apex Industrial,Field Engineer,8,0,1295.52
East Peaker,EP_MO_2027,PRJ-EP-1907,25-01-2026,C-1045,Midwest Mech Pros,Crane Operator,8,0,908.19
East Peaker,EP_MO_2027,PRJ-EP-1906,25-01-2026,C-1028,Midwest Mech Pros,Field Engineer,8,0,1488.34
South Gen Unit 1,SG_F_EDF_2026,PRJ-SG-1432,25-01-2026,C-1046,Precision Welding,General Labor,8,0,402.85
East Peaker,EP_MO_2027,PRJ-EP-1910,25-01-2026,C-1059,PrimeFix Solutions,Field Engineer,8,0,1176.13
South Gen Unit 1,SG_F_EDF_2026,PRJ-SG-1449,25-01-2026,C-1017,Summit Field Techs,Crane Operator,8,0,870.48
South Gen Unit 1,SG_F_EDF_2026,PRJ-SG-1432,25-01-2026,C-1079,Precision Welding,Crane Operator,8,0,775.73
South Gen Unit 1,SG_F_EDF_2026,PRJ-SG-1445,25-01-2026,C-1060,Summit Field Techs,General Labor,8,0,448.76
South Gen Unit 1,SG_F_EDF_2026,PRJ-SG-1440,25-01-2026,C-1020,Midwest Mech Pros,Field Engineer,8,0,1301.1
South Gen Unit 1,SG_F_EDF_2026,PRJ-SG-1440,25-01-2026,C-1023,Summit Field Techs,Field Engineer,8,0,1729.03
South Gen Unit 1,SG_F_EDF_2026,PRJ-SG-1429,25-01-2026,C-1039,PrimeFix Solutions,Field Engineer,8,0,1478.1
North Substation,NS_MO_2025,PRJ-NS-1329,26-01-2026,C-1067,PrimeFix Solutions,Millwright,8,0,718.11
North Substation,NS_MO_2025,PRJ-NS-1250,26-01-2026,C-1072,Apex Industrial,Crane Operator,8,0,732.17
North Substation,NS_MO_2025,PRJ-NS-1361,26-01-2026,C-1073,Precision Welding,General Labor,8,0,387.65
North Substation,NS_MO_2025,PRJ-NS-1291,26-01-2026,C-1054,Midwest Mech Pros,General Labor,8,0,411.48
North Substation,NS_MO_2025,PRJ-NS-1301,26-01-2026,C-1013,Atlas Heavy Eng,Safety Officer,8,0,577.05
North Substation,NS_MO_2025,PRJ-NS-1302,26-01-2026,C-1011,Midwest Mech Pros,General Labor,8,0,413.87
North Substation,NS_MO_2025,PRJ-NS-1160,26-01-2026,C-1017,Summit Field Techs,Crane Operator,8,0,813.46
North Substation,NS_MO_2025,PRJ-NS-1261,26-01-2026,C-1052,PrimeFix Solutions,General Labor,8,0,378.53
North Substation,NS_MO_2025,PRJ-NS-1196,26-01-2026,C-1023,Summit Field Techs,Field Engineer,8,0,1637.88
North Substation,NS_MO_2025,PRJ-NS-1324,26-01-2026,C-1072,Apex Industrial,Crane Operator,8,0,760.95
North Substation,NS_MO_2025,PRJ-NS-1321,26-01-2026,C-1062,PrimeFix Solutions,General Labor,8,0,389.88
North Substation,NS_MO_2025,PRJ-NS-1261,26-01-2026,C-1018,Atlas Heavy Eng,Controls Tech,8,0,1174.78
North Substation,NS_MO_2025,PRJ-NS-1271,26-01-2026,C-1013,Atlas Heavy Eng,Safety Officer,8,0,608.84
North Substation,NS_MO_2025,PRJ-NS-1258,26-01-2026,C-1060,Summit Field Techs,General Labor,8,0,454.96
North Substation,NS_MO_2025,PRJ-NS-1186,26-01-2026,C-1058,Midwest Mech Pros,Controls Tech,8,0,1244.24
North Substation,NS_MO_2025,PRJ-NS-1152,26-01-2026,C-1053,Precision Welding,Millwright,8,0,669.24
North Substation,NS_MO_2025,PRJ-NS-1332,26-01-2026,C-1052,PrimeFix Solutions,General Labor,8,0,346.79
North Substation,NS_MO_2025,PRJ-NS-1263,26-01-2026,C-1054,Midwest Mech Pros,General Labor,8,0,401.17
North Substation,NS_MO_2025,PRJ-NS-1356,26-01-2026,C-1067,PrimeFix Solutions,Millwright,8,0,700.15
North Substation,NS_MO_2025,PRJ-NS-1373,26-01-2026,C-1037,PrimeFix Solutions,Controls Tech,8,0,1148.41
North Substation,NS_MO_2025,PRJ-NS-1255,26-01-2026,C-1000,PrimeFix Solutions,Millwright,8,0,686.54
North Substation,NS_MO_2025,PRJ-NS-1270,26-01-2026,C-1006,Apex Industrial,Field Engineer,8,0,1409.59
North Substation,NS_MO_2025,PRJ-NS-1192,26-01-2026,C-1040,Atlas Heavy Eng,Crane Operator,8,0,882.09
North Substation,NS_MO_2025,PRJ-NS-1226,26-01-2026,C-1023,Summit Field Techs,Field Engineer,8,0,1544.53
North Substation,NS_MO_2025,PRJ-NS-1375,26-01-2026,C-1012,Midwest Mech Pros,Controls Tech,8,0,1014.42
North Substation,NS_MO_2025,PRJ-NS-1291,26-01-2026,C-1005,Atlas Heavy Eng,Millwright,8,0,604.97
North Substation,NS_MO_2025,PRJ-NS-1300,26-01-2026,C-1023,Summit Field Techs,Field Engineer,8,0,1662.83
North Substation,NS_MO_2025,PRJ-NS-1295,26-01-2026,C-1059,PrimeFix Solutions,Field Engineer,8,0,1243.47
North Substation,NS_MO_2025,PRJ-NS-1152,26-01-2026,C-1053,Precision Welding,Millwright,8,0,643.15
North Substation,NS_MO_2025,PRJ-NS-1323,26-01-2026,C-1079,Precision Welding,Crane Operator,8,0,794.37
North Substation,NS_MO_2025,PRJ-NS-1302,26-01-2026,C-1011,Midwest Mech Pros,General Labor,8,0,427.85
North Substation,NS_MO_2025,PRJ-NS-1250,26-01-2026,C-1072,Apex Industrial,Crane Operator,8,0,765.35
North Substation,NS_MO_2025,PRJ-NS-1326,26-01-2026,C-1053,Precision Welding,Millwright,8,0,632.6
North Substation,NS_MO_2025,PRJ-NS-1228,26-01-2026,C-1027,Precision Welding,Crane Operator,8,0,881.3
North Substation,NS_MO_2025,PRJ-NS-1346,26-01-2026,C-1006,Apex Industrial,Field Engineer,8,0,1399.53
North Substation,NS_MO_2025,PRJ-NS-1323,26-01-2026,C-1079,Precision Welding,Crane Operator,8,0,759.86
North Substation,NS_MO_2025,PRJ-NS-1352,26-01-2026,C-1060,Summit Field Techs,General Labor,8,0,447.25
North Substation,NS_MO_2025,PRJ-NS-1325,26-01-2026,C-1019,Midwest Mech Pros,Controls Tech,8,0,1051.08
North Substation,NS_MO_2025,PRJ-NS-1188,26-01-2026,C-1003,Summit Field Techs,Millwright,8,0,651.24
North Substation,NS_MO_2025,PRJ-NS-1188,26-01-2026,C-1003,Summit Field Techs,Millwright,8,0,650.32
North Substation,NS_MO_2025,PRJ-NS-1208,26-01-2026,C-1045,Midwest Mech Pros,Crane Operator,8,0,878.79
North Substation,NS_MO_2025,PRJ-NS-1226,26-01-2026,C-1018,Atlas Heavy Eng,Controls Tech,8,0,1079.06
North Substation,NS_MO_2025,PRJ-NS-1166,26-01-2026,C-1023,Summit Field Techs,Field Engineer,8,0,1648.8
North Substation,NS_MO_2025,PRJ-NS-1271,26-01-2026,C-1013,Atlas Heavy Eng,Safety Officer,8,0,567.76
North Substation,NS_MO_2025,PRJ-NS-1378,26-01-2026,C-1020,Midwest Mech Pros,Field Engineer,8,0,1256.63
North Substation,NS_MO_2025,PRJ-NS-1172,26-01-2026,C-1005,Atlas Heavy Eng,Millwright,8,0,609.56
North Substation,NS_MO_2025,PRJ-NS-1246,26-01-2026,C-1079,Precision Welding,Crane Operator,8,0,742.11
North Substation,NS_MO_2025,PRJ-NS-1334,26-01-2026,C-1005,Atlas Heavy Eng,Millwright,8,0,597.92
North Substation,NS_MO_2025,PRJ-NS-1255,26-01-2026,C-1000,PrimeFix Solutions,Millwright,8,0,726.27
North Substation,NS_MO_2025,PRJ-NS-1166,26-01-2026,C-1023,Summit Field Techs,Field Engineer,8,0,1576.55
North Substation,NS_MO_2025,PRJ-NS-1152,26-01-2026,C-1053,Precision Welding,Millwright,8,0,628.93
North Substation,NS_MO_2025,PRJ-NS-1352,26-01-2026,C-1060,Summit Field Techs,General Labor,8,0,458.52
North Substation,NS_MO_2025,PRJ-NS-1356,26-01-2026,C-1067,PrimeFix Solutions,Millwright,8,0,731.93
North Substation,NS_MO_2025,PRJ-NS-1234,26-01-2026,C-1043,Apex Industrial,Crane Operator,8,0,816.51
North Substation,NS_MO_2025,PRJ-NS-1186,26-01-2026,C-1058,Midwest Mech Pros,Controls Tech,8,0,1326.82
North Substation,NS_MO_2025,PRJ-NS-1271,26-01-2026,C-1013,Atlas Heavy Eng,Safety Officer,8,0,590.43
North Substation,NS_MO_2025,PRJ-NS-1350,26-01-2026,C-1079,Precision Welding,Crane Operator,8,0,734.81
North Substation,NS_MO_2025,PRJ-NS-1261,26-01-2026,C-1052,PrimeFix Solutions,General Labor,8,0,373.36
North Substation,NS_MO_2025,PRJ-NS-1246,26-01-2026,C-1079,Precision Welding,Crane Operator,8,0,736.68
North Substation,NS_MO_2025,PRJ-NS-1304,26-01-2026,C-1059,PrimeFix Solutions,Field Engineer,8,0,1270.24
North Substation,NS_MO_2025,PRJ-NS-1228,26-01-2026,C-1020,Midwest Mech Pros,Field Engineer,8,0,1174.94
North Substation,NS_MO_2025,PRJ-NS-1160,26-01-2026,C-1017,Summit Field Techs,Crane Operator,8,0,840.28
North Substation,NS_MO_2025,PRJ-NS-1375,26-01-2026,C-1012,Midwest Mech Pros,Controls Tech,8,0,1077.59
North Substation,NS_MO_2025,PRJ-NS-1326,26-01-2026,C-1076,Apex Industrial,Safety Officer,8,0,617.02
North Substation,NS_MO_2025,PRJ-NS-1307,26-01-2026,C-1066,Apex Industrial,General Labor,8,0,375.42
North Substation,NS_MO_2025,PRJ-NS-1352,26-01-2026,C-1060,Summit Field Techs,General Labor,8,0,450.34
North Substation,NS_MO_2025,PRJ-NS-1154,26-01-2026,C-1020,Midwest Mech Pros,Field Engineer,8,0,1235.43
North Substation,NS_MO_2025,PRJ-NS-1326,26-01-2026,C-1053,Precision Welding,Millwright,8,0,675.65
North Substation,NS_MO_2025,PRJ-NS-1190,26-01-2026,C-1006,Apex Industrial,Field Engineer,8,0,1326.0
North Substation,NS_MO_2025,PRJ-NS-1321,26-01-2026,C-1062,PrimeFix Solutions,General Labor,8,0,372.73
North Substation,NS_MO_2025,PRJ-NS-1327,26-01-2026,C-1023,Summit Field Techs,Field Engineer,8,0,1557.74
North Substation,NS_MO_2025,PRJ-NS-1268,26-01-2026,C-1028,Midwest Mech Pros,Field Engineer,8,0,1500.12
North Substation,NS_MO_2025,PRJ-NS-1194,26-01-2026,C-1030,Summit Field Techs,Millwright,8,0,617.18
North Substation,NS_MO_2025,PRJ-NS-1326,26-01-2026,C-1053,Precision Welding,Millwright,8,0,683.66
North Substation,NS_MO_2025,PRJ-NS-1261,26-01-2026,C-1052,PrimeFix Solutions,General Labor,8,0,353.04
North Substation,NS_MO_2025,PRJ-NS-1356,26-01-2026,C-1039,PrimeFix Solutions,Field Engineer,8,0,1456.9
North Substation,NS_MO_2025,PRJ-NS-1307,26-01-2026,C-1066,Apex Industrial,General Labor,8,0,405.66
North Substation,NS_MO_2025,PRJ-NS-1291,26-01-2026,C-1054,Midwest Mech Pros,General Labor,8,0,413.81
North Substation,NS_MO_2025,PRJ-NS-1204,26-01-2026,C-1024,Apex Industrial,Millwright,8,0,747.08
North Substation,NS_MO_2025,PRJ-NS-1194,26-01-2026,C-1030,Summit Field Techs,Millwright,8,0,625.0
North Substation,NS_MO_2025,PRJ-NS-1321,26-01-2026,C-1062,PrimeFix Solutions,General Labor,8,0,378.41
North Substation,NS_MO_2025,PRJ-NS-1380,26-01-2026,C-1006,Apex Industrial,Field Engineer,8,0,1352.04
North Substation,NS_MO_2025,PRJ-NS-1342,26-01-2026,C-1030,Summit Field Techs,Millwright,8,0,605.63
North Substation,NS_MO_2025,PRJ-NS-1213,26-01-2026,C-1041,Precision Welding,Millwright,8,0,731.2
North Substation,NS_MO_2025,PRJ-NS-1263,26-01-2026,C-1039,PrimeFix Solutions,Field Engineer,8,0,1477.02
North Substation,NS_MO_2025,PRJ-NS-1268,26-01-2026,C-1028,Midwest Mech Pros,Field Engineer,8,0,1541.62
North Substation,NS_MO_2025,PRJ-NS-1324,26-01-2026,C-1078,Atlas Heavy Eng,Millwright,8,0,681.32
North Substation,NS_MO_2025,PRJ-NS-1215,26-01-2026,C-1001,Apex Industrial,General Labor,8,0,419.58
North Substation,NS_MO_2025,PRJ-NS-1205,26-01-2026,C-1012,Midwest Mech Pros,Controls Tech,8,0,1048.87
North Substation,NS_MO_2025,PRJ-NS-1228,26-01-2026,C-1020,Midwest Mech Pros,Field Engineer,8,0,1195.39
North Substation,NS_MO_2025,PRJ-NS-1263,26-01-2026,C-1039,PrimeFix Solutions,Field Engineer,8,0,1453.94
North Substation,NS_MO_2025,PRJ-NS-1226,26-01-2026,C-1023,Summit Field Techs,Field Engineer,8,0,1648.47
North Substation,NS_MO_2025,PRJ-NS-1236,26-01-2026,C-1005,Atlas Heavy Eng,Millwright,8,0,598.65
North Substation,NS_MO_2025,PRJ-NS-1311,26-01-2026,C-1039,PrimeFix Solutions,Field Engineer,8,0,1497.09
North Substation,NS_MO_2025,PRJ-NS-1375,26-01-2026,C-1012,Midwest Mech Pros,Controls Tech,8,0,1008.66
North Substation,NS_MO_2025,PRJ-NS-1192,26-01-2026,C-1040,Atlas Heavy Eng,Crane Operator,8,0,845.01
North Substation,NS_MO_2025,PRJ-NS-1191,26-01-2026,C-1047,Atlas Heavy Eng,Millwright,8,0,640.77
North Substation,NS_MO_2025,PRJ-NS-1324,26-01-2026,C-1072,Apex Industrial,Crane Operator,8,0,745.72
North Substation,NS_MO_2025,PRJ-NS-1346,26-01-2026,C-1010,PrimeFix Solutions,Field Engineer,8,0,1562.32
North Substation,NS_MO_2025,PRJ-NS-1189,26-01-2026,C-1024,Apex Industrial,Millwright,8,0,739.04
North Substation,NS_MO_2025,PRJ-NS-1356,26-01-2026,C-1067,PrimeFix Solutions,Millwright,8,0,715.28
North Substation,NS_MO_2025,PRJ-NS-1162,26-01-2026,C-1040,Atlas Heavy Eng,Crane Operator,8,0,887.41
North Substation,NS_MO_2025,PRJ-NS-1208,26-01-2026,C-1045,Midwest Mech Pros,Crane Operator,8,0,872.15
North Substation,NS_MO_2025,PRJ-NS-1187,26-01-2026,C-1028,Midwest Mech Pros,Field Engineer,8,0,1482.47
North Substation,NS_MO_2025,PRJ-NS-1211,26-01-2026,C-1067,PrimeFix Solutions,Millwright,8,0,716.38
North Substation,NS_MO_2025,PRJ-NS-1320,26-01-2026,C-1001,Apex Industrial,General Labor,8,0,389.88
North Substation,NS_MO_2025,PRJ-NS-1354,26-01-2026,C-1066,Apex Industrial,General Labor,8,0,406.31
North Substation,NS_MO_2025,PRJ-NS-1197,26-01-2026,C-1051,Apex Industrial,Crane Operator,8,0,859.13
North Substation,NS_MO_2025,PRJ-NS-1185,26-01-2026,C-1023,Summit Field Techs,Field Engineer,8,0,1527.98
North Substation,NS_MO_2025,PRJ-NS-1322,26-01-2026,C-1031,Summit Field Techs,Crane Operator,8,0,780.87
North Substation,NS_MO_2025,PRJ-NS-1313,26-01-2026,C-1005,Atlas Heavy Eng,Millwright,8,0,583.9
North Substation,NS_MO_2025,PRJ-NS-1188,26-01-2026,C-1024,Apex Industrial,Millwright,8,0,762.95
North Substation,NS_MO_2025,PRJ-NS-1151,26-01-2026,C-1065,PrimeFix Solutions,Safety Officer,8,0,687.91
North Substation,NS_MO_2025,PRJ-NS-1226,26-01-2026,C-1023,Summit Field Techs,Field Engineer,8,0,1549.06
North Substation,NS_MO_2025,PRJ-NS-1326,26-01-2026,C-1053,Precision Welding,Millwright,8,0,633.46
North Substation,NS_MO_2025,PRJ-NS-1255,26-01-2026,C-1000,PrimeFix Solutions,Millwright,8,0,710.71
North Substation,NS_MO_2025,PRJ-NS-1207,26-01-2026,C-1006,Apex Industrial,Field Engineer,8,0,1310.6
North Substation,NS_MO_2025,PRJ-NS-1324,26-01-2026,C-1078,Atlas Heavy Eng,Millwright,8,0,704.59
North Substation,NS_MO_2025,PRJ-NS-1183,26-01-2026,C-1078,Atlas Heavy Eng,Millwright,8,0,719.39
North Substation,NS_MO_2025,PRJ-NS-1246,26-01-2026,C-1079,Precision Welding,Crane Operator,8,0,739.86
North Substation,NS_MO_2025,PRJ-NS-1232,26-01-2026,C-1073,Precision Welding,General Labor,8,0,361.95
North Substation,NS_MO_2025,PRJ-NS-1200,26-01-2026,C-1023,Summit Field Techs,Field Engineer,8,0,1661.7
North Substation,NS_MO_2025,PRJ-NS-1236,26-01-2026,C-1005,Atlas Heavy Eng,Millwright,8,0,613.96
North Substation,NS_MO_2025,PRJ-NS-1194,26-01-2026,C-1046,Precision Welding,General Labor,8,0,415.85
North Substation,NS_MO_2025,PRJ-NS-1390,26-01-2026,C-1013,Atlas Heavy Eng,Safety Officer,8,0,583.63
North Substation,NS_MO_2025,PRJ-NS-1228,26-01-2026,C-1020,Midwest Mech Pros,Field Engineer,8,0,1177.85
North Substation,NS_MO_2025,PRJ-NS-1384,26-01-2026,C-1035,Summit Field Techs,General Labor,8,0,369.39
North Substation,NS_MO_2025,PRJ-NS-1152,26-01-2026,C-1053,Precision Welding,Millwright,8,0,639.77
North Substation,NS_MO_2025,PRJ-NS-1330,26-01-2026,C-1071,PrimeFix Solutions,Crane Operator,8,0,759.21
North Substation,NS_MO_2025,PRJ-NS-1261,26-01-2026,C-1052,PrimeFix Solutions,General Labor,8,0,364.23
North Substation,NS_MO_2025,PRJ-NS-1324,26-01-2026,C-1072,Apex Industrial,Crane Operator,8,0,742.86
North Substation,NS_MO_2025,PRJ-NS-1380,26-01-2026,C-1006,Apex Industrial,Field Engineer,8,0,1385.59
North Substation,NS_MO_2025,PRJ-NS-1332,26-01-2026,C-1052,PrimeFix Solutions,General Labor,8,0,373.84
North Substation,NS_MO_2025,PRJ-NS-1373,26-01-2026,C-1037,PrimeFix Solutions,Controls Tech,8,0,1098.62
North Substation,NS_MO_2025,PRJ-NS-1348,26-01-2026,C-1026,Precision Welding,Controls Tech,8,0,1065.94
North Substation,NS_MO_2025,PRJ-NS-1379,26-01-2026,C-1019,Midwest Mech Pros,Controls Tech,8,0,1086.13
North Substation,NS_MO_2025,PRJ-NS-1394,26-01-2026,C-1029,Midwest Mech Pros,Controls Tech,8,0,1000.17
North Substation,NS_MO_2025,PRJ-NS-1313,26-01-2026,C-1005,Atlas Heavy Eng,Millwright,8,0,584.27
North Substation,NS_MO_2025,PRJ-NS-1311,26-01-2026,C-1039,PrimeFix Solutions,Field Engineer,8,0,1519.12
North Substation,NS_MO_2025,PRJ-NS-1211,26-01-2026,C-1067,PrimeFix Solutions,Millwright,8,0,730.05
North Substation,NS_MO_2025,PRJ-NS-1208,26-01-2026,C-1045,Midwest Mech Pros,Crane Operator,8,0,844.84
North Substation,NS_MO_2025,PRJ-NS-1393,26-01-2026,C-1003,Summit Field Techs,Millwright,8,0,713.26
North Substation,NS_MO_2025,PRJ-NS-1320,26-01-2026,C-1001,Apex Industrial,General Labor,8,0,396.07
North Substation,NS_MO_2025,PRJ-NS-1196,26-01-2026,C-1023,Summit Field Techs,Field Engineer,8,0,1664.93
North Substation,NS_MO_2025,PRJ-NS-1208,26-01-2026,C-1045,Midwest Mech Pros,Crane Operator,8,0,838.89
North Substation,NS_MO_2025,PRJ-NS-1342,26-01-2026,C-1030,Summit Field Techs,Millwright,8,0,614.99
North Substation,NS_MO_2025,PRJ-NS-1181,26-01-2026,C-1078,Atlas Heavy Eng,Millwright,8,0,716.9
North Substation,NS_MO_2025,PRJ-NS-1348,26-01-2026,C-1026,Precision Welding,Controls Tech,8,0,1027.12
North Substation,NS_MO_2025,PRJ-NS-1302,26-01-2026,C-1011,Midwest Mech Pros,General Labor,8,0,427.55
North Substation,NS_MO_2025,PRJ-NS-1315,26-01-2026,C-1020,Midwest Mech Pros,Field Engineer,8,0,1235.77
North Substation,NS_MO_2025,PRJ-NS-1259,26-01-2026,C-1043,Apex Industrial,Crane Operator,8,0,803.79
North Substation,NS_MO_2025,PRJ-NS-1393,26-01-2026,C-1000,PrimeFix Solutions,Millwright,8,0,678.03
North Substation,NS_MO_2025,PRJ-NS-1380,26-01-2026,C-1039,PrimeFix Solutions,Field Engineer,8,0,1528.74
North Substation,NS_MO_2025,PRJ-NS-1390,26-01-2026,C-1013,Atlas Heavy Eng,Safety Officer,8,0,578.95
North Substation,NS_MO_2025,PRJ-NS-1160,26-01-2026,C-1017,Summit Field Techs,Crane Operator,8,0,878.55
North Substation,NS_MO_2025,PRJ-NS-1228,26-01-2026,C-1027,Precision Welding,Crane Operator,8,0,857.97
North Substation,NS_MO_2025,PRJ-NS-1189,26-01-2026,C-1074,Apex Industrial,Controls Tech,8,0,1108.23
North Substation,NS_MO_2025,PRJ-NS-1304,26-01-2026,C-1059,PrimeFix Solutions,Field Engineer,8,0,1260.68
North Substation,NS_MO_2025,PRJ-NS-1192,26-01-2026,C-1040,Atlas Heavy Eng,Crane Operator,8,0,864.52
North Substation,NS_MO_2025,PRJ-NS-1315,26-01-2026,C-1062,PrimeFix Solutions,General Labor,8,0,380.5
North Substation,NS_MO_2025,PRJ-NS-1354,26-01-2026,C-1066,Apex Industrial,General Labor,8,0,391.83
North Substation,NS_MO_2025,PRJ-NS-1346,26-01-2026,C-1010,PrimeFix Solutions,Field Engineer,8,0,1521.25
North Substation,NS_MO_2025,PRJ-NS-1246,26-01-2026,C-1079,Precision Welding,Crane Operator,8,0,792.5
North Substation,NS_MO_2025,PRJ-NS-1304,26-01-2026,C-1013,Atlas Heavy Eng,Safety Officer,8,0,583.35
North Substation,NS_MO_2025,PRJ-NS-1263,26-01-2026,C-1054,Midwest Mech Pros,General Labor,8,0,410.69
North Substation,NS_MO_2025,PRJ-NS-1320,26-01-2026,C-1001,Apex Industrial,General Labor,8,0,404.26
North Substation,NS_MO_2025,PRJ-NS-1257,26-01-2026,C-1077,Precision Welding,Safety Officer,8,0,553.92
North Substation,NS_MO_2025,PRJ-NS-1185,26-01-2026,C-1023,Summit Field Techs,Field Engineer,8,0,1638.39
North Substation,NS_MO_2025,PRJ-NS-1361,26-01-2026,C-1073,Precision Welding,General Labor,8,0,370.01
North Substation,NS_MO_2025,PRJ-NS-1315,26-01-2026,C-1020,Midwest Mech Pros,Field Engineer,8,0,1234.94
North Substation,NS_MO_2025,PRJ-NS-1151,26-01-2026,C-1065,PrimeFix Solutions,Safety Officer,8,0,668.29
North Substation,NS_MO_2025,PRJ-NS-1207,26-01-2026,C-1006,Apex Industrial,Field Engineer,8,0,1335.95
North Substation,NS_MO_2025,PRJ-NS-1159,26-01-2026,C-1041,Precision Welding,Millwright,8,0,713.91
North Substation,NS_MO_2025,PRJ-NS-1190,26-01-2026,C-1006,Apex Industrial,Field Engineer,8,0,1364.17
North Substation,NS_MO_2025,PRJ-NS-1159,26-01-2026,C-1041,Precision Welding,Millwright,8,0,683.44
North Substation,NS_MO_2025,PRJ-NS-1323,26-01-2026,C-1079,Precision Welding,Crane Operator,8,0,729.68
North Substation,NS_MO_2025,PRJ-NS-1342,26-01-2026,C-1031,Summit Field Techs,Crane Operator,8,0,730.32
North Substation,NS_MO_2025,PRJ-NS-1172,26-01-2026,C-1005,Atlas Heavy Eng,Millwright,8,0,607.74
North Substation,NS_MO_2025,PRJ-NS-1255,26-01-2026,C-1000,PrimeFix Solutions,Millwright,8,0,732.34
East Peaker,EP_MO_2027,PRJ-EP-1906,26-01-2026,C-1028,Midwest Mech Pros,Field Engineer,8,0,1366.89
East Peaker,EP_MO_2027,PRJ-EP-1910,26-01-2026,C-1059,PrimeFix Solutions,Field Engineer,8,0,1312.36
East Peaker,EP_MO_2027,PRJ-EP-1913,26-01-2026,C-1006,Apex Industrial,Field Engineer,8,0,1400.4
East Peaker,EP_MO_2027,PRJ-EP-1900,26-01-2026,C-1077,Precision Welding,Safety Officer,8,0,561.57
East Peaker,EP_MO_2027,PRJ-EP-1892,26-01-2026,C-1041,Precision Welding,Millwright,8,0,719.79
Coast BaseLoad,CB_MO_2027,PRJ-CB-2526,26-01-2026,C-1066,Apex Industrial,General Labor,8,0,380.14
Coast BaseLoad,CB_MO_2027,PRJ-CB-2531,26-01-2026,C-1023,Summit Field Techs,Field Engineer,8,0,1620.49
Coast BaseLoad,CB_MO_2027,PRJ-CB-2514,26-01-2026,C-1010,PrimeFix Solutions,Field Engineer,8,0,1575.53
Coast BaseLoad,CB_MO_2027,PRJ-CB-2517,26-01-2026,C-1065,PrimeFix Solutions,Safety Officer,8,0,681.38
East Peaker,EP_MO_2027,PRJ-EP-1907,26-01-2026,C-1045,Midwest Mech Pros,Crane Operator,8,0,869.84
Coast BaseLoad,CB_MO_2027,PRJ-CB-2517,26-01-2026,C-1023,Summit Field Techs,Field Engineer,8,0,1470.4
Rural Gen BaseLoad,RG_HGP_2026,PRJ-RG-2971,26-01-2026,C-1010,PrimeFix Solutions,Field Engineer,8,0,1499.27
Rural Gen BaseLoad,RG_HGP_2026,PRJ-RG-2966,26-01-2026,C-1029,Midwest Mech Pros,Controls Tech,8,0,1088.03
Rural Gen BaseLoad,RG_HGP_2026,PRJ-RG-2964,26-01-2026,C-1028,Midwest Mech Pros,Field Engineer,8,0,1430.04
Rural Gen BaseLoad,RG_HGP_2026,PRJ-RG-2964,26-01-2026,C-1010,PrimeFix Solutions,Field Engineer,8,0,1443.24
Rural Gen BaseLoad,RG_HGP_2026,PRJ-RG-2969,26-01-2026,C-1051,Apex Industrial,Crane Operator,8,0,914.93
Rural Gen BaseLoad,RG_HGP_2026,PRJ-RG-2969,26-01-2026,C-1059,PrimeFix Solutions,Field Engineer,8,0,1135.08
Rural Gen BaseLoad,RG_HGP_2026,PRJ-RG-2971,26-01-2026,C-1024,Apex Industrial,Millwright,8,0,710.43
Rural Gen BaseLoad,RG_HGP_2026,PRJ-RG-2965,26-01-2026,C-1006,Apex Industrial,Field Engineer,8,0,1300.04
Coast BaseLoad,CB_MO_2027,PRJ-CB-2531,26-01-2026,C-1030,Summit Field Techs,Millwright,8,0,599.79
Rural Gen BaseLoad,RG_HGP_2026,PRJ-RG-2965,26-01-2026,C-1006,Apex Industrial,Field Engineer,8,0,1395.86
Rural Gen BaseLoad,RG_HGP_2026,PRJ-RG-2971,26-01-2026,C-1028,Midwest Mech Pros,Field Engineer,8,0,1596.26
Rural Gen BaseLoad,RG_HGP_2026,PRJ-RG-2968,26-01-2026,C-1039,PrimeFix Solutions,Field Engineer,8,0,1629.88
Rural Gen BaseLoad,RG_HGP_2026,PRJ-RG-2967,26-01-2026,C-1039,PrimeFix Solutions,Field Engineer,8,0,1611.98
Rural Gen BaseLoad,RG_HGP_2026,PRJ-RG-2970,26-01-2026,C-1020,Midwest Mech Pros,Field Engineer,8,0,1221.5
Rural Gen BaseLoad,RG_HGP_2026,PRJ-RG-2965,26-01-2026,C-1028,Midwest Mech Pros,Field Engineer,8,0,1544.08
Rural Gen BaseLoad,RG_HGP_2026,PRJ-RG-2971,26-01-2026,C-1023,Summit Field Techs,Field Engineer,8,0,1510.19
Rural Gen BaseLoad,RG_HGP_2026,PRJ-RG-2966,26-01-2026,C-1051,Apex Industrial,Crane Operator,8,0,897.34
Rural Gen BaseLoad,RG_HGP_2026,PRJ-RG-2964,26-01-2026,C-1039,PrimeFix Solutions,Field Engineer,8,0,1413.96
Rural Gen BaseLoad,RG_HGP_2026,PRJ-RG-2970,26-01-2026,C-1003,Summit Field Techs,Millwright,8,0,669.86
Rural Gen BaseLoad,RG_HGP_2026,PRJ-RG-2965,26-01-2026,C-1023,Summit Field Techs,Field Engineer,8,0,1713.07
Rural Gen BaseLoad,RG_HGP_2026,PRJ-RG-2969,26-01-2026,C-1017,Summit Field Techs,Crane Operator,8,0,928.97
Rural Gen BaseLoad,RG_HGP_2026,PRJ-RG-2969,26-01-2026,C-1028,Midwest Mech Pros,Field Engineer,8,0,1460.19
Rural Gen BaseLoad,RG_HGP_2026,PRJ-RG-2965,26-01-2026,C-1010,PrimeFix Solutions,Field Engineer,8,0,1519.96
Rural Gen BaseLoad,RG_HGP_2026,PRJ-RG-2968,26-01-2026,C-1008,Apex Industrial,Safety Officer,8,0,673.36
Rural Gen BaseLoad,RG_HGP_2026,PRJ-RG-2968,26-01-2026,C-1020,Midwest Mech Pros,Field Engineer,8,0,1288.32
Rural Gen BaseLoad,RG_HGP_2026,PRJ-RG-2966,26-01-2026,C-1059,PrimeFix Solutions,Field Engineer,8,0,1191.67
Rural Gen BaseLoad,RG_HGP_2026,PRJ-RG-2968,26-01-2026,C-1028,Midwest Mech Pros,Field Engineer,8,0,1347.26
Rural Gen BaseLoad,RG_HGP_2026,PRJ-RG-2969,26-01-2026,C-1023,Summit Field Techs,Field Engineer,8,0,1454.7
Rural Gen BaseLoad,RG_HGP_2026,PRJ-RG-2971,26-01-2026,C-1020,Midwest Mech Pros,Field Engineer,8,0,1233.43
Rural Gen BaseLoad,RG_HGP_2026,PRJ-RG-2968,26-01-2026,C-1020,Midwest Mech Pros,Field Engineer,8,0,1284.42
Rural Gen BaseLoad,RG_HGP_2026,PRJ-RG-2968,26-01-2026,C-1020,Midwest Mech Pros,Field Engineer,8,0,1267.2
Rural Gen BaseLoad,RG_HGP_2026,PRJ-RG-2967,26-01-2026,C-1034,Atlas Heavy Eng,Safety Officer,8,0,519.49
Rural Gen BaseLoad,RG_HGP_2026,PRJ-RG-2970,26-01-2026,C-1058,Midwest Mech Pros,Controls Tech,8,0,1247.02
Rural Gen BaseLoad,RG_HGP_2026,PRJ-RG-2968,26-01-2026,C-1023,Summit Field Techs,Field Engineer,8,0,1463.13
Rural Gen BaseLoad,RG_HGP_2026,PRJ-RG-2969,26-01-2026,C-1059,PrimeFix Solutions,Field Engineer,8,0,1250.12
South Gen Unit 1,SG_F_EDF_2026,PRJ-SG-1440,26-01-2026,C-1023,Summit Field Techs,Field Engineer,8,0,1575.41
South Gen Unit 1,SG_F_EDF_2026,PRJ-SG-1454,26-01-2026,C-1015,Atlas Heavy Eng,Controls Tech,8,0,1211.07
South Gen Unit 1,SG_F_EDF_2026,PRJ-SG-1432,26-01-2026,C-1079,Precision Welding,Crane Operator,8,0,688.15
South Gen Unit 1,SG_F_EDF_2026,PRJ-SG-1429,26-01-2026,C-1039,PrimeFix Solutions,Field Engineer,8,0,1619.57
South Gen Unit 1,SG_F_EDF_2026,PRJ-SG-1432,26-01-2026,C-1046,Precision Welding,General Labor,8,0,451.3
South Gen Unit 1,SG_F_EDF_2026,PRJ-SG-1449,26-01-2026,C-1017,Summit Field Techs,Crane Operator,8,0,872.09
Rural Gen BaseLoad,RG_HGP_2026,PRJ-RG-2965,26-01-2026,C-1039,PrimeFix Solutions,Field Engineer,8,0,1524.67
South Gen Unit 1,SG_F_EDF_2026,PRJ-SG-1453,26-01-2026,C-1047,Atlas Heavy Eng,Millwright,8,0,629.18
South Gen Unit 1,SG_F_EDF_2026,PRJ-SG-1434,26-01-2026,C-1008,Apex Industrial,Safety Officer,8,0,617.89
South Gen Unit 1,SG_F_EDF_2026,PRJ-SG-1440,26-01-2026,C-1078,Atlas Heavy Eng,Millwright,8,0,668.65
South Gen Unit 1,SG_F_EDF_2026,PRJ-SG-1440,26-01-2026,C-1020,Midwest Mech Pros,Field Engineer,8,0,1119.04
South Gen Unit 1,SG_F_EDF_2026,PRJ-SG-1445,26-01-2026,C-1060,Summit Field Techs,General Labor,8,0,467.62
Rural Gen BaseLoad,RG_HGP_2026,PRJ-RG-2966,26-01-2026,C-1059,PrimeFix Solutions,Field Engineer,8,0,1336.54
South Gen Unit 1,SG_F_EDF_2026,PRJ-SG-1452,26-01-2026,C-1028,Midwest Mech Pros,Field Engineer,8,0,1350.09
Rural Gen BaseLoad,RG_HGP_2026,PRJ-RG-2965,26-01-2026,C-1008,Apex Industrial,Safety Officer,8,0,662.77
North Substation,NS_MO_2025,PRJ-NS-1211,27-01-2026,C-1067,PrimeFix Solutions,Millwright,8,0,693.18
North Substation,NS_MO_2025,PRJ-NS-1388,27-01-2026,C-1045,Midwest Mech Pros,Crane Operator,8,0,874.5
North Substation,NS_MO_2025,PRJ-NS-1361,27-01-2026,C-1073,Precision Welding,General Labor,8,0,383.34
North Substation,NS_MO_2025,PRJ-NS-1290,27-01-2026,C-1037,PrimeFix Solutions,Controls Tech,8,0,1137.51
North Substation,NS_MO_2025,PRJ-NS-1334,27-01-2026,C-1005,Atlas Heavy Eng,Millwright,8,0,610.23
North Substation,NS_MO_2025,PRJ-NS-1322,27-01-2026,C-1019,Midwest Mech Pros,Controls Tech,8,0,1081.37
North Substation,NS_MO_2025,PRJ-NS-1346,27-01-2026,C-1006,Apex Industrial,Field Engineer,8,0,1419.3
North Substation,NS_MO_2025,PRJ-NS-1194,27-01-2026,C-1030,Summit Field Techs,Millwright,8,0,634.03
North Substation,NS_MO_2025,PRJ-NS-1194,27-01-2026,C-1030,Summit Field Techs,Millwright,8,0,649.74
North Substation,NS_MO_2025,PRJ-NS-1379,27-01-2026,C-1019,Midwest Mech Pros,Controls Tech,8,0,1073.65
North Substation,NS_MO_2025,PRJ-NS-1324,27-01-2026,C-1078,Atlas Heavy Eng,Millwright,8,0,660.85
North Substation,NS_MO_2025,PRJ-NS-1393,27-01-2026,C-1037,PrimeFix Solutions,Controls Tech,8,0,1100.68
North Substation,NS_MO_2025,PRJ-NS-1228,27-01-2026,C-1027,Precision Welding,Crane Operator,8,0,900.92
North Substation,NS_MO_2025,PRJ-NS-1342,27-01-2026,C-1030,Summit Field Techs,Millwright,8,0,614.61
North Substation,NS_MO_2025,PRJ-NS-1327,27-01-2026,C-1023,Summit Field Techs,Field Engineer,8,0,1611.71
North Substation,NS_MO_2025,PRJ-NS-1226,27-01-2026,C-1023,Summit Field Techs,Field Engineer,8,0,1554.12
North Substation,NS_MO_2025,PRJ-NS-1222,27-01-2026,C-1041,Precision Welding,Millwright,8,0,724.3
North Substation,NS_MO_2025,PRJ-NS-1346,27-01-2026,C-1006,Apex Industrial,Field Engineer,8,0,1317.82
North Substation,NS_MO_2025,PRJ-NS-1190,27-01-2026,C-1021,Summit Field Techs,Millwright,8,0,647.05
North Substation,NS_MO_2025,PRJ-NS-1257,27-01-2026,C-1077,Precision Welding,Safety Officer,8,0,595.49
North Substation,NS_MO_2025,PRJ-NS-1172,27-01-2026,C-1005,Atlas Heavy Eng,Millwright,8,0,601.68
North Substation,NS_MO_2025,PRJ-NS-1172,27-01-2026,C-1005,Atlas Heavy Eng,Millwright,8,0,614.98
North Substation,NS_MO_2025,PRJ-NS-1234,27-01-2026,C-1043,Apex Industrial,Crane Operator,8,0,812.09
North Substation,NS_MO_2025,PRJ-NS-1226,27-01-2026,C-1001,Apex Industrial,General Labor,8,0,390.31
North Substation,NS_MO_2025,PRJ-NS-1300,27-01-2026,C-1023,Summit Field Techs,Field Engineer,8,0,1564.42
North Substation,NS_MO_2025,PRJ-NS-1291,27-01-2026,C-1054,Midwest Mech Pros,General Labor,8,0,397.71
North Substation,NS_MO_2025,PRJ-NS-1185,27-01-2026,C-1023,Summit Field Techs,Field Engineer,8,0,1653.69
North Substation,NS_MO_2025,PRJ-NS-1234,27-01-2026,C-1043,Apex Industrial,Crane Operator,8,0,845.32
South Gen Unit 1,SG_F_EDF_2026,PRJ-SG-1452,27-01-2026,C-1028,Midwest Mech Pros,Field Engineer,8,0,1343.77
West Valley Peaker,WV_HGP_2026,PRJ-WV-2338,27-01-2026,C-1006,Apex Industrial,Field Engineer,8,0,1280.35
West Valley Peaker,WV_HGP_2026,PRJ-WV-2332,27-01-2026,C-1006,Apex Industrial,Field Engineer,8,0,1331.69
West Valley Peaker,WV_HGP_2026,PRJ-WV-2338,27-01-2026,C-1010,PrimeFix Solutions,Field Engineer,8,0,1702.6
West Valley Peaker,WV_HGP_2026,PRJ-WV-2339,27-01-2026,C-1028,Midwest Mech Pros,Field Engineer,8,0,1560.16
South Gen Unit 1,SG_F_EDF_2026,PRJ-SG-1449,27-01-2026,C-1017,Summit Field Techs,Crane Operator,8,0,830.49
South Gen Unit 1,SG_F_EDF_2026,PRJ-SG-1432,27-01-2026,C-1079,Precision Welding,Crane Operator,8,0,815.51
South Gen Unit 1,SG_F_EDF_2026,PRJ-SG-1445,27-01-2026,C-1060,Summit Field Techs,General Labor,8,0,470.21
South Gen Unit 1,SG_F_EDF_2026,PRJ-SG-1454,27-01-2026,C-1015,Atlas Heavy Eng,Controls Tech,8,0,1333.94
South Gen Unit 1,SG_F_EDF_2026,PRJ-SG-1453,27-01-2026,C-1047,Atlas Heavy Eng,Millwright,8,0,652.31
South Gen Unit 1,SG_F_EDF_2026,PRJ-SG-1434,27-01-2026,C-1008,Apex Industrial,Safety Officer,8,0,678.51
South Gen Unit 1,SG_F_EDF_2026,PRJ-SG-1440,27-01-2026,C-1078,Atlas Heavy Eng,Millwright,8,0,761.62
South Gen Unit 1,SG_F_EDF_2026,PRJ-SG-1440,27-01-2026,C-1023,Summit Field Techs,Field Engineer,8,0,1492.41
South Gen Unit 1,SG_F_EDF_2026,PRJ-SG-1440,27-01-2026,C-1020,Midwest Mech Pros,Field Engineer,8,0,1226.77
East Peaker,EP_MO_2027,PRJ-EP-1910,27-01-2026,C-1059,PrimeFix Solutions,Field Engineer,8,0,1279.36
East Peaker,EP_MO_2027,PRJ-EP-1907,27-01-2026,C-1045,Midwest Mech Pros,Crane Operator,8,0,772.94
East Peaker,EP_MO_2027,PRJ-EP-1906,27-01-2026,C-1028,Midwest Mech Pros,Field Engineer,8,0,1530.75
East Peaker,EP_MO_2027,PRJ-EP-1913,27-01-2026,C-1006,Apex Industrial,Field Engineer,8,0,1378.45
West Valley Peaker,WV_HGP_2026,PRJ-WV-2326,27-01-2026,C-1010,PrimeFix Solutions,Field Engineer,8,0,1607.57
West Valley Peaker,WV_HGP_2026,PRJ-WV-2326,27-01-2026,C-1023,Summit Field Techs,Field Engineer,8,0,1662.06
West Valley Peaker,WV_HGP_2026,PRJ-WV-2332,27-01-2026,C-1023,Summit Field Techs,Field Engineer,8,0,1633.75
West Valley Peaker,WV_HGP_2026,PRJ-WV-2339,27-01-2026,C-1006,Apex Industrial,Field Engineer,8,0,1339.42
South Gen Unit 1,SG_F_EDF_2026,PRJ-SG-1432,27-01-2026,C-1046,Precision Welding,General Labor,8,0,445.07
West Valley Peaker,WV_HGP_2026,PRJ-WV-2326,27-01-2026,C-1059,PrimeFix Solutions,Field Engineer,8,0,1301.1
West Valley Peaker,WV_HGP_2026,PRJ-WV-2338,27-01-2026,C-1006,Apex Industrial,Field Engineer,8,0,1267.75
West Valley Peaker,WV_HGP_2026,PRJ-WV-2332,27-01-2026,C-1010,PrimeFix Solutions,Field Engineer,8,0,1559.12
West Valley Peaker,WV_HGP_2026,PRJ-WV-2338,27-01-2026,C-1023,Summit Field Techs,Field Engineer,8,0,1577.69
West Valley Peaker,WV_HGP_2026,PRJ-WV-2332,27-01-2026,C-1010,PrimeFix Solutions,Field Engineer,8,0,1605.7
West Valley Peaker,WV_HGP_2026,PRJ-WV-2339,27-01-2026,C-1023,Summit Field Techs,Field Engineer,8,0,1613.37
West Valley Peaker,WV_HGP_2026,PRJ-WV-2330,27-01-2026,C-1028,Midwest Mech Pros,Field Engineer,8,0,1397.95
North Substation,NS_MO_2025,PRJ-NS-1200,27-01-2026,C-1005,Atlas Heavy Eng,Millwright,8,0,626.48
West Valley Peaker,WV_HGP_2026,PRJ-WV-2345,27-01-2026,C-1059,PrimeFix Solutions,Field Engineer,8,0,1341.82
West Valley Peaker,WV_HGP_2026,PRJ-WV-2338,27-01-2026,C-1059,PrimeFix Solutions,Field Engineer,8,0,1120.23
West Valley Peaker,WV_HGP_2026,PRJ-WV-2332,27-01-2026,C-1020,Midwest Mech Pros,Field Engineer,8,0,1118.48
South Gen Unit 1,SG_F_EDF_2026,PRJ-SG-1429,27-01-2026,C-1039,PrimeFix Solutions,Field Engineer,8,0,1452.18
West Valley Peaker,WV_HGP_2026,PRJ-WV-2345,27-01-2026,C-1059,PrimeFix Solutions,Field Engineer,8,0,1325.41
West Valley Peaker,WV_HGP_2026,PRJ-WV-2338,27-01-2026,C-1010,PrimeFix Solutions,Field Engineer,8,0,1570.96
West Valley Peaker,WV_HGP_2026,PRJ-WV-2330,27-01-2026,C-1059,PrimeFix Solutions,Field Engineer,8,0,1255.47
West Valley Peaker,WV_HGP_2026,PRJ-WV-2338,27-01-2026,C-1028,Midwest Mech Pros,Field Engineer,8,0,1572.69
West Valley Peaker,WV_HGP_2026,PRJ-WV-2332,27-01-2026,C-1039,PrimeFix Solutions,Field Engineer,8,0,1601.63
West Valley Peaker,WV_HGP_2026,PRJ-WV-2339,27-01-2026,C-1039,PrimeFix Solutions,Field Engineer,8,0,1389.3
East Peaker,EP_MO_2027,PRJ-EP-1900,27-01-2026,C-1077,Precision Welding,Safety Officer,8,0,566.24
North Substation,NS_MO_2025,PRJ-NS-1244,27-01-2026,C-1078,Atlas Heavy Eng,Millwright,8,0,676.85
North Substation,NS_MO_2025,PRJ-NS-1369,27-01-2026,C-1008,Apex Industrial,Safety Officer,8,0,655.79
North Substation,NS_MO_2025,PRJ-NS-1276,27-01-2026,C-1003,Summit Field Techs,Millwright,8,0,674.65
North Substation,NS_MO_2025,PRJ-NS-1246,27-01-2026,C-1079,Precision Welding,Crane Operator,8,0,799.49
North Substation,NS_MO_2025,PRJ-NS-1259,27-01-2026,C-1023,Summit Field Techs,Field Engineer,8,0,1591.63
North Substation,NS_MO_2025,PRJ-NS-1304,27-01-2026,C-1059,PrimeFix Solutions,Field Engineer,8,0,1223.31
North Substation,NS_MO_2025,PRJ-NS-1352,27-01-2026,C-1060,Summit Field Techs,General Labor,8,0,457.17
North Substation,NS_MO_2025,PRJ-NS-1307,27-01-2026,C-1066,Apex Industrial,General Labor,8,0,371.0
North Substation,NS_MO_2025,PRJ-NS-1390,27-01-2026,C-1013,Atlas Heavy Eng,Safety Officer,8,0,578.04
North Substation,NS_MO_2025,PRJ-NS-1320,27-01-2026,C-1001,Apex Industrial,General Labor,8,0,390.74
North Substation,NS_MO_2025,PRJ-NS-1226,27-01-2026,C-1001,Apex Industrial,General Labor,8,0,396.32
North Substation,NS_MO_2025,PRJ-NS-1255,27-01-2026,C-1000,PrimeFix Solutions,Millwright,8,0,699.0
North Substation,NS_MO_2025,PRJ-NS-1312,27-01-2026,C-1010,PrimeFix Solutions,Field Engineer,8,0,1628.74
North Substation,NS_MO_2025,PRJ-NS-1329,27-01-2026,C-1067,PrimeFix Solutions,Millwright,8,0,695.55
North Substation,NS_MO_2025,PRJ-NS-1307,27-01-2026,C-1066,Apex Industrial,General Labor,8,0,370.05
North Substation,NS_MO_2025,PRJ-NS-1320,27-01-2026,C-1001,Apex Industrial,General Labor,8,0,406.3
North Substation,NS_MO_2025,PRJ-NS-1194,27-01-2026,C-1030,Summit Field Techs,Millwright,8,0,618.54
North Substation,NS_MO_2025,PRJ-NS-1394,27-01-2026,C-1029,Midwest Mech Pros,Controls Tech,8,0,1015.73
North Substation,NS_MO_2025,PRJ-NS-1255,27-01-2026,C-1000,PrimeFix Solutions,Millwright,8,0,714.78
North Substation,NS_MO_2025,PRJ-NS-1205,27-01-2026,C-1012,Midwest Mech Pros,Controls Tech,8,0,1049.74
North Substation,NS_MO_2025,PRJ-NS-1324,27-01-2026,C-1072,Apex Industrial,Crane Operator,8,0,720.94
North Substation,NS_MO_2025,PRJ-NS-1213,27-01-2026,C-1041,Precision Welding,Millwright,8,0,720.21
North Substation,NS_MO_2025,PRJ-NS-1186,27-01-2026,C-1058,Midwest Mech Pros,Controls Tech,8,0,1272.18
North Substation,NS_MO_2025,PRJ-NS-1196,27-01-2026,C-1023,Summit Field Techs,Field Engineer,8,0,1557.78
North Substation,NS_MO_2025,PRJ-NS-1189,27-01-2026,C-1074,Apex Industrial,Controls Tech,8,0,1060.22
North Substation,NS_MO_2025,PRJ-NS-1234,27-01-2026,C-1043,Apex Industrial,Crane Operator,8,0,835.43
North Substation,NS_MO_2025,PRJ-NS-1208,27-01-2026,C-1045,Midwest Mech Pros,Crane Operator,8,0,866.41
North Substation,NS_MO_2025,PRJ-NS-1346,27-01-2026,C-1006,Apex Industrial,Field Engineer,8,0,1362.17
North Substation,NS_MO_2025,PRJ-NS-1335,27-01-2026,C-1019,Midwest Mech Pros,Controls Tech,8,0,1101.61
North Substation,NS_MO_2025,PRJ-NS-1304,27-01-2026,C-1059,PrimeFix Solutions,Field Engineer,8,0,1235.36
North Substation,NS_MO_2025,PRJ-NS-1332,27-01-2026,C-1052,PrimeFix Solutions,General Labor,8,0,370.62
North Substation,NS_MO_2025,PRJ-NS-1226,27-01-2026,C-1023,Summit Field Techs,Field Engineer,8,0,1579.07
North Substation,NS_MO_2025,PRJ-NS-1194,27-01-2026,C-1046,Precision Welding,General Labor,8,0,406.79
North Substation,NS_MO_2025,PRJ-NS-1255,27-01-2026,C-1000,PrimeFix Solutions,Millwright,8,0,711.93
North Substation,NS_MO_2025,PRJ-NS-1162,27-01-2026,C-1040,Atlas Heavy Eng,Crane Operator,8,0,882.9
North Substation,NS_MO_2025,PRJ-NS-1185,27-01-2026,C-1023,Summit Field Techs,Field Engineer,8,0,1623.77
North Substation,NS_MO_2025,PRJ-NS-1187,27-01-2026,C-1028,Midwest Mech Pros,Field Engineer,8,0,1479.75
North Substation,NS_MO_2025,PRJ-NS-1295,27-01-2026,C-1059,PrimeFix Solutions,Field Engineer,8,0,1237.93
North Substation,NS_MO_2025,PRJ-NS-1159,27-01-2026,C-1006,Apex Industrial,Field Engineer,8,0,1304.25
North Substation,NS_MO_2025,PRJ-NS-1388,27-01-2026,C-1045,Midwest Mech Pros,Crane Operator,8,0,841.68
North Substation,NS_MO_2025,PRJ-NS-1162,27-01-2026,C-1040,Atlas Heavy Eng,Crane Operator,8,0,829.2
North Substation,NS_MO_2025,PRJ-NS-1317,27-01-2026,C-1000,PrimeFix Solutions,Millwright,8,0,726.11
North Substation,NS_MO_2025,PRJ-NS-1393,27-01-2026,C-1037,PrimeFix Solutions,Controls Tech,8,0,1158.6
North Substation,NS_MO_2025,PRJ-NS-1301,27-01-2026,C-1065,PrimeFix Solutions,Safety Officer,8,0,679.63
North Substation,NS_MO_2025,PRJ-NS-1162,27-01-2026,C-1040,Atlas Heavy Eng,Crane Operator,8,0,875.11
North Substation,NS_MO_2025,PRJ-NS-1295,27-01-2026,C-1005,Atlas Heavy Eng,Millwright,8,0,599.09
North Substation,NS_MO_2025,PRJ-NS-1255,27-01-2026,C-1000,PrimeFix Solutions,Millwright,8,0,678.5
North Substation,NS_MO_2025,PRJ-NS-1186,27-01-2026,C-1058,Midwest Mech Pros,Controls Tech,8,0,1320.26
North Substation,NS_MO_2025,PRJ-NS-1263,27-01-2026,C-1054,Midwest Mech Pros,General Labor,8,0,406.08
North Substation,NS_MO_2025,PRJ-NS-1384,27-01-2026,C-1035,Summit Field Techs,General Labor,8,0,375.33
North Substation,NS_MO_2025,PRJ-NS-1324,27-01-2026,C-1078,Atlas Heavy Eng,Millwright,8,0,691.56
North Substation,NS_MO_2025,PRJ-NS-1153,27-01-2026,C-1035,Summit Field Techs,General Labor,8,0,385.78
North Substation,NS_MO_2025,PRJ-NS-1268,27-01-2026,C-1028,Midwest Mech Pros,Field Engineer,8,0,1471.4
North Substation,NS_MO_2025,PRJ-NS-1276,27-01-2026,C-1003,Summit Field Techs,Millwright,8,0,664.57
North Substation,NS_MO_2025,PRJ-NS-1323,27-01-2026,C-1079,Precision Welding,Crane Operator,8,0,744.65
North Substation,NS_MO_2025,PRJ-NS-1324,27-01-2026,C-1072,Apex Industrial,Crane Operator,8,0,732.22
North Substation,NS_MO_2025,PRJ-NS-1295,27-01-2026,C-1059,PrimeFix Solutions,Field Engineer,8,0,1172.58
North Substation,NS_MO_2025,PRJ-NS-1322,27-01-2026,C-1019,Midwest Mech Pros,Controls Tech,8,0,1076.18
North Substation,NS_MO_2025,PRJ-NS-1207,27-01-2026,C-1006,Apex Industrial,Field Engineer,8,0,1418.2
North Substation,NS_MO_2025,PRJ-NS-1162,27-01-2026,C-1040,Atlas Heavy Eng,Crane Operator,8,0,891.94
North Substation,NS_MO_2025,PRJ-NS-1354,27-01-2026,C-1066,Apex Industrial,General Labor,8,0,370.31
North Substation,NS_MO_2025,PRJ-NS-1353,27-01-2026,C-1073,Precision Welding,General Labor,8,0,388.68
North Substation,NS_MO_2025,PRJ-NS-1346,27-01-2026,C-1006,Apex Industrial,Field Engineer,8,0,1326.11
North Substation,NS_MO_2025,PRJ-NS-1166,27-01-2026,C-1023,Summit Field Techs,Field Engineer,8,0,1608.66
North Substation,NS_MO_2025,PRJ-NS-1346,27-01-2026,C-1006,Apex Industrial,Field Engineer,8,0,1325.87
North Substation,NS_MO_2025,PRJ-NS-1295,27-01-2026,C-1059,PrimeFix Solutions,Field Engineer,8,0,1257.33
North Substation,NS_MO_2025,PRJ-NS-1205,27-01-2026,C-1012,Midwest Mech Pros,Controls Tech,8,0,1015.99
North Substation,NS_MO_2025,PRJ-NS-1304,27-01-2026,C-1013,Atlas Heavy Eng,Safety Officer,8,0,594.54
North Substation,NS_MO_2025,PRJ-NS-1372,27-01-2026,C-1066,Apex Industrial,General Labor,8,0,395.94
North Substation,NS_MO_2025,PRJ-NS-1181,27-01-2026,C-1039,PrimeFix Solutions,Field Engineer,8,0,1527.46
North Substation,NS_MO_2025,PRJ-NS-1347,27-01-2026,C-1027,Precision Welding,Crane Operator,8,0,871.88
North Substation,NS_MO_2025,PRJ-NS-1207,27-01-2026,C-1006,Apex Industrial,Field Engineer,8,0,1393.81
North Substation,NS_MO_2025,PRJ-NS-1393,27-01-2026,C-1000,PrimeFix Solutions,Millwright,8,0,719.49
North Substation,NS_MO_2025,PRJ-NS-1250,27-01-2026,C-1072,Apex Industrial,Crane Operator,8,0,737.07
North Substation,NS_MO_2025,PRJ-NS-1311,27-01-2026,C-1039,PrimeFix Solutions,Field Engineer,8,0,1503.96
North Substation,NS_MO_2025,PRJ-NS-1301,27-01-2026,C-1013,Atlas Heavy Eng,Safety Officer,8,0,594.59
North Substation,NS_MO_2025,PRJ-NS-1268,27-01-2026,C-1028,Midwest Mech Pros,Field Engineer,8,0,1452.76
North Substation,NS_MO_2025,PRJ-NS-1322,27-01-2026,C-1031,Summit Field Techs,Crane Operator,8,0,766.25
North Substation,NS_MO_2025,PRJ-NS-1159,27-01-2026,C-1006,Apex Industrial,Field Engineer,8,0,1375.22
North Substation,NS_MO_2025,PRJ-NS-1388,27-01-2026,C-1045,Midwest Mech Pros,Crane Operator,8,0,860.04
North Substation,NS_MO_2025,PRJ-NS-1315,27-01-2026,C-1062,PrimeFix Solutions,General Labor,8,0,394.72
North Substation,NS_MO_2025,PRJ-NS-1160,27-01-2026,C-1017,Summit Field Techs,Crane Operator,8,0,856.17
North Substation,NS_MO_2025,PRJ-NS-1334,27-01-2026,C-1005,Atlas Heavy Eng,Millwright,8,0,599.1
North Substation,NS_MO_2025,PRJ-NS-1394,27-01-2026,C-1029,Midwest Mech Pros,Controls Tech,8,0,999.54
North Substation,NS_MO_2025,PRJ-NS-1213,27-01-2026,C-1041,Precision Welding,Millwright,8,0,728.39
North Substation,NS_MO_2025,PRJ-NS-1330,27-01-2026,C-1071,PrimeFix Solutions,Crane Operator,8,0,803.2
North Substation,NS_MO_2025,PRJ-NS-1259,27-01-2026,C-1043,Apex Industrial,Crane Operator,8,0,839.81
North Substation,NS_MO_2025,PRJ-NS-1291,27-01-2026,C-1005,Atlas Heavy Eng,Millwright,8,0,627.66
North Substation,NS_MO_2025,PRJ-NS-1269,27-01-2026,C-1029,Midwest Mech Pros,Controls Tech,8,0,1050.85
North Substation,NS_MO_2025,PRJ-NS-1373,27-01-2026,C-1037,PrimeFix Solutions,Controls Tech,8,0,1095.63
North Substation,NS_MO_2025,PRJ-NS-1325,27-01-2026,C-1019,Midwest Mech Pros,Controls Tech,8,0,1067.05
North Substation,NS_MO_2025,PRJ-NS-1190,27-01-2026,C-1006,Apex Industrial,Field Engineer,8,0,1310.7
North Substation,NS_MO_2025,PRJ-NS-1194,27-01-2026,C-1006,Apex Industrial,Field Engineer,8,0,1389.9
North Substation,NS_MO_2025,PRJ-NS-1300,27-01-2026,C-1023,Summit Field Techs,Field Engineer,8,0,1601.89
North Substation,NS_MO_2025,PRJ-NS-1255,27-01-2026,C-1000,PrimeFix Solutions,Millwright,8,0,699.99
North Substation,NS_MO_2025,PRJ-NS-1261,27-01-2026,C-1018,Atlas Heavy Eng,Controls Tech,8,0,1183.61
North Substation,NS_MO_2025,PRJ-NS-1226,27-01-2026,C-1018,Atlas Heavy Eng,Controls Tech,8,0,1169.18
North Substation,NS_MO_2025,PRJ-NS-1222,27-01-2026,C-1041,Precision Welding,Millwright,8,0,739.92
North Substation,NS_MO_2025,PRJ-NS-1261,27-01-2026,C-1018,Atlas Heavy Eng,Controls Tech,8,0,1100.47
North Substation,NS_MO_2025,PRJ-NS-1194,27-01-2026,C-1030,Summit Field Techs,Millwright,8,0,622.49
North Substation,NS_MO_2025,PRJ-NS-1380,27-01-2026,C-1039,PrimeFix Solutions,Field Engineer,8,0,1538.35
North Substation,NS_MO_2025,PRJ-NS-1332,27-01-2026,C-1052,PrimeFix Solutions,General Labor,8,0,357.45
North Substation,NS_MO_2025,PRJ-NS-1312,27-01-2026,C-1010,PrimeFix Solutions,Field Engineer,8,0,1634.35
North Substation,NS_MO_2025,PRJ-NS-1393,27-01-2026,C-1000,PrimeFix Solutions,Millwright,8,0,697.11
North Substation,NS_MO_2025,PRJ-NS-1301,27-01-2026,C-1013,Atlas Heavy Eng,Safety Officer,8,0,580.71
North Substation,NS_MO_2025,PRJ-NS-1323,27-01-2026,C-1079,Precision Welding,Crane Operator,8,0,752.91
North Substation,NS_MO_2025,PRJ-NS-1378,27-01-2026,C-1020,Midwest Mech Pros,Field Engineer,8,0,1174.29
North Substation,NS_MO_2025,PRJ-NS-1206,27-01-2026,C-1026,Precision Welding,Controls Tech,8,0,1034.17
North Substation,NS_MO_2025,PRJ-NS-1189,27-01-2026,C-1024,Apex Industrial,Millwright,8,0,728.19
North Substation,NS_MO_2025,PRJ-NS-1373,27-01-2026,C-1037,PrimeFix Solutions,Controls Tech,8,0,1155.88
North Substation,NS_MO_2025,PRJ-NS-1159,27-01-2026,C-1041,Precision Welding,Millwright,8,0,690.68
North Substation,NS_MO_2025,PRJ-NS-1259,27-01-2026,C-1035,Summit Field Techs,General Labor,8,0,371.58
North Substation,NS_MO_2025,PRJ-NS-1204,27-01-2026,C-1024,Apex Industrial,Millwright,8,0,758.73
North Substation,NS_MO_2025,PRJ-NS-1192,27-01-2026,C-1040,Atlas Heavy Eng,Crane Operator,8,0,825.78
North Substation,NS_MO_2025,PRJ-NS-1271,27-01-2026,C-1013,Atlas Heavy Eng,Safety Officer,8,0,560.44
North Substation,NS_MO_2025,PRJ-NS-1352,27-01-2026,C-1060,Summit Field Techs,General Labor,8,0,479.12
North Substation,NS_MO_2025,PRJ-NS-1356,27-01-2026,C-1067,PrimeFix Solutions,Millwright,8,0,718.76
North Substation,NS_MO_2025,PRJ-NS-1372,27-01-2026,C-1066,Apex Industrial,General Labor,8,0,396.74
North Substation,NS_MO_2025,PRJ-NS-1379,27-01-2026,C-1019,Midwest Mech Pros,Controls Tech,8,0,1043.85
North Substation,NS_MO_2025,PRJ-NS-1187,27-01-2026,C-1028,Midwest Mech Pros,Field Engineer,8,0,1505.69
North Substation,NS_MO_2025,PRJ-NS-1329,27-01-2026,C-1067,PrimeFix Solutions,Millwright,8,0,711.57
North Substation,NS_MO_2025,PRJ-NS-1322,27-01-2026,C-1019,Midwest Mech Pros,Controls Tech,8,0,1047.63
North Substation,NS_MO_2025,PRJ-NS-1236,27-01-2026,C-1005,Atlas Heavy Eng,Millwright,8,0,603.48
North Substation,NS_MO_2025,PRJ-NS-1356,27-01-2026,C-1039,PrimeFix Solutions,Field Engineer,8,0,1548.21
North Substation,NS_MO_2025,PRJ-NS-1393,27-01-2026,C-1003,Summit Field Techs,Millwright,8,0,682.99
North Substation,NS_MO_2025,PRJ-NS-1248,27-01-2026,C-1026,Precision Welding,Controls Tech,8,0,1065.99
North Substation,NS_MO_2025,PRJ-NS-1191,27-01-2026,C-1047,Atlas Heavy Eng,Millwright,8,0,584.85
North Substation,NS_MO_2025,PRJ-NS-1290,27-01-2026,C-1037,PrimeFix Solutions,Controls Tech,8,0,1078.41
North Substation,NS_MO_2025,PRJ-NS-1321,27-01-2026,C-1062,PrimeFix Solutions,General Labor,8,0,385.71
North Substation,NS_MO_2025,PRJ-NS-1197,27-01-2026,C-1051,Apex Industrial,Crane Operator,8,0,879.15
North Substation,NS_MO_2025,PRJ-NS-1211,27-01-2026,C-1067,PrimeFix Solutions,Millwright,8,0,760.03
East Peaker,EP_MO_2027,PRJ-EP-1892,27-01-2026,C-1041,Precision Welding,Millwright,8,0,737.3
West Valley Peaker,WV_HGP_2026,PRJ-WV-2345,27-01-2026,C-1059,PrimeFix Solutions,Field Engineer,8,0,1169.99
North Substation,NS_MO_2025,PRJ-NS-1366,28-01-2026,C-1010,PrimeFix Solutions,Field Engineer,8,0,1612.41
North Substation,NS_MO_2025,PRJ-NS-1198,28-01-2026,C-1043,Apex Industrial,Crane Operator,8,0,792.18
North Substation,NS_MO_2025,PRJ-NS-1334,28-01-2026,C-1005,Atlas Heavy Eng,Millwright,8,0,585.69
North Substation,NS_MO_2025,PRJ-NS-1373,28-01-2026,C-1037,PrimeFix Solutions,Controls Tech,8,0,1161.21
North Substation,NS_MO_2025,PRJ-NS-1388,28-01-2026,C-1045,Midwest Mech Pros,Crane Operator,8,0,870.01
North Substation,NS_MO_2025,PRJ-NS-1393,28-01-2026,C-1000,PrimeFix Solutions,Millwright,8,0,703.7
North Substation,NS_MO_2025,PRJ-NS-1208,28-01-2026,C-1045,Midwest Mech Pros,Crane Operator,8,0,852.85
North Substation,NS_MO_2025,PRJ-NS-1183,28-01-2026,C-1078,Atlas Heavy Eng,Millwright,8,0,726.25
North Substation,NS_MO_2025,PRJ-NS-1300,28-01-2026,C-1023,Summit Field Techs,Field Engineer,8,0,1551.1
North Substation,NS_MO_2025,PRJ-NS-1263,28-01-2026,C-1039,PrimeFix Solutions,Field Engineer,8,0,1450.6
North Substation,NS_MO_2025,PRJ-NS-1295,28-01-2026,C-1005,Atlas Heavy Eng,Millwright,8,0,607.15
North Substation,NS_MO_2025,PRJ-NS-1271,28-01-2026,C-1013,Atlas Heavy Eng,Safety Officer,8,0,560.43
North Substation,NS_MO_2025,PRJ-NS-1188,28-01-2026,C-1024,Apex Industrial,Millwright,8,0,721.59
North Substation,NS_MO_2025,PRJ-NS-1323,28-01-2026,C-1079,Precision Welding,Crane Operator,8,0,791.25
North Substation,NS_MO_2025,PRJ-NS-1270,28-01-2026,C-1006,Apex Industrial,Field Engineer,8,0,1300.84
North Substation,NS_MO_2025,PRJ-NS-1189,28-01-2026,C-1024,Apex Industrial,Millwright,8,0,768.48
North Substation,NS_MO_2025,PRJ-NS-1160,28-01-2026,C-1017,Summit Field Techs,Crane Operator,8,0,853.04
North Substation,NS_MO_2025,PRJ-NS-1361,28-01-2026,C-1073,Precision Welding,General Labor,8,0,379.84
North Substation,NS_MO_2025,PRJ-NS-1154,28-01-2026,C-1020,Midwest Mech Pros,Field Engineer,8,0,1231.11
North Substation,NS_MO_2025,PRJ-NS-1215,28-01-2026,C-1001,Apex Industrial,General Labor,8,0,399.72
North Substation,NS_MO_2025,PRJ-NS-1335,28-01-2026,C-1019,Midwest Mech Pros,Controls Tech,8,0,1026.64
North Substation,NS_MO_2025,PRJ-NS-1185,28-01-2026,C-1023,Summit Field Techs,Field Engineer,8,0,1533.69
North Substation,NS_MO_2025,PRJ-NS-1378,28-01-2026,C-1020,Midwest Mech Pros,Field Engineer,8,0,1248.74
North Substation,NS_MO_2025,PRJ-NS-1172,28-01-2026,C-1013,Atlas Heavy Eng,Safety Officer,8,0,595.98
North Substation,NS_MO_2025,PRJ-NS-1290,28-01-2026,C-1037,PrimeFix Solutions,Controls Tech,8,0,1090.23
North Substation,NS_MO_2025,PRJ-NS-1325,28-01-2026,C-1019,Midwest Mech Pros,Controls Tech,8,0,1059.58
North Substation,NS_MO_2025,PRJ-NS-1194,28-01-2026,C-1006,Apex Industrial,Field Engineer,8,0,1414.39
North Substation,NS_MO_2025,PRJ-NS-1347,28-01-2026,C-1027,Precision Welding,Crane Operator,8,0,913.79
North Substation,NS_MO_2025,PRJ-NS-1380,28-01-2026,C-1006,Apex Industrial,Field Engineer,8,0,1435.79
North Substation,NS_MO_2025,PRJ-NS-1311,28-01-2026,C-1039,PrimeFix Solutions,Field Engineer,8,0,1460.65
North Substation,NS_MO_2025,PRJ-NS-1208,28-01-2026,C-1045,Midwest Mech Pros,Crane Operator,8,0,850.73
North Substation,NS_MO_2025,PRJ-NS-1393,28-01-2026,C-1003,Summit Field Techs,Millwright,8,0,661.74
North Substation,NS_MO_2025,PRJ-NS-1379,28-01-2026,C-1019,Midwest Mech Pros,Controls Tech,8,0,1042.32
North Substation,NS_MO_2025,PRJ-NS-1353,28-01-2026,C-1073,Precision Welding,General Labor,8,0,386.87
North Substation,NS_MO_2025,PRJ-NS-1276,28-01-2026,C-1003,Summit Field Techs,Millwright,8,0,688.71
North Substation,NS_MO_2025,PRJ-NS-1258,28-01-2026,C-1060,Summit Field Techs,General Labor,8,0,482.83
North Substation,NS_MO_2025,PRJ-NS-1349,28-01-2026,C-1011,Midwest Mech Pros,General Labor,8,0,399.45
North Substation,NS_MO_2025,PRJ-NS-1222,28-01-2026,C-1041,Precision Welding,Millwright,8,0,678.78
North Substation,NS_MO_2025,PRJ-NS-1151,28-01-2026,C-1065,PrimeFix Solutions,Safety Officer,8,0,665.25
North Substation,NS_MO_2025,PRJ-NS-1208,28-01-2026,C-1045,Midwest Mech Pros,Crane Operator,8,0,831.86
North Substation,NS_MO_2025,PRJ-NS-1154,28-01-2026,C-1020,Midwest Mech Pros,Field Engineer,8,0,1257.49
North Substation,NS_MO_2025,PRJ-NS-1326,28-01-2026,C-1053,Precision Welding,Millwright,8,0,639.48
North Substation,NS_MO_2025,PRJ-NS-1226,28-01-2026,C-1018,Atlas Heavy Eng,Controls Tech,8,0,1125.98
North Substation,NS_MO_2025,PRJ-NS-1153,28-01-2026,C-1035,Summit Field Techs,General Labor,8,0,370.39
North Substation,NS_MO_2025,PRJ-NS-1263,28-01-2026,C-1037,PrimeFix Solutions,Controls Tech,8,0,1085.9
North Substation,NS_MO_2025,PRJ-NS-1248,28-01-2026,C-1026,Precision Welding,Controls Tech,8,0,1084.98
North Substation,NS_MO_2025,PRJ-NS-1370,28-01-2026,C-1028,Midwest Mech Pros,Field Engineer,8,0,1466.54
North Substation,NS_MO_2025,PRJ-NS-1307,28-01-2026,C-1066,Apex Industrial,General Labor,8,0,401.98
North Substation,NS_MO_2025,PRJ-NS-1204,28-01-2026,C-1024,Apex Industrial,Millwright,8,0,724.1
North Substation,NS_MO_2025,PRJ-NS-1275,28-01-2026,C-1024,Apex Industrial,Millwright,8,0,709.73
North Substation,NS_MO_2025,PRJ-NS-1189,28-01-2026,C-1024,Apex Industrial,Millwright,8,0,780.61
North Substation,NS_MO_2025,PRJ-NS-1250,28-01-2026,C-1072,Apex Industrial,Crane Operator,8,0,716.04
North Substation,NS_MO_2025,PRJ-NS-1301,28-01-2026,C-1013,Atlas Heavy Eng,Safety Officer,8,0,574.79
North Substation,NS_MO_2025,PRJ-NS-1335,28-01-2026,C-1019,Midwest Mech Pros,Controls Tech,8,0,1044.72
North Substation,NS_MO_2025,PRJ-NS-1190,28-01-2026,C-1021,Summit Field Techs,Millwright,8,0,660.45
North Substation,NS_MO_2025,PRJ-NS-1152,28-01-2026,C-1053,Precision Welding,Millwright,8,0,654.63
North Substation,NS_MO_2025,PRJ-NS-1275,28-01-2026,C-1024,Apex Industrial,Millwright,8,0,711.53
North Substation,NS_MO_2025,PRJ-NS-1160,28-01-2026,C-1021,Summit Field Techs,Millwright,8,0,687.15
North Substation,NS_MO_2025,PRJ-NS-1162,28-01-2026,C-1040,Atlas Heavy Eng,Crane Operator,8,0,849.33
North Substation,NS_MO_2025,PRJ-NS-1302,28-01-2026,C-1011,Midwest Mech Pros,General Labor,8,0,403.26
North Substation,NS_MO_2025,PRJ-NS-1185,28-01-2026,C-1023,Summit Field Techs,Field Engineer,8,0,1658.66
North Substation,NS_MO_2025,PRJ-NS-1393,28-01-2026,C-1037,PrimeFix Solutions,Controls Tech,8,0,1061.78
North Substation,NS_MO_2025,PRJ-NS-1265,28-01-2026,C-1079,Precision Welding,Crane Operator,8,0,770.75
North Substation,NS_MO_2025,PRJ-NS-1228,28-01-2026,C-1027,Precision Welding,Crane Operator,8,0,842.92
North Substation,NS_MO_2025,PRJ-NS-1181,28-01-2026,C-1069,Precision Welding,Safety Officer,8,0,528.27
North Substation,NS_MO_2025,PRJ-NS-1276,28-01-2026,C-1003,Summit Field Techs,Millwright,8,0,702.58
North Substation,NS_MO_2025,PRJ-NS-1190,28-01-2026,C-1006,Apex Industrial,Field Engineer,8,0,1426.54
North Substation,NS_MO_2025,PRJ-NS-1185,28-01-2026,C-1023,Summit Field Techs,Field Engineer,8,0,1661.01
North Substation,NS_MO_2025,PRJ-NS-1182,28-01-2026,C-1029,Midwest Mech Pros,Controls Tech,8,0,1063.56
North Substation,NS_MO_2025,PRJ-NS-1261,28-01-2026,C-1052,PrimeFix Solutions,General Labor,8,0,370.6
North Substation,NS_MO_2025,PRJ-NS-1334,28-01-2026,C-1010,PrimeFix Solutions,Field Engineer,8,0,1630.46
North Substation,NS_MO_2025,PRJ-NS-1154,28-01-2026,C-1020,Midwest Mech Pros,Field Engineer,8,0,1158.55
North Substation,NS_MO_2025,PRJ-NS-1234,28-01-2026,C-1043,Apex Industrial,Crane Operator,8,0,820.54
North Substation,NS_MO_2025,PRJ-NS-1263,28-01-2026,C-1037,PrimeFix Solutions,Controls Tech,8,0,1109.63
North Substation,NS_MO_2025,PRJ-NS-1384,28-01-2026,C-1035,Summit Field Techs,General Labor,8,0,382.77
North Substation,NS_MO_2025,PRJ-NS-1268,28-01-2026,C-1028,Midwest Mech Pros,Field Engineer,8,0,1464.18
North Substation,NS_MO_2025,PRJ-NS-1291,28-01-2026,C-1005,Atlas Heavy Eng,Millwright,8,0,633.94
North Substation,NS_MO_2025,PRJ-NS-1259,28-01-2026,C-1035,Summit Field Techs,General Labor,8,0,364.86
North Substation,NS_MO_2025,PRJ-NS-1317,28-01-2026,C-1000,PrimeFix Solutions,Millwright,8,0,677.91
North Substation,NS_MO_2025,PRJ-NS-1263,28-01-2026,C-1037,PrimeFix Solutions,Controls Tech,8,0,1136.37
North Substation,NS_MO_2025,PRJ-NS-1372,28-01-2026,C-1066,Apex Industrial,General Labor,8,0,401.26
North Substation,NS_MO_2025,PRJ-NS-1304,28-01-2026,C-1013,Atlas Heavy Eng,Safety Officer,8,0,559.41
North Substation,NS_MO_2025,PRJ-NS-1189,28-01-2026,C-1024,Apex Industrial,Millwright,8,0,717.73
North Substation,NS_MO_2025,PRJ-NS-1356,28-01-2026,C-1039,PrimeFix Solutions,Field Engineer,8,0,1566.42
North Substation,NS_MO_2025,PRJ-NS-1258,28-01-2026,C-1015,Atlas Heavy Eng,Controls Tech,8,0,1279.89
North Substation,NS_MO_2025,PRJ-NS-1203,28-01-2026,C-1006,Apex Industrial,Field Engineer,8,0,1408.02
North Substation,NS_MO_2025,PRJ-NS-1250,28-01-2026,C-1072,Apex Industrial,Crane Operator,8,0,719.91
North Substation,NS_MO_2025,PRJ-NS-1172,28-01-2026,C-1013,Atlas Heavy Eng,Safety Officer,8,0,563.81
North Substation,NS_MO_2025,PRJ-NS-1190,28-01-2026,C-1021,Summit Field Techs,Millwright,8,0,680.64
North Substation,NS_MO_2025,PRJ-NS-1248,28-01-2026,C-1026,Precision Welding,Controls Tech,8,0,1006.99
North Substation,NS_MO_2025,PRJ-NS-1228,28-01-2026,C-1027,Precision Welding,Crane Operator,8,0,850.1
North Substation,NS_MO_2025,PRJ-NS-1326,28-01-2026,C-1076,Apex Industrial,Safety Officer,8,0,629.17
North Substation,NS_MO_2025,PRJ-NS-1206,28-01-2026,C-1026,Precision Welding,Controls Tech,8,0,1074.63
North Substation,NS_MO_2025,PRJ-NS-1307,28-01-2026,C-1066,Apex Industrial,General Labor,8,0,388.24
North Substation,NS_MO_2025,PRJ-NS-1334,28-01-2026,C-1005,Atlas Heavy Eng,Millwright,8,0,603.22
North Substation,NS_MO_2025,PRJ-NS-1185,28-01-2026,C-1023,Summit Field Techs,Field Engineer,8,0,1608.49
North Substation,NS_MO_2025,PRJ-NS-1329,28-01-2026,C-1067,PrimeFix Solutions,Millwright,8,0,763.18
North Substation,NS_MO_2025,PRJ-NS-1152,28-01-2026,C-1053,Precision Welding,Millwright,8,0,643.5
North Substation,NS_MO_2025,PRJ-NS-1259,28-01-2026,C-1035,Summit Field Techs,General Labor,8,0,366.09
North Substation,NS_MO_2025,PRJ-NS-1373,28-01-2026,C-1037,PrimeFix Solutions,Controls Tech,8,0,1139.63
North Substation,NS_MO_2025,PRJ-NS-1374,28-01-2026,C-1019,Midwest Mech Pros,Controls Tech,8,0,1118.68
North Substation,NS_MO_2025,PRJ-NS-1213,28-01-2026,C-1041,Precision Welding,Millwright,8,0,732.03
North Substation,NS_MO_2025,PRJ-NS-1322,28-01-2026,C-1019,Midwest Mech Pros,Controls Tech,8,0,1047.51
North Substation,NS_MO_2025,PRJ-NS-1342,28-01-2026,C-1030,Summit Field Techs,Millwright,8,0,656.58
North Substation,NS_MO_2025,PRJ-NS-1356,28-01-2026,C-1067,PrimeFix Solutions,Millwright,8,0,690.92
North Substation,NS_MO_2025,PRJ-NS-1322,28-01-2026,C-1019,Midwest Mech Pros,Controls Tech,8,0,1114.33
North Substation,NS_MO_2025,PRJ-NS-1208,28-01-2026,C-1045,Midwest Mech Pros,Crane Operator,8,0,840.72
North Substation,NS_MO_2025,PRJ-NS-1259,28-01-2026,C-1043,Apex Industrial,Crane Operator,8,0,862.73
North Substation,NS_MO_2025,PRJ-NS-1263,28-01-2026,C-1039,PrimeFix Solutions,Field Engineer,8,0,1576.75
North Substation,NS_MO_2025,PRJ-NS-1226,28-01-2026,C-1023,Summit Field Techs,Field Engineer,8,0,1559.76
North Substation,NS_MO_2025,PRJ-NS-1194,28-01-2026,C-1006,Apex Industrial,Field Engineer,8,0,1403.47
North Substation,NS_MO_2025,PRJ-NS-1271,28-01-2026,C-1013,Atlas Heavy Eng,Safety Officer,8,0,585.92
North Substation,NS_MO_2025,PRJ-NS-1350,28-01-2026,C-1079,Precision Welding,Crane Operator,8,0,756.13
North Substation,NS_MO_2025,PRJ-NS-1200,28-01-2026,C-1023,Summit Field Techs,Field Engineer,8,0,1655.44
North Substation,NS_MO_2025,PRJ-NS-1232,28-01-2026,C-1073,Precision Welding,General Labor,8,0,393.82
North Substation,NS_MO_2025,PRJ-NS-1150,28-01-2026,C-1071,PrimeFix Solutions,Crane Operator,8,0,811.12
North Substation,NS_MO_2025,PRJ-NS-1166,28-01-2026,C-1023,Summit Field Techs,Field Engineer,8,0,1579.42
North Substation,NS_MO_2025,PRJ-NS-1323,28-01-2026,C-1079,Precision Welding,Crane Operator,8,0,778.25
North Substation,NS_MO_2025,PRJ-NS-1194,28-01-2026,C-1046,Precision Welding,General Labor,8,0,430.34
North Substation,NS_MO_2025,PRJ-NS-1154,28-01-2026,C-1020,Midwest Mech Pros,Field Engineer,8,0,1180.09
North Substation,NS_MO_2025,PRJ-NS-1259,28-01-2026,C-1035,Summit Field Techs,General Labor,8,0,358.51
North Substation,NS_MO_2025,PRJ-NS-1304,28-01-2026,C-1059,PrimeFix Solutions,Field Engineer,8,0,1175.59
North Substation,NS_MO_2025,PRJ-NS-1196,28-01-2026,C-1023,Summit Field Techs,Field Engineer,8,0,1585.08
North Substation,NS_MO_2025,PRJ-NS-1288,28-01-2026,C-1077,Precision Welding,Safety Officer,8,0,559.96
North Substation,NS_MO_2025,PRJ-NS-1315,28-01-2026,C-1020,Midwest Mech Pros,Field Engineer,8,0,1177.41
North Substation,NS_MO_2025,PRJ-NS-1211,28-01-2026,C-1067,PrimeFix Solutions,Millwright,8,0,713.89
North Substation,NS_MO_2025,PRJ-NS-1263,28-01-2026,C-1039,PrimeFix Solutions,Field Engineer,8,0,1474.04
North Substation,NS_MO_2025,PRJ-NS-1330,28-01-2026,C-1071,PrimeFix Solutions,Crane Operator,8,0,768.67
North Substation,NS_MO_2025,PRJ-NS-1150,28-01-2026,C-1071,PrimeFix Solutions,Crane Operator,8,0,784.29
North Substation,NS_MO_2025,PRJ-NS-1324,28-01-2026,C-1078,Atlas Heavy Eng,Millwright,8,0,696.18
North Substation,NS_MO_2025,PRJ-NS-1186,28-01-2026,C-1058,Midwest Mech Pros,Controls Tech,8,0,1230.86
North Substation,NS_MO_2025,PRJ-NS-1259,28-01-2026,C-1023,Summit Field Techs,Field Engineer,8,0,1580.98
North Substation,NS_MO_2025,PRJ-NS-1194,28-01-2026,C-1030,Summit Field Techs,Millwright,8,0,654.55
North Substation,NS_MO_2025,PRJ-NS-1185,28-01-2026,C-1023,Summit Field Techs,Field Engineer,8,0,1540.08
North Substation,NS_MO_2025,PRJ-NS-1232,28-01-2026,C-1073,Precision Welding,General Labor,8,0,362.58
North Substation,NS_MO_2025,PRJ-NS-1228,28-01-2026,C-1020,Midwest Mech Pros,Field Engineer,8,0,1258.61
North Substation,NS_MO_2025,PRJ-NS-1189,28-01-2026,C-1024,Apex Industrial,Millwright,8,0,775.11
North Substation,NS_MO_2025,PRJ-NS-1226,28-01-2026,C-1001,Apex Industrial,General Labor,8,0,387.81
East Peaker,EP_MO_2027,PRJ-EP-1906,28-01-2026,C-1028,Midwest Mech Pros,Field Engineer,8,0,1405.16
East Peaker,EP_MO_2027,PRJ-EP-1910,28-01-2026,C-1059,PrimeFix Solutions,Field Engineer,8,0,1324.92
East Peaker,EP_MO_2027,PRJ-EP-1913,28-01-2026,C-1006,Apex Industrial,Field Engineer,8,0,1356.63
East Peaker,EP_MO_2027,PRJ-EP-1900,28-01-2026,C-1077,Precision Welding,Safety Officer,8,0,598.06
East Peaker,EP_MO_2027,PRJ-EP-1892,28-01-2026,C-1041,Precision Welding,Millwright,8,0,768.09
Coast BaseLoad,CB_MO_2027,PRJ-CB-2526,28-01-2026,C-1066,Apex Industrial,General Labor,8,0,353.57
Coast BaseLoad,CB_MO_2027,PRJ-CB-2531,28-01-2026,C-1023,Summit Field Techs,Field Engineer,8,0,1530.38
Coast BaseLoad,CB_MO_2027,PRJ-CB-2514,28-01-2026,C-1010,PrimeFix Solutions,Field Engineer,8,0,1733.29
Coast BaseLoad,CB_MO_2027,PRJ-CB-2517,28-01-2026,C-1065,PrimeFix Solutions,Safety Officer,8,0,684.54
Coast BaseLoad,CB_MO_2027,PRJ-CB-2517,28-01-2026,C-1023,Summit Field Techs,Field Engineer,8,0,1618.82
Coast BaseLoad,CB_MO_2027,PRJ-CB-2531,28-01-2026,C-1030,Summit Field Techs,Millwright,8,0,585.81
East Peaker,EP_MO_2027,PRJ-EP-1907,28-01-2026,C-1045,Midwest Mech Pros,Crane Operator,8,0,774.88
North Substation,NS_MO_2025,PRJ-NS-1324,28-01-2026,C-1072,Apex Industrial,Crane Operator,8,0,747.34
North Substation,NS_MO_2025,PRJ-NS-1346,28-01-2026,C-1006,Apex Industrial,Field Engineer,8,0,1309.81
North Substation,NS_MO_2025,PRJ-NS-1248,28-01-2026,C-1026,Precision Welding,Controls Tech,8,0,1058.75
North Substation,NS_MO_2025,PRJ-NS-1390,28-01-2026,C-1013,Atlas Heavy Eng,Safety Officer,8,0,580.52
North Substation,NS_MO_2025,PRJ-NS-1313,28-01-2026,C-1005,Atlas Heavy Eng,Millwright,8,0,576.26
North Substation,NS_MO_2025,PRJ-NS-1361,28-01-2026,C-1073,Precision Welding,General Labor,8,0,385.45
North Substation,NS_MO_2025,PRJ-NS-1162,28-01-2026,C-1040,Atlas Heavy Eng,Crane Operator,8,0,841.41
North Substation,NS_MO_2025,PRJ-NS-1356,28-01-2026,C-1039,PrimeFix Solutions,Field Engineer,8,0,1522.25
North Substation,NS_MO_2025,PRJ-NS-1258,28-01-2026,C-1015,Atlas Heavy Eng,Controls Tech,8,0,1280.32
North Substation,NS_MO_2025,PRJ-NS-1213,28-01-2026,C-1041,Precision Welding,Millwright,8,0,739.79
North Substation,NS_MO_2025,PRJ-NS-1354,28-01-2026,C-1066,Apex Industrial,General Labor,8,0,378.95
North Substation,NS_MO_2025,PRJ-NS-1200,28-01-2026,C-1023,Summit Field Techs,Field Engineer,8,0,1541.02
North Substation,NS_MO_2025,PRJ-NS-1222,28-01-2026,C-1041,Precision Welding,Millwright,8,0,694.9
North Substation,NS_MO_2025,PRJ-NS-1211,28-01-2026,C-1067,PrimeFix Solutions,Millwright,8,0,715.43
North Substation,NS_MO_2025,PRJ-NS-1228,28-01-2026,C-1020,Midwest Mech Pros,Field Engineer,8,0,1162.8
North Substation,NS_MO_2025,PRJ-NS-1192,28-01-2026,C-1040,Atlas Heavy Eng,Crane Operator,8,0,867.66
North Substation,NS_MO_2025,PRJ-NS-1334,28-01-2026,C-1010,PrimeFix Solutions,Field Engineer,8,0,1544.95
North Substation,NS_MO_2025,PRJ-NS-1301,28-01-2026,C-1065,PrimeFix Solutions,Safety Officer,8,0,686.96
North Substation,NS_MO_2025,PRJ-NS-1342,28-01-2026,C-1031,Summit Field Techs,Crane Operator,8,0,724.87
North Substation,NS_MO_2025,PRJ-NS-1162,28-01-2026,C-1069,Precision Welding,Safety Officer,8,0,509.48
North Substation,NS_MO_2025,PRJ-NS-1295,28-01-2026,C-1005,Atlas Heavy Eng,Millwright,8,0,592.6
North Substation,NS_MO_2025,PRJ-NS-1234,28-01-2026,C-1043,Apex Industrial,Crane Operator,8,0,845.39
North Substation,NS_MO_2025,PRJ-NS-1301,28-01-2026,C-1013,Atlas Heavy Eng,Safety Officer,8,0,576.99
North Substation,NS_MO_2025,PRJ-NS-1295,28-01-2026,C-1005,Atlas Heavy Eng,Millwright,8,0,624.2
North Substation,NS_MO_2025,PRJ-NS-1215,28-01-2026,C-1001,Apex Industrial,General Labor,8,0,417.0
North Substation,NS_MO_2025,PRJ-NS-1204,28-01-2026,C-1024,Apex Industrial,Millwright,8,0,728.65
North Substation,NS_MO_2025,PRJ-NS-1307,28-01-2026,C-1066,Apex Industrial,General Labor,8,0,378.31
North Substation,NS_MO_2025,PRJ-NS-1322,28-01-2026,C-1031,Summit Field Techs,Crane Operator,8,0,719.34
North Substation,NS_MO_2025,PRJ-NS-1330,28-01-2026,C-1071,PrimeFix Solutions,Crane Operator,8,0,781.05
North Substation,NS_MO_2025,PRJ-NS-1342,28-01-2026,C-1031,Summit Field Techs,Crane Operator,8,0,749.77
North Substation,NS_MO_2025,PRJ-NS-1332,28-01-2026,C-1052,PrimeFix Solutions,General Labor,8,0,367.79
North Substation,NS_MO_2025,PRJ-NS-1324,28-01-2026,C-1078,Atlas Heavy Eng,Millwright,8,0,725.93
North Substation,NS_MO_2025,PRJ-NS-1203,28-01-2026,C-1006,Apex Industrial,Field Engineer,8,0,1387.17
North Substation,NS_MO_2025,PRJ-NS-1192,28-01-2026,C-1040,Atlas Heavy Eng,Crane Operator,8,0,839.32
North Substation,NS_MO_2025,PRJ-NS-1342,28-01-2026,C-1031,Summit Field Techs,Crane Operator,8,0,742.31
North Substation,NS_MO_2025,PRJ-NS-1304,28-01-2026,C-1013,Atlas Heavy Eng,Safety Officer,8,0,602.15
North Substation,NS_MO_2025,PRJ-NS-1300,28-01-2026,C-1023,Summit Field Techs,Field Engineer,8,0,1538.14
North Substation,NS_MO_2025,PRJ-NS-1258,28-01-2026,C-1015,Atlas Heavy Eng,Controls Tech,8,0,1206.68
North Substation,NS_MO_2025,PRJ-NS-1301,28-01-2026,C-1013,Atlas Heavy Eng,Safety Officer,8,0,585.69
North Substation,NS_MO_2025,PRJ-NS-1188,28-01-2026,C-1003,Summit Field Techs,Millwright,8,0,701.7
North Substation,NS_MO_2025,PRJ-NS-1374,28-01-2026,C-1019,Midwest Mech Pros,Controls Tech,8,0,1095.81
North Substation,NS_MO_2025,PRJ-NS-1342,28-01-2026,C-1031,Summit Field Techs,Crane Operator,8,0,759.24
North Substation,NS_MO_2025,PRJ-NS-1257,28-01-2026,C-1077,Precision Welding,Safety Officer,8,0,586.39
North Substation,NS_MO_2025,PRJ-NS-1250,28-01-2026,C-1072,Apex Industrial,Crane Operator,8,0,777.74
North Substation,NS_MO_2025,PRJ-NS-1259,28-01-2026,C-1023,Summit Field Techs,Field Engineer,8,0,1596.31
North Substation,NS_MO_2025,PRJ-NS-1354,28-01-2026,C-1066,Apex Industrial,General Labor,8,0,372.7
North Substation,NS_MO_2025,PRJ-NS-1295,28-01-2026,C-1005,Atlas Heavy Eng,Millwright,8,0,631.36
North Substation,NS_MO_2025,PRJ-NS-1334,28-01-2026,C-1005,Atlas Heavy Eng,Millwright,8,0,632.39
North Substation,NS_MO_2025,PRJ-NS-1226,28-01-2026,C-1018,Atlas Heavy Eng,Controls Tech,8,0,1093.53
North Substation,NS_MO_2025,PRJ-NS-1228,28-01-2026,C-1020,Midwest Mech Pros,Field Engineer,8,0,1188.32
North Substation,NS_MO_2025,PRJ-NS-1198,28-01-2026,C-1043,Apex Industrial,Crane Operator,8,0,788.41
North Substation,NS_MO_2025,PRJ-NS-1189,29-01-2026,C-1024,Apex Industrial,Millwright,8,0,738.85
North Substation,NS_MO_2025,PRJ-NS-1200,29-01-2026,C-1023,Summit Field Techs,Field Engineer,8,0,1551.88
North Substation,NS_MO_2025,PRJ-NS-1259,29-01-2026,C-1023,Summit Field Techs,Field Engineer,8,0,1610.78
North Substation,NS_MO_2025,PRJ-NS-1213,29-01-2026,C-1067,PrimeFix Solutions,Millwright,8,0,716.15
North Substation,NS_MO_2025,PRJ-NS-1275,29-01-2026,C-1024,Apex Industrial,Millwright,8,0,756.6
North Substation,NS_MO_2025,PRJ-NS-1329,29-01-2026,C-1067,PrimeFix Solutions,Millwright,8,0,691.98
North Substation,NS_MO_2025,PRJ-NS-1356,29-01-2026,C-1039,PrimeFix Solutions,Field Engineer,8,0,1494.86
North Substation,NS_MO_2025,PRJ-NS-1375,29-01-2026,C-1012,Midwest Mech Pros,Controls Tech,8,0,983.83
North Substation,NS_MO_2025,PRJ-NS-1269,29-01-2026,C-1029,Midwest Mech Pros,Controls Tech,8,0,972.56
North Substation,NS_MO_2025,PRJ-NS-1317,29-01-2026,C-1000,PrimeFix Solutions,Millwright,8,0,734.08
North Substation,NS_MO_2025,PRJ-NS-1311,29-01-2026,C-1039,PrimeFix Solutions,Field Engineer,8,0,1503.71
North Substation,NS_MO_2025,PRJ-NS-1160,29-01-2026,C-1017,Summit Field Techs,Crane Operator,8,0,829.87
North Substation,NS_MO_2025,PRJ-NS-1265,29-01-2026,C-1079,Precision Welding,Crane Operator,8,0,767.1
North Substation,NS_MO_2025,PRJ-NS-1346,29-01-2026,C-1010,PrimeFix Solutions,Field Engineer,8,0,1634.23
North Substation,NS_MO_2025,PRJ-NS-1348,29-01-2026,C-1026,Precision Welding,Controls Tech,8,0,1020.39
North Substation,NS_MO_2025,PRJ-NS-1228,29-01-2026,C-1027,Precision Welding,Crane Operator,8,0,877.54
North Substation,NS_MO_2025,PRJ-NS-1246,29-01-2026,C-1079,Precision Welding,Crane Operator,8,0,733.64
North Substation,NS_MO_2025,PRJ-NS-1366,29-01-2026,C-1010,PrimeFix Solutions,Field Engineer,8,0,1516.08
North Substation,NS_MO_2025,PRJ-NS-1320,29-01-2026,C-1001,Apex Industrial,General Labor,8,0,388.51
North Substation,NS_MO_2025,PRJ-NS-1384,29-01-2026,C-1035,Summit Field Techs,General Labor,8,0,374.05
North Substation,NS_MO_2025,PRJ-NS-1300,29-01-2026,C-1023,Summit Field Techs,Field Engineer,8,0,1561.33
North Substation,NS_MO_2025,PRJ-NS-1257,29-01-2026,C-1077,Precision Welding,Safety Officer,8,0,592.87
North Substation,NS_MO_2025,PRJ-NS-1286,29-01-2026,C-1067,PrimeFix Solutions,Millwright,8,0,750.43
West Valley Peaker,WV_HGP_2026,PRJ-WV-2339,29-01-2026,C-1028,Midwest Mech Pros,Field Engineer,8,0,1422.06
North Substation,NS_MO_2025,PRJ-NS-1226,29-01-2026,C-1001,Apex Industrial,General Labor,8,0,421.21
North Substation,NS_MO_2025,PRJ-NS-1378,29-01-2026,C-1020,Midwest Mech Pros,Field Engineer,8,0,1212.79
North Substation,NS_MO_2025,PRJ-NS-1291,29-01-2026,C-1005,Atlas Heavy Eng,Millwright,8,0,586.99
West Valley Peaker,WV_HGP_2026,PRJ-WV-2338,29-01-2026,C-1010,PrimeFix Solutions,Field Engineer,8,0,1613.9
North Substation,NS_MO_2025,PRJ-NS-1244,29-01-2026,C-1078,Atlas Heavy Eng,Millwright,8,0,713.89
North Substation,NS_MO_2025,PRJ-NS-1197,29-01-2026,C-1051,Apex Industrial,Crane Operator,8,0,888.37
North Substation,NS_MO_2025,PRJ-NS-1334,29-01-2026,C-1005,Atlas Heavy Eng,Millwright,8,0,622.4
North Substation,NS_MO_2025,PRJ-NS-1370,29-01-2026,C-1028,Midwest Mech Pros,Field Engineer,8,0,1426.91
North Substation,NS_MO_2025,PRJ-NS-1189,29-01-2026,C-1074,Apex Industrial,Controls Tech,8,0,1126.72
North Substation,NS_MO_2025,PRJ-NS-1332,29-01-2026,C-1052,PrimeFix Solutions,General Labor,8,0,355.22
North Substation,NS_MO_2025,PRJ-NS-1315,29-01-2026,C-1062,PrimeFix Solutions,General Labor,8,0,359.6
North Substation,NS_MO_2025,PRJ-NS-1261,29-01-2026,C-1018,Atlas Heavy Eng,Controls Tech,8,0,1099.69
North Substation,NS_MO_2025,PRJ-NS-1194,29-01-2026,C-1030,Summit Field Techs,Millwright,8,0,607.25
North Substation,NS_MO_2025,PRJ-NS-1183,29-01-2026,C-1078,Atlas Heavy Eng,Millwright,8,0,719.27
North Substation,NS_MO_2025,PRJ-NS-1302,29-01-2026,C-1035,Summit Field Techs,General Labor,8,0,360.44
North Substation,NS_MO_2025,PRJ-NS-1356,29-01-2026,C-1067,PrimeFix Solutions,Millwright,8,0,711.54
North Substation,NS_MO_2025,PRJ-NS-1208,29-01-2026,C-1045,Midwest Mech Pros,Crane Operator,8,0,879.89
North Substation,NS_MO_2025,PRJ-NS-1150,29-01-2026,C-1071,PrimeFix Solutions,Crane Operator,8,0,781.32
North Substation,NS_MO_2025,PRJ-NS-1301,29-01-2026,C-1013,Atlas Heavy Eng,Safety Officer,8,0,552.7
North Substation,NS_MO_2025,PRJ-NS-1181,29-01-2026,C-1078,Atlas Heavy Eng,Millwright,8,0,680.41
North Substation,NS_MO_2025,PRJ-NS-1373,29-01-2026,C-1037,PrimeFix Solutions,Controls Tech,8,0,1068.82
North Substation,NS_MO_2025,PRJ-NS-1330,29-01-2026,C-1071,PrimeFix Solutions,Crane Operator,8,0,759.47
North Substation,NS_MO_2025,PRJ-NS-1342,29-01-2026,C-1031,Summit Field Techs,Crane Operator,8,0,714.56
North Substation,NS_MO_2025,PRJ-NS-1313,29-01-2026,C-1005,Atlas Heavy Eng,Millwright,8,0,610.52
North Substation,NS_MO_2025,PRJ-NS-1353,29-01-2026,C-1073,Precision Welding,General Labor,8,0,365.87
North Substation,NS_MO_2025,PRJ-NS-1390,29-01-2026,C-1062,PrimeFix Solutions,General Labor,8,0,372.91
North Substation,NS_MO_2025,PRJ-NS-1192,29-01-2026,C-1040,Atlas Heavy Eng,Crane Operator,8,0,881.68
North Substation,NS_MO_2025,PRJ-NS-1203,29-01-2026,C-1006,Apex Industrial,Field Engineer,8,0,1357.89
North Substation,NS_MO_2025,PRJ-NS-1154,29-01-2026,C-1020,Midwest Mech Pros,Field Engineer,8,0,1242.06
North Substation,NS_MO_2025,PRJ-NS-1349,29-01-2026,C-1011,Midwest Mech Pros,General Labor,8,0,438.17
North Substation,NS_MO_2025,PRJ-NS-1302,29-01-2026,C-1011,Midwest Mech Pros,General Labor,8,0,439.57
Coast BaseLoad,CB_MO_2027,PRJ-CB-2531,29-01-2026,C-1023,Summit Field Techs,Field Engineer,8,0,1513.95
West Valley Peaker,WV_HGP_2026,PRJ-WV-2345,29-01-2026,C-1059,PrimeFix Solutions,Field Engineer,8,0,1278.46
West Valley Peaker,WV_HGP_2026,PRJ-WV-2332,29-01-2026,C-1020,Midwest Mech Pros,Field Engineer,8,0,1095.42
West Valley Peaker,WV_HGP_2026,PRJ-WV-2338,29-01-2026,C-1059,PrimeFix Solutions,Field Engineer,8,0,1113.79
West Valley Peaker,WV_HGP_2026,PRJ-WV-2339,29-01-2026,C-1039,PrimeFix Solutions,Field Engineer,8,0,1480.61
West Valley Peaker,WV_HGP_2026,PRJ-WV-2345,29-01-2026,C-1059,PrimeFix Solutions,Field Engineer,8,0,1177.14
West Valley Peaker,WV_HGP_2026,PRJ-WV-2330,29-01-2026,C-1028,Midwest Mech Pros,Field Engineer,8,0,1521.95
West Valley Peaker,WV_HGP_2026,PRJ-WV-2339,29-01-2026,C-1023,Summit Field Techs,Field Engineer,8,0,1751.47
West Valley Peaker,WV_HGP_2026,PRJ-WV-2332,29-01-2026,C-1010,PrimeFix Solutions,Field Engineer,8,0,1675.7
West Valley Peaker,WV_HGP_2026,PRJ-WV-2338,29-01-2026,C-1023,Summit Field Techs,Field Engineer,8,0,1526.1
West Valley Peaker,WV_HGP_2026,PRJ-WV-2332,29-01-2026,C-1010,PrimeFix Solutions,Field Engineer,8,0,1475.28
West Valley Peaker,WV_HGP_2026,PRJ-WV-2330,29-01-2026,C-1059,PrimeFix Solutions,Field Engineer,8,0,1145.83
West Valley Peaker,WV_HGP_2026,PRJ-WV-2338,29-01-2026,C-1028,Midwest Mech Pros,Field Engineer,8,0,1589.78
West Valley Peaker,WV_HGP_2026,PRJ-WV-2339,29-01-2026,C-1006,Apex Industrial,Field Engineer,8,0,1343.56
North Substation,NS_MO_2025,PRJ-NS-1188,29-01-2026,C-1024,Apex Industrial,Millwright,8,0,775.84
West Valley Peaker,WV_HGP_2026,PRJ-WV-2332,29-01-2026,C-1023,Summit Field Techs,Field Engineer,8,0,1450.67
West Valley Peaker,WV_HGP_2026,PRJ-WV-2326,29-01-2026,C-1010,PrimeFix Solutions,Field Engineer,8,0,1474.67
West Valley Peaker,WV_HGP_2026,PRJ-WV-2345,29-01-2026,C-1059,PrimeFix Solutions,Field Engineer,8,0,1133.73
West Valley Peaker,WV_HGP_2026,PRJ-WV-2338,29-01-2026,C-1006,Apex Industrial,Field Engineer,8,0,1458.9
West Valley Peaker,WV_HGP_2026,PRJ-WV-2332,29-01-2026,C-1006,Apex Industrial,Field Engineer,8,0,1245.21
West Valley Peaker,WV_HGP_2026,PRJ-WV-2338,29-01-2026,C-1010,PrimeFix Solutions,Field Engineer,8,0,1586.23
West Valley Peaker,WV_HGP_2026,PRJ-WV-2338,29-01-2026,C-1006,Apex Industrial,Field Engineer,8,0,1235.57
West Valley Peaker,WV_HGP_2026,PRJ-WV-2326,29-01-2026,C-1059,PrimeFix Solutions,Field Engineer,8,0,1148.31
West Valley Peaker,WV_HGP_2026,PRJ-WV-2332,29-01-2026,C-1039,PrimeFix Solutions,Field Engineer,8,0,1583.7
Coast BaseLoad,CB_MO_2027,PRJ-CB-2514,29-01-2026,C-1010,PrimeFix Solutions,Field Engineer,8,0,1557.43
Coast BaseLoad,CB_MO_2027,PRJ-CB-2531,29-01-2026,C-1030,Summit Field Techs,Millwright,8,0,613.57
Coast BaseLoad,CB_MO_2027,PRJ-CB-2517,29-01-2026,C-1023,Summit Field Techs,Field Engineer,8,0,1718.08
Coast BaseLoad,CB_MO_2027,PRJ-CB-2517,29-01-2026,C-1065,PrimeFix Solutions,Safety Officer,8,0,716.44
Coast BaseLoad,CB_MO_2027,PRJ-CB-2526,29-01-2026,C-1066,Apex Industrial,General Labor,8,0,394.68
West Valley Peaker,WV_HGP_2026,PRJ-WV-2326,29-01-2026,C-1023,Summit Field Techs,Field Engineer,8,0,1703.07
North Substation,NS_MO_2025,PRJ-NS-1350,29-01-2026,C-1079,Precision Welding,Crane Operator,8,0,734.73
North Substation,NS_MO_2025,PRJ-NS-1190,29-01-2026,C-1021,Summit Field Techs,Millwright,8,0,676.89
North Substation,NS_MO_2025,PRJ-NS-1323,29-01-2026,C-1079,Precision Welding,Crane Operator,8,0,783.55
North Substation,NS_MO_2025,PRJ-NS-1250,29-01-2026,C-1072,Apex Industrial,Crane Operator,8,0,753.52
North Substation,NS_MO_2025,PRJ-NS-1207,29-01-2026,C-1006,Apex Industrial,Field Engineer,8,0,1354.4
North Substation,NS_MO_2025,PRJ-NS-1162,29-01-2026,C-1069,Precision Welding,Safety Officer,8,0,535.32
North Substation,NS_MO_2025,PRJ-NS-1211,29-01-2026,C-1067,PrimeFix Solutions,Millwright,8,0,696.16
North Substation,NS_MO_2025,PRJ-NS-1346,29-01-2026,C-1006,Apex Industrial,Field Engineer,8,0,1312.07
North Substation,NS_MO_2025,PRJ-NS-1325,29-01-2026,C-1019,Midwest Mech Pros,Controls Tech,8,0,1083.91
North Substation,NS_MO_2025,PRJ-NS-1270,29-01-2026,C-1006,Apex Industrial,Field Engineer,8,0,1366.45
North Substation,NS_MO_2025,PRJ-NS-1258,29-01-2026,C-1015,Atlas Heavy Eng,Controls Tech,8,0,1279.2
North Substation,NS_MO_2025,PRJ-NS-1191,29-01-2026,C-1047,Atlas Heavy Eng,Millwright,8,0,604.22
North Substation,NS_MO_2025,PRJ-NS-1187,29-01-2026,C-1028,Midwest Mech Pros,Field Engineer,8,0,1485.95
North Substation,NS_MO_2025,PRJ-NS-1186,29-01-2026,C-1058,Midwest Mech Pros,Controls Tech,8,0,1334.27
North Substation,NS_MO_2025,PRJ-NS-1172,29-01-2026,C-1005,Atlas Heavy Eng,Millwright,8,0,624.91
North Substation,NS_MO_2025,PRJ-NS-1194,29-01-2026,C-1046,Precision Welding,General Labor,8,0,445.46
North Substation,NS_MO_2025,PRJ-NS-1181,29-01-2026,C-1039,PrimeFix Solutions,Field Engineer,8,0,1480.24
North Substation,NS_MO_2025,PRJ-NS-1380,29-01-2026,C-1006,Apex Industrial,Field Engineer,8,0,1405.53
North Substation,NS_MO_2025,PRJ-NS-1334,29-01-2026,C-1010,PrimeFix Solutions,Field Engineer,8,0,1554.19
North Substation,NS_MO_2025,PRJ-NS-1194,29-01-2026,C-1006,Apex Industrial,Field Engineer,8,0,1328.39
North Substation,NS_MO_2025,PRJ-NS-1162,29-01-2026,C-1040,Atlas Heavy Eng,Crane Operator,8,0,888.68
North Substation,NS_MO_2025,PRJ-NS-1263,29-01-2026,C-1054,Midwest Mech Pros,General Labor,8,0,379.4
North Substation,NS_MO_2025,PRJ-NS-1263,29-01-2026,C-1037,PrimeFix Solutions,Controls Tech,8,0,1111.2
North Substation,NS_MO_2025,PRJ-NS-1315,30-01-2026,C-1020,Midwest Mech Pros,Field Engineer,8,0,1261.94
North Substation,NS_MO_2025,PRJ-NS-1250,30-01-2026,C-1072,Apex Industrial,Crane Operator,8,0,716.74
North Substation,NS_MO_2025,PRJ-NS-1236,30-01-2026,C-1005,Atlas Heavy Eng,Millwright,8,0,602.79
North Substation,NS_MO_2025,PRJ-NS-1192,30-01-2026,C-1040,Atlas Heavy Eng,Crane Operator,8,0,847.31
North Substation,NS_MO_2025,PRJ-NS-1380,30-01-2026,C-1039,PrimeFix Solutions,Field Engineer,8,0,1450.76
North Substation,NS_MO_2025,PRJ-NS-1312,30-01-2026,C-1010,PrimeFix Solutions,Field Engineer,8,0,1605.91
North Substation,NS_MO_2025,PRJ-NS-1197,30-01-2026,C-1051,Apex Industrial,Crane Operator,8,0,832.99
North Substation,NS_MO_2025,PRJ-NS-1190,30-01-2026,C-1006,Apex Industrial,Field Engineer,8,0,1432.94
North Substation,NS_MO_2025,PRJ-NS-1312,30-01-2026,C-1042,PrimeFix Solutions,General Labor,8,0,400.68
North Substation,NS_MO_2025,PRJ-NS-1322,30-01-2026,C-1031,Summit Field Techs,Crane Operator,8,0,766.2
North Substation,NS_MO_2025,PRJ-NS-1189,30-01-2026,C-1074,Apex Industrial,Controls Tech,8,0,1095.53
North Substation,NS_MO_2025,PRJ-NS-1366,30-01-2026,C-1010,PrimeFix Solutions,Field Engineer,8,0,1570.05
North Substation,NS_MO_2025,PRJ-NS-1350,30-01-2026,C-1079,Precision Welding,Crane Operator,8,0,797.91
North Substation,NS_MO_2025,PRJ-NS-1160,30-01-2026,C-1021,Summit Field Techs,Millwright,8,0,680.73
North Substation,NS_MO_2025,PRJ-NS-1326,30-01-2026,C-1076,Apex Industrial,Safety Officer,8,0,671.04
North Substation,NS_MO_2025,PRJ-NS-1356,30-01-2026,C-1067,PrimeFix Solutions,Millwright,8,0,693.74
North Substation,NS_MO_2025,PRJ-NS-1206,30-01-2026,C-1026,Precision Welding,Controls Tech,8,0,1076.7
North Substation,NS_MO_2025,PRJ-NS-1244,30-01-2026,C-1078,Atlas Heavy Eng,Millwright,8,0,696.88
North Substation,NS_MO_2025,PRJ-NS-1269,30-01-2026,C-1029,Midwest Mech Pros,Controls Tech,8,0,976.73
North Substation,NS_MO_2025,PRJ-NS-1248,30-01-2026,C-1026,Precision Welding,Controls Tech,8,0,1012.83
North Substation,NS_MO_2025,PRJ-NS-1226,30-01-2026,C-1001,Apex Industrial,General Labor,8,0,421.66
North Substation,NS_MO_2025,PRJ-NS-1361,30-01-2026,C-1073,Precision Welding,General Labor,8,0,388.09
North Substation,NS_MO_2025,PRJ-NS-1150,30-01-2026,C-1071,PrimeFix Solutions,Crane Operator,8,0,823.97
North Substation,NS_MO_2025,PRJ-NS-1304,30-01-2026,C-1013,Atlas Heavy Eng,Safety Officer,8,0,599.53
North Substation,NS_MO_2025,PRJ-NS-1375,30-01-2026,C-1012,Midwest Mech Pros,Controls Tech,8,0,1054.6
North Substation,NS_MO_2025,PRJ-NS-1302,30-01-2026,C-1035,Summit Field Techs,General Labor,8,0,355.57
North Substation,NS_MO_2025,PRJ-NS-1295,30-01-2026,C-1005,Atlas Heavy Eng,Millwright,8,0,595.75
North Substation,NS_MO_2025,PRJ-NS-1334,30-01-2026,C-1005,Atlas Heavy Eng,Millwright,8,0,575.46
North Substation,NS_MO_2025,PRJ-NS-1172,30-01-2026,C-1013,Atlas Heavy Eng,Safety Officer,8,0,607.06
North Substation,NS_MO_2025,PRJ-NS-1346,30-01-2026,C-1006,Apex Industrial,Field Engineer,8,0,1345.33
North Substation,NS_MO_2025,PRJ-NS-1300,30-01-2026,C-1023,Summit Field Techs,Field Engineer,8,0,1660.59
North Substation,NS_MO_2025,PRJ-NS-1346,30-01-2026,C-1010,PrimeFix Solutions,Field Engineer,8,0,1620.62
North Substation,NS_MO_2025,PRJ-NS-1354,30-01-2026,C-1066,Apex Industrial,General Labor,8,0,384.01
North Substation,NS_MO_2025,PRJ-NS-1330,30-01-2026,C-1071,PrimeFix Solutions,Crane Operator,8,0,804.62
North Substation,NS_MO_2025,PRJ-NS-1258,30-01-2026,C-1015,Atlas Heavy Eng,Controls Tech,8,0,1252.66
North Substation,NS_MO_2025,PRJ-NS-1393,30-01-2026,C-1037,PrimeFix Solutions,Controls Tech,8,0,1129.54
North Substation,NS_MO_2025,PRJ-NS-1181,30-01-2026,C-1078,Atlas Heavy Eng,Millwright,8,0,707.11
North Substation,NS_MO_2025,PRJ-NS-1263,30-01-2026,C-1037,PrimeFix Solutions,Controls Tech,8,0,1148.05
North Substation,NS_MO_2025,PRJ-NS-1304,30-01-2026,C-1059,PrimeFix Solutions,Field Engineer,8,0,1261.54
North Substation,NS_MO_2025,PRJ-NS-1162,30-01-2026,C-1040,Atlas Heavy Eng,Crane Operator,8,0,819.58
North Substation,NS_MO_2025,PRJ-NS-1353,30-01-2026,C-1073,Precision Welding,General Labor,8,0,388.65
Coast BaseLoad,CB_MO_2027,PRJ-CB-2531,30-01-2026,C-1030,Summit Field Techs,Millwright,8,0,595.89
Metro Gen CC,MG_HGP_2026,PRJ-MG-1667,30-01-2026,C-1069,Precision Welding,Safety Officer,8,0,528.55
Metro Gen CC,MG_HGP_2026,PRJ-MG-1664,30-01-2026,C-1020,Midwest Mech Pros,Field Engineer,8,0,1098.69
Metro Gen CC,MG_HGP_2026,PRJ-MG-1665,30-01-2026,C-1020,Midwest Mech Pros,Field Engineer,8,0,1189.28
Metro Gen CC,MG_HGP_2026,PRJ-MG-1666,30-01-2026,C-1006,Apex Industrial,Field Engineer,8,0,1472.38
Metro Gen CC,MG_HGP_2026,PRJ-MG-1667,30-01-2026,C-1020,Midwest Mech Pros,Field Engineer,8,0,1170.22
Metro Gen CC,MG_HGP_2026,PRJ-MG-1667,30-01-2026,C-1020,Midwest Mech Pros,Field Engineer,8,0,1167.34
Metro Gen CC,MG_HGP_2026,PRJ-MG-1670,30-01-2026,C-1073,Precision Welding,General Labor,8,0,344.13
Rural Gen BaseLoad,RG_HGP_2026,PRJ-RG-2964,30-01-2026,C-1039,PrimeFix Solutions,Field Engineer,8,0,1611.15
Metro Gen CC,MG_HGP_2026,PRJ-MG-1663,30-01-2026,C-1039,PrimeFix Solutions,Field Engineer,8,0,1444.53
Metro Gen CC,MG_HGP_2026,PRJ-MG-1663,30-01-2026,C-1010,PrimeFix Solutions,Field Engineer,8,0,1659.27
Metro Gen CC,MG_HGP_2026,PRJ-MG-1666,30-01-2026,C-1059,PrimeFix Solutions,Field Engineer,8,0,1130.9
Rural Gen BaseLoad,RG_HGP_2026,PRJ-RG-2968,30-01-2026,C-1020,Midwest Mech Pros,Field Engineer,8,0,1101.89
Rural Gen BaseLoad,RG_HGP_2026,PRJ-RG-2968,30-01-2026,C-1039,PrimeFix Solutions,Field Engineer,8,0,1373.64
Rural Gen BaseLoad,RG_HGP_2026,PRJ-RG-2969,30-01-2026,C-1017,Summit Field Techs,Crane Operator,8,0,855.47
Rural Gen BaseLoad,RG_HGP_2026,PRJ-RG-2965,30-01-2026,C-1006,Apex Industrial,Field Engineer,8,0,1473.94
Rural Gen BaseLoad,RG_HGP_2026,PRJ-RG-2971,30-01-2026,C-1024,Apex Industrial,Millwright,8,0,812.13
Rural Gen BaseLoad,RG_HGP_2026,PRJ-RG-2969,30-01-2026,C-1059,PrimeFix Solutions,Field Engineer,8,0,1125.25
Rural Gen BaseLoad,RG_HGP_2026,PRJ-RG-2971,30-01-2026,C-1023,Summit Field Techs,Field Engineer,8,0,1649.02
Rural Gen BaseLoad,RG_HGP_2026,PRJ-RG-2968,30-01-2026,C-1023,Summit Field Techs,Field Engineer,8,0,1450.83
Rural Gen BaseLoad,RG_HGP_2026,PRJ-RG-2967,30-01-2026,C-1034,Atlas Heavy Eng,Safety Officer,8,0,517.26
Rural Gen BaseLoad,RG_HGP_2026,PRJ-RG-2966,30-01-2026,C-1029,Midwest Mech Pros,Controls Tech,8,0,919.65
Rural Gen BaseLoad,RG_HGP_2026,PRJ-RG-2964,30-01-2026,C-1028,Midwest Mech Pros,Field Engineer,8,0,1365.94
Rural Gen BaseLoad,RG_HGP_2026,PRJ-RG-2969,30-01-2026,C-1051,Apex Industrial,Crane Operator,8,0,808.95
Rural Gen BaseLoad,RG_HGP_2026,PRJ-RG-2966,30-01-2026,C-1059,PrimeFix Solutions,Field Engineer,8,0,1226.5
Rural Gen BaseLoad,RG_HGP_2026,PRJ-RG-2969,30-01-2026,C-1059,PrimeFix Solutions,Field Engineer,8,0,1301.05
Rural Gen BaseLoad,RG_HGP_2026,PRJ-RG-2967,30-01-2026,C-1039,PrimeFix Solutions,Field Engineer,8,0,1411.32
Rural Gen BaseLoad,RG_HGP_2026,PRJ-RG-2970,30-01-2026,C-1020,Midwest Mech Pros,Field Engineer,8,0,1110.43
Rural Gen BaseLoad,RG_HGP_2026,PRJ-RG-2965,30-01-2026,C-1028,Midwest Mech Pros,Field Engineer,8,0,1591.76
Rural Gen BaseLoad,RG_HGP_2026,PRJ-RG-2966,30-01-2026,C-1051,Apex Industrial,Crane Operator,8,0,819.59
Rural Gen BaseLoad,RG_HGP_2026,PRJ-RG-2970,30-01-2026,C-1058,Midwest Mech Pros,Controls Tech,8,0,1298.32
Rural Gen BaseLoad,RG_HGP_2026,PRJ-RG-2970,30-01-2026,C-1003,Summit Field Techs,Millwright,8,0,713.07
Rural Gen BaseLoad,RG_HGP_2026,PRJ-RG-2971,30-01-2026,C-1020,Midwest Mech Pros,Field Engineer,8,0,1236.37
Rural Gen BaseLoad,RG_HGP_2026,PRJ-RG-2965,30-01-2026,C-1023,Summit Field Techs,Field Engineer,8,0,1716.62
Rural Gen BaseLoad,RG_HGP_2026,PRJ-RG-2971,30-01-2026,C-1010,PrimeFix Solutions,Field Engineer,8,0,1609.76
Rural Gen BaseLoad,RG_HGP_2026,PRJ-RG-2969,30-01-2026,C-1028,Midwest Mech Pros,Field Engineer,8,0,1500.43
Rural Gen BaseLoad,RG_HGP_2026,PRJ-RG-2965,30-01-2026,C-1010,PrimeFix Solutions,Field Engineer,8,0,1708.04
Rural Gen BaseLoad,RG_HGP_2026,PRJ-RG-2968,30-01-2026,C-1008,Apex Industrial,Safety Officer,8,0,719.45
Rural Gen BaseLoad,RG_HGP_2026,PRJ-RG-2968,30-01-2026,C-1020,Midwest Mech Pros,Field Engineer,8,0,1212.62
Rural Gen BaseLoad,RG_HGP_2026,PRJ-RG-2966,30-01-2026,C-1059,PrimeFix Solutions,Field Engineer,8,0,1142.24
Rural Gen BaseLoad,RG_HGP_2026,PRJ-RG-2968,30-01-2026,C-1028,Midwest Mech Pros,Field Engineer,8,0,1429.06
Rural Gen BaseLoad,RG_HGP_2026,PRJ-RG-2969,30-01-2026,C-1023,Summit Field Techs,Field Engineer,8,0,1516.16
Rural Gen BaseLoad,RG_HGP_2026,PRJ-RG-2965,30-01-2026,C-1006,Apex Industrial,Field Engineer,8,0,1337.85
Rural Gen BaseLoad,RG_HGP_2026,PRJ-RG-2965,30-01-2026,C-1008,Apex Industrial,Safety Officer,8,0,673.12
Rural Gen BaseLoad,RG_HGP_2026,PRJ-RG-2964,30-01-2026,C-1010,PrimeFix Solutions,Field Engineer,8,0,1701.19
Rural Gen BaseLoad,RG_HGP_2026,PRJ-RG-2968,30-01-2026,C-1020,Midwest Mech Pros,Field Engineer,8,0,1155.84
Rural Gen BaseLoad,RG_HGP_2026,PRJ-RG-2965,30-01-2026,C-1039,PrimeFix Solutions,Field Engineer,8,0,1548.22
Rural Gen BaseLoad,RG_HGP_2026,PRJ-RG-2971,30-01-2026,C-1028,Midwest Mech Pros,Field Engineer,8,0,1532.85
Coast BaseLoad,CB_MO_2027,PRJ-CB-2517,30-01-2026,C-1065,PrimeFix Solutions,Safety Officer,8,0,680.36
Coast BaseLoad,CB_MO_2027,PRJ-CB-2526,30-01-2026,C-1066,Apex Industrial,General Labor,8,0,412.75
West Valley Peaker,WV_HGP_2026,PRJ-WV-2338,30-01-2026,C-1006,Apex Industrial,Field Engineer,8,0,1434.04
Metro Gen CC,MG_HGP_2026,PRJ-MG-1663,30-01-2026,C-1065,PrimeFix Solutions,Safety Officer,8,0,623.23
Metro Gen CC,MG_HGP_2026,PRJ-MG-1665,30-01-2026,C-1039,PrimeFix Solutions,Field Engineer,8,0,1555.7
West Valley Peaker,WV_HGP_2026,PRJ-WV-2326,30-01-2026,C-1059,PrimeFix Solutions,Field Engineer,8,0,1153.42
West Valley Peaker,WV_HGP_2026,PRJ-WV-2338,30-01-2026,C-1010,PrimeFix Solutions,Field Engineer,8,0,1722.82
West Valley Peaker,WV_HGP_2026,PRJ-WV-2338,30-01-2026,C-1023,Summit Field Techs,Field Engineer,8,0,1681.62
West Valley Peaker,WV_HGP_2026,PRJ-WV-2332,30-01-2026,C-1010,PrimeFix Solutions,Field Engineer,8,0,1433.11
West Valley Peaker,WV_HGP_2026,PRJ-WV-2339,30-01-2026,C-1023,Summit Field Techs,Field Engineer,8,0,1742.32
West Valley Peaker,WV_HGP_2026,PRJ-WV-2330,30-01-2026,C-1028,Midwest Mech Pros,Field Engineer,8,0,1493.21
West Valley Peaker,WV_HGP_2026,PRJ-WV-2345,30-01-2026,C-1059,PrimeFix Solutions,Field Engineer,8,0,1242.52
West Valley Peaker,WV_HGP_2026,PRJ-WV-2339,30-01-2026,C-1039,PrimeFix Solutions,Field Engineer,8,0,1398.99
West Valley Peaker,WV_HGP_2026,PRJ-WV-2338,30-01-2026,C-1059,PrimeFix Solutions,Field Engineer,8,0,1329.06
West Valley Peaker,WV_HGP_2026,PRJ-WV-2332,30-01-2026,C-1020,Midwest Mech Pros,Field Engineer,8,0,1106.96
West Valley Peaker,WV_HGP_2026,PRJ-WV-2345,30-01-2026,C-1059,PrimeFix Solutions,Field Engineer,8,0,1196.14
West Valley Peaker,WV_HGP_2026,PRJ-WV-2339,30-01-2026,C-1028,Midwest Mech Pros,Field Engineer,8,0,1416.81
West Valley Peaker,WV_HGP_2026,PRJ-WV-2338,30-01-2026,C-1010,PrimeFix Solutions,Field Engineer,8,0,1587.17
West Valley Peaker,WV_HGP_2026,PRJ-WV-2330,30-01-2026,C-1059,PrimeFix Solutions,Field Engineer,8,0,1146.24
West Valley Peaker,WV_HGP_2026,PRJ-WV-2338,30-01-2026,C-1028,Midwest Mech Pros,Field Engineer,8,0,1455.98
West Valley Peaker,WV_HGP_2026,PRJ-WV-2332,30-01-2026,C-1039,PrimeFix Solutions,Field Engineer,8,0,1593.24
West Valley Peaker,WV_HGP_2026,PRJ-WV-2339,30-01-2026,C-1006,Apex Industrial,Field Engineer,8,0,1441.86
Coast BaseLoad,CB_MO_2027,PRJ-CB-2517,30-01-2026,C-1023,Summit Field Techs,Field Engineer,8,0,1742.1
West Valley Peaker,WV_HGP_2026,PRJ-WV-2332,30-01-2026,C-1023,Summit Field Techs,Field Engineer,8,0,1552.15
West Valley Peaker,WV_HGP_2026,PRJ-WV-2326,30-01-2026,C-1023,Summit Field Techs,Field Engineer,8,0,1747.39
West Valley Peaker,WV_HGP_2026,PRJ-WV-2326,30-01-2026,C-1010,PrimeFix Solutions,Field Engineer,8,0,1511.05
West Valley Peaker,WV_HGP_2026,PRJ-WV-2345,30-01-2026,C-1059,PrimeFix Solutions,Field Engineer,8,0,1186.27
West Valley Peaker,WV_HGP_2026,PRJ-WV-2338,30-01-2026,C-1006,Apex Industrial,Field Engineer,8,0,1329.16
West Valley Peaker,WV_HGP_2026,PRJ-WV-2332,30-01-2026,C-1006,Apex Industrial,Field Engineer,8,0,1407.6
West Valley Peaker,WV_HGP_2026,PRJ-WV-2332,30-01-2026,C-1010,PrimeFix Solutions,Field Engineer,8,0,1627.18
Coast BaseLoad,CB_MO_2027,PRJ-CB-2531,30-01-2026,C-1023,Summit Field Techs,Field Engineer,8,0,1561.66
Coast BaseLoad,CB_MO_2027,PRJ-CB-2514,30-01-2026,C-1010,PrimeFix Solutions,Field Engineer,8,0,1483.99
Rural Gen BaseLoad,RG_HGP_2026,PRJ-RG-2969,31-01-2026,C-1023,Summit Field Techs,Field Engineer,8,0,1510.02
Rural Gen BaseLoad,RG_HGP_2026,PRJ-RG-2964,31-01-2026,C-1039,PrimeFix Solutions,Field Engineer,8,0,1622.95
Rural Gen BaseLoad,RG_HGP_2026,PRJ-RG-2968,31-01-2026,C-1020,Midwest Mech Pros,Field Engineer,8,0,1093.11
Rural Gen BaseLoad,RG_HGP_2026,PRJ-RG-2965,31-01-2026,C-1010,PrimeFix Solutions,Field Engineer,8,0,1441.99
Rural Gen BaseLoad,RG_HGP_2026,PRJ-RG-2968,31-01-2026,C-1023,Summit Field Techs,Field Engineer,8,0,1523.67
Rural Gen BaseLoad,RG_HGP_2026,PRJ-RG-2970,31-01-2026,C-1058,Midwest Mech Pros,Controls Tech,8,0,1223.44
Rural Gen BaseLoad,RG_HGP_2026,PRJ-RG-2965,31-01-2026,C-1008,Apex Industrial,Safety Officer,8,0,728.75
Rural Gen BaseLoad,RG_HGP_2026,PRJ-RG-2967,31-01-2026,C-1034,Atlas Heavy Eng,Safety Officer,8,0,628.55
Rural Gen BaseLoad,RG_HGP_2026,PRJ-RG-2965,31-01-2026,C-1006,Apex Industrial,Field Engineer,8,0,1281.8
Rural Gen BaseLoad,RG_HGP_2026,PRJ-RG-2966,31-01-2026,C-1059,PrimeFix Solutions,Field Engineer,8,0,1279.09
Rural Gen BaseLoad,RG_HGP_2026,PRJ-RG-2968,31-01-2026,C-1020,Midwest Mech Pros,Field Engineer,8,0,1166.49
Rural Gen BaseLoad,RG_HGP_2026,PRJ-RG-2968,31-01-2026,C-1008,Apex Industrial,Safety Officer,8,0,713.17
Rural Gen BaseLoad,RG_HGP_2026,PRJ-RG-2971,31-01-2026,C-1010,PrimeFix Solutions,Field Engineer,8,0,1680.3
Coast BaseLoad,CB_MO_2027,PRJ-CB-2526,31-01-2026,C-1066,Apex Industrial,General Labor,8,0,359.28
Coast BaseLoad,CB_MO_2027,PRJ-CB-2531,31-01-2026,C-1023,Summit Field Techs,Field Engineer,8,0,1686.99
Coast BaseLoad,CB_MO_2027,PRJ-CB-2514,31-01-2026,C-1010,PrimeFix Solutions,Field Engineer,8,0,1741.1
Coast BaseLoad,CB_MO_2027,PRJ-CB-2517,31-01-2026,C-1065,PrimeFix Solutions,Safety Officer,8,0,640.22
Coast BaseLoad,CB_MO_2027,PRJ-CB-2517,31-01-2026,C-1023,Summit Field Techs,Field Engineer,8,0,1477.58
Coast BaseLoad,CB_MO_2027,PRJ-CB-2531,31-01-2026,C-1030,Summit Field Techs,Millwright,8,0,688.99
Rural Gen BaseLoad,RG_HGP_2026,PRJ-RG-2966,31-01-2026,C-1029,Midwest Mech Pros,Controls Tech,8,0,1029.58
Rural Gen BaseLoad,RG_HGP_2026,PRJ-RG-2964,31-01-2026,C-1028,Midwest Mech Pros,Field Engineer,8,0,1585.81
Rural Gen BaseLoad,RG_HGP_2026,PRJ-RG-2964,31-01-2026,C-1010,PrimeFix Solutions,Field Engineer,8,0,1468.7
Rural Gen BaseLoad,RG_HGP_2026,PRJ-RG-2969,31-01-2026,C-1028,Midwest Mech Pros,Field Engineer,8,0,1616.43
North Substation,NS_MO_2025,PRJ-NS-1154,31-01-2026,C-1020,Midwest Mech Pros,Field Engineer,8,0,1171.94
Rural Gen BaseLoad,RG_HGP_2026,PRJ-RG-2969,31-01-2026,C-1059,PrimeFix Solutions,Field Engineer,8,0,1179.34
Rural Gen BaseLoad,RG_HGP_2026,PRJ-RG-2971,31-01-2026,C-1024,Apex Industrial,Millwright,8,0,704.45
Rural Gen BaseLoad,RG_HGP_2026,PRJ-RG-2965,31-01-2026,C-1006,Apex Industrial,Field Engineer,8,0,1406.75
North Substation,NS_MO_2025,PRJ-NS-1215,31-01-2026,C-1001,Apex Industrial,General Labor,8,0,420.39
Rural Gen BaseLoad,RG_HGP_2026,PRJ-RG-2969,31-01-2026,C-1017,Summit Field Techs,Crane Operator,8,0,888.99
Rural Gen BaseLoad,RG_HGP_2026,PRJ-RG-2968,31-01-2026,C-1039,PrimeFix Solutions,Field Engineer,8,0,1659.65
Rural Gen BaseLoad,RG_HGP_2026,PRJ-RG-2968,31-01-2026,C-1020,Midwest Mech Pros,Field Engineer,8,0,1206.11
Rural Gen BaseLoad,RG_HGP_2026,PRJ-RG-2965,31-01-2026,C-1023,Summit Field Techs,Field Engineer,8,0,1548.87
Rural Gen BaseLoad,RG_HGP_2026,PRJ-RG-2968,31-01-2026,C-1028,Midwest Mech Pros,Field Engineer,8,0,1348.43
North Substation,NS_MO_2025,PRJ-NS-1206,31-01-2026,C-1026,Precision Welding,Controls Tech,8,0,1005.2
Rural Gen BaseLoad,RG_HGP_2026,PRJ-RG-2969,31-01-2026,C-1051,Apex Industrial,Crane Operator,8,0,934.94
North Substation,NS_MO_2025,PRJ-NS-1159,31-01-2026,C-1041,Precision Welding,Millwright,8,0,681.85
North Substation,NS_MO_2025,PRJ-NS-1188,31-01-2026,C-1024,Apex Industrial,Millwright,8,0,718.69
North Substation,NS_MO_2025,PRJ-NS-1342,31-01-2026,C-1030,Summit Field Techs,Millwright,8,0,601.49
North Substation,NS_MO_2025,PRJ-NS-1228,31-01-2026,C-1020,Midwest Mech Pros,Field Engineer,8,0,1225.85
North Substation,NS_MO_2025,PRJ-NS-1315,31-01-2026,C-1020,Midwest Mech Pros,Field Engineer,8,0,1220.29
North Substation,NS_MO_2025,PRJ-NS-1263,31-01-2026,C-1054,Midwest Mech Pros,General Labor,8,0,417.97
North Substation,NS_MO_2025,PRJ-NS-1291,31-01-2026,C-1054,Midwest Mech Pros,General Labor,8,0,413.98
North Substation,NS_MO_2025,PRJ-NS-1327,31-01-2026,C-1023,Summit Field Techs,Field Engineer,8,0,1582.88
North Substation,NS_MO_2025,PRJ-NS-1213,31-01-2026,C-1041,Precision Welding,Millwright,8,0,702.62
North Substation,NS_MO_2025,PRJ-NS-1153,31-01-2026,C-1035,Summit Field Techs,General Labor,8,0,383.32
North Substation,NS_MO_2025,PRJ-NS-1393,31-01-2026,C-1037,PrimeFix Solutions,Controls Tech,8,0,1088.55
North Substation,NS_MO_2025,PRJ-NS-1197,31-01-2026,C-1051,Apex Industrial,Crane Operator,8,0,823.63
North Substation,NS_MO_2025,PRJ-NS-1172,31-01-2026,C-1005,Atlas Heavy Eng,Millwright,8,0,582.64
North Substation,NS_MO_2025,PRJ-NS-1187,31-01-2026,C-1028,Midwest Mech Pros,Field Engineer,8,0,1414.97
North Substation,NS_MO_2025,PRJ-NS-1295,31-01-2026,C-1005,Atlas Heavy Eng,Millwright,8,0,589.18
North Substation,NS_MO_2025,PRJ-NS-1356,31-01-2026,C-1067,PrimeFix Solutions,Millwright,8,0,713.14
North Substation,NS_MO_2025,PRJ-NS-1152,31-01-2026,C-1053,Precision Welding,Millwright,8,0,682.51
North Substation,NS_MO_2025,PRJ-NS-1324,31-01-2026,C-1072,Apex Industrial,Crane Operator,8,0,759.59
North Substation,NS_MO_2025,PRJ-NS-1176,31-01-2026,C-1029,Midwest Mech Pros,Controls Tech,8,0,1062.52
North Substation,NS_MO_2025,PRJ-NS-1356,31-01-2026,C-1039,PrimeFix Solutions,Field Engineer,8,0,1498.17
North Substation,NS_MO_2025,PRJ-NS-1181,31-01-2026,C-1069,Precision Welding,Safety Officer,8,0,504.09
North Substation,NS_MO_2025,PRJ-NS-1312,31-01-2026,C-1010,PrimeFix Solutions,Field Engineer,8,0,1584.78
North Substation,NS_MO_2025,PRJ-NS-1226,31-01-2026,C-1023,Summit Field Techs,Field Engineer,8,0,1525.06
North Substation,NS_MO_2025,PRJ-NS-1150,31-01-2026,C-1071,PrimeFix Solutions,Crane Operator,8,0,808.22
North Substation,NS_MO_2025,PRJ-NS-1300,31-01-2026,C-1023,Summit Field Techs,Field Engineer,8,0,1637.99
North Substation,NS_MO_2025,PRJ-NS-1265,31-01-2026,C-1079,Precision Welding,Crane Operator,8,0,785.32
North Substation,NS_MO_2025,PRJ-NS-1369,31-01-2026,C-1008,Apex Industrial,Safety Officer,8,0,643.95
North Substation,NS_MO_2025,PRJ-NS-1213,31-01-2026,C-1067,PrimeFix Solutions,Millwright,8,0,727.29
North Substation,NS_MO_2025,PRJ-NS-1380,31-01-2026,C-1039,PrimeFix Solutions,Field Engineer,8,0,1548.6
North Substation,NS_MO_2025,PRJ-NS-1315,31-01-2026,C-1062,PrimeFix Solutions,General Labor,8,0,365.13
North Substation,NS_MO_2025,PRJ-NS-1200,31-01-2026,C-1023,Summit Field Techs,Field Engineer,8,0,1621.04
North Substation,NS_MO_2025,PRJ-NS-1322,31-01-2026,C-1019,Midwest Mech Pros,Controls Tech,8,0,1023.28
North Substation,NS_MO_2025,PRJ-NS-1366,31-01-2026,C-1066,Apex Industrial,General Labor,8,0,376.02
North Substation,NS_MO_2025,PRJ-NS-1166,31-01-2026,C-1023,Summit Field Techs,Field Engineer,8,0,1537.47
North Substation,NS_MO_2025,PRJ-NS-1257,31-01-2026,C-1077,Precision Welding,Safety Officer,8,0,569.34
North Substation,NS_MO_2025,PRJ-NS-1378,31-01-2026,C-1020,Midwest Mech Pros,Field Engineer,8,0,1167.46
North Substation,NS_MO_2025,PRJ-NS-1196,31-01-2026,C-1023,Summit Field Techs,Field Engineer,8,0,1546.85
North Substation,NS_MO_2025,PRJ-NS-1159,31-01-2026,C-1006,Apex Industrial,Field Engineer,8,0,1327.8
North Substation,NS_MO_2025,PRJ-NS-1374,31-01-2026,C-1019,Midwest Mech Pros,Controls Tech,8,0,1039.78
North Substation,NS_MO_2025,PRJ-NS-1380,31-01-2026,C-1006,Apex Industrial,Field Engineer,8,0,1330.83
North Substation,NS_MO_2025,PRJ-NS-1268,31-01-2026,C-1028,Midwest Mech Pros,Field Engineer,8,0,1456.33
North Substation,NS_MO_2025,PRJ-NS-1211,31-01-2026,C-1067,PrimeFix Solutions,Millwright,8,0,738.38
North Substation,NS_MO_2025,PRJ-NS-1270,31-01-2026,C-1006,Apex Industrial,Field Engineer,8,0,1359.76
North Substation,NS_MO_2025,PRJ-NS-1323,31-01-2026,C-1079,Precision Welding,Crane Operator,8,0,782.45
North Substation,NS_MO_2025,PRJ-NS-1188,31-01-2026,C-1003,Summit Field Techs,Millwright,8,0,692.72
Rural Gen BaseLoad,RG_HGP_2026,PRJ-RG-2971,31-01-2026,C-1028,Midwest Mech Pros,Field Engineer,8,0,1350.47
North Substation,NS_MO_2025,PRJ-NS-1190,31-01-2026,C-1006,Apex Industrial,Field Engineer,8,0,1434.85
Rural Gen BaseLoad,RG_HGP_2026,PRJ-RG-2971,31-01-2026,C-1020,Midwest Mech Pros,Field Engineer,8,0,1324.53
North Substation,NS_MO_2025,PRJ-NS-1301,31-01-2026,C-1013,Atlas Heavy Eng,Safety Officer,8,0,559.64
North Substation,NS_MO_2025,PRJ-NS-1349,31-01-2026,C-1011,Midwest Mech Pros,General Labor,8,0,418.25
North Substation,NS_MO_2025,PRJ-NS-1304,31-01-2026,C-1059,PrimeFix Solutions,Field Engineer,8,0,1192.15
North Substation,NS_MO_2025,PRJ-NS-1372,31-01-2026,C-1066,Apex Industrial,General Labor,8,0,382.65
North Substation,NS_MO_2025,PRJ-NS-1390,31-01-2026,C-1013,Atlas Heavy Eng,Safety Officer,8,0,557.62
North Substation,NS_MO_2025,PRJ-NS-1191,31-01-2026,C-1047,Atlas Heavy Eng,Millwright,8,0,606.65
North Substation,NS_MO_2025,PRJ-NS-1236,31-01-2026,C-1005,Atlas Heavy Eng,Millwright,8,0,634.11
North Substation,NS_MO_2025,PRJ-NS-1312,31-01-2026,C-1042,PrimeFix Solutions,General Labor,8,0,410.06
North Substation,NS_MO_2025,PRJ-NS-1226,31-01-2026,C-1018,Atlas Heavy Eng,Controls Tech,8,0,1176.36
North Substation,NS_MO_2025,PRJ-NS-1205,31-01-2026,C-1012,Midwest Mech Pros,Controls Tech,8,0,1063.94
North Substation,NS_MO_2025,PRJ-NS-1226,31-01-2026,C-1001,Apex Industrial,General Labor,8,0,420.67
North Substation,NS_MO_2025,PRJ-NS-1307,31-01-2026,C-1066,Apex Industrial,General Labor,8,0,399.67
North Substation,NS_MO_2025,PRJ-NS-1384,31-01-2026,C-1035,Summit Field Techs,General Labor,8,0,375.25
North Substation,NS_MO_2025,PRJ-NS-1304,31-01-2026,C-1013,Atlas Heavy Eng,Safety Officer,8,0,601.92
Rural Gen BaseLoad,RG_HGP_2026,PRJ-RG-2966,31-01-2026,C-1059,PrimeFix Solutions,Field Engineer,8,0,1233.83
North Substation,NS_MO_2025,PRJ-NS-1321,31-01-2026,C-1062,PrimeFix Solutions,General Labor,8,0,373.01
North Substation,NS_MO_2025,PRJ-NS-1222,31-01-2026,C-1041,Precision Welding,Millwright,8,0,689.43
North Substation,NS_MO_2025,PRJ-NS-1335,31-01-2026,C-1019,Midwest Mech Pros,Controls Tech,8,0,1048.95
North Substation,NS_MO_2025,PRJ-NS-1326,31-01-2026,C-1053,Precision Welding,Millwright,8,0,629.59
Rural Gen BaseLoad,RG_HGP_2026,PRJ-RG-2971,31-01-2026,C-1023,Summit Field Techs,Field Engineer,8,0,1751.79
Rural Gen BaseLoad,RG_HGP_2026,PRJ-RG-2965,31-01-2026,C-1028,Midwest Mech Pros,Field Engineer,8,0,1498.45
Rural Gen BaseLoad,RG_HGP_2026,PRJ-RG-2966,31-01-2026,C-1051,Apex Industrial,Crane Operator,8,0,803.18
Rural Gen BaseLoad,RG_HGP_2026,PRJ-RG-2967,31-01-2026,C-1039,PrimeFix Solutions,Field Engineer,8,0,1448.16
Rural Gen BaseLoad,RG_HGP_2026,PRJ-RG-2969,31-01-2026,C-1059,PrimeFix Solutions,Field Engineer,8,0,1218.44
Rural Gen BaseLoad,RG_HGP_2026,PRJ-RG-2970,31-01-2026,C-1020,Midwest Mech Pros,Field Engineer,8,0,1322.68
Rural Gen BaseLoad,RG_HGP_2026,PRJ-RG-2965,31-01-2026,C-1039,PrimeFix Solutions,Field Engineer,8,0,1490.59
North Substation,NS_MO_2025,PRJ-NS-1346,31-01-2026,C-1010,PrimeFix Solutions,Field Engineer,8,0,1579.35
North Substation,NS_MO_2025,PRJ-NS-1255,31-01-2026,C-1000,PrimeFix Solutions,Millwright,8,0,679.29
Rural Gen BaseLoad,RG_HGP_2026,PRJ-RG-2970,31-01-2026,C-1003,Summit Field Techs,Millwright,8,0,633.3
North Substation,NS_MO_2025,PRJ-NS-1261,01-02-2026,C-1052,PrimeFix Solutions,General Labor,8,0,368.13
North Substation,NS_MO_2025,PRJ-NS-1182,01-02-2026,C-1029,Midwest Mech Pros,Controls Tech,8,0,995.14
North Substation,NS_MO_2025,PRJ-NS-1354,01-02-2026,C-1066,Apex Industrial,General Labor,8,0,379.94
North Substation,NS_MO_2025,PRJ-NS-1312,01-02-2026,C-1042,PrimeFix Solutions,General Labor,8,0,398.64
North Substation,NS_MO_2025,PRJ-NS-1373,01-02-2026,C-1037,PrimeFix Solutions,Controls Tech,8,0,1057.23
North Substation,NS_MO_2025,PRJ-NS-1183,01-02-2026,C-1078,Atlas Heavy Eng,Millwright,8,0,727.35
North Substation,NS_MO_2025,PRJ-NS-1189,01-02-2026,C-1074,Apex Industrial,Controls Tech,8,0,1062.7
North Substation,NS_MO_2025,PRJ-NS-1374,01-02-2026,C-1019,Midwest Mech Pros,Controls Tech,8,0,1120.01
North Substation,NS_MO_2025,PRJ-NS-1154,01-02-2026,C-1020,Midwest Mech Pros,Field Engineer,8,0,1259.54
North Substation,NS_MO_2025,PRJ-NS-1172,01-02-2026,C-1005,Atlas Heavy Eng,Millwright,8,0,587.99
North Substation,NS_MO_2025,PRJ-NS-1324,01-02-2026,C-1072,Apex Industrial,Crane Operator,8,0,720.74
North Substation,NS_MO_2025,PRJ-NS-1204,01-02-2026,C-1024,Apex Industrial,Millwright,8,0,735.82
North Substation,NS_MO_2025,PRJ-NS-1159,01-02-2026,C-1006,Apex Industrial,Field Engineer,8,0,1417.35
North Substation,NS_MO_2025,PRJ-NS-1159,01-02-2026,C-1041,Precision Welding,Millwright,8,0,699.71
North Substation,NS_MO_2025,PRJ-NS-1366,01-02-2026,C-1066,Apex Industrial,General Labor,8,0,374.96
North Substation,NS_MO_2025,PRJ-NS-1379,01-02-2026,C-1019,Midwest Mech Pros,Controls Tech,8,0,1111.43
North Substation,NS_MO_2025,PRJ-NS-1388,01-02-2026,C-1045,Midwest Mech Pros,Crane Operator,8,0,878.07
North Substation,NS_MO_2025,PRJ-NS-1369,01-02-2026,C-1008,Apex Industrial,Safety Officer,8,0,644.49
North Substation,NS_MO_2025,PRJ-NS-1390,01-02-2026,C-1062,PrimeFix Solutions,General Labor,8,0,370.94
North Substation,NS_MO_2025,PRJ-NS-1380,01-02-2026,C-1039,PrimeFix Solutions,Field Engineer,8,0,1569.56
North Substation,NS_MO_2025,PRJ-NS-1291,01-02-2026,C-1054,Midwest Mech Pros,General Labor,8,0,408.59
North Substation,NS_MO_2025,PRJ-NS-1384,01-02-2026,C-1035,Summit Field Techs,General Labor,8,0,377.76
North Substation,NS_MO_2025,PRJ-NS-1228,01-02-2026,C-1020,Midwest Mech Pros,Field Engineer,8,0,1227.08
North Substation,NS_MO_2025,PRJ-NS-1304,01-02-2026,C-1013,Atlas Heavy Eng,Safety Officer,8,0,595.83
East Peaker,EP_MO_2027,PRJ-EP-1892,01-02-2026,C-1041,Precision Welding,Millwright,8,0,650.55
East Peaker,EP_MO_2027,PRJ-EP-1900,01-02-2026,C-1077,Precision Welding,Safety Officer,8,0,532.99
East Peaker,EP_MO_2027,PRJ-EP-1913,01-02-2026,C-1006,Apex Industrial,Field Engineer,8,0,1303.19
East Peaker,EP_MO_2027,PRJ-EP-1910,01-02-2026,C-1059,PrimeFix Solutions,Field Engineer,8,0,1300.37
East Peaker,EP_MO_2027,PRJ-EP-1907,01-02-2026,C-1045,Midwest Mech Pros,Crane Operator,8,0,798.32
East Peaker,EP_MO_2027,PRJ-EP-1906,01-02-2026,C-1028,Midwest Mech Pros,Field Engineer,8,0,1488.8
North Substation,NS_MO_2025,PRJ-NS-1258,01-02-2026,C-1060,Summit Field Techs,General Labor,8,0,460.86
North Substation,NS_MO_2025,PRJ-NS-1151,01-02-2026,C-1065,PrimeFix Solutions,Safety Officer,8,0,629.11
North Substation,NS_MO_2025,PRJ-NS-1321,01-02-2026,C-1062,PrimeFix Solutions,General Labor,8,0,384.67
North Substation,NS_MO_2025,PRJ-NS-1356,01-02-2026,C-1067,PrimeFix Solutions,Millwright,8,0,762.58
North Substation,NS_MO_2025,PRJ-NS-1269,01-02-2026,C-1029,Midwest Mech Pros,Controls Tech,8,0,980.73
North Substation,NS_MO_2025,PRJ-NS-1320,01-02-2026,C-1001,Apex Industrial,General Labor,8,0,411.23
North Substation,NS_MO_2025,PRJ-NS-1226,01-02-2026,C-1018,Atlas Heavy Eng,Controls Tech,8,0,1088.93
North Substation,NS_MO_2025,PRJ-NS-1322,01-02-2026,C-1019,Midwest Mech Pros,Controls Tech,8,0,1039.86
North Substation,NS_MO_2025,PRJ-NS-1205,01-02-2026,C-1012,Midwest Mech Pros,Controls Tech,8,0,996.43
North Substation,NS_MO_2025,PRJ-NS-1186,01-02-2026,C-1058,Midwest Mech Pros,Controls Tech,8,0,1254.56
North Substation,NS_MO_2025,PRJ-NS-1194,01-02-2026,C-1046,Precision Welding,General Labor,8,0,416.52
North Substation,NS_MO_2025,PRJ-NS-1302,01-02-2026,C-1011,Midwest Mech Pros,General Labor,8,0,409.34
North Substation,NS_MO_2025,PRJ-NS-1200,01-02-2026,C-1005,Atlas Heavy Eng,Millwright,8,0,611.94
North Substation,NS_MO_2025,PRJ-NS-1263,01-02-2026,C-1037,PrimeFix Solutions,Controls Tech,8,0,1090.98
North Substation,NS_MO_2025,PRJ-NS-1334,01-02-2026,C-1010,PrimeFix Solutions,Field Engineer,8,0,1619.72
North Substation,NS_MO_2025,PRJ-NS-1259,01-02-2026,C-1043,Apex Industrial,Crane Operator,8,0,860.15
North Substation,NS_MO_2025,PRJ-NS-1361,01-02-2026,C-1073,Precision Welding,General Labor,8,0,393.15
North Substation,NS_MO_2025,PRJ-NS-1250,02-02-2026,C-1072,Apex Industrial,Crane Operator,8,0,719.16
North Substation,NS_MO_2025,PRJ-NS-1295,02-02-2026,C-1059,PrimeFix Solutions,Field Engineer,8,0,1208.35
North Substation,NS_MO_2025,PRJ-NS-1366,02-02-2026,C-1010,PrimeFix Solutions,Field Engineer,8,0,1530.54
North Substation,NS_MO_2025,PRJ-NS-1185,02-02-2026,C-1023,Summit Field Techs,Field Engineer,8,0,1530.25
North Substation,NS_MO_2025,PRJ-NS-1326,02-02-2026,C-1053,Precision Welding,Millwright,8,0,655.98
North Substation,NS_MO_2025,PRJ-NS-1350,02-02-2026,C-1079,Precision Welding,Crane Operator,8,0,727.29
North Substation,NS_MO_2025,PRJ-NS-1259,02-02-2026,C-1023,Summit Field Techs,Field Engineer,8,0,1657.87
North Substation,NS_MO_2025,PRJ-NS-1190,02-02-2026,C-1006,Apex Industrial,Field Engineer,8,0,1393.24
North Substation,NS_MO_2025,PRJ-NS-1182,02-02-2026,C-1029,Midwest Mech Pros,Controls Tech,8,0,1041.46
North Substation,NS_MO_2025,PRJ-NS-1188,02-02-2026,C-1003,Summit Field Techs,Millwright,8,0,669.1
North Substation,NS_MO_2025,PRJ-NS-1312,02-02-2026,C-1042,PrimeFix Solutions,General Labor,8,0,424.53
North Substation,NS_MO_2025,PRJ-NS-1327,02-02-2026,C-1023,Summit Field Techs,Field Engineer,8,0,1666.23
North Substation,NS_MO_2025,PRJ-NS-1207,02-02-2026,C-1006,Apex Industrial,Field Engineer,8,0,1341.68
North Substation,NS_MO_2025,PRJ-NS-1384,02-02-2026,C-1035,Summit Field Techs,General Labor,8,0,352.69
North Substation,NS_MO_2025,PRJ-NS-1181,02-02-2026,C-1039,PrimeFix Solutions,Field Engineer,8,0,1536.72
North Substation,NS_MO_2025,PRJ-NS-1346,02-02-2026,C-1006,Apex Industrial,Field Engineer,8,0,1407.49
North Substation,NS_MO_2025,PRJ-NS-1302,02-02-2026,C-1035,Summit Field Techs,General Labor,8,0,386.27
North Substation,NS_MO_2025,PRJ-NS-1203,02-02-2026,C-1006,Apex Industrial,Field Engineer,8,0,1321.42
North Substation,NS_MO_2025,PRJ-NS-1295,02-02-2026,C-1005,Atlas Heavy Eng,Millwright,8,0,598.36
North Substation,NS_MO_2025,PRJ-NS-1317,02-02-2026,C-1000,PrimeFix Solutions,Millwright,8,0,736.17
North Substation,NS_MO_2025,PRJ-NS-1356,02-02-2026,C-1039,PrimeFix Solutions,Field Engineer,8,0,1564.09
North Substation,NS_MO_2025,PRJ-NS-1205,02-02-2026,C-1012,Midwest Mech Pros,Controls Tech,8,0,1041.48
North Substation,NS_MO_2025,PRJ-NS-1394,02-02-2026,C-1029,Midwest Mech Pros,Controls Tech,8,0,989.75
North Substation,NS_MO_2025,PRJ-NS-1276,02-02-2026,C-1003,Summit Field Techs,Millwright,8,0,686.29
North Substation,NS_MO_2025,PRJ-NS-1215,02-02-2026,C-1001,Apex Industrial,General Labor,8,0,390.78
North Substation,NS_MO_2025,PRJ-NS-1291,02-02-2026,C-1054,Midwest Mech Pros,General Labor,8,0,385.42
North Substation,NS_MO_2025,PRJ-NS-1329,02-02-2026,C-1067,PrimeFix Solutions,Millwright,8,0,705.31
North Substation,NS_MO_2025,PRJ-NS-1196,02-02-2026,C-1023,Summit Field Techs,Field Engineer,8,0,1669.06
North Substation,NS_MO_2025,PRJ-NS-1288,02-02-2026,C-1077,Precision Welding,Safety Officer,8,0,583.07
North Substation,NS_MO_2025,PRJ-NS-1302,02-02-2026,C-1011,Midwest Mech Pros,General Labor,8,0,419.77
North Substation,NS_MO_2025,PRJ-NS-1206,02-02-2026,C-1026,Precision Welding,Controls Tech,8,0,1057.06
North Substation,NS_MO_2025,PRJ-NS-1393,02-02-2026,C-1000,PrimeFix Solutions,Millwright,8,0,705.56
North Substation,NS_MO_2025,PRJ-NS-1248,02-02-2026,C-1026,Precision Welding,Controls Tech,8,0,1021.43
North Substation,NS_MO_2025,PRJ-NS-1322,02-02-2026,C-1031,Summit Field Techs,Crane Operator,8,0,779.7
North Substation,NS_MO_2025,PRJ-NS-1369,02-02-2026,C-1008,Apex Industrial,Safety Officer,8,0,651.46
North Substation,NS_MO_2025,PRJ-NS-1324,02-02-2026,C-1072,Apex Industrial,Crane Operator,8,0,742.1
North Substation,NS_MO_2025,PRJ-NS-1162,02-02-2026,C-1040,Atlas Heavy Eng,Crane Operator,8,0,884.84
North Substation,NS_MO_2025,PRJ-NS-1356,02-02-2026,C-1054,Midwest Mech Pros,General Labor,8,0,407.45
North Substation,NS_MO_2025,PRJ-NS-1275,02-02-2026,C-1024,Apex Industrial,Millwright,8,0,709.8
North Substation,NS_MO_2025,PRJ-NS-1222,02-02-2026,C-1041,Precision Welding,Millwright,8,0,677.82
North Substation,NS_MO_2025,PRJ-NS-1342,02-02-2026,C-1030,Summit Field Techs,Millwright,8,0,632.72
North Substation,NS_MO_2025,PRJ-NS-1263,02-02-2026,C-1037,PrimeFix Solutions,Controls Tech,8,0,1109.37
North Substation,NS_MO_2025,PRJ-NS-1379,02-02-2026,C-1019,Midwest Mech Pros,Controls Tech,8,0,1046.58
North Substation,NS_MO_2025,PRJ-NS-1197,02-02-2026,C-1051,Apex Industrial,Crane Operator,8,0,896.15
North Substation,NS_MO_2025,PRJ-NS-1160,02-02-2026,C-1017,Summit Field Techs,Crane Operator,8,0,832.18
North Substation,NS_MO_2025,PRJ-NS-1172,02-02-2026,C-1013,Atlas Heavy Eng,Safety Officer,8,0,580.62
North Substation,NS_MO_2025,PRJ-NS-1326,02-02-2026,C-1076,Apex Industrial,Safety Officer,8,0,633.28
North Substation,NS_MO_2025,PRJ-NS-1244,02-02-2026,C-1078,Atlas Heavy Eng,Millwright,8,0,674.76
North Substation,NS_MO_2025,PRJ-NS-1160,02-02-2026,C-1021,Summit Field Techs,Millwright,8,0,702.03
North Substation,NS_MO_2025,PRJ-NS-1194,02-02-2026,C-1046,Precision Welding,General Labor,8,0,443.17
North Substation,NS_MO_2025,PRJ-NS-1226,02-02-2026,C-1018,Atlas Heavy Eng,Controls Tech,8,0,1176.27
North Substation,NS_MO_2025,PRJ-NS-1373,02-02-2026,C-1037,PrimeFix Solutions,Controls Tech,8,0,1104.79
North Substation,NS_MO_2025,PRJ-NS-1311,02-02-2026,C-1039,PrimeFix Solutions,Field Engineer,8,0,1460.46
North Substation,NS_MO_2025,PRJ-NS-1300,02-02-2026,C-1023,Summit Field Techs,Field Engineer,8,0,1544.88
North Substation,NS_MO_2025,PRJ-NS-1258,02-02-2026,C-1060,Summit Field Techs,General Labor,8,0,472.82
North Substation,NS_MO_2025,PRJ-NS-1255,02-02-2026,C-1000,PrimeFix Solutions,Millwright,8,0,731.76
North Substation,NS_MO_2025,PRJ-NS-1232,02-02-2026,C-1073,Precision Welding,General Labor,8,0,378.84
North Substation,NS_MO_2025,PRJ-NS-1204,02-02-2026,C-1024,Apex Industrial,Millwright,8,0,754.18
North Substation,NS_MO_2025,PRJ-NS-1261,02-02-2026,C-1018,Atlas Heavy Eng,Controls Tech,8,0,1189.01
North Substation,NS_MO_2025,PRJ-NS-1236,02-02-2026,C-1005,Atlas Heavy Eng,Millwright,8,0,601.16
North Substation,NS_MO_2025,PRJ-NS-1263,02-02-2026,C-1039,PrimeFix Solutions,Field Engineer,8,0,1451.7
North Substation,NS_MO_2025,PRJ-NS-1189,02-02-2026,C-1074,Apex Industrial,Controls Tech,8,0,1166.58
North Substation,NS_MO_2025,PRJ-NS-1323,02-02-2026,C-1079,Precision Welding,Crane Operator,8,0,783.75
North Substation,NS_MO_2025,PRJ-NS-1301,02-02-2026,C-1013,Atlas Heavy Eng,Safety Officer,8,0,575.29
North Substation,NS_MO_2025,PRJ-NS-1374,02-02-2026,C-1019,Midwest Mech Pros,Controls Tech,8,0,1119.18
North Substation,NS_MO_2025,PRJ-NS-1159,02-02-2026,C-1041,Precision Welding,Millwright,8,0,702.66
North Substation,NS_MO_2025,PRJ-NS-1208,02-02-2026,C-1045,Midwest Mech Pros,Crane Operator,8,0,880.44
North Substation,NS_MO_2025,PRJ-NS-1307,02-02-2026,C-1066,Apex Industrial,General Labor,8,0,392.66
North Substation,NS_MO_2025,PRJ-NS-1347,02-02-2026,C-1027,Precision Welding,Crane Operator,8,0,892.82
North Substation,NS_MO_2025,PRJ-NS-1366,02-02-2026,C-1066,Apex Industrial,General Labor,8,0,374.92
North Substation,NS_MO_2025,PRJ-NS-1258,02-02-2026,C-1015,Atlas Heavy Eng,Controls Tech,8,0,1179.94
North Substation,NS_MO_2025,PRJ-NS-1228,02-02-2026,C-1027,Precision Welding,Crane Operator,8,0,878.49
North Substation,NS_MO_2025,PRJ-NS-1332,02-02-2026,C-1052,PrimeFix Solutions,General Labor,8,0,363.28
North Substation,NS_MO_2025,PRJ-NS-1192,02-02-2026,C-1040,Atlas Heavy Eng,Crane Operator,8,0,817.41
North Substation,NS_MO_2025,PRJ-NS-1348,02-02-2026,C-1026,Precision Welding,Controls Tech,8,0,1090.79
North Substation,NS_MO_2025,PRJ-NS-1213,02-02-2026,C-1041,Precision Welding,Millwright,8,0,716.98
North Substation,NS_MO_2025,PRJ-NS-1372,02-02-2026,C-1066,Apex Industrial,General Labor,8,0,374.85
North Substation,NS_MO_2025,PRJ-NS-1190,02-02-2026,C-1021,Summit Field Techs,Millwright,8,0,661.13
North Substation,NS_MO_2025,PRJ-NS-1154,02-02-2026,C-1020,Midwest Mech Pros,Field Engineer,8,0,1246.66
North Substation,NS_MO_2025,PRJ-NS-1335,02-02-2026,C-1019,Midwest Mech Pros,Controls Tech,8,0,1070.16
North Substation,NS_MO_2025,PRJ-NS-1172,02-02-2026,C-1005,Atlas Heavy Eng,Millwright,8,0,591.23
North Substation,NS_MO_2025,PRJ-NS-1304,02-02-2026,C-1059,PrimeFix Solutions,Field Engineer,8,0,1271.47
North Substation,NS_MO_2025,PRJ-NS-1181,02-02-2026,C-1069,Precision Welding,Safety Officer,8,0,514.17
North Substation,NS_MO_2025,PRJ-NS-1352,02-02-2026,C-1060,Summit Field Techs,General Labor,8,0,461.77
North Substation,NS_MO_2025,PRJ-NS-1346,02-02-2026,C-1010,PrimeFix Solutions,Field Engineer,8,0,1640.49
Coast BaseLoad,CB_MO_2027,PRJ-CB-2531,02-02-2026,C-1030,Summit Field Techs,Millwright,8,0,667.63
Coast BaseLoad,CB_MO_2027,PRJ-CB-2517,02-02-2026,C-1065,PrimeFix Solutions,Safety Officer,8,0,690.96
Coast BaseLoad,CB_MO_2027,PRJ-CB-2526,02-02-2026,C-1066,Apex Industrial,General Labor,8,0,410.36
Coast BaseLoad,CB_MO_2027,PRJ-CB-2531,02-02-2026,C-1023,Summit Field Techs,Field Engineer,8,0,1521.61
Coast BaseLoad,CB_MO_2027,PRJ-CB-2514,02-02-2026,C-1010,PrimeFix Solutions,Field Engineer,8,0,1647.5
Coast BaseLoad,CB_MO_2027,PRJ-CB-2517,02-02-2026,C-1023,Summit Field Techs,Field Engineer,8,0,1724.22
Metro Gen CC,MG_HGP_2026,PRJ-MG-1666,02-02-2026,C-1059,PrimeFix Solutions,Field Engineer,8,0,1099.38
Metro Gen CC,MG_HGP_2026,PRJ-MG-1663,02-02-2026,C-1010,PrimeFix Solutions,Field Engineer,8,0,1678.26
Metro Gen CC,MG_HGP_2026,PRJ-MG-1663,02-02-2026,C-1039,PrimeFix Solutions,Field Engineer,8,0,1608.18
Metro Gen CC,MG_HGP_2026,PRJ-MG-1667,02-02-2026,C-1069,Precision Welding,Safety Officer,8,0,543.87
Metro Gen CC,MG_HGP_2026,PRJ-MG-1670,02-02-2026,C-1073,Precision Welding,General Labor,8,0,392.9
Metro Gen CC,MG_HGP_2026,PRJ-MG-1667,02-02-2026,C-1020,Midwest Mech Pros,Field Engineer,8,0,1113.46
North Substation,NS_MO_2025,PRJ-NS-1194,02-02-2026,C-1006,Apex Industrial,Field Engineer,8,0,1338.69
Metro Gen CC,MG_HGP_2026,PRJ-MG-1665,02-02-2026,C-1020,Midwest Mech Pros,Field Engineer,8,0,1095.07
Metro Gen CC,MG_HGP_2026,PRJ-MG-1667,02-02-2026,C-1020,Midwest Mech Pros,Field Engineer,8,0,1161.85
North Substation,NS_MO_2025,PRJ-NS-1324,02-02-2026,C-1078,Atlas Heavy Eng,Millwright,8,0,687.67
North Substation,NS_MO_2025,PRJ-NS-1198,02-02-2026,C-1043,Apex Industrial,Crane Operator,8,0,837.16
North Substation,NS_MO_2025,PRJ-NS-1393,02-02-2026,C-1003,Summit Field Techs,Millwright,8,0,672.18
North Substation,NS_MO_2025,PRJ-NS-1151,02-02-2026,C-1065,PrimeFix Solutions,Safety Officer,8,0,650.29
North Substation,NS_MO_2025,PRJ-NS-1313,02-02-2026,C-1005,Atlas Heavy Eng,Millwright,8,0,609.98
North Substation,NS_MO_2025,PRJ-NS-1356,02-02-2026,C-1067,PrimeFix Solutions,Millwright,8,0,709.39
Metro Gen CC,MG_HGP_2026,PRJ-MG-1664,02-02-2026,C-1020,Midwest Mech Pros,Field Engineer,8,0,1117.85
Metro Gen CC,MG_HGP_2026,PRJ-MG-1665,02-02-2026,C-1039,PrimeFix Solutions,Field Engineer,8,0,1580.28
Metro Gen CC,MG_HGP_2026,PRJ-MG-1663,02-02-2026,C-1065,PrimeFix Solutions,Safety Officer,8,0,601.28
Metro Gen CC,MG_HGP_2026,PRJ-MG-1666,02-02-2026,C-1006,Apex Industrial,Field Engineer,8,0,1326.01
North Substation,NS_MO_2025,PRJ-NS-1269,02-02-2026,C-1029,Midwest Mech Pros,Controls Tech,8,0,1020.5
North Substation,NS_MO_2025,PRJ-NS-1374,03-02-2026,C-1019,Midwest Mech Pros,Controls Tech,8,0,1067.04
North Substation,NS_MO_2025,PRJ-NS-1257,03-02-2026,C-1077,Precision Welding,Safety Officer,8,0,595.91
North Substation,NS_MO_2025,PRJ-NS-1176,03-02-2026,C-1029,Midwest Mech Pros,Controls Tech,8,0,969.93
North Substation,NS_MO_2025,PRJ-NS-1150,03-02-2026,C-1071,PrimeFix Solutions,Crane Operator,8,0,767.1
North Substation,NS_MO_2025,PRJ-NS-1222,03-02-2026,C-1041,Precision Welding,Millwright,8,0,696.21
North Substation,NS_MO_2025,PRJ-NS-1322,03-02-2026,C-1019,Midwest Mech Pros,Controls Tech,8,0,1092.51
North Substation,NS_MO_2025,PRJ-NS-1361,03-02-2026,C-1073,Precision Welding,General Labor,8,0,381.24
North Substation,NS_MO_2025,PRJ-NS-1291,03-02-2026,C-1054,Midwest Mech Pros,General Labor,8,0,379.2
North Substation,NS_MO_2025,PRJ-NS-1248,03-02-2026,C-1026,Precision Welding,Controls Tech,8,0,1033.35
North Substation,NS_MO_2025,PRJ-NS-1226,03-02-2026,C-1001,Apex Industrial,General Labor,8,0,415.46
North Substation,NS_MO_2025,PRJ-NS-1188,03-02-2026,C-1024,Apex Industrial,Millwright,8,0,714.01
North Substation,NS_MO_2025,PRJ-NS-1393,03-02-2026,C-1003,Summit Field Techs,Millwright,8,0,671.61
North Substation,NS_MO_2025,PRJ-NS-1332,03-02-2026,C-1052,PrimeFix Solutions,General Labor,8,0,374.6
North Substation,NS_MO_2025,PRJ-NS-1356,03-02-2026,C-1054,Midwest Mech Pros,General Labor,8,0,397.83
North Substation,NS_MO_2025,PRJ-NS-1290,03-02-2026,C-1037,PrimeFix Solutions,Controls Tech,8,0,1078.19
North Substation,NS_MO_2025,PRJ-NS-1390,03-02-2026,C-1013,Atlas Heavy Eng,Safety Officer,8,0,568.47
North Substation,NS_MO_2025,PRJ-NS-1259,03-02-2026,C-1023,Summit Field Techs,Field Engineer,8,0,1607.43
North Substation,NS_MO_2025,PRJ-NS-1181,03-02-2026,C-1078,Atlas Heavy Eng,Millwright,8,0,665.82
North Substation,NS_MO_2025,PRJ-NS-1228,03-02-2026,C-1020,Midwest Mech Pros,Field Engineer,8,0,1258.22
North Substation,NS_MO_2025,PRJ-NS-1366,03-02-2026,C-1066,Apex Industrial,General Labor,8,0,376.29
North Substation,NS_MO_2025,PRJ-NS-1286,03-02-2026,C-1067,PrimeFix Solutions,Millwright,8,0,714.92
North Substation,NS_MO_2025,PRJ-NS-1189,03-02-2026,C-1024,Apex Industrial,Millwright,8,0,737.14
North Substation,NS_MO_2025,PRJ-NS-1315,03-02-2026,C-1020,Midwest Mech Pros,Field Engineer,8,0,1220.76
North Substation,NS_MO_2025,PRJ-NS-1246,03-02-2026,C-1079,Precision Welding,Crane Operator,8,0,793.36
North Substation,NS_MO_2025,PRJ-NS-1301,03-02-2026,C-1065,PrimeFix Solutions,Safety Officer,8,0,651.93
North Substation,NS_MO_2025,PRJ-NS-1172,03-02-2026,C-1013,Atlas Heavy Eng,Safety Officer,8,0,603.5
North Substation,NS_MO_2025,PRJ-NS-1197,03-02-2026,C-1051,Apex Industrial,Crane Operator,8,0,835.66
North Substation,NS_MO_2025,PRJ-NS-1326,03-02-2026,C-1076,Apex Industrial,Safety Officer,8,0,614.7
North Substation,NS_MO_2025,PRJ-NS-1160,03-02-2026,C-1017,Summit Field Techs,Crane Operator,8,0,842.65
North Substation,NS_MO_2025,PRJ-NS-1349,03-02-2026,C-1011,Midwest Mech Pros,General Labor,8,0,421.19
North Substation,NS_MO_2025,PRJ-NS-1324,03-02-2026,C-1078,Atlas Heavy Eng,Millwright,8,0,684.87
North Substation,NS_MO_2025,PRJ-NS-1182,03-02-2026,C-1029,Midwest Mech Pros,Controls Tech,8,0,1031.69
North Substation,NS_MO_2025,PRJ-NS-1352,03-02-2026,C-1060,Summit Field Techs,General Labor,8,0,484.76
North Substation,NS_MO_2025,PRJ-NS-1181,03-02-2026,C-1069,Precision Welding,Safety Officer,8,0,512.61
North Substation,NS_MO_2025,PRJ-NS-1194,03-02-2026,C-1046,Precision Welding,General Labor,8,0,415.67
North Substation,NS_MO_2025,PRJ-NS-1159,03-02-2026,C-1006,Apex Industrial,Field Engineer,8,0,1381.06
North Substation,NS_MO_2025,PRJ-NS-1258,03-02-2026,C-1015,Atlas Heavy Eng,Controls Tech,8,0,1174.93
North Substation,NS_MO_2025,PRJ-NS-1160,03-02-2026,C-1021,Summit Field Techs,Millwright,8,0,688.3
North Substation,NS_MO_2025,PRJ-NS-1288,03-02-2026,C-1077,Precision Welding,Safety Officer,8,0,582.31
North Substation,NS_MO_2025,PRJ-NS-1384,03-02-2026,C-1035,Summit Field Techs,General Labor,8,0,364.0
North Substation,NS_MO_2025,PRJ-NS-1372,03-02-2026,C-1066,Apex Industrial,General Labor,8,0,403.65
North Substation,NS_MO_2025,PRJ-NS-1213,03-02-2026,C-1041,Precision Welding,Millwright,8,0,711.92
North Substation,NS_MO_2025,PRJ-NS-1162,03-02-2026,C-1040,Atlas Heavy Eng,Crane Operator,8,0,863.28
North Substation,NS_MO_2025,PRJ-NS-1261,03-02-2026,C-1018,Atlas Heavy Eng,Controls Tech,8,0,1100.76
North Substation,NS_MO_2025,PRJ-NS-1342,03-02-2026,C-1030,Summit Field Techs,Millwright,8,0,626.46
North Substation,NS_MO_2025,PRJ-NS-1324,03-02-2026,C-1072,Apex Industrial,Crane Operator,8,0,780.99
North Substation,NS_MO_2025,PRJ-NS-1327,03-02-2026,C-1023,Summit Field Techs,Field Engineer,8,0,1551.27
North Substation,NS_MO_2025,PRJ-NS-1315,03-02-2026,C-1062,PrimeFix Solutions,General Labor,8,0,374.02
North Substation,NS_MO_2025,PRJ-NS-1346,03-02-2026,C-1006,Apex Industrial,Field Engineer,8,0,1343.35
North Substation,NS_MO_2025,PRJ-NS-1323,03-02-2026,C-1079,Precision Welding,Crane Operator,8,0,734.87
North Substation,NS_MO_2025,PRJ-NS-1342,03-02-2026,C-1031,Summit Field Techs,Crane Operator,8,0,730.39
North Substation,NS_MO_2025,PRJ-NS-1313,03-02-2026,C-1005,Atlas Heavy Eng,Millwright,8,0,588.72
North Substation,NS_MO_2025,PRJ-NS-1276,03-02-2026,C-1003,Summit Field Techs,Millwright,8,0,711.14
North Substation,NS_MO_2025,PRJ-NS-1380,03-02-2026,C-1006,Apex Industrial,Field Engineer,8,0,1401.23
North Substation,NS_MO_2025,PRJ-NS-1226,03-02-2026,C-1023,Summit Field Techs,Field Engineer,8,0,1567.75
North Substation,NS_MO_2025,PRJ-NS-1354,03-02-2026,C-1066,Apex Industrial,General Labor,8,0,398.63
North Substation,NS_MO_2025,PRJ-NS-1393,03-02-2026,C-1037,PrimeFix Solutions,Controls Tech,8,0,1058.02
North Substation,NS_MO_2025,PRJ-NS-1263,03-02-2026,C-1039,PrimeFix Solutions,Field Engineer,8,0,1479.63
North Substation,NS_MO_2025,PRJ-NS-1369,03-02-2026,C-1008,Apex Industrial,Safety Officer,8,0,648.33
East Peaker,EP_MO_2027,PRJ-EP-1907,03-02-2026,C-1045,Midwest Mech Pros,Crane Operator,8,0,841.2
North Substation,NS_MO_2025,PRJ-NS-1311,03-02-2026,C-1039,PrimeFix Solutions,Field Engineer,8,0,1470.49
Rural Gen BaseLoad,RG_HGP_2026,PRJ-RG-2968,03-02-2026,C-1039,PrimeFix Solutions,Field Engineer,8,0,1517.52
Rural Gen BaseLoad,RG_HGP_2026,PRJ-RG-2968,03-02-2026,C-1020,Midwest Mech Pros,Field Engineer,8,0,1210.32
Rural Gen BaseLoad,RG_HGP_2026,PRJ-RG-2964,03-02-2026,C-1039,PrimeFix Solutions,Field Engineer,8,0,1517.52
Rural Gen BaseLoad,RG_HGP_2026,PRJ-RG-2966,03-02-2026,C-1059,PrimeFix Solutions,Field Engineer,8,0,1220.0
West Valley Peaker,WV_HGP_2026,PRJ-WV-2338,03-02-2026,C-1059,PrimeFix Solutions,Field Engineer,8,0,1220.0
West Valley Peaker,WV_HGP_2026,PRJ-WV-2345,03-02-2026,C-1059,PrimeFix Solutions,Field Engineer,8,0,1220.0
Rural Gen BaseLoad,RG_HGP_2026,PRJ-RG-2965,03-02-2026,C-1039,PrimeFix Solutions,Field Engineer,8,0,1517.52
Metro Gen CC,MG_HGP_2026,PRJ-MG-1667,03-02-2026,C-1069,Precision Welding,Safety Officer,8,0,522.24
East Peaker,EP_MO_2027,PRJ-EP-1910,03-02-2026,C-1059,PrimeFix Solutions,Field Engineer,8,0,1220.0
East Peaker,EP_MO_2027,PRJ-EP-1913,03-02-2026,C-1006,Apex Industrial,Field Engineer,8,0,1368.24
East Peaker,EP_MO_2027,PRJ-EP-1900,03-02-2026,C-1077,Precision Welding,Safety Officer,8,0,570.72
East Peaker,EP_MO_2027,PRJ-EP-1892,03-02-2026,C-1041,Precision Welding,Millwright,8,0,711.76
Coast BaseLoad,CB_MO_2027,PRJ-CB-2531,03-02-2026,C-1023,Summit Field Techs,Field Engineer,8,0,1597.12
Coast BaseLoad,CB_MO_2027,PRJ-CB-2514,03-02-2026,C-1010,PrimeFix Solutions,Field Engineer,8,0,1591.52
Coast BaseLoad,CB_MO_2027,PRJ-CB-2517,03-02-2026,C-1065,PrimeFix Solutions,Safety Officer,8,0,658.88
Coast BaseLoad,CB_MO_2027,PRJ-CB-2517,03-02-2026,C-1023,Summit Field Techs,Field Engineer,8,0,1597.12
Coast BaseLoad,CB_MO_2027,PRJ-CB-2531,03-02-2026,C-1030,Summit Field Techs,Millwright,8,0,631.68
Metro Gen CC,MG_HGP_2026,PRJ-MG-1666,03-02-2026,C-1059,PrimeFix Solutions,Field Engineer,8,0,1220.0
Metro Gen CC,MG_HGP_2026,PRJ-MG-1663,03-02-2026,C-1010,PrimeFix Solutions,Field Engineer,8,0,1591.52
Metro Gen CC,MG_HGP_2026,PRJ-MG-1663,03-02-2026,C-1039,PrimeFix Solutions,Field Engineer,8,0,1517.52
Metro Gen CC,MG_HGP_2026,PRJ-MG-1670,03-02-2026,C-1073,Precision Welding,General Labor,8,0,377.6
Rural Gen BaseLoad,RG_HGP_2026,PRJ-RG-2969,03-02-2026,C-1017,Summit Field Techs,Crane Operator,8,0,851.6
West Valley Peaker,WV_HGP_2026,PRJ-WV-2330,03-02-2026,C-1028,Midwest Mech Pros,Field Engineer,8,0,1471.76
Rural Gen BaseLoad,RG_HGP_2026,PRJ-RG-2965,03-02-2026,C-1006,Apex Industrial,Field Engineer,8,0,1368.24
Rural Gen BaseLoad,RG_HGP_2026,PRJ-RG-2969,03-02-2026,C-1059,PrimeFix Solutions,Field Engineer,8,0,1220.0
West Valley Peaker,WV_HGP_2026,PRJ-WV-2332,03-02-2026,C-1006,Apex Industrial,Field Engineer,8,0,1368.24
West Valley Peaker,WV_HGP_2026,PRJ-WV-2332,03-02-2026,C-1020,Midwest Mech Pros,Field Engineer,8,0,1210.32
West Valley Peaker,WV_HGP_2026,PRJ-WV-2345,03-02-2026,C-1059,PrimeFix Solutions,Field Engineer,8,0,1220.0
West Valley Peaker,WV_HGP_2026,PRJ-WV-2339,03-02-2026,C-1028,Midwest Mech Pros,Field Engineer,8,0,1471.76
West Valley Peaker,WV_HGP_2026,PRJ-WV-2338,03-02-2026,C-1010,PrimeFix Solutions,Field Engineer,8,0,1591.52
West Valley Peaker,WV_HGP_2026,PRJ-WV-2330,03-02-2026,C-1059,PrimeFix Solutions,Field Engineer,8,0,1220.0
West Valley Peaker,WV_HGP_2026,PRJ-WV-2338,03-02-2026,C-1028,Midwest Mech Pros,Field Engineer,8,0,1471.76
West Valley Peaker,WV_HGP_2026,PRJ-WV-2332,03-02-2026,C-1039,PrimeFix Solutions,Field Engineer,8,0,1517.52
West Valley Peaker,WV_HGP_2026,PRJ-WV-2339,03-02-2026,C-1006,Apex Industrial,Field Engineer,8,0,1368.24
West Valley Peaker,WV_HGP_2026,PRJ-WV-2332,03-02-2026,C-1023,Summit Field Techs,Field Engineer,8,0,1597.12
West Valley Peaker,WV_HGP_2026,PRJ-WV-2326,03-02-2026,C-1023,Summit Field Techs,Field Engineer,8,0,1597.12
West Valley Peaker,WV_HGP_2026,PRJ-WV-2326,03-02-2026,C-1010,PrimeFix Solutions,Field Engineer,8,0,1591.52
West Valley Peaker,WV_HGP_2026,PRJ-WV-2345,03-02-2026,C-1059,PrimeFix Solutions,Field Engineer,8,0,1220.0
West Valley Peaker,WV_HGP_2026,PRJ-WV-2338,03-02-2026,C-1006,Apex Industrial,Field Engineer,8,0,1368.24
West Valley Peaker,WV_HGP_2026,PRJ-WV-2338,03-02-2026,C-1010,PrimeFix Solutions,Field Engineer,8,0,1591.52
West Valley Peaker,WV_HGP_2026,PRJ-WV-2339,03-02-2026,C-1039,PrimeFix Solutions,Field Engineer,8,0,1517.52
Rural Gen BaseLoad,RG_HGP_2026,PRJ-RG-2971,03-02-2026,C-1010,PrimeFix Solutions,Field Engineer,8,0,1591.52
Rural Gen BaseLoad,RG_HGP_2026,PRJ-RG-2966,03-02-2026,C-1029,Midwest Mech Pros,Controls Tech,8,0,1013.12
Rural Gen BaseLoad,RG_HGP_2026,PRJ-RG-2964,03-02-2026,C-1028,Midwest Mech Pros,Field Engineer,8,0,1471.76
Rural Gen BaseLoad,RG_HGP_2026,PRJ-RG-2964,03-02-2026,C-1010,PrimeFix Solutions,Field Engineer,8,0,1591.52
Rural Gen BaseLoad,RG_HGP_2026,PRJ-RG-2969,03-02-2026,C-1051,Apex Industrial,Crane Operator,8,0,854.56
Rural Gen BaseLoad,RG_HGP_2026,PRJ-RG-2971,03-02-2026,C-1024,Apex Industrial,Millwright,8,0,744.88
East Peaker,EP_MO_2027,PRJ-EP-1906,03-02-2026,C-1028,Midwest Mech Pros,Field Engineer,8,0,1471.76
Metro Gen CC,MG_HGP_2026,PRJ-MG-1667,03-02-2026,C-1020,Midwest Mech Pros,Field Engineer,8,0,1210.32
Metro Gen CC,MG_HGP_2026,PRJ-MG-1666,03-02-2026,C-1006,Apex Industrial,Field Engineer,8,0,1368.24
Rural Gen BaseLoad,RG_HGP_2026,PRJ-RG-2965,03-02-2026,C-1023,Summit Field Techs,Field Engineer,8,0,1597.12
Rural Gen BaseLoad,RG_HGP_2026,PRJ-RG-2969,03-02-2026,C-1028,Midwest Mech Pros,Field Engineer,8,0,1471.76
Rural Gen BaseLoad,RG_HGP_2026,PRJ-RG-2968,03-02-2026,C-1020,Midwest Mech Pros,Field Engineer,8,0,1210.32
Rural Gen BaseLoad,RG_HGP_2026,PRJ-RG-2965,03-02-2026,C-1010,PrimeFix Solutions,Field Engineer,8,0,1591.52
Rural Gen BaseLoad,RG_HGP_2026,PRJ-RG-2968,03-02-2026,C-1008,Apex Industrial,Safety Officer,8,0,677.52
Rural Gen BaseLoad,RG_HGP_2026,PRJ-RG-2968,03-02-2026,C-1020,Midwest Mech Pros,Field Engineer,8,0,1210.32
Rural Gen BaseLoad,RG_HGP_2026,PRJ-RG-2966,03-02-2026,C-1059,PrimeFix Solutions,Field Engineer,8,0,1220.0
Rural Gen BaseLoad,RG_HGP_2026,PRJ-RG-2971,03-02-2026,C-1023,Summit Field Techs,Field Engineer,8,0,1597.12
Rural Gen BaseLoad,RG_HGP_2026,PRJ-RG-2969,03-02-2026,C-1023,Summit Field Techs,Field Engineer,8,0,1597.12
South Gen Unit 1,SG_F_EDF_2026,PRJ-SG-1452,03-02-2026,C-1028,Midwest Mech Pros,Field Engineer,8,0,1471.76
South Gen Unit 1,SG_F_EDF_2026,PRJ-SG-1440,03-02-2026,C-1023,Summit Field Techs,Field Engineer,8,0,1597.12
Rural Gen BaseLoad,RG_HGP_2026,PRJ-RG-2965,03-02-2026,C-1006,Apex Industrial,Field Engineer,8,0,1368.24
South Gen Unit 1,SG_F_EDF_2026,PRJ-SG-1434,03-02-2026,C-1008,Apex Industrial,Safety Officer,8,0,677.52
South Gen Unit 1,SG_F_EDF_2026,PRJ-SG-1440,03-02-2026,C-1020,Midwest Mech Pros,Field Engineer,8,0,1210.32
South Gen Unit 1,SG_F_EDF_2026,PRJ-SG-1453,03-02-2026,C-1047,Atlas Heavy Eng,Millwright,8,0,611.04
South Gen Unit 1,SG_F_EDF_2026,PRJ-SG-1440,03-02-2026,C-1078,Atlas Heavy Eng,Millwright,8,0,695.44
South Gen Unit 1,SG_F_EDF_2026,PRJ-SG-1454,03-02-2026,C-1015,Atlas Heavy Eng,Controls Tech,8,0,1228.08
Rural Gen BaseLoad,RG_HGP_2026,PRJ-RG-2970,03-02-2026,C-1058,Midwest Mech Pros,Controls Tech,8,0,1272.96
Rural Gen BaseLoad,RG_HGP_2026,PRJ-RG-2967,03-02-2026,C-1034,Atlas Heavy Eng,Safety Officer,8,0,574.16
Rural Gen BaseLoad,RG_HGP_2026,PRJ-RG-2965,03-02-2026,C-1008,Apex Industrial,Safety Officer,8,0,677.52
Rural Gen BaseLoad,RG_HGP_2026,PRJ-RG-2968,03-02-2026,C-1023,Summit Field Techs,Field Engineer,8,0,1597.12
Rural Gen BaseLoad,RG_HGP_2026,PRJ-RG-2971,03-02-2026,C-1020,Midwest Mech Pros,Field Engineer,8,0,1210.32
Metro Gen CC,MG_HGP_2026,PRJ-MG-1667,03-02-2026,C-1020,Midwest Mech Pros,Field Engineer,8,0,1210.32
Rural Gen BaseLoad,RG_HGP_2026,PRJ-RG-2970,03-02-2026,C-1003,Summit Field Techs,Millwright,8,0,682.24
Rural Gen BaseLoad,RG_HGP_2026,PRJ-RG-2965,03-02-2026,C-1028,Midwest Mech Pros,Field Engineer,8,0,1471.76
Metro Gen CC,MG_HGP_2026,PRJ-MG-1665,03-02-2026,C-1020,Midwest Mech Pros,Field Engineer,8,0,1210.32
Metro Gen CC,MG_HGP_2026,PRJ-MG-1664,03-02-2026,C-1020,Midwest Mech Pros,Field Engineer,8,0,1210.32
Metro Gen CC,MG_HGP_2026,PRJ-MG-1663,03-02-2026,C-1065,PrimeFix Solutions,Safety Officer,8,0,658.88
Metro Gen CC,MG_HGP_2026,PRJ-MG-1665,03-02-2026,C-1039,PrimeFix Solutions,Field Engineer,8,0,1517.52
West Valley Peaker,WV_HGP_2026,PRJ-WV-2326,03-02-2026,C-1059,PrimeFix Solutions,Field Engineer,8,0,1220.0
West Valley Peaker,WV_HGP_2026,PRJ-WV-2338,03-02-2026,C-1006,Apex Industrial,Field Engineer,8,0,1368.24
West Valley Peaker,WV_HGP_2026,PRJ-WV-2332,03-02-2026,C-1010,PrimeFix Solutions,Field Engineer,8,0,1591.52
West Valley Peaker,WV_HGP_2026,PRJ-WV-2338,03-02-2026,C-1023,Summit Field Techs,Field Engineer,8,0,1597.12
West Valley Peaker,WV_HGP_2026,PRJ-WV-2332,03-02-2026,C-1010,PrimeFix Solutions,Field Engineer,8,0,1591.52
West Valley Peaker,WV_HGP_2026,PRJ-WV-2339,03-02-2026,C-1023,Summit Field Techs,Field Engineer,8,0,1597.12
Rural Gen BaseLoad,RG_HGP_2026,PRJ-RG-2971,03-02-2026,C-1028,Midwest Mech Pros,Field Engineer,8,0,1471.76
Coast BaseLoad,CB_MO_2027,PRJ-CB-2526,03-02-2026,C-1066,Apex Industrial,General Labor,8,0,388.4
Rural Gen BaseLoad,RG_HGP_2026,PRJ-RG-2969,03-02-2026,C-1059,PrimeFix Solutions,Field Engineer,8,0,1220.0
South Gen Unit 1,SG_F_EDF_2026,PRJ-SG-1432,03-02-2026,C-1046,Precision Welding,General Labor,8,0,427.84
South Gen Unit 1,SG_F_EDF_2026,PRJ-SG-1449,03-02-2026,C-1017,Summit Field Techs,Crane Operator,8,0,851.6
Rural Gen BaseLoad,RG_HGP_2026,PRJ-RG-2967,03-02-2026,C-1039,PrimeFix Solutions,Field Engineer,8,0,1517.52
South Gen Unit 1,SG_F_EDF_2026,PRJ-SG-1429,03-02-2026,C-1039,PrimeFix Solutions,Field Engineer,8,0,1517.52
South Gen Unit 1,SG_F_EDF_2026,PRJ-SG-1432,03-02-2026,C-1079,Precision Welding,Crane Operator,8,0,761.44
Rural Gen BaseLoad,RG_HGP_2026,PRJ-RG-2968,03-02-2026,C-1028,Midwest Mech Pros,Field Engineer,8,0,1471.76
Rural Gen BaseLoad,RG_HGP_2026,PRJ-RG-2970,03-02-2026,C-1020,Midwest Mech Pros,Field Engineer,8,0,1210.32
South Gen Unit 1,SG_F_EDF_2026,PRJ-SG-1445,03-02-2026,C-1060,Summit Field Techs,General Labor,8,0,466.48
Rural Gen BaseLoad,RG_HGP_2026,PRJ-RG-2966,03-02-2026,C-1051,Apex Industrial,Crane Operator,8,0,854.56
North Substation,NS_MO_2025,PRJ-NS-1295,03-02-2026,C-1059,PrimeFix Solutions,Field Engineer,8,0,1238.52
