OutageUID,Site Name,Project ID,Description,Asset,Sub-System,Status,Tollgate,Start Date,End Date,Budget,Actual Cost,Contractor,Project Manager,TollgateLateFlag
NS_MO_2025,North Substation,PRJ-NS-1000,T-24: Invoice Reconciliation,Project Management,Financial & Controls,Completed,T-24,02-12-2023,27-12-2023,67757.59,65440.76,Mistras Group,William Carter,FALSE
NS_MO_2025,North Substation,PRJ-NS-1001,T-24: Invoice Reconciliation,Project Management,Financial & Controls,Completed,T-24,02-12-2023,27-12-2023,60519.14,56993.37,EthosEnergy,William Carter,FALSE
NS_MO_2025,North Substation,PRJ-NS-1002,T-24: Daily Safety Audit,Safety & Compliance,EHS,Completed,T-24,02-12-2023,27-12-2023,53233.59,50219.29,GE Vernova,William Carter,FALSE
NS_MO_2025,North Substation,PRJ-NS-1003,T-24: Scope Freeze Meeting,Project Management,Supply Chain,Completed,T-24,02-12-2023,27-12-2023,53734.5,57242.38,Siemens Energy,William Carter,FALSE
NS_MO_2025,North Substation,PRJ-NS-1004,T-24: Print Tags,Safety & Compliance,LOTO,Completed,T-24,02-12-2023,27-12-2023,60471.41,59638.84,United Rentals,William Carter,FALSE
NS_MO_2025,North Substation,PRJ-NS-1005,T-24: Environmental Permit Review,Project Management,Regulatory,Completed,T-24,02-12-2023,27-12-2023,60434,55951.14,BrandSafway,William Carter,FALSE
NS_MO_2025,North Substation,PRJ-NS-1006,T-24: Confined Space Drills,Safety & Compliance,EHS,Completed,T-24,02-12-2023,27-12-2023,57232.62,65271.77,BrandSafway,William Carter,FALSE
NS_MO_2025,North Substation,PRJ-NS-1007,T-24: Confined Space Drills,Safety & Compliance,EHS,Completed,T-24,02-12-2023,27-12-2023,65120.4,67964.26,Siemens Energy,William Carter,FALSE
NS_MO_2025,North Substation,PRJ-NS-1008,T-24: Air Monitoring Setup,Safety & Compliance,EHS,Completed,T-24,02-12-2023,27-12-2023,46410.17,45298.41,BrandSafway,William Carter,FALSE
NS_MO_2025,North Substation,PRJ-NS-1009,T-24: Air Monitoring Setup,Safety & Compliance,EHS,Completed,T-24,02-12-2023,27-12-2023,63543.94,68570.17,United Rentals,William Carter,FALSE
NS_MO_2025,North Substation,PRJ-NS-1010,T-24: Grid Outage Bid,Project Management,Regulatory,Completed,T-24,02-12-2023,27-12-2023,60367.11,68519.09,EthosEnergy,William Carter,FALSE
NS_MO_2025,North Substation,PRJ-NS-1011,T-24: Contractor Orientation,Project Management,Supply Chain,Completed,T-24,02-12-2023,27-12-2023,62161.52,70679.94,GE Vernova,William Carter,FALSE
NS_MO_2025,North Substation,PRJ-NS-1012,T-24: Budget Approval,Project Management,Financial & Controls,Completed,T-24,02-12-2023,27-12-2023,49456.1,49208.44,United Rentals,William Carter,FALSE
NS_MO_2025,North Substation,PRJ-NS-1013,T-24: Submit CapEx Request,Project Management,Financial & Controls,Completed,T-24,02-12-2023,27-12-2023,48621.67,51371.64,GE Vernova,William Carter,FALSE
NS_MO_2025,North Substation,PRJ-NS-1014,T-24: Verify Zero Energy,Safety & Compliance,LOTO,Completed,T-24,02-12-2023,27-12-2023,54684.66,53390.2,Siemens Energy,William Carter,FALSE
NS_MO_2025,North Substation,PRJ-NS-1015,T-24: Daily Safety Audit,Safety & Compliance,EHS,Completed,T-24,02-12-2023,27-12-2023,58544.16,55792.86,EthosEnergy,William Carter,FALSE
NS_MO_2025,North Substation,PRJ-NS-1016,T-24: Verify Zero Energy,Safety & Compliance,LOTO,Completed,T-24,02-12-2023,27-12-2023,50125.65,54298.96,United Rentals,William Carter,FALSE
NS_MO_2025,North Substation,PRJ-NS-1017,T-24: Invoice Reconciliation,Project Management,Financial & Controls,Completed,T-24,02-12-2023,27-12-2023,47072.61,44395.89,Siemens Energy,William Carter,FALSE
NS_MO_2025,North Substation,PRJ-NS-1018,T-24: Contractor Orientation,Project Management,Supply Chain,Completed,T-24,02-12-2023,27-12-2023,66850.24,72513.66,Local Union 55,William Carter,FALSE
NS_MO_2025,North Substation,PRJ-NS-1019,T-24: Budget Approval,Project Management,Financial & Controls,Completed,T-24,02-12-2023,27-12-2023,51124.74,47684.29,Mistras Group,William Carter,FALSE
NS_MO_2025,North Substation,PRJ-NS-1020,T-24: Verify Zero Energy,Safety & Compliance,LOTO,Completed,T-24,02-12-2023,27-12-2023,55398.55,56108.95,United Rentals,William Carter,FALSE
NS_MO_2025,North Substation,PRJ-NS-1021,Manage PO: HGP Hardware,Project Management,Supply Chain,Completed,T-18,09-06-2024,04-07-2024,15000,14199.9,OEM / Supply Chain,William Carter,FALSE
NS_MO_2025,North Substation,PRJ-NS-1022,Manage PO: Combustion Parts,Project Management,Supply Chain,Completed,T-18,09-06-2024,04-07-2024,15000,15532.7,OEM / Supply Chain,William Carter,FALSE
NS_MO_2025,North Substation,PRJ-NS-1023,Manage PO: ST Valve Parts,Project Management,Supply Chain,Completed,T-18,09-06-2024,04-07-2024,15000,15599.68,OEM / Supply Chain,William Carter,FALSE
NS_MO_2025,North Substation,PRJ-NS-1024,Manage PO: LSB Consumables,Project Management,Supply Chain,In Progress,T-18,09-06-2024,24-02-2026,15000,14131.99,OEM / Supply Chain,William Carter,TRUE
NS_MO_2025,North Substation,PRJ-NS-1025,Manage PO: Catalyst Replacement,Project Management,Supply Chain,Completed,T-18,09-06-2024,04-07-2024,15000,15625.75,OEM / Supply Chain,William Carter,FALSE
NS_MO_2025,North Substation,PRJ-NS-1026,Material: Tube Panel Sections,HRSG,Pressure Parts,Completed,T-18,09-06-2024,04-07-2024,1785000,1723318.05,OEM / Supply Chain,William Carter,FALSE
NS_MO_2025,North Substation,PRJ-NS-1027,Manage PO: Generator Kits,Project Management,Supply Chain,In Progress,T-18,09-06-2024,06-03-2026,15000,14839.25,OEM / Supply Chain,William Carter,TRUE
NS_MO_2025,North Substation,PRJ-NS-1028,T-18: Invoice Reconciliation,Project Management,Financial & Controls,Completed,T-18,09-06-2024,04-07-2024,74237.1,68495.58,Siemens Energy,William Carter,FALSE
NS_MO_2025,North Substation,PRJ-NS-1029,T-18: Chemical Safety Review,Safety & Compliance,EHS,Completed,T-18,09-06-2024,04-07-2024,82063.2,87002.35,Local Union 55,William Carter,FALSE
NS_MO_2025,North Substation,PRJ-NS-1030,T-18: Mobilization,Project Management,Supply Chain,Completed,T-18,09-06-2024,04-07-2024,65386.06,61434.41,EthosEnergy,William Carter,FALSE
NS_MO_2025,North Substation,PRJ-NS-1031,T-18: Daily Safety Audit,Safety & Compliance,EHS,Completed,T-18,09-06-2024,04-07-2024,64468.16,71277.84,Mistras Group,William Carter,FALSE
NS_MO_2025,North Substation,PRJ-NS-1032,T-18: Contractor Orientation,Project Management,Supply Chain,Completed,T-18,09-06-2024,04-07-2024,66019.43,64540.42,United Rentals,William Carter,FALSE
NS_MO_2025,North Substation,PRJ-NS-1033,T-18: Develop Cost Estimate,Project Management,Financial & Controls,Completed,T-18,09-06-2024,04-07-2024,92432.92,91021.24,Siemens Energy,William Carter,FALSE
NS_MO_2025,North Substation,PRJ-NS-1034,T-18: RFP General Contractor,Project Management,Supply Chain,Completed,T-18,09-06-2024,04-07-2024,72257.29,66245.69,Local Union 55,William Carter,FALSE
NS_MO_2025,North Substation,PRJ-NS-1035,T-18: Verify Zero Energy,Safety & Compliance,LOTO,Completed,T-18,09-06-2024,04-07-2024,90380.6,84334.14,EthosEnergy,William Carter,FALSE
NS_MO_2025,North Substation,PRJ-NS-1036,T-18: Grid Outage Bid,Project Management,Regulatory,In Progress,T-18,09-06-2024,14-02-2026,76763.47,79645.5,Siemens Energy,William Carter,TRUE
NS_MO_2025,North Substation,PRJ-NS-1037,T-18: Mobilization,Project Management,Supply Chain,Completed,T-18,09-06-2024,04-07-2024,87329.49,93612.26,BrandSafway,William Carter,FALSE
NS_MO_2025,North Substation,PRJ-NS-1038,T-18: Walkdown Isolations,Safety & Compliance,LOTO,In Progress,T-18,09-06-2024,09-03-2026,81291.61,85354.12,EthosEnergy,William Carter,TRUE
NS_MO_2025,North Substation,PRJ-NS-1039,T-18: Walkdown Isolations,Safety & Compliance,LOTO,Completed,T-18,09-06-2024,04-07-2024,65710.96,68050.4,BrandSafway,William Carter,FALSE
NS_MO_2025,North Substation,PRJ-NS-1040,T-18: Master LOTO List,Safety & Compliance,LOTO,Completed,T-18,09-06-2024,04-07-2024,67643.97,68575.24,United Rentals,William Carter,FALSE
NS_MO_2025,North Substation,PRJ-NS-1041,T-18: Submit CapEx Request,Project Management,Financial & Controls,Completed,T-18,09-06-2024,04-07-2024,89915.85,95609.73,BrandSafway,William Carter,FALSE
NS_MO_2025,North Substation,PRJ-NS-1042,Material: Stage 1 Buckets & Nozzles,Gas Turbine,Hot Gas Path,Completed,T-12,01-12-2024,26-12-2024,4760000,4306692.18,OEM / Supply Chain,William Carter,FALSE
NS_MO_2025,North Substation,PRJ-NS-1043,Material: Main Steam Valve Kit,Steam Turbine,HP/IP Section,In Progress,T-12,01-12-2024,17-02-2026,1785000,1855077.52,OEM / Supply Chain,William Carter,TRUE
NS_MO_2025,North Substation,PRJ-NS-1044,Material: CO/SCR Catalyst Blocks,HRSG,Gas Path,Completed,T-12,01-12-2024,26-12-2024,4760000,4545608.41,OEM / Supply Chain,William Carter,FALSE
NS_MO_2025,North Substation,PRJ-NS-1045,T-12: Scope Freeze Meeting,Project Management,Supply Chain,Completed,T-12,01-12-2024,26-12-2024,79708.37,88546.61,Local Union 55,William Carter,FALSE
NS_MO_2025,North Substation,PRJ-NS-1046,T-12: Air Monitoring Setup,Safety & Compliance,EHS,In Progress,T-12,01-12-2024,15-02-2026,94143.99,90101.04,GE Vernova,William Carter,TRUE
NS_MO_2025,North Substation,PRJ-NS-1047,T-12: Mobilization,Project Management,Supply Chain,Completed,T-12,01-12-2024,26-12-2024,109829.11,112091.08,GE Vernova,William Carter,FALSE
NS_MO_2025,North Substation,PRJ-NS-1048,T-12: Contractor Orientation,Project Management,Supply Chain,Completed,T-12,01-12-2024,26-12-2024,107070.9,117872.4,Siemens Energy,William Carter,FALSE
NS_MO_2025,North Substation,PRJ-NS-1049,T-12: Chemical Safety Review,Safety & Compliance,EHS,In Progress,T-12,01-12-2024,08-03-2026,86990.81,83745.31,Local Union 55,William Carter,TRUE
NS_MO_2025,North Substation,PRJ-NS-1050,T-12: Chemical Safety Review,Safety & Compliance,EHS,Completed,T-12,01-12-2024,26-12-2024,109311.18,123165.26,Mistras Group,William Carter,FALSE
NS_MO_2025,North Substation,PRJ-NS-1051,T-12: Invoice Reconciliation,Project Management,Financial & Controls,In Progress,T-12,01-12-2024,03-03-2026,79121.72,81416.11,United Rentals,William Carter,TRUE
NS_MO_2025,North Substation,PRJ-NS-1052,T-12: Air Monitoring Setup,Safety & Compliance,EHS,Completed,T-12,01-12-2024,26-12-2024,85296.2,97522.38,Mistras Group,William Carter,FALSE
NS_MO_2025,North Substation,PRJ-NS-1053,T-12: Walkdown Isolations,Safety & Compliance,LOTO,Completed,T-12,01-12-2024,26-12-2024,105057.9,95296.84,United Rentals,William Carter,FALSE
NS_MO_2025,North Substation,PRJ-NS-1054,T-12: Scope Freeze Meeting,Project Management,Supply Chain,Completed,T-12,01-12-2024,26-12-2024,91609.86,92135.74,GE Vernova,William Carter,FALSE
NS_MO_2025,North Substation,PRJ-NS-1055,T-12: Daily Safety Audit,Safety & Compliance,EHS,Completed,T-12,01-12-2024,26-12-2024,88626.46,97481.79,GE Vernova,William Carter,FALSE
NS_MO_2025,North Substation,PRJ-NS-1056,T-12: Print Tags,Safety & Compliance,LOTO,Completed,T-12,01-12-2024,26-12-2024,99184.73,92974.83,Siemens Energy,William Carter,FALSE
NS_MO_2025,North Substation,PRJ-NS-1057,T-12: Grid Outage Bid,Project Management,Regulatory,Completed,T-12,01-12-2024,26-12-2024,98195.66,89803.9,Siemens Energy,William Carter,FALSE
NS_MO_2025,North Substation,PRJ-NS-1058,T-12: Scope Freeze Meeting,Project Management,Supply Chain,Completed,T-12,01-12-2024,26-12-2024,82105.75,92659.78,Local Union 55,William Carter,FALSE
NS_MO_2025,North Substation,PRJ-NS-1059,T-12: Daily Safety Audit,Safety & Compliance,EHS,Completed,T-12,01-12-2024,26-12-2024,80728.97,78178.55,GE Vernova,William Carter,FALSE
NS_MO_2025,North Substation,PRJ-NS-1060,T-12: Develop Cost Estimate,Project Management,Financial & Controls,Completed,T-12,01-12-2024,26-12-2024,96773.52,87806.87,Mistras Group,William Carter,FALSE
NS_MO_2025,North Substation,PRJ-NS-1061,T-12: Contractor Orientation,Project Management,Supply Chain,In Progress,T-12,01-12-2024,21-02-2026,92825.33,99095.81,GE Vernova,William Carter,TRUE
NS_MO_2025,North Substation,PRJ-NS-1062,T-12: Master LOTO List,Safety & Compliance,LOTO,Completed,T-12,01-12-2024,26-12-2024,97608.55,103403.96,Siemens Energy,William Carter,FALSE
NS_MO_2025,North Substation,PRJ-NS-1063,T-12: Grid Outage Bid,Project Management,Regulatory,In Progress,T-12,01-12-2024,04-03-2026,83424.91,81009.68,EthosEnergy,William Carter,TRUE
NS_MO_2025,North Substation,PRJ-NS-1064,T-12: HazWaste Permit,Project Management,Regulatory,Completed,T-12,01-12-2024,26-12-2024,95987.63,96431.04,United Rentals,William Carter,FALSE
NS_MO_2025,North Substation,PRJ-NS-1065,T-12: Develop Cost Estimate,Project Management,Financial & Controls,In Progress,T-12,01-12-2024,27-02-2026,108883.7,101910.49,GE Vernova,William Carter,TRUE
NS_MO_2025,North Substation,PRJ-NS-1066,T-12: Air Monitoring Setup,Safety & Compliance,EHS,Completed,T-12,01-12-2024,26-12-2024,78624.83,89521.55,Local Union 55,William Carter,FALSE
NS_MO_2025,North Substation,PRJ-NS-1067,T-12: Print Tags,Safety & Compliance,LOTO,Completed,T-12,01-12-2024,26-12-2024,94353.96,87411.02,Local Union 55,William Carter,FALSE
NS_MO_2025,North Substation,PRJ-NS-1068,T-12: Master LOTO List,Safety & Compliance,LOTO,Completed,T-12,01-12-2024,26-12-2024,97229.06,103213.9,EthosEnergy,William Carter,FALSE
NS_MO_2025,North Substation,PRJ-NS-1069,T-12: RFP General Contractor,Project Management,Supply Chain,Completed,T-12,01-12-2024,26-12-2024,82359.62,89574.43,United Rentals,William Carter,FALSE
NS_MO_2025,North Substation,PRJ-NS-1070,T-12: Print Tags,Safety & Compliance,LOTO,In Progress,T-12,01-12-2024,01-03-2026,73800.73,76365.34,Siemens Energy,William Carter,TRUE
NS_MO_2025,North Substation,PRJ-NS-1071,T-12: Environmental Permit Review,Project Management,Regulatory,Completed,T-12,01-12-2024,26-12-2024,90563.6,103766.22,Siemens Energy,William Carter,FALSE
NS_MO_2025,North Substation,PRJ-NS-1072,T-12: Submit CapEx Request,Project Management,Financial & Controls,Completed,T-12,01-12-2024,26-12-2024,99227.57,110794.73,BrandSafway,William Carter,FALSE
NS_MO_2025,North Substation,PRJ-NS-1073,T-12: Master LOTO List,Safety & Compliance,LOTO,Completed,T-12,01-12-2024,26-12-2024,94891.95,86613.99,Mistras Group,William Carter,FALSE
NS_MO_2025,North Substation,PRJ-NS-1074,T-12: Submit CapEx Request,Project Management,Financial & Controls,In Progress,T-12,01-12-2024,11-03-2026,96424.98,95905.6,Local Union 55,William Carter,TRUE
NS_MO_2025,North Substation,PRJ-NS-1075,T-12: Master LOTO List,Safety & Compliance,LOTO,Completed,T-12,01-12-2024,26-12-2024,91491.47,101400.73,Siemens Energy,William Carter,FALSE
NS_MO_2025,North Substation,PRJ-NS-1076,T-12: Invoice Reconciliation,Project Management,Financial & Controls,Completed,T-12,01-12-2024,26-12-2024,92629.02,100315.91,Mistras Group,William Carter,FALSE
NS_MO_2025,North Substation,PRJ-NS-1077,T-12: Scope Freeze Meeting,Project Management,Supply Chain,In Progress,T-12,01-12-2024,18-02-2026,91530.55,97249.61,EthosEnergy,William Carter,TRUE
NS_MO_2025,North Substation,PRJ-NS-1078,T-12: Budget Approval,Project Management,Financial & Controls,Completed,T-12,01-12-2024,26-12-2024,92872.19,100251.54,Local Union 55,William Carter,FALSE
NS_MO_2025,North Substation,PRJ-NS-1079,T-12: Confined Space Drills,Safety & Compliance,EHS,Completed,T-12,01-12-2024,26-12-2024,79559.23,77341.95,Local Union 55,William Carter,FALSE
NS_MO_2025,North Substation,PRJ-NS-1080,T-12: Air Monitoring Setup,Safety & Compliance,EHS,Completed,T-12,01-12-2024,26-12-2024,107121.44,114570.98,Siemens Energy,William Carter,FALSE
NS_MO_2025,North Substation,PRJ-NS-1081,T-12: Mobilization,Project Management,Supply Chain,Completed,T-12,01-12-2024,26-12-2024,107796.61,121854.21,United Rentals,William Carter,FALSE
NS_MO_2025,North Substation,PRJ-NS-1082,T-12: Air Monitoring Setup,Safety & Compliance,EHS,In Progress,T-12,01-12-2024,22-02-2026,76426.87,79281.26,BrandSafway,William Carter,TRUE
NS_MO_2025,North Substation,PRJ-NS-1083,T-12: RFP General Contractor,Project Management,Supply Chain,Completed,T-12,01-12-2024,26-12-2024,86502.03,90574.65,GE Vernova,William Carter,FALSE
NS_MO_2025,North Substation,PRJ-NS-1084,Material: Fuel Nozzle Set (Refurbished),Gas Turbine,Combustion,Completed,T-6,04-06-2025,29-06-2025,1785000,1903391.65,OEM / Supply Chain,William Carter,FALSE
NS_MO_2025,North Substation,PRJ-NS-1085,Manage PO: Filter Media,Project Management,Supply Chain,Completed,T-6,04-06-2025,29-06-2025,15000,15130.34,OEM / Supply Chain,William Carter,FALSE
NS_MO_2025,North Substation,PRJ-NS-1086,Material: LSB Erosion Shields,Steam Turbine,LP Section,Completed,T-6,04-06-2025,29-06-2025,297500,308637.98,OEM / Supply Chain,William Carter,FALSE
NS_MO_2025,North Substation,PRJ-NS-1087,Manage PO: Pressure Parts,Project Management,Supply Chain,Completed,T-6,04-06-2025,29-06-2025,15000,13661.49,OEM / Supply Chain,William Carter,FALSE
NS_MO_2025,North Substation,PRJ-NS-1088,Material: Stator Wedge Kit,Generator,Stator,Completed,T-6,04-06-2025,29-06-2025,297500,274340.16,OEM / Supply Chain,William Carter,FALSE
NS_MO_2025,North Substation,PRJ-NS-1089,Manage PO: Exciter Parts,Project Management,Supply Chain,Completed,T-6,04-06-2025,29-06-2025,15000,17048.83,OEM / Supply Chain,William Carter,FALSE
NS_MO_2025,North Substation,PRJ-NS-1090,T-6: Inst Air Comp Service,Balance of Plant,Auxiliary,Completed,T-6,04-06-2025,29-06-2025,135904.83,128347.46,GE Vernova,William Carter,FALSE
NS_MO_2025,North Substation,PRJ-NS-1091,T-6: Circ Water Pump Rebuild,Balance of Plant,Cooling Water,Completed,T-6,04-06-2025,29-06-2025,135947.28,132380.14,Siemens Energy,William Carter,FALSE
NS_MO_2025,North Substation,PRJ-NS-1092,T-6: Shroud Block Replace,Gas Turbine,Turbine Section,Completed,T-6,04-06-2025,29-06-2025,173929.46,185878.16,Mistras Group,William Carter,FALSE
NS_MO_2025,North Substation,PRJ-NS-1093,T-6: Shroud Block Replace,Gas Turbine,Turbine Section,Completed,T-6,04-06-2025,29-06-2025,183834.57,193555.36,Local Union 55,William Carter,FALSE
NS_MO_2025,North Substation,PRJ-NS-1094,T-6: LP Hood Spray Check,Steam Turbine,LP,Completed,T-6,04-06-2025,29-06-2025,147913.35,157793.22,United Rentals,William Carter,FALSE
NS_MO_2025,North Substation,PRJ-NS-1095,T-6: EL CID Testing,Generator,Stator,Completed,T-6,04-06-2025,29-06-2025,180522.97,174444.57,GE Vernova,William Carter,FALSE
NS_MO_2025,North Substation,PRJ-NS-1096,T-6: Shroud Block Replace,Gas Turbine,Turbine Section,Completed,T-6,04-06-2025,29-06-2025,163457.35,175559.73,EthosEnergy,William Carter,FALSE
NS_MO_2025,North Substation,PRJ-NS-1097,T-6: Walkdown Isolations,Safety & Compliance,LOTO,Completed,T-6,04-06-2025,29-06-2025,167839.64,164105.68,GE Vernova,William Carter,FALSE
NS_MO_2025,North Substation,PRJ-NS-1098,T-6: Circ Water Pump Rebuild,Balance of Plant,Cooling Water,Completed,T-6,04-06-2025,29-06-2025,175642.98,167014.04,BrandSafway,William Carter,FALSE
NS_MO_2025,North Substation,PRJ-NS-1099,T-6: LP Hood Spray Check,Steam Turbine,LP,Completed,T-6,04-06-2025,29-06-2025,128958.43,134123.79,EthosEnergy,William Carter,FALSE
NS_MO_2025,North Substation,PRJ-NS-1100,T-6: HazWaste Permit,Project Management,Regulatory,Completed,T-6,04-06-2025,29-06-2025,169583.53,185475.24,EthosEnergy,William Carter,FALSE
NS_MO_2025,North Substation,PRJ-NS-1101,T-6: HP Shell Removal,Steam Turbine,HP/IP,Completed,T-6,04-06-2025,29-06-2025,154997.67,153868.59,EthosEnergy,William Carter,FALSE
NS_MO_2025,North Substation,PRJ-NS-1102,T-6: Condenser Cleaning,Balance of Plant,Cooling Water,Completed,T-6,04-06-2025,29-06-2025,170496.91,160681.45,BrandSafway,William Carter,FALSE
NS_MO_2025,North Substation,PRJ-NS-1103,T-6: Inlet Duct Repair,HRSG,Gas Path,Completed,T-6,04-06-2025,29-06-2025,163700.05,186286.9,BrandSafway,William Carter,FALSE
NS_MO_2025,North Substation,PRJ-NS-1104,T-6: Fuel Nozzle Swap,Gas Turbine,Combustion,Completed,T-6,04-06-2025,29-06-2025,155712.54,163970.74,Mistras Group,William Carter,FALSE
NS_MO_2025,North Substation,PRJ-NS-1105,Material: Inlet Filter Elements,Gas Turbine,Inlet & Compressor,Completed,T-3,02-09-2025,27-09-2025,297500,332226.98,OEM / Supply Chain,William Carter,FALSE
NS_MO_2025,North Substation,PRJ-NS-1106,T-3: Control Valve Lapping,Steam Turbine,HP/IP,Completed,T-3,02-09-2025,27-09-2025,43261,45983.64,Mistras Group,William Carter,FALSE
NS_MO_2025,North Substation,PRJ-NS-1107,T-3: Mobilization,Project Management,Supply Chain,Completed,T-3,02-09-2025,27-09-2025,47693.32,45466.61,Siemens Energy,William Carter,FALSE
NS_MO_2025,North Substation,PRJ-NS-1108,T-3: Cooling Tower Media Replace,Balance of Plant,Cooling Water,Completed,T-3,02-09-2025,27-09-2025,50708.66,55613.83,BrandSafway,William Carter,FALSE
NS_MO_2025,North Substation,PRJ-NS-1109,T-3: Grid Outage Bid,Project Management,Regulatory,Completed,T-3,02-09-2025,27-09-2025,41282.37,42954.85,United Rentals,William Carter,FALSE
NS_MO_2025,North Substation,PRJ-NS-1110,T-3: HP Evap Thickness,HRSG,Pressure Parts,Completed,T-3,02-09-2025,27-09-2025,35908.88,40963.02,EthosEnergy,William Carter,FALSE
NS_MO_2025,North Substation,PRJ-NS-1111,T-3: Air Monitoring Setup,Safety & Compliance,EHS,Completed,T-3,02-09-2025,27-09-2025,36241.59,40702.87,EthosEnergy,William Carter,FALSE
NS_MO_2025,North Substation,PRJ-NS-1112,T-3: LSB Erosion Check,Steam Turbine,LP,Completed,T-3,02-09-2025,27-09-2025,39154.73,38979.67,Local Union 55,William Carter,FALSE
NS_MO_2025,North Substation,PRJ-NS-1113,T-3: Environmental Permit Review,Project Management,Regulatory,Completed,T-3,02-09-2025,27-09-2025,40415.9,42406.84,GE Vernova,William Carter,FALSE
NS_MO_2025,North Substation,PRJ-NS-1114,T-3: Master LOTO List,Safety & Compliance,LOTO,Completed,T-3,02-09-2025,27-09-2025,52990.72,55788.76,Mistras Group,William Carter,FALSE
NS_MO_2025,North Substation,PRJ-NS-1115,T-3: Compressor Borescope,Gas Turbine,Inlet & Compressor,Completed,T-3,02-09-2025,27-09-2025,37248.55,41752.49,GE Vernova,William Carter,FALSE
NS_MO_2025,North Substation,PRJ-NS-1116,T-3: LSB Erosion Check,Steam Turbine,LP,Completed,T-3,02-09-2025,27-09-2025,49372.15,46728.82,United Rentals,William Carter,FALSE
NS_MO_2025,North Substation,PRJ-NS-1117,T-3: Fuel Nozzle Swap,Gas Turbine,Combustion,Completed,T-3,02-09-2025,27-09-2025,40268.21,43709.07,Local Union 55,William Carter,FALSE
NS_MO_2025,North Substation,PRJ-NS-1118,T-3: LSB Erosion Check,Steam Turbine,LP,Completed,T-3,02-09-2025,27-09-2025,43256.92,39071.99,United Rentals,William Carter,FALSE
NS_MO_2025,North Substation,PRJ-NS-1119,T-3: Compressor Borescope,Gas Turbine,Inlet & Compressor,Completed,T-3,02-09-2025,27-09-2025,49575.71,46497.24,GE Vernova,William Carter,FALSE
NS_MO_2025,North Substation,PRJ-NS-1120,T-3: Compressor Wash,Gas Turbine,Inlet & Compressor,Completed,T-3,02-09-2025,27-09-2025,47968.41,50762.73,Mistras Group,William Carter,FALSE
NS_MO_2025,North Substation,PRJ-NS-1121,T-3: Develop Cost Estimate,Project Management,Financial & Controls,Completed,T-3,02-09-2025,27-09-2025,42134.95,45001.48,GE Vernova,William Carter,FALSE
NS_MO_2025,North Substation,PRJ-NS-1122,T-3: Ammonia Grid Tuning,HRSG,Gas Path,Completed,T-3,02-09-2025,27-09-2025,37703.79,33943.78,GE Vernova,William Carter,FALSE
NS_MO_2025,North Substation,PRJ-NS-1123,T-3: HP Evap Thickness,HRSG,Pressure Parts,Completed,T-3,02-09-2025,27-09-2025,48025.74,52272.57,United Rentals,William Carter,FALSE
NS_MO_2025,North Substation,PRJ-NS-1124,T-3: Walkdown Isolations,Safety & Compliance,LOTO,Completed,T-3,02-09-2025,27-09-2025,37430.12,42958.96,United Rentals,William Carter,FALSE
NS_MO_2025,North Substation,PRJ-NS-1125,T-3: Diaphragm Cleaning,Steam Turbine,HP/IP,Completed,T-3,02-09-2025,27-09-2025,53024.36,48352.35,EthosEnergy,William Carter,FALSE
NS_MO_2025,North Substation,PRJ-NS-1126,T-1: Compressor Wash,Gas Turbine,Inlet & Compressor,Completed,T-1,01-11-2025,26-11-2025,71420.23,65542.99,BrandSafway,William Carter,FALSE
NS_MO_2025,North Substation,PRJ-NS-1127,T-1: Inst Air Comp Service,Balance of Plant,Auxiliary,Completed,T-1,01-11-2025,26-11-2025,82839.34,91274.06,Mistras Group,William Carter,FALSE
NS_MO_2025,North Substation,PRJ-NS-1128,T-1: Inlet Duct Repair,HRSG,Gas Path,Completed,T-1,01-11-2025,26-11-2025,93208.23,100255.95,GE Vernova,William Carter,FALSE
NS_MO_2025,North Substation,PRJ-NS-1129,T-1: Master LOTO List,Safety & Compliance,LOTO,Completed,T-1,01-11-2025,26-11-2025,78097.02,88694.19,GE Vernova,William Carter,FALSE
NS_MO_2025,North Substation,PRJ-NS-1130,T-1: Inlet Duct Repair,HRSG,Gas Path,Completed,T-1,01-11-2025,26-11-2025,91103.5,94880.22,Siemens Energy,William Carter,FALSE
NS_MO_2025,North Substation,PRJ-NS-1131,T-1: Stack Damper Calibration,HRSG,Gas Path,Completed,T-1,01-11-2025,26-11-2025,68561.33,66459.28,GE Vernova,William Carter,FALSE
NS_MO_2025,North Substation,PRJ-NS-1132,T-1: Brush Rigging Check,Generator,Exciter,Completed,T-1,01-11-2025,26-11-2025,84066.96,87370.86,Siemens Energy,William Carter,FALSE
NS_MO_2025,North Substation,PRJ-NS-1133,T-1: Ammonia Grid Tuning,HRSG,Gas Path,Completed,T-1,01-11-2025,26-11-2025,86488.48,94709.37,Local Union 55,William Carter,FALSE
NS_MO_2025,North Substation,PRJ-NS-1134,T-1: Verify Zero Energy,Safety & Compliance,LOTO,Completed,T-1,01-11-2025,26-11-2025,81594.91,86243.01,Siemens Energy,William Carter,FALSE
NS_MO_2025,North Substation,PRJ-NS-1135,T-1: Cross-Fire Tube Check,Gas Turbine,Combustion,Completed,T-1,01-11-2025,26-11-2025,99740.26,97351.47,United Rentals,William Carter,FALSE
NS_MO_2025,North Substation,PRJ-NS-1136,T-1: EL CID Testing,Generator,Stator,Completed,T-1,01-11-2025,26-11-2025,93174.79,88244.79,Mistras Group,William Carter,FALSE
NS_MO_2025,North Substation,PRJ-NS-1137,T-1: Brush Rigging Check,Generator,Exciter,Completed,T-1,01-11-2025,26-11-2025,96026.79,89796.43,Local Union 55,William Carter,FALSE
NS_MO_2025,North Substation,PRJ-NS-1138,T-1: Contractor Orientation,Project Management,Supply Chain,Completed,T-1,01-11-2025,26-11-2025,91115.59,104154.86,EthosEnergy,William Carter,FALSE
NS_MO_2025,North Substation,PRJ-NS-1139,T-1: Stack Damper Calibration,HRSG,Gas Path,Completed,T-1,01-11-2025,26-11-2025,69660.92,76981.14,Local Union 55,William Carter,FALSE
NS_MO_2025,North Substation,PRJ-NS-1140,T-1: Wedge Tightness Check,Generator,Stator,Completed,T-1,01-11-2025,26-11-2025,70990.08,71030.62,Local Union 55,William Carter,FALSE
NS_MO_2025,North Substation,PRJ-NS-1141,T-1: Verify Zero Energy,Safety & Compliance,LOTO,Completed,T-1,01-11-2025,26-11-2025,80621.82,73598.29,GE Vernova,William Carter,FALSE
NS_MO_2025,North Substation,PRJ-NS-1142,T-1: Superheater Oxide Check,HRSG,Pressure Parts,Completed,T-1,01-11-2025,26-11-2025,96506.14,96206.55,Siemens Energy,William Carter,FALSE
NS_MO_2025,North Substation,PRJ-NS-1143,T-1: Compressor Borescope,Gas Turbine,Inlet & Compressor,Completed,T-1,01-11-2025,26-11-2025,93407,85582.68,Mistras Group,William Carter,FALSE
NS_MO_2025,North Substation,PRJ-NS-1144,T-1: Ammonia Grid Tuning,HRSG,Gas Path,Completed,T-1,01-11-2025,26-11-2025,79467.92,89890.74,United Rentals,William Carter,FALSE
NS_MO_2025,North Substation,PRJ-NS-1145,T-1: Journal Bearing Inspect,Steam Turbine,LP,Completed,T-1,01-11-2025,26-11-2025,94343.88,102459.18,EthosEnergy,William Carter,FALSE
NS_MO_2025,North Substation,PRJ-NS-1146,T-1: Invoice Reconciliation,Project Management,Financial & Controls,Completed,T-1,01-11-2025,26-11-2025,78687.59,72170.01,United Rentals,William Carter,FALSE
NS_MO_2025,North Substation,PRJ-NS-1147,Material: Diode Wheel Components,Generator,Exciter,In Progress,Execution,01-12-2025,01-03-2026,297500,238558.41,OEM / Supply Chain,William Carter,FALSE
NS_MO_2025,North Substation,PRJ-NS-1148,Execution: Drum Internal Inspect,HRSG,Pressure Parts,In Progress,Execution,01-12-2025,01-03-2026,112584.18,92571.85,Local Union 55,William Carter,FALSE
NS_MO_2025,North Substation,PRJ-NS-1149,Execution: Circ Water Pump Rebuild,Balance of Plant,Cooling Water,In Progress,Execution,01-12-2025,01-03-2026,102591.95,77596.3,GE Vernova,William Carter,FALSE
NS_MO_2025,North Substation,PRJ-NS-1150,Execution: Rotor Inspection,Gas Turbine,Turbine Section,In Progress,Execution,01-12-2025,01-03-2026,129834.17,96315.6,EthosEnergy,William Carter,FALSE
NS_MO_2025,North Substation,PRJ-NS-1151,Execution: Transition Piece Inspect,Gas Turbine,Combustion,In Progress,Execution,01-12-2025,01-03-2026,118491.61,97721.94,Local Union 55,William Carter,FALSE
NS_MO_2025,North Substation,PRJ-NS-1152,Execution: HazWaste Permit,Project Management,Regulatory,In Progress,Execution,01-12-2025,01-03-2026,97971.43,81997.05,United Rentals,William Carter,FALSE
NS_MO_2025,North Substation,PRJ-NS-1153,Execution: Environmental Permit Review,Project Management,Regulatory,In Progress,Execution,01-12-2025,01-03-2026,129430.16,98235.76,BrandSafway,William Carter,FALSE
NS_MO_2025,North Substation,PRJ-NS-1154,Execution: Cross-Fire Tube Check,Gas Turbine,Combustion,In Progress,Execution,01-12-2025,01-03-2026,132244.28,101894.44,BrandSafway,William Carter,FALSE
NS_MO_2025,North Substation,PRJ-NS-1155,Execution: Circ Water Pump Rebuild,Balance of Plant,Cooling Water,In Progress,Execution,01-12-2025,01-03-2026,104748.95,83927.29,Local Union 55,William Carter,FALSE
NS_MO_2025,North Substation,PRJ-NS-1156,Execution: Stop Valve Inspection,Steam Turbine,HP/IP,In Progress,Execution,01-12-2025,01-03-2026,105302.57,89633.56,Local Union 55,William Carter,FALSE
NS_MO_2025,North Substation,PRJ-NS-1157,EMERGENT: IGV Bushing Replace - Repair,Gas Turbine,Inlet & Compressor,In Progress,Execution,01-12-2025,01-03-2026,119181.14,91145.82,Mistras Group,William Carter,FALSE
NS_MO_2025,North Substation,PRJ-NS-1158,Execution: Catalyst Loading,HRSG,Gas Path,In Progress,Execution,01-12-2025,01-03-2026,125882.94,104457.64,GE Vernova,William Carter,FALSE
NS_MO_2025,North Substation,PRJ-NS-1159,Execution: Shroud Block Replace,Gas Turbine,Turbine Section,In Progress,Execution,01-12-2025,01-03-2026,106320.84,86117.78,GE Vernova,William Carter,FALSE
NS_MO_2025,North Substation,PRJ-NS-1160,Execution: Catalyst Loading,HRSG,Gas Path,In Progress,Execution,01-12-2025,01-03-2026,132360.73,109348.35,Mistras Group,William Carter,FALSE
NS_MO_2025,North Substation,PRJ-NS-1161,Execution: Air Monitoring Setup,Safety & Compliance,EHS,In Progress,Execution,01-12-2025,01-03-2026,96492.21,82235.79,Mistras Group,William Carter,FALSE
NS_MO_2025,North Substation,PRJ-NS-1162,Execution: Transition Piece Inspect,Gas Turbine,Combustion,In Progress,Execution,01-12-2025,01-03-2026,120679.53,98503.12,United Rentals,William Carter,FALSE
NS_MO_2025,North Substation,PRJ-NS-1163,Execution: Scope Freeze Meeting,Project Management,Supply Chain,In Progress,Execution,01-12-2025,01-03-2026,103469.35,84016.2,Local Union 55,William Carter,FALSE
NS_MO_2025,North Substation,PRJ-NS-1164,Execution: Walkdown Isolations,Safety & Compliance,LOTO,In Progress,Execution,01-12-2025,01-03-2026,116355.42,97612.2,Local Union 55,William Carter,FALSE
NS_MO_2025,North Substation,PRJ-NS-1165,Execution: Ammonia Grid Tuning,HRSG,Gas Path,In Progress,Execution,01-12-2025,01-03-2026,122172.49,95180.79,BrandSafway,William Carter,FALSE
NS_MO_2025,North Substation,PRJ-NS-1166,EMERGENT: Budget Approval - Repair,Project Management,Financial & Controls,In Progress,Execution,01-12-2025,01-03-2026,92793.39,75147.3,GE Vernova,William Carter,FALSE
NS_MO_2025,North Substation,PRJ-NS-1167,Execution: IGV Bushing Replace,Gas Turbine,Inlet & Compressor,In Progress,Execution,01-12-2025,01-03-2026,113442.69,85430.91,EthosEnergy,William Carter,FALSE
NS_MO_2025,North Substation,PRJ-NS-1168,Execution: HazWaste Permit,Project Management,Regulatory,In Progress,Execution,01-12-2025,01-03-2026,125180.39,95176.04,United Rentals,William Carter,FALSE
NS_MO_2025,North Substation,PRJ-NS-1169,Execution: Wedge Tightness Check,Generator,Stator,In Progress,Execution,01-12-2025,01-03-2026,124752.59,98489.54,Mistras Group,William Carter,FALSE
NS_MO_2025,North Substation,PRJ-NS-1170,Execution: Daily Safety Audit,Safety & Compliance,EHS,In Progress,Execution,01-12-2025,01-03-2026,99797.91,74000.41,Siemens Energy,William Carter,FALSE
NS_MO_2025,North Substation,PRJ-NS-1171,Execution: Environmental Permit Review,Project Management,Regulatory,In Progress,Execution,01-12-2025,01-03-2026,94000.13,78512.61,Siemens Energy,William Carter,FALSE
NS_MO_2025,North Substation,PRJ-NS-1172,Execution: Budget Approval,Project Management,Financial & Controls,In Progress,Execution,01-12-2025,01-03-2026,99720.25,74209.69,Mistras Group,William Carter,FALSE
NS_MO_2025,North Substation,PRJ-NS-1173,Execution: Exciter Air Cooler Clean,Generator,Exciter,In Progress,Execution,01-12-2025,01-03-2026,135975.83,115724.12,United Rentals,William Carter,FALSE
NS_MO_2025,North Substation,PRJ-NS-1174,Execution: Catalyst Loading,HRSG,Gas Path,In Progress,Execution,01-12-2025,01-03-2026,130061,110947.81,Mistras Group,William Carter,FALSE
NS_MO_2025,North Substation,PRJ-NS-1175,Execution: RFP General Contractor,Project Management,Supply Chain,In Progress,Execution,01-12-2025,01-03-2026,117002.28,96582.85,GE Vernova,William Carter,FALSE
NS_MO_2025,North Substation,PRJ-NS-1176,Execution: Confined Space Drills,Safety & Compliance,EHS,In Progress,Execution,01-12-2025,01-03-2026,135915.01,101546.35,GE Vernova,William Carter,FALSE
NS_MO_2025,North Substation,PRJ-NS-1177,EMERGENT: Master LOTO List - Repair,Safety & Compliance,LOTO,In Progress,Execution,01-12-2025,01-03-2026,132612.01,111994.72,Local Union 55,William Carter,FALSE
NS_MO_2025,North Substation,PRJ-NS-1178,Execution: Switchgear Testing,Balance of Plant,Electrical,In Progress,Execution,01-12-2025,01-03-2026,134881.22,101975.28,Mistras Group,William Carter,FALSE
NS_MO_2025,North Substation,PRJ-NS-1179,Execution: Switchgear Testing,Balance of Plant,Electrical,In Progress,Execution,01-12-2025,01-03-2026,100674.2,74754.67,Siemens Energy,William Carter,FALSE
NS_MO_2025,North Substation,PRJ-NS-1180,Execution: Compressor Wash,Gas Turbine,Inlet & Compressor,In Progress,Execution,01-12-2025,01-03-2026,93969.69,79388.72,BrandSafway,William Carter,FALSE
NS_MO_2025,North Substation,PRJ-NS-1181,EMERGENT: Combustion Chamber Open - Repair,Gas Turbine,Combustion,In Progress,Execution,01-12-2025,01-03-2026,134419.11,112081.4,Siemens Energy,William Carter,FALSE
NS_MO_2025,North Substation,PRJ-NS-1182,Execution: Scope Freeze Meeting,Project Management,Supply Chain,In Progress,Execution,01-12-2025,01-03-2026,129050.95,101042.43,EthosEnergy,William Carter,FALSE
NS_MO_2025,North Substation,PRJ-NS-1183,Execution: Grid Outage Bid,Project Management,Regulatory,In Progress,Execution,01-12-2025,01-03-2026,136884.06,115075.84,Mistras Group,William Carter,FALSE
NS_MO_2025,North Substation,PRJ-NS-1184,EMERGENT: Compressor Borescope - Repair,Gas Turbine,Inlet & Compressor,In Progress,Execution,01-12-2025,01-03-2026,96801.95,77944.77,Local Union 55,William Carter,FALSE
NS_MO_2025,North Substation,PRJ-NS-1185,Execution: Switchgear Testing,Balance of Plant,Electrical,In Progress,Execution,01-12-2025,01-03-2026,119808.37,90871.8,Siemens Energy,William Carter,FALSE
NS_MO_2025,North Substation,PRJ-NS-1186,Execution: Cross-Fire Tube Check,Gas Turbine,Combustion,In Progress,Execution,01-12-2025,01-03-2026,99698.8,83043.99,Mistras Group,William Carter,FALSE
NS_MO_2025,North Substation,PRJ-NS-1187,EMERGENT: Condenser Cleaning - Repair,Balance of Plant,Cooling Water,In Progress,Execution,01-12-2025,01-03-2026,93206.96,79627.23,BrandSafway,William Carter,FALSE
NS_MO_2025,North Substation,PRJ-NS-1188,Execution: Circ Water Pump Rebuild,Balance of Plant,Cooling Water,In Progress,Execution,01-12-2025,01-03-2026,95347.2,79840.18,Siemens Energy,William Carter,FALSE
NS_MO_2025,North Substation,PRJ-NS-1189,EMERGENT: Turbine Shell Lift - Repair,Gas Turbine,Turbine Section,In Progress,Execution,01-12-2025,01-03-2026,101461.26,85436.28,GE Vernova,William Carter,FALSE
NS_MO_2025,North Substation,PRJ-NS-1190,EMERGENT: Mobilization - Repair,Project Management,Supply Chain,In Progress,Execution,01-12-2025,01-03-2026,120135.25,100069.89,Mistras Group,William Carter,FALSE
NS_MO_2025,North Substation,PRJ-NS-1191,Execution: Superheater Oxide Check,HRSG,Pressure Parts,In Progress,Execution,01-12-2025,01-03-2026,121684.85,100924.56,Siemens Energy,William Carter,FALSE
NS_MO_2025,North Substation,PRJ-NS-1192,EMERGENT: Drum Internal Inspect - Repair,HRSG,Pressure Parts,In Progress,Execution,01-12-2025,01-03-2026,113338.95,92061.22,Mistras Group,William Carter,FALSE
NS_MO_2025,North Substation,PRJ-NS-1193,Execution: Control Valve Lapping,Steam Turbine,HP/IP,In Progress,Execution,01-12-2025,01-03-2026,136853.09,113008.42,BrandSafway,William Carter,FALSE
NS_MO_2025,North Substation,PRJ-NS-1194,Execution: Scope Freeze Meeting,Project Management,Supply Chain,In Progress,Execution,01-12-2025,01-03-2026,102644.66,81307.23,EthosEnergy,William Carter,FALSE
NS_MO_2025,North Substation,PRJ-NS-1195,Execution: GSU Oil Analysis,Balance of Plant,Electrical,In Progress,Execution,01-12-2025,01-03-2026,97825.9,77209.27,United Rentals,William Carter,FALSE
NS_MO_2025,North Substation,PRJ-NS-1196,Execution: Inlet Filter Inspection,Gas Turbine,Inlet & Compressor,In Progress,Execution,01-12-2025,01-03-2026,102304.5,75802.89,Mistras Group,William Carter,FALSE
NS_MO_2025,North Substation,PRJ-NS-1197,Execution: Transition Piece Inspect,Gas Turbine,Combustion,In Progress,Execution,01-12-2025,01-03-2026,107286.31,86044.52,United Rentals,William Carter,FALSE
NS_MO_2025,North Substation,PRJ-NS-1198,Execution: Superheater Oxide Check,HRSG,Pressure Parts,In Progress,Execution,01-12-2025,01-03-2026,137185.15,111689.71,GE Vernova,William Carter,FALSE
NS_MO_2025,North Substation,PRJ-NS-1199,Execution: Chemical Safety Review,Safety & Compliance,EHS,In Progress,Execution,01-12-2025,01-03-2026,121213.29,102686.58,United Rentals,William Carter,FALSE
NS_MO_2025,North Substation,PRJ-NS-1200,EMERGENT: Ammonia Grid Tuning - Repair,HRSG,Gas Path,In Progress,Execution,01-12-2025,01-03-2026,124529.4,100744.06,BrandSafway,William Carter,FALSE
NS_MO_2025,North Substation,PRJ-NS-1201,Execution: Drum Internal Inspect,HRSG,Pressure Parts,In Progress,Execution,01-12-2025,01-03-2026,108240.5,89542.42,EthosEnergy,William Carter,FALSE
NS_MO_2025,North Substation,PRJ-NS-1202,Execution: Daily Safety Audit,Safety & Compliance,EHS,In Progress,Execution,01-12-2025,01-03-2026,105855.03,84124.55,GE Vernova,William Carter,FALSE
NS_MO_2025,North Substation,PRJ-NS-1203,Execution: Inlet Filter Inspection,Gas Turbine,Inlet & Compressor,In Progress,Execution,01-12-2025,01-03-2026,100177.71,74611.61,Siemens Energy,William Carter,FALSE
NS_MO_2025,North Substation,PRJ-NS-1204,Execution: Stack Damper Calibration,HRSG,Gas Path,In Progress,Execution,01-12-2025,01-03-2026,122951.63,92925.07,EthosEnergy,William Carter,FALSE
NS_MO_2025,North Substation,PRJ-NS-1205,Execution: Compressor Borescope,Gas Turbine,Inlet & Compressor,In Progress,Execution,01-12-2025,01-03-2026,109318.28,83155.92,Siemens Energy,William Carter,FALSE
NS_MO_2025,North Substation,PRJ-NS-1206,Execution: Battery Bank Test,Balance of Plant,Electrical,In Progress,Execution,01-12-2025,01-03-2026,123006.29,105149.21,GE Vernova,William Carter,FALSE
NS_MO_2025,North Substation,PRJ-NS-1207,Execution: Verify Zero Energy,Safety & Compliance,LOTO,In Progress,Execution,01-12-2025,01-03-2026,110055.4,81906.42,BrandSafway,William Carter,FALSE
NS_MO_2025,North Substation,PRJ-NS-1208,Execution: HP Evap Thickness,HRSG,Pressure Parts,In Progress,Execution,01-12-2025,01-03-2026,104846.22,82398.39,United Rentals,William Carter,FALSE
NS_MO_2025,North Substation,PRJ-NS-1209,Execution: Shroud Block Replace,Gas Turbine,Turbine Section,In Progress,Execution,01-12-2025,01-03-2026,117393.31,92900.83,EthosEnergy,William Carter,FALSE
NS_MO_2025,North Substation,PRJ-NS-1210,Execution: IGV Bushing Replace,Gas Turbine,Inlet & Compressor,In Progress,Execution,01-12-2025,01-03-2026,97417.95,76273.42,Mistras Group,William Carter,FALSE
NS_MO_2025,North Substation,PRJ-NS-1211,Execution: HP Evap Thickness,HRSG,Pressure Parts,In Progress,Execution,01-12-2025,01-03-2026,115038.86,92389.64,Local Union 55,William Carter,FALSE
NS_MO_2025,North Substation,PRJ-NS-1212,Execution: Demin Plant Service,Balance of Plant,Auxiliary,In Progress,Execution,01-12-2025,01-03-2026,131795.33,106928.01,Mistras Group,William Carter,FALSE
NS_MO_2025,North Substation,PRJ-NS-1213,Execution: EL CID Testing,Generator,Stator,In Progress,Execution,01-12-2025,01-03-2026,123872.72,97539.16,BrandSafway,William Carter,FALSE
NS_MO_2025,North Substation,PRJ-NS-1214,Execution: Drum Internal Inspect,HRSG,Pressure Parts,In Progress,Execution,01-12-2025,01-03-2026,99855.29,77271.63,Mistras Group,William Carter,FALSE
NS_MO_2025,North Substation,PRJ-NS-1215,Execution: Grid Outage Bid,Project Management,Regulatory,In Progress,Execution,01-12-2025,01-03-2026,126873.83,93922.88,United Rentals,William Carter,FALSE
NS_MO_2025,North Substation,PRJ-NS-1216,Execution: Rotor Inspection,Gas Turbine,Turbine Section,In Progress,Execution,01-12-2025,01-03-2026,99828.21,77744.12,Siemens Energy,William Carter,FALSE
NS_MO_2025,North Substation,PRJ-NS-1217,Execution: Daily Safety Audit,Safety & Compliance,EHS,In Progress,Execution,01-12-2025,01-03-2026,139055.04,104317.77,Mistras Group,William Carter,FALSE
NS_MO_2025,North Substation,PRJ-NS-1218,Execution: Exciter Air Cooler Clean,Generator,Exciter,In Progress,Execution,01-12-2025,01-03-2026,119234.93,99742.82,BrandSafway,William Carter,FALSE
NS_MO_2025,North Substation,PRJ-NS-1219,Execution: Stack Damper Calibration,HRSG,Gas Path,In Progress,Execution,01-12-2025,01-03-2026,92876.15,71733.61,BrandSafway,William Carter,FALSE
NS_MO_2025,North Substation,PRJ-NS-1220,Execution: Inlet Duct Repair,HRSG,Gas Path,In Progress,Execution,01-12-2025,01-03-2026,106518.35,84506.81,United Rentals,William Carter,FALSE
NS_MO_2025,North Substation,PRJ-NS-1221,Execution: Inlet Duct Repair,HRSG,Gas Path,In Progress,Execution,01-12-2025,01-03-2026,112935.92,87302.78,BrandSafway,William Carter,FALSE
NS_MO_2025,North Substation,PRJ-NS-1222,Execution: Develop Cost Estimate,Project Management,Financial & Controls,In Progress,Execution,01-12-2025,01-03-2026,115478.29,85715.21,BrandSafway,William Carter,FALSE
NS_MO_2025,North Substation,PRJ-NS-1223,Execution: EL CID Testing,Generator,Stator,In Progress,Execution,01-12-2025,01-03-2026,137206.61,108945.59,EthosEnergy,William Carter,FALSE
NS_MO_2025,North Substation,PRJ-NS-1224,Execution: Mobilization,Project Management,Supply Chain,In Progress,Execution,01-12-2025,01-03-2026,94436.59,76956.82,Siemens Energy,William Carter,FALSE
NS_MO_2025,North Substation,PRJ-NS-1225,EMERGENT: Exciter Air Cooler Clean - Repair,Generator,Exciter,In Progress,Execution,01-12-2025,01-03-2026,107856.58,81212.64,BrandSafway,William Carter,FALSE
NS_MO_2025,North Substation,PRJ-NS-1226,Execution: Combustion Chamber Open,Gas Turbine,Combustion,In Progress,Execution,01-12-2025,01-03-2026,131254.2,106508.75,United Rentals,William Carter,FALSE
NS_MO_2025,North Substation,PRJ-NS-1227,Execution: Mobilization,Project Management,Supply Chain,In Progress,Execution,01-12-2025,01-03-2026,105039.01,84862.78,Mistras Group,William Carter,FALSE
NS_MO_2025,North Substation,PRJ-NS-1228,Execution: Exciter Air Cooler Clean,Generator,Exciter,In Progress,Execution,01-12-2025,01-03-2026,111625.93,86725.27,United Rentals,William Carter,FALSE
NS_MO_2025,North Substation,PRJ-NS-1229,EMERGENT: Invoice Reconciliation - Repair,Project Management,Financial & Controls,In Progress,Execution,01-12-2025,01-03-2026,130514.96,102799.38,Mistras Group,William Carter,FALSE
NS_MO_2025,North Substation,PRJ-NS-1230,Execution: Invoice Reconciliation,Project Management,Financial & Controls,In Progress,Execution,01-12-2025,01-03-2026,121116.29,90927.96,GE Vernova,William Carter,FALSE
NS_MO_2025,North Substation,PRJ-NS-1231,Execution: Superheater Oxide Check,HRSG,Pressure Parts,In Progress,Execution,01-12-2025,01-03-2026,102246.05,76290.16,EthosEnergy,William Carter,FALSE
NS_MO_2025,North Substation,PRJ-NS-1232,Execution: Aux Boiler Inspection,Balance of Plant,Auxiliary,In Progress,Execution,01-12-2025,01-03-2026,117688.07,94657.08,EthosEnergy,William Carter,FALSE
NS_MO_2025,North Substation,PRJ-NS-1233,Execution: Develop Cost Estimate,Project Management,Financial & Controls,In Progress,Execution,01-12-2025,01-03-2026,101972.06,85118.43,Siemens Energy,William Carter,FALSE
NS_MO_2025,North Substation,PRJ-NS-1234,EMERGENT: Drum Internal Inspect - Repair,HRSG,Pressure Parts,In Progress,Execution,01-12-2025,01-03-2026,97294.33,83032.59,Mistras Group,William Carter,FALSE
NS_MO_2025,North Substation,PRJ-NS-1235,Execution: Exciter Air Cooler Clean,Generator,Exciter,In Progress,Execution,01-12-2025,01-03-2026,126771.13,94406.03,Mistras Group,William Carter,FALSE
NS_MO_2025,North Substation,PRJ-NS-1236,Execution: Turbine Shell Lift,Gas Turbine,Turbine Section,In Progress,Execution,01-12-2025,01-03-2026,96323.14,77818.8,United Rentals,William Carter,FALSE
NS_MO_2025,North Substation,PRJ-NS-1237,EMERGENT: Ammonia Grid Tuning - Repair,HRSG,Gas Path,In Progress,Execution,01-12-2025,01-03-2026,129885.03,101254.22,Local Union 55,William Carter,FALSE
NS_MO_2025,North Substation,PRJ-NS-1238,Execution: Compressor Borescope,Gas Turbine,Inlet & Compressor,In Progress,Execution,01-12-2025,01-03-2026,107296,79888.4,United Rentals,William Carter,FALSE
NS_MO_2025,North Substation,PRJ-NS-1239,Execution: Catalyst Loading,HRSG,Gas Path,In Progress,Execution,01-12-2025,01-03-2026,109327.35,92081.21,GE Vernova,William Carter,FALSE
NS_MO_2025,North Substation,PRJ-NS-1240,Execution: Mobilization,Project Management,Supply Chain,In Progress,Execution,01-12-2025,01-03-2026,118533.22,100962.6,EthosEnergy,William Carter,FALSE
NS_MO_2025,North Substation,PRJ-NS-1241,Execution: Exciter Air Cooler Clean,Generator,Exciter,In Progress,Execution,01-12-2025,01-03-2026,129126.59,104007.6,Local Union 55,William Carter,FALSE
NS_MO_2025,North Substation,PRJ-NS-1242,EMERGENT: Wedge Tightness Check - Repair,Generator,Stator,In Progress,Execution,01-12-2025,01-03-2026,101482.31,82433.88,GE Vernova,William Carter,FALSE
NS_MO_2025,North Substation,PRJ-NS-1243,Execution: Cooling Tower Media Replace,Balance of Plant,Cooling Water,In Progress,Execution,01-12-2025,01-03-2026,121705.61,90461.61,Mistras Group,William Carter,FALSE
NS_MO_2025,North Substation,PRJ-NS-1244,Execution: Drum Internal Inspect,HRSG,Pressure Parts,In Progress,Execution,01-12-2025,01-03-2026,125087.69,99159,Local Union 55,William Carter,FALSE
NS_MO_2025,North Substation,PRJ-NS-1245,Execution: Mobilization,Project Management,Supply Chain,In Progress,Execution,01-12-2025,01-03-2026,130231.27,97682.83,Siemens Energy,William Carter,FALSE
NS_MO_2025,North Substation,PRJ-NS-1246,Execution: HP Evap Thickness,HRSG,Pressure Parts,In Progress,Execution,01-12-2025,01-03-2026,95185.01,77851.99,Mistras Group,William Carter,FALSE
NS_MO_2025,North Substation,PRJ-NS-1247,Execution: Chemical Safety Review,Safety & Compliance,EHS,In Progress,Execution,01-12-2025,01-03-2026,109132.23,88282.87,Local Union 55,William Carter,FALSE
NS_MO_2025,North Substation,PRJ-NS-1248,Execution: LP Hood Spray Check,Steam Turbine,LP,In Progress,Execution,01-12-2025,01-03-2026,94316.85,76775.24,Siemens Energy,William Carter,FALSE
NS_MO_2025,North Substation,PRJ-NS-1249,Execution: Stack Damper Calibration,HRSG,Gas Path,In Progress,Execution,01-12-2025,01-03-2026,136647.43,114840.32,United Rentals,William Carter,FALSE
NS_MO_2025,North Substation,PRJ-NS-1250,Execution: Invoice Reconciliation,Project Management,Financial & Controls,In Progress,Execution,01-12-2025,01-03-2026,97576.21,75080.93,Mistras Group,William Carter,FALSE
NS_MO_2025,North Substation,PRJ-NS-1251,Execution: Aux Boiler Inspection,Balance of Plant,Auxiliary,In Progress,Execution,01-12-2025,01-03-2026,120498.7,100164.18,United Rentals,William Carter,FALSE
NS_MO_2025,North Substation,PRJ-NS-1252,Execution: HP Shell Removal,Steam Turbine,HP/IP,In Progress,Execution,01-12-2025,01-03-2026,136446.96,101100.69,United Rentals,William Carter,FALSE
NS_MO_2025,North Substation,PRJ-NS-1253,Execution: Grid Outage Bid,Project Management,Regulatory,In Progress,Execution,01-12-2025,01-03-2026,116186.78,99277.81,GE Vernova,William Carter,FALSE
NS_MO_2025,North Substation,PRJ-NS-1254,EMERGENT: Print Tags - Repair,Safety & Compliance,LOTO,In Progress,Execution,01-12-2025,01-03-2026,115745.68,96175.12,Mistras Group,William Carter,FALSE
NS_MO_2025,North Substation,PRJ-NS-1255,Execution: Stop Valve Inspection,Steam Turbine,HP/IP,In Progress,Execution,01-12-2025,01-03-2026,94265.58,76149.57,EthosEnergy,William Carter,FALSE
NS_MO_2025,North Substation,PRJ-NS-1256,Execution: Aux Boiler Inspection,Balance of Plant,Auxiliary,In Progress,Execution,01-12-2025,01-03-2026,97895.06,80851.59,BrandSafway,William Carter,FALSE
NS_MO_2025,North Substation,PRJ-NS-1257,Execution: Rotor Inspection,Gas Turbine,Turbine Section,In Progress,Execution,01-12-2025,01-03-2026,94257.55,78873.46,GE Vernova,William Carter,FALSE
NS_MO_2025,North Substation,PRJ-NS-1258,Execution: HP Shell Removal,Steam Turbine,HP/IP,In Progress,Execution,01-12-2025,01-03-2026,96231.45,73525.63,EthosEnergy,William Carter,FALSE
NS_MO_2025,North Substation,PRJ-NS-1259,Execution: HP Evap Thickness,HRSG,Pressure Parts,In Progress,Execution,01-12-2025,01-03-2026,114766.46,94405.52,Mistras Group,William Carter,FALSE
NS_MO_2025,North Substation,PRJ-NS-1260,EMERGENT: Grid Outage Bid - Repair,Project Management,Regulatory,In Progress,Execution,01-12-2025,01-03-2026,115265.77,89030.95,United Rentals,William Carter,FALSE
NS_MO_2025,North Substation,PRJ-NS-1261,Execution: Contractor Orientation,Project Management,Supply Chain,In Progress,Execution,01-12-2025,01-03-2026,96332.38,80657.42,EthosEnergy,William Carter,FALSE
NS_MO_2025,North Substation,PRJ-NS-1262,Execution: Compressor Wash,Gas Turbine,Inlet & Compressor,In Progress,Execution,01-12-2025,01-03-2026,136827.72,114875.33,GE Vernova,William Carter,FALSE
NS_MO_2025,North Substation,PRJ-NS-1263,Execution: Grid Outage Bid,Project Management,Regulatory,In Progress,Execution,01-12-2025,01-03-2026,92918.88,75834.55,BrandSafway,William Carter,FALSE
NS_MO_2025,North Substation,PRJ-NS-1264,EMERGENT: HazWaste Permit - Repair,Project Management,Regulatory,In Progress,Execution,01-12-2025,01-03-2026,114761.71,93844.7,United Rentals,William Carter,FALSE
NS_MO_2025,North Substation,PRJ-NS-1265,Execution: EL CID Testing,Generator,Stator,In Progress,Execution,01-12-2025,01-03-2026,110322.29,89926.99,Mistras Group,William Carter,FALSE
NS_MO_2025,North Substation,PRJ-NS-1266,Execution: Turbine Shell Lift,Gas Turbine,Turbine Section,In Progress,Execution,01-12-2025,01-03-2026,131914.73,104319.04,EthosEnergy,William Carter,FALSE
NS_MO_2025,North Substation,PRJ-NS-1267,EMERGENT: Grid Outage Bid - Repair,Project Management,Regulatory,In Progress,Execution,01-12-2025,01-03-2026,138490.11,107229.97,Local Union 55,William Carter,FALSE
NS_MO_2025,North Substation,PRJ-NS-1268,Execution: Mobilization,Project Management,Supply Chain,In Progress,Execution,01-12-2025,01-03-2026,114376,97104.42,Local Union 55,William Carter,FALSE
NS_MO_2025,North Substation,PRJ-NS-1269,Execution: Wedge Tightness Check,Generator,Stator,In Progress,Execution,01-12-2025,01-03-2026,120231.98,96514.94,GE Vernova,William Carter,FALSE
NS_MO_2025,North Substation,PRJ-NS-1270,Execution: Fuel Nozzle Swap,Gas Turbine,Combustion,In Progress,Execution,01-12-2025,01-03-2026,121294.5,102098.22,United Rentals,William Carter,FALSE
NS_MO_2025,North Substation,PRJ-NS-1271,EMERGENT: Daily Safety Audit - Repair,Safety & Compliance,EHS,In Progress,Execution,01-12-2025,01-03-2026,118231.95,90425.85,Local Union 55,William Carter,FALSE
NS_MO_2025,North Substation,PRJ-NS-1272,Execution: Inst Air Comp Service,Balance of Plant,Auxiliary,In Progress,Execution,01-12-2025,01-03-2026,107717.37,86620.25,BrandSafway,William Carter,FALSE
NS_MO_2025,North Substation,PRJ-NS-1273,Execution: Confined Space Drills,Safety & Compliance,EHS,In Progress,Execution,01-12-2025,01-03-2026,106271.8,87189.09,United Rentals,William Carter,FALSE
NS_MO_2025,North Substation,PRJ-NS-1274,Execution: Transition Piece Inspect,Gas Turbine,Combustion,In Progress,Execution,01-12-2025,01-03-2026,93203.66,72987.4,Local Union 55,William Carter,FALSE
NS_MO_2025,North Substation,PRJ-NS-1275,EMERGENT: Cooling Tower Media Replace - Repair,Balance of Plant,Cooling Water,In Progress,Execution,01-12-2025,01-03-2026,97321.4,82841.34,Local Union 55,William Carter,FALSE
NS_MO_2025,North Substation,PRJ-NS-1276,Execution: Invoice Reconciliation,Project Management,Financial & Controls,In Progress,Execution,01-12-2025,01-03-2026,103321.6,76805.09,Mistras Group,William Carter,FALSE
NS_MO_2025,North Substation,PRJ-NS-1277,Execution: Daily Safety Audit,Safety & Compliance,EHS,In Progress,Execution,01-12-2025,01-03-2026,130157.56,107814.87,BrandSafway,William Carter,FALSE
NS_MO_2025,North Substation,PRJ-NS-1278,EMERGENT: Aux Boiler Inspection - Repair,Balance of Plant,Auxiliary,In Progress,Execution,01-12-2025,01-03-2026,99526.57,77164.76,Local Union 55,William Carter,FALSE
NS_MO_2025,North Substation,PRJ-NS-1279,Execution: Daily Safety Audit,Safety & Compliance,EHS,In Progress,Execution,01-12-2025,01-03-2026,111618.54,91213.14,GE Vernova,William Carter,FALSE
NS_MO_2025,North Substation,PRJ-NS-1280,Execution: Demin Plant Service,Balance of Plant,Auxiliary,In Progress,Execution,01-12-2025,01-03-2026,106906.27,83268.85,Siemens Energy,William Carter,FALSE
NS_MO_2025,North Substation,PRJ-NS-1281,Execution: Develop Cost Estimate,Project Management,Financial & Controls,In Progress,Execution,01-12-2025,01-03-2026,126244.67,95810.75,United Rentals,William Carter,FALSE
NS_MO_2025,North Substation,PRJ-NS-1282,Execution: HP Shell Removal,Steam Turbine,HP/IP,In Progress,Execution,01-12-2025,01-03-2026,124561.35,102396.55,BrandSafway,William Carter,FALSE
NS_MO_2025,North Substation,PRJ-NS-1283,Execution: Stop Valve Inspection,Steam Turbine,HP/IP,In Progress,Execution,01-12-2025,01-03-2026,123799.96,91552.91,BrandSafway,William Carter,FALSE
NS_MO_2025,North Substation,PRJ-NS-1284,Execution: Bucket Exchange (S1-S3),Gas Turbine,Turbine Section,In Progress,Execution,01-12-2025,01-03-2026,127303.05,99423.58,Mistras Group,William Carter,FALSE
NS_MO_2025,North Substation,PRJ-NS-1285,Execution: Control Valve Lapping,Steam Turbine,HP/IP,In Progress,Execution,01-12-2025,01-03-2026,131241.84,106319.31,Mistras Group,William Carter,FALSE
NS_MO_2025,North Substation,PRJ-NS-1286,Execution: RFP General Contractor,Project Management,Supply Chain,In Progress,Execution,01-12-2025,01-03-2026,115026.59,95689.87,GE Vernova,William Carter,FALSE
NS_MO_2025,North Substation,PRJ-NS-1287,Execution: RFP General Contractor,Project Management,Supply Chain,In Progress,Execution,01-12-2025,01-03-2026,114402.09,92430.72,Local Union 55,William Carter,FALSE
NS_MO_2025,North Substation,PRJ-NS-1288,EMERGENT: IGV Bushing Replace - Repair,Gas Turbine,Inlet & Compressor,In Progress,Execution,01-12-2025,01-03-2026,103269.96,79688.51,GE Vernova,William Carter,FALSE
NS_MO_2025,North Substation,PRJ-NS-1289,Execution: Budget Approval,Project Management,Financial & Controls,In Progress,Execution,01-12-2025,01-03-2026,129454.83,96459.77,GE Vernova,William Carter,FALSE
NS_MO_2025,North Substation,PRJ-NS-1290,Execution: Invoice Reconciliation,Project Management,Financial & Controls,In Progress,Execution,01-12-2025,01-03-2026,108555.04,87360.62,Siemens Energy,William Carter,FALSE
NS_MO_2025,North Substation,PRJ-NS-1291,Execution: Environmental Permit Review,Project Management,Regulatory,In Progress,Execution,01-12-2025,01-03-2026,132151.69,105626.41,Siemens Energy,William Carter,FALSE
NS_MO_2025,North Substation,PRJ-NS-1292,EMERGENT: Cross-Fire Tube Check - Repair,Gas Turbine,Combustion,In Progress,Execution,01-12-2025,01-03-2026,135608.36,113026.14,BrandSafway,William Carter,FALSE
NS_MO_2025,North Substation,PRJ-NS-1293,Execution: HP Shell Removal,Steam Turbine,HP/IP,In Progress,Execution,01-12-2025,01-03-2026,130329.88,109341.83,Mistras Group,William Carter,FALSE
NS_MO_2025,North Substation,PRJ-NS-1294,EMERGENT: Control Valve Lapping - Repair,Steam Turbine,HP/IP,In Progress,Execution,01-12-2025,01-03-2026,126906.89,105285.21,United Rentals,William Carter,FALSE
NS_MO_2025,North Substation,PRJ-NS-1295,Execution: Walkdown Isolations,Safety & Compliance,LOTO,In Progress,Execution,01-12-2025,01-03-2026,126925.16,108450.67,Mistras Group,William Carter,FALSE
NS_MO_2025,North Substation,PRJ-NS-1296,EMERGENT: HP Evap Thickness - Repair,HRSG,Pressure Parts,In Progress,Execution,01-12-2025,01-03-2026,127233.17,108089.18,United Rentals,William Carter,FALSE
NS_MO_2025,North Substation,PRJ-NS-1297,Execution: Rotor Inspection,Gas Turbine,Turbine Section,In Progress,Execution,01-12-2025,01-03-2026,106281.08,87181.96,Siemens Energy,William Carter,FALSE
NS_MO_2025,North Substation,PRJ-NS-1298,Execution: Compressor Borescope,Gas Turbine,Inlet & Compressor,In Progress,Execution,01-12-2025,01-03-2026,136138.21,105296.25,Siemens Energy,William Carter,FALSE
NS_MO_2025,North Substation,PRJ-NS-1299,Execution: Environmental Permit Review,Project Management,Regulatory,In Progress,Execution,01-12-2025,01-03-2026,102160.97,79238.33,BrandSafway,William Carter,FALSE
NS_MO_2025,North Substation,PRJ-NS-1300,EMERGENT: Transition Piece Inspect - Repair,Gas Turbine,Combustion,In Progress,Execution,01-12-2025,01-03-2026,116619.19,95715.91,Siemens Energy,William Carter,FALSE
NS_MO_2025,North Substation,PRJ-NS-1301,Execution: Fuel Nozzle Swap,Gas Turbine,Combustion,In Progress,Execution,01-12-2025,01-03-2026,120584,100142.76,GE Vernova,William Carter,FALSE
NS_MO_2025,North Substation,PRJ-NS-1302,Execution: Stop Valve Inspection,Steam Turbine,HP/IP,In Progress,Execution,01-12-2025,01-03-2026,109514.98,83579.76,GE Vernova,William Carter,FALSE
NS_MO_2025,North Substation,PRJ-NS-1303,Execution: Scope Freeze Meeting,Project Management,Supply Chain,In Progress,Execution,01-12-2025,01-03-2026,112982.43,93319.76,BrandSafway,William Carter,FALSE
NS_MO_2025,North Substation,PRJ-NS-1304,Execution: Invoice Reconciliation,Project Management,Financial & Controls,In Progress,Execution,01-12-2025,01-03-2026,109712.04,91953.48,GE Vernova,William Carter,FALSE
NS_MO_2025,North Substation,PRJ-NS-1305,EMERGENT: Air Monitoring Setup - Repair,Safety & Compliance,EHS,In Progress,Execution,01-12-2025,01-03-2026,102016.8,78097.99,Siemens Energy,William Carter,FALSE
NS_MO_2025,North Substation,PRJ-NS-1306,Execution: Turbine Shell Lift,Gas Turbine,Turbine Section,In Progress,Execution,01-12-2025,01-03-2026,138334.97,107654.98,GE Vernova,William Carter,FALSE
NS_MO_2025,North Substation,PRJ-NS-1307,EMERGENT: Master LOTO List - Repair,Safety & Compliance,LOTO,In Progress,Execution,01-12-2025,01-03-2026,99876.3,84094.47,Siemens Energy,William Carter,FALSE
NS_MO_2025,North Substation,PRJ-NS-1308,Execution: Mobilization,Project Management,Supply Chain,In Progress,Execution,01-12-2025,01-03-2026,110515.86,94093.59,BrandSafway,William Carter,FALSE
NS_MO_2025,North Substation,PRJ-NS-1309,EMERGENT: HazWaste Permit - Repair,Project Management,Regulatory,In Progress,Execution,01-12-2025,01-03-2026,133873.47,100231.33,United Rentals,William Carter,FALSE
NS_MO_2025,North Substation,PRJ-NS-1310,Execution: Stop Valve Inspection,Steam Turbine,HP/IP,In Progress,Execution,01-12-2025,01-03-2026,108728.71,84739.66,Siemens Energy,William Carter,FALSE
NS_MO_2025,North Substation,PRJ-NS-1311,EMERGENT: Chemical Safety Review - Repair,Safety & Compliance,EHS,In Progress,Execution,01-12-2025,01-03-2026,104903.17,89121.16,Local Union 55,William Carter,FALSE
NS_MO_2025,North Substation,PRJ-NS-1312,Execution: HP Evap Thickness,HRSG,Pressure Parts,In Progress,Execution,01-12-2025,01-03-2026,125775.2,100119.78,EthosEnergy,William Carter,FALSE
NS_MO_2025,North Substation,PRJ-NS-1313,Execution: Stack Damper Calibration,HRSG,Gas Path,In Progress,Execution,01-12-2025,01-03-2026,129557.21,101225.87,EthosEnergy,William Carter,FALSE
NS_MO_2025,North Substation,PRJ-NS-1314,Execution: Daily Safety Audit,Safety & Compliance,EHS,In Progress,Execution,01-12-2025,01-03-2026,111078.72,84690.87,United Rentals,William Carter,FALSE
NS_MO_2025,North Substation,PRJ-NS-1315,EMERGENT: LP Hood Spray Check - Repair,Steam Turbine,LP,In Progress,Execution,01-12-2025,01-03-2026,134514.32,102419.22,Siemens Energy,William Carter,FALSE
NS_MO_2025,North Substation,PRJ-NS-1316,Execution: Inst Air Comp Service,Balance of Plant,Auxiliary,In Progress,Execution,01-12-2025,01-03-2026,104597.17,86380.6,GE Vernova,William Carter,FALSE
NS_MO_2025,North Substation,PRJ-NS-1317,EMERGENT: Switchgear Testing - Repair,Balance of Plant,Electrical,In Progress,Execution,01-12-2025,01-03-2026,99181.81,83848.89,GE Vernova,William Carter,FALSE
NS_MO_2025,North Substation,PRJ-NS-1318,EMERGENT: Inst Air Comp Service - Repair,Balance of Plant,Auxiliary,In Progress,Execution,01-12-2025,01-03-2026,115797.52,85845.91,GE Vernova,William Carter,FALSE
NS_MO_2025,North Substation,PRJ-NS-1319,EMERGENT: Develop Cost Estimate - Repair,Project Management,Financial & Controls,In Progress,Execution,01-12-2025,01-03-2026,131738.36,98625.03,Local Union 55,William Carter,FALSE
NS_MO_2025,North Substation,PRJ-NS-1320,Execution: Bucket Exchange (S1-S3),Gas Turbine,Turbine Section,In Progress,Execution,01-12-2025,01-03-2026,136954.79,111216.69,United Rentals,William Carter,FALSE
NS_MO_2025,North Substation,PRJ-NS-1321,Execution: Master LOTO List,Safety & Compliance,LOTO,In Progress,Execution,01-12-2025,01-03-2026,113238.62,89148.75,United Rentals,William Carter,FALSE
NS_MO_2025,North Substation,PRJ-NS-1322,EMERGENT: IGV Bushing Replace - Repair,Gas Turbine,Inlet & Compressor,In Progress,Execution,01-12-2025,01-03-2026,123335.53,100143.9,EthosEnergy,William Carter,FALSE
NS_MO_2025,North Substation,PRJ-NS-1323,Execution: RFP General Contractor,Project Management,Supply Chain,In Progress,Execution,01-12-2025,01-03-2026,131105.39,102927.21,EthosEnergy,William Carter,FALSE
NS_MO_2025,North Substation,PRJ-NS-1324,EMERGENT: Diaphragm Cleaning - Repair,Steam Turbine,HP/IP,In Progress,Execution,01-12-2025,01-03-2026,104644.07,82180.18,EthosEnergy,William Carter,FALSE
NS_MO_2025,North Substation,PRJ-NS-1325,Execution: Exciter Air Cooler Clean,Generator,Exciter,In Progress,Execution,01-12-2025,01-03-2026,123572.83,99007.14,United Rentals,William Carter,FALSE
NS_MO_2025,North Substation,PRJ-NS-1326,Execution: HazWaste Permit,Project Management,Regulatory,In Progress,Execution,01-12-2025,01-03-2026,133659.39,107284.63,Mistras Group,William Carter,FALSE
NS_MO_2025,North Substation,PRJ-NS-1327,Execution: HP Shell Removal,Steam Turbine,HP/IP,In Progress,Execution,01-12-2025,01-03-2026,115407.43,92062.67,Mistras Group,William Carter,FALSE
NS_MO_2025,North Substation,PRJ-NS-1328,Execution: Diaphragm Cleaning,Steam Turbine,HP/IP,In Progress,Execution,01-12-2025,01-03-2026,99977.85,82401.47,Mistras Group,William Carter,FALSE
NS_MO_2025,North Substation,PRJ-NS-1329,Execution: Aux Boiler Inspection,Balance of Plant,Auxiliary,In Progress,Execution,01-12-2025,01-03-2026,93931.54,72858.61,Siemens Energy,William Carter,FALSE
NS_MO_2025,North Substation,PRJ-NS-1330,Execution: Diaphragm Cleaning,Steam Turbine,HP/IP,In Progress,Execution,01-12-2025,01-03-2026,99335.63,78800.06,BrandSafway,William Carter,FALSE
NS_MO_2025,North Substation,PRJ-NS-1331,Execution: Transition Piece Inspect,Gas Turbine,Combustion,In Progress,Execution,01-12-2025,01-03-2026,127125.46,97542.21,Local Union 55,William Carter,FALSE
NS_MO_2025,North Substation,PRJ-NS-1332,Execution: Demin Plant Service,Balance of Plant,Auxiliary,In Progress,Execution,01-12-2025,01-03-2026,99672.49,81736.45,Mistras Group,William Carter,FALSE
NS_MO_2025,North Substation,PRJ-NS-1333,EMERGENT: Battery Bank Test - Repair,Balance of Plant,Electrical,In Progress,Execution,01-12-2025,01-03-2026,105941.78,83014.88,Siemens Energy,William Carter,FALSE
NS_MO_2025,North Substation,PRJ-NS-1334,Execution: Compressor Wash,Gas Turbine,Inlet & Compressor,In Progress,Execution,01-12-2025,01-03-2026,121021.12,99745.15,GE Vernova,William Carter,FALSE
NS_MO_2025,North Substation,PRJ-NS-1335,Execution: LP Hood Spray Check,Steam Turbine,LP,In Progress,Execution,01-12-2025,01-03-2026,105485.11,78066.64,United Rentals,William Carter,FALSE
NS_MO_2025,North Substation,PRJ-NS-1336,Execution: Inlet Duct Repair,HRSG,Gas Path,In Progress,Execution,01-12-2025,01-03-2026,94475.63,78295.79,EthosEnergy,William Carter,FALSE
NS_MO_2025,North Substation,PRJ-NS-1337,Execution: Exciter Air Cooler Clean,Generator,Exciter,In Progress,Execution,01-12-2025,01-03-2026,130615.63,98354.75,Local Union 55,William Carter,FALSE
NS_MO_2025,North Substation,PRJ-NS-1338,Execution: Battery Bank Test,Balance of Plant,Electrical,In Progress,Execution,01-12-2025,01-03-2026,110962.09,86421.61,BrandSafway,William Carter,FALSE
NS_MO_2025,North Substation,PRJ-NS-1339,EMERGENT: Stack Damper Calibration - Repair,HRSG,Gas Path,In Progress,Execution,01-12-2025,01-03-2026,106808.77,86466.58,Siemens Energy,William Carter,FALSE
NS_MO_2025,North Substation,PRJ-NS-1340,Execution: Inlet Duct Repair,HRSG,Gas Path,In Progress,Execution,01-12-2025,01-03-2026,100525.48,77218.15,BrandSafway,William Carter,FALSE
NS_MO_2025,North Substation,PRJ-NS-1341,Execution: Bucket Exchange (S1-S3),Gas Turbine,Turbine Section,In Progress,Execution,01-12-2025,01-03-2026,102089.26,83662.61,Mistras Group,William Carter,FALSE
NS_MO_2025,North Substation,PRJ-NS-1342,Execution: Superheater Oxide Check,HRSG,Pressure Parts,In Progress,Execution,01-12-2025,01-03-2026,97649.55,74121.88,GE Vernova,William Carter,FALSE
NS_MO_2025,North Substation,PRJ-NS-1343,Execution: Contractor Orientation,Project Management,Supply Chain,In Progress,Execution,01-12-2025,01-03-2026,121813.51,98928.64,United Rentals,William Carter,FALSE
NS_MO_2025,North Substation,PRJ-NS-1344,Execution: Aux Boiler Inspection,Balance of Plant,Auxiliary,In Progress,Execution,01-12-2025,01-03-2026,93157.53,75401.46,Mistras Group,William Carter,FALSE
NS_MO_2025,North Substation,PRJ-NS-1345,Execution: Inst Air Comp Service,Balance of Plant,Auxiliary,In Progress,Execution,01-12-2025,01-03-2026,104669,88849.31,BrandSafway,William Carter,FALSE
NS_MO_2025,North Substation,PRJ-NS-1346,Execution: LP Hood Spray Check,Steam Turbine,LP,In Progress,Execution,01-12-2025,01-03-2026,133528.92,108386.82,GE Vernova,William Carter,FALSE
NS_MO_2025,North Substation,PRJ-NS-1347,Execution: LP Hood Spray Check,Steam Turbine,LP,In Progress,Execution,01-12-2025,01-03-2026,115480.06,89930.99,BrandSafway,William Carter,FALSE
NS_MO_2025,North Substation,PRJ-NS-1348,Execution: Catalyst Loading,HRSG,Gas Path,In Progress,Execution,01-12-2025,01-03-2026,122748.38,101188.52,Local Union 55,William Carter,FALSE
NS_MO_2025,North Substation,PRJ-NS-1349,Execution: Shroud Block Replace,Gas Turbine,Turbine Section,In Progress,Execution,01-12-2025,01-03-2026,120790.6,99661.74,EthosEnergy,William Carter,FALSE
NS_MO_2025,North Substation,PRJ-NS-1350,Execution: Stop Valve Inspection,Steam Turbine,HP/IP,In Progress,Execution,01-12-2025,01-03-2026,118655,97798.68,United Rentals,William Carter,FALSE
NS_MO_2025,North Substation,PRJ-NS-1351,Execution: Scope Freeze Meeting,Project Management,Supply Chain,In Progress,Execution,01-12-2025,01-03-2026,134064.18,108270.68,United Rentals,William Carter,FALSE
NS_MO_2025,North Substation,PRJ-NS-1352,Execution: Mobilization,Project Management,Supply Chain,In Progress,Execution,01-12-2025,01-03-2026,125258.78,104937.29,BrandSafway,William Carter,FALSE
NS_MO_2025,North Substation,PRJ-NS-1353,Execution: Drum Internal Inspect,HRSG,Pressure Parts,In Progress,Execution,01-12-2025,01-03-2026,101114.44,79367.15,EthosEnergy,William Carter,FALSE
NS_MO_2025,North Substation,PRJ-NS-1354,Execution: Inst Air Comp Service,Balance of Plant,Auxiliary,In Progress,Execution,01-12-2025,01-03-2026,117925.12,96245.75,EthosEnergy,William Carter,FALSE
NS_MO_2025,North Substation,PRJ-NS-1355,Execution: Scope Freeze Meeting,Project Management,Supply Chain,In Progress,Execution,01-12-2025,01-03-2026,114537.87,95678.78,BrandSafway,William Carter,FALSE
NS_MO_2025,North Substation,PRJ-NS-1356,Execution: Ammonia Grid Tuning,HRSG,Gas Path,In Progress,Execution,01-12-2025,01-03-2026,96863.64,78006.47,Mistras Group,William Carter,FALSE
NS_MO_2025,North Substation,PRJ-NS-1357,Execution: Develop Cost Estimate,Project Management,Financial & Controls,In Progress,Execution,01-12-2025,01-03-2026,124601.12,96077.26,EthosEnergy,William Carter,FALSE
NS_MO_2025,North Substation,PRJ-NS-1358,Execution: Diode Wheel Inspection,Generator,Exciter,In Progress,Execution,01-12-2025,01-03-2026,107645.46,88118,Local Union 55,William Carter,FALSE
NS_MO_2025,North Substation,PRJ-NS-1359,Execution: Verify Zero Energy,Safety & Compliance,LOTO,In Progress,Execution,01-12-2025,01-03-2026,99247.04,78879.95,Local Union 55,William Carter,FALSE
NS_MO_2025,North Substation,PRJ-NS-1360,Execution: Demin Plant Service,Balance of Plant,Auxiliary,In Progress,Execution,01-12-2025,01-03-2026,124640.18,92887.79,Local Union 55,William Carter,FALSE
NS_MO_2025,North Substation,PRJ-NS-1361,Execution: Print Tags,Safety & Compliance,LOTO,In Progress,Execution,01-12-2025,01-03-2026,123815.31,103318.39,Local Union 55,William Carter,FALSE
NS_MO_2025,North Substation,PRJ-NS-1362,Execution: Master LOTO List,Safety & Compliance,LOTO,In Progress,Execution,01-12-2025,01-03-2026,99271.88,73394.68,Local Union 55,William Carter,FALSE
NS_MO_2025,North Substation,PRJ-NS-1363,Execution: Brush Rigging Check,Generator,Exciter,In Progress,Execution,01-12-2025,01-03-2026,128114.73,103616.82,GE Vernova,William Carter,FALSE
NS_MO_2025,North Substation,PRJ-NS-1364,Execution: EL CID Testing,Generator,Stator,In Progress,Execution,01-12-2025,01-03-2026,135607.5,106666.08,GE Vernova,William Carter,FALSE
NS_MO_2025,North Substation,PRJ-NS-1365,EMERGENT: Walkdown Isolations - Repair,Safety & Compliance,LOTO,In Progress,Execution,01-12-2025,01-03-2026,113402.98,96660.91,United Rentals,William Carter,FALSE
NS_MO_2025,North Substation,PRJ-NS-1366,Execution: Scope Freeze Meeting,Project Management,Supply Chain,In Progress,Execution,01-12-2025,01-03-2026,131994.14,103732.34,GE Vernova,William Carter,FALSE
NS_MO_2025,North Substation,PRJ-NS-1367,Execution: Verify Zero Energy,Safety & Compliance,LOTO,In Progress,Execution,01-12-2025,01-03-2026,138733.25,104705.04,EthosEnergy,William Carter,FALSE
NS_MO_2025,North Substation,PRJ-NS-1368,Execution: Switchgear Testing,Balance of Plant,Electrical,In Progress,Execution,01-12-2025,01-03-2026,137012.54,109816.26,United Rentals,William Carter,FALSE
NS_MO_2025,North Substation,PRJ-NS-1369,Execution: Stop Valve Inspection,Steam Turbine,HP/IP,In Progress,Execution,01-12-2025,01-03-2026,93008.51,73088.96,GE Vernova,William Carter,FALSE
NS_MO_2025,North Substation,PRJ-NS-1370,EMERGENT: GSU Oil Analysis - Repair,Balance of Plant,Electrical,In Progress,Execution,01-12-2025,01-03-2026,108811.6,84825.02,BrandSafway,William Carter,FALSE
NS_MO_2025,North Substation,PRJ-NS-1371,Execution: Environmental Permit Review,Project Management,Regulatory,In Progress,Execution,01-12-2025,01-03-2026,104841.38,81351.86,EthosEnergy,William Carter,FALSE
NS_MO_2025,North Substation,PRJ-NS-1372,Execution: Shroud Block Replace,Gas Turbine,Turbine Section,In Progress,Execution,01-12-2025,01-03-2026,108527.79,80746.73,Local Union 55,William Carter,FALSE
NS_MO_2025,North Substation,PRJ-NS-1373,Execution: Combustion Chamber Open,Gas Turbine,Combustion,In Progress,Execution,01-12-2025,01-03-2026,116100.05,87052.1,EthosEnergy,William Carter,FALSE
NS_MO_2025,North Substation,PRJ-NS-1374,Execution: Compressor Wash,Gas Turbine,Inlet & Compressor,In Progress,Execution,01-12-2025,01-03-2026,96845.85,77229.76,United Rentals,William Carter,FALSE
NS_MO_2025,North Substation,PRJ-NS-1375,Execution: Inlet Filter Inspection,Gas Turbine,Inlet & Compressor,In Progress,Execution,01-12-2025,01-03-2026,118888.25,98463.81,Mistras Group,William Carter,FALSE
NS_MO_2025,North Substation,PRJ-NS-1376,Execution: GSU Oil Analysis,Balance of Plant,Electrical,In Progress,Execution,01-12-2025,01-03-2026,112857.61,85242.1,Local Union 55,William Carter,FALSE
NS_MO_2025,North Substation,PRJ-NS-1377,Execution: Contractor Orientation,Project Management,Supply Chain,In Progress,Execution,01-12-2025,01-03-2026,104683.18,88899.99,United Rentals,William Carter,FALSE
NS_MO_2025,North Substation,PRJ-NS-1378,EMERGENT: Submit CapEx Request - Repair,Project Management,Financial & Controls,In Progress,Execution,01-12-2025,01-03-2026,122706.78,97736.84,BrandSafway,William Carter,FALSE
NS_MO_2025,North Substation,PRJ-NS-1379,Execution: Control Valve Lapping,Steam Turbine,HP/IP,In Progress,Execution,01-12-2025,01-03-2026,122537.93,93879.56,Siemens Energy,William Carter,FALSE
NS_MO_2025,North Substation,PRJ-NS-1380,Execution: Compressor Borescope,Gas Turbine,Inlet & Compressor,In Progress,Execution,01-12-2025,01-03-2026,105450.18,89740.9,EthosEnergy,William Carter,FALSE
NS_MO_2025,North Substation,PRJ-NS-1381,Execution: HP Shell Removal,Steam Turbine,HP/IP,In Progress,Execution,01-12-2025,01-03-2026,114326.82,91653.09,EthosEnergy,William Carter,FALSE
NS_MO_2025,North Substation,PRJ-NS-1382,Execution: EL CID Testing,Generator,Stator,In Progress,Execution,01-12-2025,01-03-2026,123361.99,92219.04,Siemens Energy,William Carter,FALSE
NS_MO_2025,North Substation,PRJ-NS-1383,Execution: Stack Damper Calibration,HRSG,Gas Path,In Progress,Execution,01-12-2025,01-03-2026,137671.53,115446.19,Siemens Energy,William Carter,FALSE
NS_MO_2025,North Substation,PRJ-NS-1384,Execution: Shroud Block Replace,Gas Turbine,Turbine Section,In Progress,Execution,01-12-2025,01-03-2026,111606.07,83013.88,Mistras Group,William Carter,FALSE
NS_MO_2025,North Substation,PRJ-NS-1385,Execution: Contractor Orientation,Project Management,Supply Chain,In Progress,Execution,01-12-2025,01-03-2026,94246.78,69729.27,United Rentals,William Carter,FALSE
NS_MO_2025,North Substation,PRJ-NS-1386,EMERGENT: Switchgear Testing - Repair,Balance of Plant,Electrical,In Progress,Execution,01-12-2025,01-03-2026,135453.52,106719.51,Local Union 55,William Carter,FALSE
NS_MO_2025,North Substation,PRJ-NS-1387,Execution: EL CID Testing,Generator,Stator,In Progress,Execution,01-12-2025,01-03-2026,115912.97,87661.46,BrandSafway,William Carter,FALSE
NS_MO_2025,North Substation,PRJ-NS-1388,Execution: Brush Rigging Check,Generator,Exciter,In Progress,Execution,01-12-2025,01-03-2026,131099.51,103929.16,EthosEnergy,William Carter,FALSE
NS_MO_2025,North Substation,PRJ-NS-1389,Execution: HazWaste Permit,Project Management,Regulatory,In Progress,Execution,01-12-2025,01-03-2026,111928.37,91917.79,GE Vernova,William Carter,FALSE
NS_MO_2025,North Substation,PRJ-NS-1390,Execution: Grid Outage Bid,Project Management,Regulatory,In Progress,Execution,01-12-2025,01-03-2026,113054.5,87576.71,Local Union 55,William Carter,FALSE
NS_MO_2025,North Substation,PRJ-NS-1391,Execution: Drum Internal Inspect,HRSG,Pressure Parts,In Progress,Execution,01-12-2025,01-03-2026,112463.97,91254.81,Mistras Group,William Carter,FALSE
NS_MO_2025,North Substation,PRJ-NS-1392,Execution: Daily Safety Audit,Safety & Compliance,EHS,In Progress,Execution,01-12-2025,01-03-2026,96758.45,80670.44,Siemens Energy,William Carter,FALSE
NS_MO_2025,North Substation,PRJ-NS-1393,Execution: Develop Cost Estimate,Project Management,Financial & Controls,In Progress,Execution,01-12-2025,01-03-2026,134801.83,103236.65,United Rentals,William Carter,FALSE
NS_MO_2025,North Substation,PRJ-NS-1394,Execution: Cooling Tower Media Replace,Balance of Plant,Cooling Water,In Progress,Execution,01-12-2025,01-03-2026,123832.5,105463.92,GE Vernova,William Carter,FALSE
NS_MO_2025,North Substation,PRJ-NS-1395,Execution: Control Valve Lapping,Steam Turbine,HP/IP,In Progress,Execution,01-12-2025,01-03-2026,135207.56,101936.02,Local Union 55,William Carter,FALSE
NS_MO_2025,North Substation,PRJ-NS-1396,EMERGENT: Switchgear Testing - Repair,Balance of Plant,Electrical,In Progress,Execution,01-12-2025,01-03-2026,123699.05,99275.56,EthosEnergy,William Carter,FALSE
NS_MO_2025,North Substation,PRJ-NS-1397,Execution: RFP General Contractor,Project Management,Supply Chain,In Progress,Execution,01-12-2025,01-03-2026,94971.79,75975.29,GE Vernova,William Carter,FALSE
NS_MO_2025,North Substation,PRJ-NS-1398,EMERGENT: RFP General Contractor - Repair,Project Management,Supply Chain,In Progress,Execution,01-12-2025,01-03-2026,107584.01,84826.86,United Rentals,William Carter,FALSE
NS_MO_2025,North Substation,PRJ-NS-1399,EMERGENT: Switchgear Testing - Repair,Balance of Plant,Electrical,In Progress,Execution,01-12-2025,01-03-2026,111158.08,90712.92,Mistras Group,William Carter,FALSE
NS_MO_2025,North Substation,PRJ-NS-1400,Execution: Scope Freeze Meeting,Project Management,Supply Chain,In Progress,Execution,01-12-2025,01-03-2026,98060.01,74221.38,Local Union 55,William Carter,FALSE
NS_MO_2025,North Substation,PRJ-NS-1401,Execution: Circ Water Pump Rebuild,Balance of Plant,Cooling Water,In Progress,Execution,01-12-2025,01-03-2026,102729.34,79531.43,EthosEnergy,William Carter,FALSE
NS_MO_2025,North Substation,PRJ-NS-1402,T+1: Environmental Permit Review,Project Management,Regulatory,Planned,T+1,01-03-2026,31-03-2026,130763.64,0,EthosEnergy,William Carter,FALSE
NS_MO_2025,North Substation,PRJ-NS-1403,T+1: Diaphragm Cleaning,Steam Turbine,HP/IP,Planned,T+1,01-03-2026,31-03-2026,140627.2,0,Local Union 55,William Carter,FALSE
NS_MO_2025,North Substation,PRJ-NS-1404,T+1: Combustion Chamber Open,Gas Turbine,Combustion,Planned,T+1,01-03-2026,31-03-2026,150085.62,0,Local Union 55,William Carter,FALSE
NS_MO_2025,North Substation,PRJ-NS-1405,T+1: Print Tags,Safety & Compliance,LOTO,Planned,T+1,01-03-2026,31-03-2026,154845.61,0,Siemens Energy,William Carter,FALSE
NS_MO_2025,North Substation,PRJ-NS-1406,T+1: Drum Internal Inspect,HRSG,Pressure Parts,Planned,T+1,01-03-2026,31-03-2026,139143.05,0,United Rentals,William Carter,FALSE
NS_MO_2025,North Substation,PRJ-NS-1407,T+1: Print Tags,Safety & Compliance,LOTO,Planned,T+1,01-03-2026,31-03-2026,135238.48,0,Mistras Group,William Carter,FALSE
NS_MO_2025,North Substation,PRJ-NS-1408,T+1: Ammonia Grid Tuning,HRSG,Gas Path,Planned,T+1,01-03-2026,31-03-2026,148672.15,0,EthosEnergy,William Carter,FALSE
NS_MO_2025,North Substation,PRJ-NS-1409,T+1: LP Hood Spray Check,Steam Turbine,LP,Planned,T+1,01-03-2026,31-03-2026,142460.92,0,Local Union 55,William Carter,FALSE
NS_MO_2025,North Substation,PRJ-NS-1410,T+1: Daily Safety Audit,Safety & Compliance,EHS,Planned,T+1,01-03-2026,31-03-2026,118543.27,0,Siemens Energy,William Carter,FALSE
NS_MO_2025,North Substation,PRJ-NS-1411,T+1: Grid Outage Bid,Project Management,Regulatory,Planned,T+1,01-03-2026,31-03-2026,146085.96,0,Local Union 55,William Carter,FALSE
NS_MO_2025,North Substation,PRJ-NS-1412,T+1: Diaphragm Cleaning,Steam Turbine,HP/IP,Planned,T+1,01-03-2026,31-03-2026,147290.04,0,Siemens Energy,William Carter,FALSE
NS_MO_2025,North Substation,PRJ-NS-1413,T+1: Walkdown Isolations,Safety & Compliance,LOTO,Planned,T+1,01-03-2026,31-03-2026,153056.06,0,Local Union 55,William Carter,FALSE
NS_MO_2025,North Substation,PRJ-NS-1414,T+1: Exciter Air Cooler Clean,Generator,Exciter,Planned,T+1,01-03-2026,31-03-2026,141217.15,0,GE Vernova,William Carter,FALSE
NS_MO_2025,North Substation,PRJ-NS-1415,T+1: Inst Air Comp Service,Balance of Plant,Auxiliary,Planned,T+1,01-03-2026,31-03-2026,155195.06,0,GE Vernova,William Carter,FALSE
NS_MO_2025,North Substation,PRJ-NS-1416,T+1: Walkdown Isolations,Safety & Compliance,LOTO,Planned,T+1,01-03-2026,31-03-2026,147470.35,0,United Rentals,William Carter,FALSE
NS_MO_2025,North Substation,PRJ-NS-1417,T+1: Contractor Orientation,Project Management,Supply Chain,Planned,T+1,01-03-2026,31-03-2026,131196.42,0,GE Vernova,William Carter,FALSE
NS_MO_2025,North Substation,PRJ-NS-1418,T+1: Inst Air Comp Service,Balance of Plant,Auxiliary,Planned,T+1,01-03-2026,31-03-2026,149650.77,0,EthosEnergy,William Carter,FALSE
NS_MO_2025,North Substation,PRJ-NS-1419,T+1: Turbine Shell Lift,Gas Turbine,Turbine Section,Planned,T+1,01-03-2026,31-03-2026,138686.14,0,GE Vernova,William Carter,FALSE
NS_MO_2025,North Substation,PRJ-NS-1420,T+1: Condenser Cleaning,Balance of Plant,Cooling Water,Planned,T+1,01-03-2026,31-03-2026,127946.97,0,United Rentals,William Carter,FALSE
NS_MO_2025,North Substation,PRJ-NS-1421,T+1: Condenser Cleaning,Balance of Plant,Cooling Water,Planned,T+1,01-03-2026,31-03-2026,132655.19,0,EthosEnergy,William Carter,FALSE
NS_MO_2025,North Substation,PRJ-NS-1422,T+1: Develop Cost Estimate,Project Management,Financial & Controls,Planned,T+1,01-03-2026,31-03-2026,147668.84,0,GE Vernova,William Carter,FALSE
NS_MO_2025,North Substation,PRJ-NS-1423,T+1: Mobilization,Project Management,Supply Chain,Planned,T+1,01-03-2026,31-03-2026,129438.89,0,BrandSafway,William Carter,FALSE
NS_MO_2025,North Substation,PRJ-NS-1424,T+1: Shroud Block Replace,Gas Turbine,Turbine Section,Planned,T+1,01-03-2026,31-03-2026,151410.27,0,Siemens Energy,William Carter,FALSE
SG_F_EDF_2026,South Gen Unit 1,PRJ-SG-1425,Manage PO: Generator Kits,Project Management,Supply Chain,Completed,Execution,22-01-2026,27-01-2026,15000,14810.88,OEM / Supply Chain,James Wilson,FALSE
SG_F_EDF_2026,South Gen Unit 1,PRJ-SG-1426,Material: Diode Wheel Components,Generator,Exciter,In Progress,Execution,22-01-2026,16-02-2026,1100,847.09,OEM / Supply Chain,James Wilson,TRUE
SG_F_EDF_2026,South Gen Unit 1,PRJ-SG-1427,Manage PO: Exciter Parts,Project Management,Supply Chain,Completed,Execution,22-01-2026,27-01-2026,15000,17074.01,OEM / Supply Chain,James Wilson,FALSE
SG_F_EDF_2026,South Gen Unit 1,PRJ-SG-1428,Execution: Daily Safety Audit,Safety & Compliance,EHS,Completed,Execution,22-01-2026,27-01-2026,7245.8,7193.96,Mistras Group,James Wilson,FALSE
SG_F_EDF_2026,South Gen Unit 1,PRJ-SG-1429,Execution: Diode Wheel Inspection,Generator,Exciter,In Progress,Execution,22-01-2026,05-03-2026,7523.47,3500.49,EthosEnergy,James Wilson,TRUE
SG_F_EDF_2026,South Gen Unit 1,PRJ-SG-1430,Execution: Brush Rigging Check,Generator,Exciter,Completed,Execution,22-01-2026,27-01-2026,7407.91,7778.22,BrandSafway,James Wilson,FALSE
SG_F_EDF_2026,South Gen Unit 1,PRJ-SG-1431,Execution: Cooling Tower Media Replace,Balance of Plant,Cooling Water,Completed,Execution,22-01-2026,27-01-2026,7950.12,7498.24,Mistras Group,James Wilson,FALSE
SG_F_EDF_2026,South Gen Unit 1,PRJ-SG-1432,Execution: Air Monitoring Setup,Safety & Compliance,EHS,In Progress,Execution,22-01-2026,06-03-2026,7649.98,3193.89,Mistras Group,James Wilson,TRUE
SG_F_EDF_2026,South Gen Unit 1,PRJ-SG-1433,Execution: Switchgear Testing,Balance of Plant,Electrical,Completed,Execution,22-01-2026,27-01-2026,6415.06,6815.37,Siemens Energy,James Wilson,FALSE
SG_F_EDF_2026,South Gen Unit 1,PRJ-SG-1434,Execution: Brush Rigging Check,Generator,Exciter,In Progress,Execution,22-01-2026,19-02-2026,7242.81,5111.72,EthosEnergy,James Wilson,TRUE
SG_F_EDF_2026,South Gen Unit 1,PRJ-SG-1435,EMERGENT: Chemical Safety Review - Repair,Safety & Compliance,EHS,Completed,Execution,22-01-2026,27-01-2026,7882.28,7811.38,Siemens Energy,James Wilson,FALSE
SG_F_EDF_2026,South Gen Unit 1,PRJ-SG-1436,Execution: Switchgear Testing,Balance of Plant,Electrical,Completed,Execution,22-01-2026,27-01-2026,8279.96,9048.15,BrandSafway,James Wilson,FALSE
SG_F_EDF_2026,South Gen Unit 1,PRJ-SG-1437,EMERGENT: Condenser Cleaning - Repair,Balance of Plant,Cooling Water,Completed,Execution,22-01-2026,27-01-2026,7518.46,8487.12,GE Vernova,James Wilson,FALSE
SG_F_EDF_2026,South Gen Unit 1,PRJ-SG-1438,Execution: Demin Plant Service,Balance of Plant,Auxiliary,Completed,Execution,22-01-2026,27-01-2026,6825.09,6164.03,GE Vernova,James Wilson,FALSE
SG_F_EDF_2026,South Gen Unit 1,PRJ-SG-1439,EMERGENT: Air Monitoring Setup - Repair,Safety & Compliance,EHS,In Progress,Execution,22-01-2026,18-02-2026,6469.16,4149.13,Local Union 55,James Wilson,TRUE
SG_F_EDF_2026,South Gen Unit 1,PRJ-SG-1440,Execution: Aux Boiler Inspection,Balance of Plant,Auxiliary,In Progress,Execution,22-01-2026,08-03-2026,7269.48,3015.17,Mistras Group,James Wilson,TRUE
SG_F_EDF_2026,South Gen Unit 1,PRJ-SG-1441,Execution: Brush Rigging Check,Generator,Exciter,Completed,Execution,22-01-2026,27-01-2026,6675.12,6259.55,Mistras Group,James Wilson,FALSE
SG_F_EDF_2026,South Gen Unit 1,PRJ-SG-1442,Execution: Air Monitoring Setup,Safety & Compliance,EHS,Completed,Execution,22-01-2026,27-01-2026,7658.69,7887.25,Local Union 55,James Wilson,FALSE
SG_F_EDF_2026,South Gen Unit 1,PRJ-SG-1443,Execution: Circ Water Pump Rebuild,Balance of Plant,Cooling Water,Completed,Execution,22-01-2026,27-01-2026,6809.05,7495.12,Siemens Energy,James Wilson,FALSE
SG_F_EDF_2026,South Gen Unit 1,PRJ-SG-1444,EMERGENT: Confined Space Drills - Repair,Safety & Compliance,EHS,Completed,Execution,22-01-2026,27-01-2026,8271.47,7685.92,Local Union 55,James Wilson,FALSE
SG_F_EDF_2026,South Gen Unit 1,PRJ-SG-1445,Execution: Diode Wheel Inspection,Generator,Exciter,In Progress,Execution,22-01-2026,26-02-2026,6015.19,3066.26,GE Vernova,James Wilson,TRUE
SG_F_EDF_2026,South Gen Unit 1,PRJ-SG-1446,Execution: Brush Rigging Check,Generator,Exciter,Completed,Execution,22-01-2026,27-01-2026,7008.06,6682.31,BrandSafway,James Wilson,FALSE
SG_F_EDF_2026,South Gen Unit 1,PRJ-SG-1447,Execution: Verify Zero Energy,Safety & Compliance,LOTO,Completed,Execution,22-01-2026,27-01-2026,7529.98,8627.98,Local Union 55,James Wilson,FALSE
SG_F_EDF_2026,South Gen Unit 1,PRJ-SG-1448,Execution: Chemical Safety Review,Safety & Compliance,EHS,Completed,Execution,22-01-2026,27-01-2026,7424.21,7502.74,EthosEnergy,James Wilson,FALSE
SG_F_EDF_2026,South Gen Unit 1,PRJ-SG-1449,Execution: Daily Safety Audit,Safety & Compliance,EHS,In Progress,Execution,22-01-2026,22-02-2026,6724.47,3923.84,Local Union 55,James Wilson,TRUE
SG_F_EDF_2026,South Gen Unit 1,PRJ-SG-1450,Execution: GSU Oil Analysis,Balance of Plant,Electrical,Completed,Execution,22-01-2026,27-01-2026,7682.42,8594.89,EthosEnergy,James Wilson,FALSE
SG_F_EDF_2026,South Gen Unit 1,PRJ-SG-1451,Execution: Demin Plant Service,Balance of Plant,Auxiliary,Completed,Execution,22-01-2026,27-01-2026,7061.62,6984.97,GE Vernova,James Wilson,FALSE
SG_F_EDF_2026,South Gen Unit 1,PRJ-SG-1452,T+1: Circ Water Pump Rebuild,Balance of Plant,Cooling Water,In Progress,T+1,27-01-2026,26-02-2026,3560.88,1658.08,Mistras Group,James Wilson,FALSE
SG_F_EDF_2026,South Gen Unit 1,PRJ-SG-1453,T+1: Circ Water Pump Rebuild,Balance of Plant,Cooling Water,In Progress,T+1,27-01-2026,26-02-2026,4026,1734.22,BrandSafway,James Wilson,FALSE
SG_F_EDF_2026,South Gen Unit 1,PRJ-SG-1454,T+1: Aux Boiler Inspection,Balance of Plant,Auxiliary,In Progress,T+1,27-01-2026,26-02-2026,3361.48,1541.47,EthosEnergy,James Wilson,FALSE
SG_HGP_2026,South Gen Unit 1,PRJ-SG-1455,T-24: HazWaste Permit,Project Management,Regulatory,Completed,T-24,05-10-2024,30-10-2024,51747.71,56790.98,EthosEnergy,William Carter,FALSE
SG_HGP_2026,South Gen Unit 1,PRJ-SG-1456,T-24: Invoice Reconciliation,Project Management,Financial & Controls,Completed,T-24,05-10-2024,30-10-2024,52341.46,58322.4,Siemens Energy,William Carter,FALSE
SG_HGP_2026,South Gen Unit 1,PRJ-SG-1457,T-24: Walkdown Isolations,Safety & Compliance,LOTO,Completed,T-24,05-10-2024,30-10-2024,60990.01,56288.7,BrandSafway,William Carter,FALSE
SG_HGP_2026,South Gen Unit 1,PRJ-SG-1458,T-24: RFP General Contractor,Project Management,Supply Chain,Completed,T-24,05-10-2024,30-10-2024,59666.95,59819.56,United Rentals,William Carter,FALSE
SG_HGP_2026,South Gen Unit 1,PRJ-SG-1459,T-24: Scope Freeze Meeting,Project Management,Supply Chain,Completed,T-24,05-10-2024,30-10-2024,64755.06,61793.49,Siemens Energy,William Carter,FALSE
SG_HGP_2026,South Gen Unit 1,PRJ-SG-1460,T-24: Environmental Permit Review,Project Management,Regulatory,Completed,T-24,05-10-2024,30-10-2024,47392.16,46467.52,BrandSafway,William Carter,FALSE
SG_HGP_2026,South Gen Unit 1,PRJ-SG-1461,T-24: Mobilization,Project Management,Supply Chain,Completed,T-24,05-10-2024,30-10-2024,48701.01,54952.33,Mistras Group,William Carter,FALSE
SG_HGP_2026,South Gen Unit 1,PRJ-SG-1462,T-24: HazWaste Permit,Project Management,Regulatory,Completed,T-24,05-10-2024,30-10-2024,50428.3,50594.32,United Rentals,William Carter,FALSE
SG_HGP_2026,South Gen Unit 1,PRJ-SG-1463,Manage PO: HGP Hardware,Project Management,Supply Chain,Completed,T-18,13-04-2025,08-05-2025,15000,16729.65,OEM / Supply Chain,William Carter,FALSE
SG_HGP_2026,South Gen Unit 1,PRJ-SG-1464,Manage PO: Combustion Parts,Project Management,Supply Chain,Completed,T-18,13-04-2025,08-05-2025,15000,16746.01,OEM / Supply Chain,William Carter,FALSE
SG_HGP_2026,South Gen Unit 1,PRJ-SG-1465,T-18: HazWaste Permit,Project Management,Regulatory,Completed,T-18,13-04-2025,08-05-2025,197104.04,179366.2,Siemens Energy,William Carter,FALSE
SG_HGP_2026,South Gen Unit 1,PRJ-SG-1466,T-18: Print Tags,Safety & Compliance,LOTO,Completed,T-18,13-04-2025,08-05-2025,168542.04,169607.79,GE Vernova,William Carter,FALSE
SG_HGP_2026,South Gen Unit 1,PRJ-SG-1467,T-18: Invoice Reconciliation,Project Management,Financial & Controls,Completed,T-18,13-04-2025,08-05-2025,212124.94,216919.44,United Rentals,William Carter,FALSE
SG_HGP_2026,South Gen Unit 1,PRJ-SG-1468,T-18: Master LOTO List,Safety & Compliance,LOTO,Completed,T-18,13-04-2025,08-05-2025,158919.84,153462.44,United Rentals,William Carter,FALSE
SG_HGP_2026,South Gen Unit 1,PRJ-SG-1469,T-18: RFP General Contractor,Project Management,Supply Chain,Completed,T-18,13-04-2025,08-05-2025,185055.22,203389.09,United Rentals,William Carter,FALSE
SG_HGP_2026,South Gen Unit 1,PRJ-SG-1470,T-18: Print Tags,Safety & Compliance,LOTO,Completed,T-18,13-04-2025,08-05-2025,143232.88,146361.09,Mistras Group,William Carter,FALSE
SG_HGP_2026,South Gen Unit 1,PRJ-SG-1471,Material: Stage 1 Buckets & Nozzles,Gas Turbine,Hot Gas Path,Completed,T-12,05-10-2025,30-10-2025,2628000,2828158.29,OEM / Supply Chain,William Carter,FALSE
SG_HGP_2026,South Gen Unit 1,PRJ-SG-1472,T-12: Grid Outage Bid,Project Management,Regulatory,Completed,T-12,05-10-2025,30-10-2025,349087.72,345902.34,BrandSafway,William Carter,FALSE
SG_HGP_2026,South Gen Unit 1,PRJ-SG-1473,T-12: Grid Outage Bid,Project Management,Regulatory,Completed,T-12,05-10-2025,30-10-2025,377696.71,418023.69,GE Vernova,William Carter,FALSE
SG_HGP_2026,South Gen Unit 1,PRJ-SG-1474,T-12: Air Monitoring Setup,Safety & Compliance,EHS,Completed,T-12,05-10-2025,30-10-2025,278226.23,281111.11,BrandSafway,William Carter,FALSE
SG_HGP_2026,South Gen Unit 1,PRJ-SG-1475,T-12: Mobilization,Project Management,Supply Chain,Completed,T-12,05-10-2025,30-10-2025,260615.21,264376.96,Mistras Group,William Carter,FALSE
SG_HGP_2026,South Gen Unit 1,PRJ-SG-1476,T-12: Confined Space Drills,Safety & Compliance,EHS,Completed,T-12,05-10-2025,30-10-2025,280261.43,284332.43,Mistras Group,William Carter,FALSE
SG_HGP_2026,South Gen Unit 1,PRJ-SG-1477,T-12: Verify Zero Energy,Safety & Compliance,LOTO,Completed,T-12,05-10-2025,30-10-2025,345958.68,362845.39,Siemens Energy,William Carter,FALSE
SG_HGP_2026,South Gen Unit 1,PRJ-SG-1478,T-12: Grid Outage Bid,Project Management,Regulatory,Completed,T-12,05-10-2025,30-10-2025,350524.43,337776.6,BrandSafway,William Carter,FALSE
SG_HGP_2026,South Gen Unit 1,PRJ-SG-1479,T-12: Develop Cost Estimate,Project Management,Financial & Controls,Completed,T-12,05-10-2025,30-10-2025,293520.45,332105.29,GE Vernova,William Carter,FALSE
SG_HGP_2026,South Gen Unit 1,PRJ-SG-1480,T-12: Master LOTO List,Safety & Compliance,LOTO,Completed,T-12,05-10-2025,30-10-2025,252564.12,252301.49,Mistras Group,William Carter,FALSE
SG_HGP_2026,South Gen Unit 1,PRJ-SG-1481,T-12: Contractor Orientation,Project Management,Supply Chain,Completed,T-12,05-10-2025,30-10-2025,295335.68,281616,Siemens Energy,William Carter,FALSE
SG_HGP_2026,South Gen Unit 1,PRJ-SG-1482,T-12: Invoice Reconciliation,Project Management,Financial & Controls,Completed,T-12,05-10-2025,30-10-2025,296950.89,317087.86,Siemens Energy,William Carter,FALSE
SG_HGP_2026,South Gen Unit 1,PRJ-SG-1483,T-12: Invoice Reconciliation,Project Management,Financial & Controls,Completed,T-12,05-10-2025,30-10-2025,330524.68,358943.32,EthosEnergy,William Carter,FALSE
SG_HGP_2026,South Gen Unit 1,PRJ-SG-1484,T-12: Chemical Safety Review,Safety & Compliance,EHS,Completed,T-12,05-10-2025,30-10-2025,291144.61,326611.47,GE Vernova,William Carter,FALSE
SG_HGP_2026,South Gen Unit 1,PRJ-SG-1485,T-12: Submit CapEx Request,Project Management,Financial & Controls,Completed,T-12,05-10-2025,30-10-2025,297774.27,317771.99,BrandSafway,William Carter,FALSE
SG_HGP_2026,South Gen Unit 1,PRJ-SG-1486,T-12: Confined Space Drills,Safety & Compliance,EHS,Completed,T-12,05-10-2025,30-10-2025,349524.75,327833.84,BrandSafway,William Carter,FALSE
SG_HGP_2026,South Gen Unit 1,PRJ-SG-1487,T-12: Invoice Reconciliation,Project Management,Financial & Controls,Completed,T-12,05-10-2025,30-10-2025,262810.87,249187.93,GE Vernova,William Carter,FALSE
SG_HGP_2026,South Gen Unit 1,PRJ-SG-1488,Material: Fuel Nozzle Set (Refurbished),Gas Turbine,Combustion,Planned,T-6,08-04-2026,03-05-2026,985500,0,OEM / Supply Chain,William Carter,FALSE
SG_HGP_2026,South Gen Unit 1,PRJ-SG-1489,Manage PO: Filter Media,Project Management,Supply Chain,Planned,T-6,08-04-2026,03-05-2026,15000,0,OEM / Supply Chain,William Carter,FALSE
SG_HGP_2026,South Gen Unit 1,PRJ-SG-1490,T-6: Fuel Nozzle Swap,Gas Turbine,Combustion,Planned,T-6,08-04-2026,03-05-2026,16096.72,0,BrandSafway,William Carter,FALSE
SG_HGP_2026,South Gen Unit 1,PRJ-SG-1491,T-6: Combustion Chamber Open,Gas Turbine,Combustion,Planned,T-6,08-04-2026,03-05-2026,13868.63,0,BrandSafway,William Carter,FALSE
SG_HGP_2026,South Gen Unit 1,PRJ-SG-1492,T-6: Transition Piece Inspect,Gas Turbine,Combustion,Planned,T-6,08-04-2026,03-05-2026,18568.79,0,Siemens Energy,William Carter,FALSE
SG_HGP_2026,South Gen Unit 1,PRJ-SG-1493,T-6: Condenser Cleaning,Balance of Plant,Cooling Water,Planned,T-6,08-04-2026,03-05-2026,18213.08,0,Mistras Group,William Carter,FALSE
SG_HGP_2026,South Gen Unit 1,PRJ-SG-1494,T-6: IGV Bushing Replace,Gas Turbine,Inlet & Compressor,Planned,T-6,08-04-2026,03-05-2026,16959,0,EthosEnergy,William Carter,FALSE
SG_HGP_2026,South Gen Unit 1,PRJ-SG-1495,T-6: Inlet Filter Inspection,Gas Turbine,Inlet & Compressor,Planned,T-6,08-04-2026,03-05-2026,17574.92,0,Siemens Energy,William Carter,FALSE
SG_HGP_2026,South Gen Unit 1,PRJ-SG-1496,Material: Inlet Filter Elements,Gas Turbine,Inlet & Compressor,Planned,T-3,07-07-2026,01-08-2026,164250,0,OEM / Supply Chain,William Carter,FALSE
SG_HGP_2026,South Gen Unit 1,PRJ-SG-1497,T-3: Inst Air Comp Service,Balance of Plant,Auxiliary,Planned,T-3,07-07-2026,01-08-2026,42163.55,0,United Rentals,William Carter,FALSE
SG_HGP_2026,South Gen Unit 1,PRJ-SG-1498,T-3: Aux Boiler Inspection,Balance of Plant,Auxiliary,Planned,T-3,07-07-2026,01-08-2026,44577.52,0,United Rentals,William Carter,FALSE
SG_HGP_2026,South Gen Unit 1,PRJ-SG-1499,T-3: Bucket Exchange (S1-S3),Gas Turbine,Turbine Section,Planned,T-3,07-07-2026,01-08-2026,43053.9,0,Siemens Energy,William Carter,FALSE
SG_HGP_2026,South Gen Unit 1,PRJ-SG-1500,T-3: Master LOTO List,Safety & Compliance,LOTO,Planned,T-3,07-07-2026,01-08-2026,46796.44,0,Mistras Group,William Carter,FALSE
SG_HGP_2026,South Gen Unit 1,PRJ-SG-1501,T-3: Fuel Nozzle Swap,Gas Turbine,Combustion,Planned,T-3,07-07-2026,01-08-2026,37853.3,0,Mistras Group,William Carter,FALSE
SG_HGP_2026,South Gen Unit 1,PRJ-SG-1502,T-3: Fuel Nozzle Swap,Gas Turbine,Combustion,Planned,T-3,07-07-2026,01-08-2026,33904.72,0,United Rentals,William Carter,FALSE
SG_HGP_2026,South Gen Unit 1,PRJ-SG-1503,T-3: Combustion Chamber Open,Gas Turbine,Combustion,Planned,T-3,07-07-2026,01-08-2026,42136.22,0,GE Vernova,William Carter,FALSE
SG_HGP_2026,South Gen Unit 1,PRJ-SG-1504,T-1: Circ Water Pump Rebuild,Balance of Plant,Cooling Water,Planned,T-1,05-09-2026,30-09-2026,72982.26,0,Local Union 55,William Carter,FALSE
SG_HGP_2026,South Gen Unit 1,PRJ-SG-1505,T-1: Environmental Permit Review,Project Management,Regulatory,Planned,T-1,05-09-2026,30-09-2026,93274.08,0,BrandSafway,William Carter,FALSE
SG_HGP_2026,South Gen Unit 1,PRJ-SG-1506,T-1: Confined Space Drills,Safety & Compliance,EHS,Planned,T-1,05-09-2026,30-09-2026,94962.77,0,Siemens Energy,William Carter,FALSE
SG_HGP_2026,South Gen Unit 1,PRJ-SG-1507,T-1: Bucket Exchange (S1-S3),Gas Turbine,Turbine Section,Planned,T-1,05-09-2026,30-09-2026,73780.76,0,GE Vernova,William Carter,FALSE
SG_HGP_2026,South Gen Unit 1,PRJ-SG-1508,T-1: Submit CapEx Request,Project Management,Financial & Controls,Planned,T-1,05-09-2026,30-09-2026,82267.23,0,EthosEnergy,William Carter,FALSE
SG_HGP_2026,South Gen Unit 1,PRJ-SG-1509,T-1: Battery Bank Test,Balance of Plant,Electrical,Planned,T-1,05-09-2026,30-09-2026,77780.23,0,United Rentals,William Carter,FALSE
SG_HGP_2026,South Gen Unit 1,PRJ-SG-1510,T-1: Walkdown Isolations,Safety & Compliance,LOTO,Planned,T-1,05-09-2026,30-09-2026,68059.09,0,EthosEnergy,William Carter,FALSE
SG_HGP_2026,South Gen Unit 1,PRJ-SG-1511,T-1: Bucket Exchange (S1-S3),Gas Turbine,Turbine Section,Planned,T-1,05-09-2026,30-09-2026,67320.17,0,Local Union 55,William Carter,FALSE
SG_HGP_2026,South Gen Unit 1,PRJ-SG-1512,Execution: Verify Zero Energy,Safety & Compliance,LOTO,Planned,Execution,05-10-2026,19-11-2026,90998.66,0,BrandSafway,William Carter,FALSE
SG_HGP_2026,South Gen Unit 1,PRJ-SG-1513,Execution: Cooling Tower Media Replace,Balance of Plant,Cooling Water,Planned,Execution,05-10-2026,19-11-2026,81199.39,0,GE Vernova,William Carter,FALSE
SG_HGP_2026,South Gen Unit 1,PRJ-SG-1514,Execution: Rotor Inspection,Gas Turbine,Turbine Section,Planned,Execution,05-10-2026,19-11-2026,82293.71,0,BrandSafway,William Carter,FALSE
SG_HGP_2026,South Gen Unit 1,PRJ-SG-1515,Execution: Walkdown Isolations,Safety & Compliance,LOTO,Planned,Execution,05-10-2026,19-11-2026,94806.93,0,Mistras Group,William Carter,FALSE
SG_HGP_2026,South Gen Unit 1,PRJ-SG-1516,Execution: Master LOTO List,Safety & Compliance,LOTO,Planned,Execution,05-10-2026,19-11-2026,75119.88,0,Local Union 55,William Carter,FALSE
SG_HGP_2026,South Gen Unit 1,PRJ-SG-1517,Execution: Inst Air Comp Service,Balance of Plant,Auxiliary,Planned,Execution,05-10-2026,19-11-2026,77496.33,0,GE Vernova,William Carter,FALSE
SG_HGP_2026,South Gen Unit 1,PRJ-SG-1518,Execution: Invoice Reconciliation,Project Management,Financial & Controls,Planned,Execution,05-10-2026,19-11-2026,84279.92,0,Local Union 55,William Carter,FALSE
SG_HGP_2026,South Gen Unit 1,PRJ-SG-1519,Execution: Environmental Permit Review,Project Management,Regulatory,Planned,Execution,05-10-2026,19-11-2026,76661.22,0,Mistras Group,William Carter,FALSE
SG_HGP_2026,South Gen Unit 1,PRJ-SG-1520,Execution: Turbine Shell Lift,Gas Turbine,Turbine Section,Planned,Execution,05-10-2026,19-11-2026,86204.4,0,BrandSafway,William Carter,FALSE
SG_HGP_2026,South Gen Unit 1,PRJ-SG-1521,Execution: Environmental Permit Review,Project Management,Regulatory,Planned,Execution,05-10-2026,19-11-2026,97986.66,0,Siemens Energy,William Carter,FALSE
SG_HGP_2026,South Gen Unit 1,PRJ-SG-1522,Execution: Aux Boiler Inspection,Balance of Plant,Auxiliary,Planned,Execution,05-10-2026,19-11-2026,97953.12,0,Mistras Group,William Carter,FALSE
SG_HGP_2026,South Gen Unit 1,PRJ-SG-1523,Execution: Confined Space Drills,Safety & Compliance,EHS,Planned,Execution,05-10-2026,19-11-2026,96050.27,0,Local Union 55,William Carter,FALSE
SG_HGP_2026,South Gen Unit 1,PRJ-SG-1524,Execution: Daily Safety Audit,Safety & Compliance,EHS,Planned,Execution,05-10-2026,19-11-2026,84517.64,0,Mistras Group,William Carter,FALSE
SG_HGP_2026,South Gen Unit 1,PRJ-SG-1525,Execution: Contractor Orientation,Project Management,Supply Chain,Planned,Execution,05-10-2026,19-11-2026,103542.25,0,Siemens Energy,William Carter,FALSE
SG_HGP_2026,South Gen Unit 1,PRJ-SG-1526,EMERGENT: Turbine Shell Lift - Repair,Gas Turbine,Turbine Section,Planned,Execution,05-10-2026,19-11-2026,77888.22,0,Mistras Group,William Carter,FALSE
SG_HGP_2026,South Gen Unit 1,PRJ-SG-1527,Execution: Compressor Wash,Gas Turbine,Inlet & Compressor,Planned,Execution,05-10-2026,19-11-2026,86373.16,0,Siemens Energy,William Carter,FALSE
SG_HGP_2026,South Gen Unit 1,PRJ-SG-1528,Execution: Air Monitoring Setup,Safety & Compliance,EHS,Planned,Execution,05-10-2026,19-11-2026,94904.63,0,BrandSafway,William Carter,FALSE
SG_HGP_2026,South Gen Unit 1,PRJ-SG-1529,Execution: Invoice Reconciliation,Project Management,Financial & Controls,Planned,Execution,05-10-2026,19-11-2026,105986.23,0,United Rentals,William Carter,FALSE
SG_HGP_2026,South Gen Unit 1,PRJ-SG-1530,Execution: Contractor Orientation,Project Management,Supply Chain,Planned,Execution,05-10-2026,19-11-2026,81444.28,0,BrandSafway,William Carter,FALSE
SG_HGP_2026,South Gen Unit 1,PRJ-SG-1531,Execution: Fuel Nozzle Swap,Gas Turbine,Combustion,Planned,Execution,05-10-2026,19-11-2026,98908.82,0,Siemens Energy,William Carter,FALSE
SG_HGP_2026,South Gen Unit 1,PRJ-SG-1532,Execution: Contractor Orientation,Project Management,Supply Chain,Planned,Execution,05-10-2026,19-11-2026,80418.83,0,GE Vernova,William Carter,FALSE
SG_HGP_2026,South Gen Unit 1,PRJ-SG-1533,Execution: Combustion Chamber Open,Gas Turbine,Combustion,Planned,Execution,05-10-2026,19-11-2026,82347.07,0,BrandSafway,William Carter,FALSE
SG_HGP_2026,South Gen Unit 1,PRJ-SG-1534,Execution: Cooling Tower Media Replace,Balance of Plant,Cooling Water,Planned,Execution,05-10-2026,19-11-2026,77112.35,0,Siemens Energy,William Carter,FALSE
SG_HGP_2026,South Gen Unit 1,PRJ-SG-1535,Execution: Master LOTO List,Safety & Compliance,LOTO,Planned,Execution,05-10-2026,19-11-2026,74727.61,0,Mistras Group,William Carter,FALSE
SG_HGP_2026,South Gen Unit 1,PRJ-SG-1536,EMERGENT: Transition Piece Inspect - Repair,Gas Turbine,Combustion,Planned,Execution,05-10-2026,19-11-2026,98731.02,0,Siemens Energy,William Carter,FALSE
SG_HGP_2026,South Gen Unit 1,PRJ-SG-1537,Execution: Battery Bank Test,Balance of Plant,Electrical,Planned,Execution,05-10-2026,19-11-2026,78103.34,0,Mistras Group,William Carter,FALSE
SG_HGP_2026,South Gen Unit 1,PRJ-SG-1538,Execution: Budget Approval,Project Management,Financial & Controls,Planned,Execution,05-10-2026,19-11-2026,102609.12,0,Local Union 55,William Carter,FALSE
SG_HGP_2026,South Gen Unit 1,PRJ-SG-1539,Execution: Inlet Filter Inspection,Gas Turbine,Inlet & Compressor,Planned,Execution,05-10-2026,19-11-2026,76962.33,0,United Rentals,William Carter,FALSE
SG_HGP_2026,South Gen Unit 1,PRJ-SG-1540,Execution: Confined Space Drills,Safety & Compliance,EHS,Planned,Execution,05-10-2026,19-11-2026,78894.61,0,United Rentals,William Carter,FALSE
SG_HGP_2026,South Gen Unit 1,PRJ-SG-1541,Execution: Fuel Nozzle Swap,Gas Turbine,Combustion,Planned,Execution,05-10-2026,19-11-2026,77330.58,0,Local Union 55,William Carter,FALSE
SG_HGP_2026,South Gen Unit 1,PRJ-SG-1542,Execution: Air Monitoring Setup,Safety & Compliance,EHS,Planned,Execution,05-10-2026,19-11-2026,97518.59,0,BrandSafway,William Carter,FALSE
SG_HGP_2026,South Gen Unit 1,PRJ-SG-1543,Execution: Condenser Cleaning,Balance of Plant,Cooling Water,Planned,Execution,05-10-2026,19-11-2026,78410.85,0,EthosEnergy,William Carter,FALSE
SG_HGP_2026,South Gen Unit 1,PRJ-SG-1544,Execution: Verify Zero Energy,Safety & Compliance,LOTO,Planned,Execution,05-10-2026,19-11-2026,81573.77,0,BrandSafway,William Carter,FALSE
SG_HGP_2026,South Gen Unit 1,PRJ-SG-1545,Execution: Confined Space Drills,Safety & Compliance,EHS,Planned,Execution,05-10-2026,19-11-2026,86440.49,0,EthosEnergy,William Carter,FALSE
SG_HGP_2026,South Gen Unit 1,PRJ-SG-1546,EMERGENT: Invoice Reconciliation - Repair,Project Management,Financial & Controls,Planned,Execution,05-10-2026,19-11-2026,91791.79,0,Local Union 55,William Carter,FALSE
SG_HGP_2026,South Gen Unit 1,PRJ-SG-1547,Execution: Condenser Cleaning,Balance of Plant,Cooling Water,Planned,Execution,05-10-2026,19-11-2026,91682.7,0,Mistras Group,William Carter,FALSE
SG_HGP_2026,South Gen Unit 1,PRJ-SG-1548,Execution: Budget Approval,Project Management,Financial & Controls,Planned,Execution,05-10-2026,19-11-2026,91300.53,0,BrandSafway,William Carter,FALSE
SG_HGP_2026,South Gen Unit 1,PRJ-SG-1549,Execution: Environmental Permit Review,Project Management,Regulatory,Planned,Execution,05-10-2026,19-11-2026,98059.39,0,Local Union 55,William Carter,FALSE
SG_HGP_2026,South Gen Unit 1,PRJ-SG-1550,Execution: Walkdown Isolations,Safety & Compliance,LOTO,Planned,Execution,05-10-2026,19-11-2026,99583.7,0,GE Vernova,William Carter,FALSE
SG_HGP_2026,South Gen Unit 1,PRJ-SG-1551,EMERGENT: Invoice Reconciliation - Repair,Project Management,Financial & Controls,Planned,Execution,05-10-2026,19-11-2026,91933.09,0,BrandSafway,William Carter,FALSE
SG_HGP_2026,South Gen Unit 1,PRJ-SG-1552,Execution: Air Monitoring Setup,Safety & Compliance,EHS,Planned,Execution,05-10-2026,19-11-2026,106790.8,0,EthosEnergy,William Carter,FALSE
SG_HGP_2026,South Gen Unit 1,PRJ-SG-1553,EMERGENT: Cooling Tower Media Replace - Repair,Balance of Plant,Cooling Water,Planned,Execution,05-10-2026,19-11-2026,86740.74,0,EthosEnergy,William Carter,FALSE
SG_HGP_2026,South Gen Unit 1,PRJ-SG-1554,Execution: Turbine Shell Lift,Gas Turbine,Turbine Section,Planned,Execution,05-10-2026,19-11-2026,80975.71,0,GE Vernova,William Carter,FALSE
SG_HGP_2026,South Gen Unit 1,PRJ-SG-1555,Execution: Air Monitoring Setup,Safety & Compliance,EHS,Planned,Execution,05-10-2026,19-11-2026,77536.74,0,United Rentals,William Carter,FALSE
SG_HGP_2026,South Gen Unit 1,PRJ-SG-1556,EMERGENT: Develop Cost Estimate - Repair,Project Management,Financial & Controls,Planned,Execution,05-10-2026,19-11-2026,100264.09,0,Local Union 55,William Carter,FALSE
SG_HGP_2026,South Gen Unit 1,PRJ-SG-1557,EMERGENT: Battery Bank Test - Repair,Balance of Plant,Electrical,Planned,Execution,05-10-2026,19-11-2026,78989.06,0,BrandSafway,William Carter,FALSE
SG_HGP_2026,South Gen Unit 1,PRJ-SG-1558,Execution: Environmental Permit Review,Project Management,Regulatory,Planned,Execution,05-10-2026,19-11-2026,95867.68,0,Local Union 55,William Carter,FALSE
SG_HGP_2026,South Gen Unit 1,PRJ-SG-1559,Execution: Air Monitoring Setup,Safety & Compliance,EHS,Planned,Execution,05-10-2026,19-11-2026,75149.15,0,Mistras Group,William Carter,FALSE
SG_HGP_2026,South Gen Unit 1,PRJ-SG-1560,Execution: Mobilization,Project Management,Supply Chain,Planned,Execution,05-10-2026,19-11-2026,88698.99,0,GE Vernova,William Carter,FALSE
SG_HGP_2026,South Gen Unit 1,PRJ-SG-1561,Execution: Verify Zero Energy,Safety & Compliance,LOTO,Planned,Execution,05-10-2026,19-11-2026,76555.63,0,GE Vernova,William Carter,FALSE
SG_HGP_2026,South Gen Unit 1,PRJ-SG-1562,EMERGENT: Print Tags - Repair,Safety & Compliance,LOTO,Planned,Execution,05-10-2026,19-11-2026,105929.04,0,GE Vernova,William Carter,FALSE
SG_HGP_2026,South Gen Unit 1,PRJ-SG-1563,Execution: Grid Outage Bid,Project Management,Regulatory,Planned,Execution,05-10-2026,19-11-2026,74036.36,0,Siemens Energy,William Carter,FALSE
SG_HGP_2026,South Gen Unit 1,PRJ-SG-1564,EMERGENT: Invoice Reconciliation - Repair,Project Management,Financial & Controls,Planned,Execution,05-10-2026,19-11-2026,106838.72,0,Mistras Group,William Carter,FALSE
SG_HGP_2026,South Gen Unit 1,PRJ-SG-1565,Execution: Cooling Tower Media Replace,Balance of Plant,Cooling Water,Planned,Execution,05-10-2026,19-11-2026,102230.3,0,GE Vernova,William Carter,FALSE
SG_HGP_2026,South Gen Unit 1,PRJ-SG-1566,Execution: Transition Piece Inspect,Gas Turbine,Combustion,Planned,Execution,05-10-2026,19-11-2026,98469.67,0,BrandSafway,William Carter,FALSE
SG_HGP_2026,South Gen Unit 1,PRJ-SG-1567,Execution: Inst Air Comp Service,Balance of Plant,Auxiliary,Planned,Execution,05-10-2026,19-11-2026,96803.19,0,Local Union 55,William Carter,FALSE
SG_HGP_2026,South Gen Unit 1,PRJ-SG-1568,Execution: Compressor Wash,Gas Turbine,Inlet & Compressor,Planned,Execution,05-10-2026,19-11-2026,75822.69,0,Mistras Group,William Carter,FALSE
SG_HGP_2026,South Gen Unit 1,PRJ-SG-1569,Execution: Battery Bank Test,Balance of Plant,Electrical,Planned,Execution,05-10-2026,19-11-2026,85819.65,0,United Rentals,William Carter,FALSE
SG_HGP_2026,South Gen Unit 1,PRJ-SG-1570,Execution: Fuel Nozzle Swap,Gas Turbine,Combustion,Planned,Execution,05-10-2026,19-11-2026,94056,0,Mistras Group,William Carter,FALSE
SG_HGP_2026,South Gen Unit 1,PRJ-SG-1571,EMERGENT: Daily Safety Audit - Repair,Safety & Compliance,EHS,Planned,Execution,05-10-2026,19-11-2026,85573.21,0,United Rentals,William Carter,FALSE
SG_HGP_2026,South Gen Unit 1,PRJ-SG-1572,Execution: Rotor Inspection,Gas Turbine,Turbine Section,Planned,Execution,05-10-2026,19-11-2026,94850.46,0,Siemens Energy,William Carter,FALSE
SG_HGP_2026,South Gen Unit 1,PRJ-SG-1573,EMERGENT: Environmental Permit Review - Repair,Project Management,Regulatory,Planned,Execution,05-10-2026,19-11-2026,103732.18,0,Mistras Group,William Carter,FALSE
SG_HGP_2026,South Gen Unit 1,PRJ-SG-1574,Execution: Turbine Shell Lift,Gas Turbine,Turbine Section,Planned,Execution,05-10-2026,19-11-2026,102202.39,0,GE Vernova,William Carter,FALSE
SG_HGP_2026,South Gen Unit 1,PRJ-SG-1575,Execution: Inlet Filter Inspection,Gas Turbine,Inlet & Compressor,Planned,Execution,05-10-2026,19-11-2026,80536.33,0,Siemens Energy,William Carter,FALSE
SG_HGP_2026,South Gen Unit 1,PRJ-SG-1576,Execution: Cross-Fire Tube Check,Gas Turbine,Combustion,Planned,Execution,05-10-2026,19-11-2026,75864.68,0,EthosEnergy,William Carter,FALSE
SG_HGP_2026,South Gen Unit 1,PRJ-SG-1577,Execution: Chemical Safety Review,Safety & Compliance,EHS,Planned,Execution,05-10-2026,19-11-2026,77952.29,0,Local Union 55,William Carter,FALSE
SG_HGP_2026,South Gen Unit 1,PRJ-SG-1578,Execution: Develop Cost Estimate,Project Management,Financial & Controls,Planned,Execution,05-10-2026,19-11-2026,90903.52,0,Local Union 55,William Carter,FALSE
SG_HGP_2026,South Gen Unit 1,PRJ-SG-1579,EMERGENT: Inlet Filter Inspection - Repair,Gas Turbine,Inlet & Compressor,Planned,Execution,05-10-2026,19-11-2026,96972.95,0,Mistras Group,William Carter,FALSE
SG_HGP_2026,South Gen Unit 1,PRJ-SG-1580,EMERGENT: Turbine Shell Lift - Repair,Gas Turbine,Turbine Section,Planned,Execution,05-10-2026,19-11-2026,101986.81,0,Mistras Group,William Carter,FALSE
SG_HGP_2026,South Gen Unit 1,PRJ-SG-1581,Execution: Confined Space Drills,Safety & Compliance,EHS,Planned,Execution,05-10-2026,19-11-2026,88305.09,0,GE Vernova,William Carter,FALSE
SG_HGP_2026,South Gen Unit 1,PRJ-SG-1582,EMERGENT: Scope Freeze Meeting - Repair,Project Management,Supply Chain,Planned,Execution,05-10-2026,19-11-2026,84593.36,0,GE Vernova,William Carter,FALSE
SG_HGP_2026,South Gen Unit 1,PRJ-SG-1583,Execution: Inst Air Comp Service,Balance of Plant,Auxiliary,Planned,Execution,05-10-2026,19-11-2026,90172.16,0,EthosEnergy,William Carter,FALSE
SG_HGP_2026,South Gen Unit 1,PRJ-SG-1584,Execution: Shroud Block Replace,Gas Turbine,Turbine Section,Planned,Execution,05-10-2026,19-11-2026,74044.83,0,Local Union 55,William Carter,FALSE
SG_HGP_2026,South Gen Unit 1,PRJ-SG-1585,Execution: Switchgear Testing,Balance of Plant,Electrical,Planned,Execution,05-10-2026,19-11-2026,81491.01,0,Mistras Group,William Carter,FALSE
SG_HGP_2026,South Gen Unit 1,PRJ-SG-1586,Execution: Daily Safety Audit,Safety & Compliance,EHS,Planned,Execution,05-10-2026,19-11-2026,97478.24,0,Local Union 55,William Carter,FALSE
SG_HGP_2026,South Gen Unit 1,PRJ-SG-1587,Execution: GSU Oil Analysis,Balance of Plant,Electrical,Planned,Execution,05-10-2026,19-11-2026,96781.24,0,Siemens Energy,William Carter,FALSE
SG_HGP_2026,South Gen Unit 1,PRJ-SG-1588,Execution: Rotor Inspection,Gas Turbine,Turbine Section,Planned,Execution,05-10-2026,19-11-2026,71918.74,0,GE Vernova,William Carter,FALSE
SG_HGP_2026,South Gen Unit 1,PRJ-SG-1589,Execution: Shroud Block Replace,Gas Turbine,Turbine Section,Planned,Execution,05-10-2026,19-11-2026,77165.23,0,United Rentals,William Carter,FALSE
SG_HGP_2026,South Gen Unit 1,PRJ-SG-1590,Execution: GSU Oil Analysis,Balance of Plant,Electrical,Planned,Execution,05-10-2026,19-11-2026,90404.34,0,Local Union 55,William Carter,FALSE
SG_HGP_2026,South Gen Unit 1,PRJ-SG-1591,Execution: Daily Safety Audit,Safety & Compliance,EHS,Planned,Execution,05-10-2026,19-11-2026,75098.8,0,BrandSafway,William Carter,FALSE
SG_HGP_2026,South Gen Unit 1,PRJ-SG-1592,Execution: Chemical Safety Review,Safety & Compliance,EHS,Planned,Execution,05-10-2026,19-11-2026,102847.63,0,Mistras Group,William Carter,FALSE
SG_HGP_2026,South Gen Unit 1,PRJ-SG-1593,EMERGENT: Environmental Permit Review - Repair,Project Management,Regulatory,Planned,Execution,05-10-2026,19-11-2026,84992.44,0,Local Union 55,William Carter,FALSE
SG_HGP_2026,South Gen Unit 1,PRJ-SG-1594,Execution: Shroud Block Replace,Gas Turbine,Turbine Section,Planned,Execution,05-10-2026,19-11-2026,91749.71,0,Local Union 55,William Carter,FALSE
SG_HGP_2026,South Gen Unit 1,PRJ-SG-1595,Execution: Budget Approval,Project Management,Financial & Controls,Planned,Execution,05-10-2026,19-11-2026,100173.49,0,GE Vernova,William Carter,FALSE
SG_HGP_2026,South Gen Unit 1,PRJ-SG-1596,EMERGENT: Submit CapEx Request - Repair,Project Management,Financial & Controls,Planned,Execution,05-10-2026,19-11-2026,72610.37,0,GE Vernova,William Carter,FALSE
SG_HGP_2026,South Gen Unit 1,PRJ-SG-1597,EMERGENT: Bucket Exchange (S1-S3) - Repair,Gas Turbine,Turbine Section,Planned,Execution,05-10-2026,19-11-2026,98581.47,0,Mistras Group,William Carter,FALSE
SG_HGP_2026,South Gen Unit 1,PRJ-SG-1598,Execution: Circ Water Pump Rebuild,Balance of Plant,Cooling Water,Planned,Execution,05-10-2026,19-11-2026,77907.15,0,United Rentals,William Carter,FALSE
SG_HGP_2026,South Gen Unit 1,PRJ-SG-1599,Execution: IGV Bushing Replace,Gas Turbine,Inlet & Compressor,Planned,Execution,05-10-2026,19-11-2026,73321.32,0,United Rentals,William Carter,FALSE
SG_HGP_2026,South Gen Unit 1,PRJ-SG-1600,EMERGENT: Scope Freeze Meeting - Repair,Project Management,Supply Chain,Planned,Execution,05-10-2026,19-11-2026,91821.65,0,Mistras Group,William Carter,FALSE
SG_HGP_2026,South Gen Unit 1,PRJ-SG-1601,EMERGENT: HazWaste Permit - Repair,Project Management,Regulatory,Planned,Execution,05-10-2026,19-11-2026,72428.42,0,United Rentals,William Carter,FALSE
SG_HGP_2026,South Gen Unit 1,PRJ-SG-1602,EMERGENT: Circ Water Pump Rebuild - Repair,Balance of Plant,Cooling Water,Planned,Execution,05-10-2026,19-11-2026,84876.51,0,BrandSafway,William Carter,FALSE
SG_HGP_2026,South Gen Unit 1,PRJ-SG-1603,Execution: Verify Zero Energy,Safety & Compliance,LOTO,Planned,Execution,05-10-2026,19-11-2026,101241.07,0,Siemens Energy,William Carter,FALSE
SG_HGP_2026,South Gen Unit 1,PRJ-SG-1604,Execution: Develop Cost Estimate,Project Management,Financial & Controls,Planned,Execution,05-10-2026,19-11-2026,74834.08,0,United Rentals,William Carter,FALSE
SG_HGP_2026,South Gen Unit 1,PRJ-SG-1605,Execution: Compressor Borescope,Gas Turbine,Inlet & Compressor,Planned,Execution,05-10-2026,19-11-2026,88471.87,0,GE Vernova,William Carter,FALSE
SG_HGP_2026,South Gen Unit 1,PRJ-SG-1606,EMERGENT: Bucket Exchange (S1-S3) - Repair,Gas Turbine,Turbine Section,Planned,Execution,05-10-2026,19-11-2026,94115.56,0,Siemens Energy,William Carter,FALSE
SG_HGP_2026,South Gen Unit 1,PRJ-SG-1607,Execution: Scope Freeze Meeting,Project Management,Supply Chain,Planned,Execution,05-10-2026,19-11-2026,100767.75,0,Siemens Energy,William Carter,FALSE
SG_HGP_2026,South Gen Unit 1,PRJ-SG-1608,Execution: Print Tags,Safety & Compliance,LOTO,Planned,Execution,05-10-2026,19-11-2026,79081.63,0,Mistras Group,William Carter,FALSE
SG_HGP_2026,South Gen Unit 1,PRJ-SG-1609,Execution: Verify Zero Energy,Safety & Compliance,LOTO,Planned,Execution,05-10-2026,19-11-2026,107573.79,0,United Rentals,William Carter,FALSE
SG_HGP_2026,South Gen Unit 1,PRJ-SG-1610,EMERGENT: Demin Plant Service - Repair,Balance of Plant,Auxiliary,Planned,Execution,05-10-2026,19-11-2026,75447.67,0,BrandSafway,William Carter,FALSE
SG_HGP_2026,South Gen Unit 1,PRJ-SG-1611,Execution: Aux Boiler Inspection,Balance of Plant,Auxiliary,Planned,Execution,05-10-2026,19-11-2026,103252.04,0,Local Union 55,William Carter,FALSE
SG_HGP_2026,South Gen Unit 1,PRJ-SG-1612,Execution: Cross-Fire Tube Check,Gas Turbine,Combustion,Planned,Execution,05-10-2026,19-11-2026,79833.82,0,Local Union 55,William Carter,FALSE
SG_HGP_2026,South Gen Unit 1,PRJ-SG-1613,Execution: Cross-Fire Tube Check,Gas Turbine,Combustion,Planned,Execution,05-10-2026,19-11-2026,93239.05,0,Local Union 55,William Carter,FALSE
SG_HGP_2026,South Gen Unit 1,PRJ-SG-1614,Execution: Contractor Orientation,Project Management,Supply Chain,Planned,Execution,05-10-2026,19-11-2026,79409.37,0,BrandSafway,William Carter,FALSE
SG_HGP_2026,South Gen Unit 1,PRJ-SG-1615,EMERGENT: Battery Bank Test - Repair,Balance of Plant,Electrical,Planned,Execution,05-10-2026,19-11-2026,93924.41,0,EthosEnergy,William Carter,FALSE
SG_HGP_2026,South Gen Unit 1,PRJ-SG-1616,Execution: Walkdown Isolations,Safety & Compliance,LOTO,Planned,Execution,05-10-2026,19-11-2026,74144.8,0,Siemens Energy,William Carter,FALSE
SG_HGP_2026,South Gen Unit 1,PRJ-SG-1617,T+1: Confined Space Drills,Safety & Compliance,EHS,Planned,T+1,19-11-2026,19-12-2026,72268.94,0,EthosEnergy,William Carter,FALSE
SG_HGP_2026,South Gen Unit 1,PRJ-SG-1618,T+1: Switchgear Testing,Balance of Plant,Electrical,Planned,T+1,19-11-2026,19-12-2026,83782.17,0,EthosEnergy,William Carter,FALSE
SG_HGP_2026,South Gen Unit 1,PRJ-SG-1619,T+1: Master LOTO List,Safety & Compliance,LOTO,Planned,T+1,19-11-2026,19-12-2026,80965.99,0,GE Vernova,William Carter,FALSE
SG_HGP_2026,South Gen Unit 1,PRJ-SG-1620,T+1: Confined Space Drills,Safety & Compliance,EHS,Planned,T+1,19-11-2026,19-12-2026,88944.01,0,EthosEnergy,William Carter,FALSE
SG_HGP_2026,South Gen Unit 1,PRJ-SG-1621,T+1: Contractor Orientation,Project Management,Supply Chain,Planned,T+1,19-11-2026,19-12-2026,79438.24,0,Siemens Energy,William Carter,FALSE
SG_HGP_2026,South Gen Unit 1,PRJ-SG-1622,T+1: Confined Space Drills,Safety & Compliance,EHS,Planned,T+1,19-11-2026,19-12-2026,82292.26,0,United Rentals,William Carter,FALSE
SG_HGP_2026,South Gen Unit 1,PRJ-SG-1623,T+1: Environmental Permit Review,Project Management,Regulatory,Planned,T+1,19-11-2026,19-12-2026,82876.6,0,GE Vernova,William Carter,FALSE
SG_HGP_2026,South Gen Unit 1,PRJ-SG-1624,T+1: Submit CapEx Request,Project Management,Financial & Controls,Planned,T+1,19-11-2026,19-12-2026,75643.97,0,United Rentals,William Carter,FALSE
SG_HGP_2026,South Gen Unit 1,PRJ-SG-1625,T+1: Confined Space Drills,Safety & Compliance,EHS,Planned,T+1,19-11-2026,19-12-2026,72973.98,0,Mistras Group,William Carter,FALSE
SG_HGP_2026,South Gen Unit 1,PRJ-SG-1626,T+1: HazWaste Permit,Project Management,Regulatory,Planned,T+1,19-11-2026,19-12-2026,72463.58,0,United Rentals,William Carter,FALSE
SG_HGP_2026,South Gen Unit 1,PRJ-SG-1627,T+1: Air Monitoring Setup,Safety & Compliance,EHS,Planned,T+1,19-11-2026,19-12-2026,100828.92,0,GE Vernova,William Carter,FALSE
SG_HGP_2026,South Gen Unit 1,PRJ-SG-1628,T+1: Contractor Orientation,Project Management,Supply Chain,Planned,T+1,19-11-2026,19-12-2026,85044.19,0,United Rentals,William Carter,FALSE
SG_HGP_2026,South Gen Unit 1,PRJ-SG-1629,T+1: Print Tags,Safety & Compliance,LOTO,Planned,T+1,19-11-2026,19-12-2026,80515.49,0,Mistras Group,William Carter,FALSE
MG_HGP_2026,Metro Gen CC,PRJ-MG-1630,T-24: Confined Space Drills,Safety & Compliance,EHS,Completed,T-24,15-08-2024,09-09-2024,57249.06,58620.89,Mistras Group,Lisa Johnson,FALSE
MG_HGP_2026,Metro Gen CC,PRJ-MG-1631,T-24: Submit CapEx Request,Project Management,Financial & Controls,Completed,T-24,15-08-2024,09-09-2024,49340.68,47932.95,United Rentals,Lisa Johnson,FALSE
MG_HGP_2026,Metro Gen CC,PRJ-MG-1632,T-24: Verify Zero Energy,Safety & Compliance,LOTO,Completed,T-24,15-08-2024,09-09-2024,60653.23,69092.77,Siemens Energy,Lisa Johnson,FALSE
MG_HGP_2026,Metro Gen CC,PRJ-MG-1633,T-24: Invoice Reconciliation,Project Management,Financial & Controls,Completed,T-24,15-08-2024,09-09-2024,60447.51,63034.74,GE Vernova,Lisa Johnson,FALSE
MG_HGP_2026,Metro Gen CC,PRJ-MG-1634,T-24: Print Tags,Safety & Compliance,LOTO,Completed,T-24,15-08-2024,09-09-2024,65011.9,62187.66,GE Vernova,Lisa Johnson,FALSE
MG_HGP_2026,Metro Gen CC,PRJ-MG-1635,T-24: Submit CapEx Request,Project Management,Financial & Controls,Completed,T-24,15-08-2024,09-09-2024,52583.18,50426.89,Siemens Energy,Lisa Johnson,FALSE
MG_HGP_2026,Metro Gen CC,PRJ-MG-1636,T-24: Daily Safety Audit,Safety & Compliance,EHS,Completed,T-24,15-08-2024,09-09-2024,51311.45,49432.48,EthosEnergy,Lisa Johnson,FALSE
MG_HGP_2026,Metro Gen CC,PRJ-MG-1637,T-24: Master LOTO List,Safety & Compliance,LOTO,Completed,T-24,15-08-2024,09-09-2024,64370.5,72720.82,Local Union 55,Lisa Johnson,FALSE
MG_HGP_2026,Metro Gen CC,PRJ-MG-1638,Manage PO: HGP Hardware,Project Management,Supply Chain,Completed,T-18,21-02-2025,18-03-2025,15000,13736.62,OEM / Supply Chain,Lisa Johnson,FALSE
MG_HGP_2026,Metro Gen CC,PRJ-MG-1639,Manage PO: Combustion Parts,Project Management,Supply Chain,Completed,T-18,21-02-2025,18-03-2025,15000,15622.78,OEM / Supply Chain,Lisa Johnson,FALSE
MG_HGP_2026,Metro Gen CC,PRJ-MG-1640,T-18: Environmental Permit Review,Project Management,Regulatory,Completed,T-18,21-02-2025,18-03-2025,202678.45,192365.28,Siemens Energy,Lisa Johnson,FALSE
MG_HGP_2026,Metro Gen CC,PRJ-MG-1641,T-18: Chemical Safety Review,Safety & Compliance,EHS,Completed,T-18,21-02-2025,18-03-2025,195309.01,200531.6,BrandSafway,Lisa Johnson,FALSE
MG_HGP_2026,Metro Gen CC,PRJ-MG-1642,T-18: Verify Zero Energy,Safety & Compliance,LOTO,Completed,T-18,21-02-2025,18-03-2025,177337.71,169040.16,GE Vernova,Lisa Johnson,FALSE
MG_HGP_2026,Metro Gen CC,PRJ-MG-1643,T-18: Grid Outage Bid,Project Management,Regulatory,Completed,T-18,21-02-2025,18-03-2025,166263.02,161107.92,Mistras Group,Lisa Johnson,FALSE
MG_HGP_2026,Metro Gen CC,PRJ-MG-1644,T-18: RFP General Contractor,Project Management,Supply Chain,Completed,T-18,21-02-2025,18-03-2025,206972.24,212797.63,Mistras Group,Lisa Johnson,FALSE
MG_HGP_2026,Metro Gen CC,PRJ-MG-1645,T-18: Walkdown Isolations,Safety & Compliance,LOTO,Completed,T-18,21-02-2025,18-03-2025,148223.47,151947.91,GE Vernova,Lisa Johnson,FALSE
MG_HGP_2026,Metro Gen CC,PRJ-MG-1646,Material: Stage 1 Buckets & Nozzles,Gas Turbine,Hot Gas Path,Completed,T-12,15-08-2025,09-09-2025,2640000,2739908.74,OEM / Supply Chain,Lisa Johnson,FALSE
MG_HGP_2026,Metro Gen CC,PRJ-MG-1647,T-12: Verify Zero Energy,Safety & Compliance,LOTO,Completed,T-12,15-08-2025,09-09-2025,298821.05,270647.2,Local Union 55,Lisa Johnson,FALSE
MG_HGP_2026,Metro Gen CC,PRJ-MG-1648,T-12: Mobilization,Project Management,Supply Chain,Completed,T-12,15-08-2025,09-09-2025,276595.33,311181.64,United Rentals,Lisa Johnson,FALSE
MG_HGP_2026,Metro Gen CC,PRJ-MG-1649,T-12: Scope Freeze Meeting,Project Management,Supply Chain,Completed,T-12,15-08-2025,09-09-2025,371094.26,365581.93,Local Union 55,Lisa Johnson,FALSE
MG_HGP_2026,Metro Gen CC,PRJ-MG-1650,T-12: Contractor Orientation,Project Management,Supply Chain,Completed,T-12,15-08-2025,09-09-2025,302066.72,303235.24,EthosEnergy,Lisa Johnson,FALSE
MG_HGP_2026,Metro Gen CC,PRJ-MG-1651,T-12: Contractor Orientation,Project Management,Supply Chain,Completed,T-12,15-08-2025,09-09-2025,315768.27,352298.99,Mistras Group,Lisa Johnson,FALSE
MG_HGP_2026,Metro Gen CC,PRJ-MG-1652,T-12: Air Monitoring Setup,Safety & Compliance,EHS,Completed,T-12,15-08-2025,09-09-2025,361289.3,329558.65,United Rentals,Lisa Johnson,FALSE
MG_HGP_2026,Metro Gen CC,PRJ-MG-1653,T-12: Invoice Reconciliation,Project Management,Financial & Controls,Completed,T-12,15-08-2025,09-09-2025,330576.7,372941.24,Local Union 55,Lisa Johnson,FALSE
MG_HGP_2026,Metro Gen CC,PRJ-MG-1654,T-12: Submit CapEx Request,Project Management,Financial & Controls,Completed,T-12,15-08-2025,09-09-2025,370252.16,334613.86,Mistras Group,Lisa Johnson,FALSE
MG_HGP_2026,Metro Gen CC,PRJ-MG-1655,T-12: Air Monitoring Setup,Safety & Compliance,EHS,Completed,T-12,15-08-2025,09-09-2025,259270.33,248615.96,Mistras Group,Lisa Johnson,FALSE
MG_HGP_2026,Metro Gen CC,PRJ-MG-1656,T-12: Daily Safety Audit,Safety & Compliance,EHS,Completed,T-12,15-08-2025,09-09-2025,378692.6,377713.06,Mistras Group,Lisa Johnson,FALSE
MG_HGP_2026,Metro Gen CC,PRJ-MG-1657,T-12: Mobilization,Project Management,Supply Chain,Completed,T-12,15-08-2025,09-09-2025,369861.99,392963.59,GE Vernova,Lisa Johnson,FALSE
MG_HGP_2026,Metro Gen CC,PRJ-MG-1658,T-12: Confined Space Drills,Safety & Compliance,EHS,Completed,T-12,15-08-2025,09-09-2025,308391.02,292131.73,United Rentals,Lisa Johnson,FALSE
MG_HGP_2026,Metro Gen CC,PRJ-MG-1659,T-12: Scope Freeze Meeting,Project Management,Supply Chain,Completed,T-12,15-08-2025,09-09-2025,353619.73,355733.57,Local Union 55,Lisa Johnson,FALSE
MG_HGP_2026,Metro Gen CC,PRJ-MG-1660,T-12: Budget Approval,Project Management,Financial & Controls,Completed,T-12,15-08-2025,09-09-2025,283908.69,274012.87,United Rentals,Lisa Johnson,FALSE
MG_HGP_2026,Metro Gen CC,PRJ-MG-1661,T-12: Submit CapEx Request,Project Management,Financial & Controls,Completed,T-12,15-08-2025,09-09-2025,278598.54,279812.78,Siemens Energy,Lisa Johnson,FALSE
MG_HGP_2026,Metro Gen CC,PRJ-MG-1662,T-12: Mobilization,Project Management,Supply Chain,Completed,T-12,15-08-2025,09-09-2025,319390.79,327222.36,Mistras Group,Lisa Johnson,FALSE
MG_HGP_2026,Metro Gen CC,PRJ-MG-1663,Material: Fuel Nozzle Set (Refurbished),Gas Turbine,Combustion,Planned,T-6,16-02-2026,13-03-2026,990000,0,OEM / Supply Chain,Lisa Johnson,FALSE
MG_HGP_2026,Metro Gen CC,PRJ-MG-1664,Manage PO: Filter Media,Project Management,Supply Chain,Planned,T-6,16-02-2026,13-03-2026,15000,0,OEM / Supply Chain,Lisa Johnson,FALSE
MG_HGP_2026,Metro Gen CC,PRJ-MG-1665,T-6: Invoice Reconciliation,Project Management,Financial & Controls,Planned,T-6,16-02-2026,13-03-2026,15493.11,0,Mistras Group,Lisa Johnson,FALSE
MG_HGP_2026,Metro Gen CC,PRJ-MG-1666,T-6: Scope Freeze Meeting,Project Management,Supply Chain,Planned,T-6,16-02-2026,13-03-2026,13063.42,0,EthosEnergy,Lisa Johnson,FALSE
MG_HGP_2026,Metro Gen CC,PRJ-MG-1667,T-6: Circ Water Pump Rebuild,Balance of Plant,Cooling Water,Planned,T-6,16-02-2026,13-03-2026,18948.41,0,GE Vernova,Lisa Johnson,FALSE
MG_HGP_2026,Metro Gen CC,PRJ-MG-1668,T-6: Print Tags,Safety & Compliance,LOTO,Planned,T-6,16-02-2026,13-03-2026,18835.65,0,BrandSafway,Lisa Johnson,FALSE
MG_HGP_2026,Metro Gen CC,PRJ-MG-1669,T-6: Walkdown Isolations,Safety & Compliance,LOTO,Planned,T-6,16-02-2026,13-03-2026,14779.42,0,United Rentals,Lisa Johnson,FALSE
MG_HGP_2026,Metro Gen CC,PRJ-MG-1670,T-6: Circ Water Pump Rebuild,Balance of Plant,Cooling Water,Planned,T-6,16-02-2026,13-03-2026,17606.07,0,Mistras Group,Lisa Johnson,FALSE
MG_HGP_2026,Metro Gen CC,PRJ-MG-1671,Material: Inlet Filter Elements,Gas Turbine,Inlet & Compressor,Planned,T-3,17-05-2026,11-06-2026,165000,0,OEM / Supply Chain,Lisa Johnson,FALSE
MG_HGP_2026,Metro Gen CC,PRJ-MG-1672,T-3: Switchgear Testing,Balance of Plant,Electrical,Planned,T-3,17-05-2026,11-06-2026,40876.94,0,Siemens Energy,Lisa Johnson,FALSE
MG_HGP_2026,Metro Gen CC,PRJ-MG-1673,T-3: Verify Zero Energy,Safety & Compliance,LOTO,Planned,T-3,17-05-2026,11-06-2026,44274.12,0,Local Union 55,Lisa Johnson,FALSE
MG_HGP_2026,Metro Gen CC,PRJ-MG-1674,T-3: Confined Space Drills,Safety & Compliance,EHS,Planned,T-3,17-05-2026,11-06-2026,32159.83,0,BrandSafway,Lisa Johnson,FALSE
MG_HGP_2026,Metro Gen CC,PRJ-MG-1675,T-3: HazWaste Permit,Project Management,Regulatory,Planned,T-3,17-05-2026,11-06-2026,45252.43,0,EthosEnergy,Lisa Johnson,FALSE
MG_HGP_2026,Metro Gen CC,PRJ-MG-1676,T-3: Inlet Filter Inspection,Gas Turbine,Inlet & Compressor,Planned,T-3,17-05-2026,11-06-2026,37961.91,0,BrandSafway,Lisa Johnson,FALSE
MG_HGP_2026,Metro Gen CC,PRJ-MG-1677,T-3: Aux Boiler Inspection,Balance of Plant,Auxiliary,Planned,T-3,17-05-2026,11-06-2026,38912.22,0,BrandSafway,Lisa Johnson,FALSE
MG_HGP_2026,Metro Gen CC,PRJ-MG-1678,T-3: GSU Oil Analysis,Balance of Plant,Electrical,Planned,T-3,17-05-2026,11-06-2026,41457.06,0,Siemens Energy,Lisa Johnson,FALSE
MG_HGP_2026,Metro Gen CC,PRJ-MG-1679,T-1: Shroud Block Replace,Gas Turbine,Turbine Section,Planned,T-1,16-07-2026,10-08-2026,89527.75,0,Siemens Energy,Lisa Johnson,FALSE
MG_HGP_2026,Metro Gen CC,PRJ-MG-1680,T-1: Budget Approval,Project Management,Financial & Controls,Planned,T-1,16-07-2026,10-08-2026,94938.94,0,EthosEnergy,Lisa Johnson,FALSE
MG_HGP_2026,Metro Gen CC,PRJ-MG-1681,T-1: Shroud Block Replace,Gas Turbine,Turbine Section,Planned,T-1,16-07-2026,10-08-2026,77340.28,0,United Rentals,Lisa Johnson,FALSE
MG_HGP_2026,Metro Gen CC,PRJ-MG-1682,T-1: IGV Bushing Replace,Gas Turbine,Inlet & Compressor,Planned,T-1,16-07-2026,10-08-2026,94041.28,0,Mistras Group,Lisa Johnson,FALSE
MG_HGP_2026,Metro Gen CC,PRJ-MG-1683,T-1: Condenser Cleaning,Balance of Plant,Cooling Water,Planned,T-1,16-07-2026,10-08-2026,95166.8,0,EthosEnergy,Lisa Johnson,FALSE
MG_HGP_2026,Metro Gen CC,PRJ-MG-1684,T-1: Invoice Reconciliation,Project Management,Financial & Controls,Planned,T-1,16-07-2026,10-08-2026,84025.02,0,EthosEnergy,Lisa Johnson,FALSE
MG_HGP_2026,Metro Gen CC,PRJ-MG-1685,T-1: Bucket Exchange (S1-S3),Gas Turbine,Turbine Section,Planned,T-1,16-07-2026,10-08-2026,88575.11,0,Mistras Group,Lisa Johnson,FALSE
MG_HGP_2026,Metro Gen CC,PRJ-MG-1686,T-1: Switchgear Testing,Balance of Plant,Electrical,Planned,T-1,16-07-2026,10-08-2026,84467.64,0,BrandSafway,Lisa Johnson,FALSE
MG_HGP_2026,Metro Gen CC,PRJ-MG-1687,Execution: Condenser Cleaning,Balance of Plant,Cooling Water,Planned,Execution,15-08-2026,02-10-2026,90670.68,0,GE Vernova,Lisa Johnson,FALSE
MG_HGP_2026,Metro Gen CC,PRJ-MG-1688,Execution: Cross-Fire Tube Check,Gas Turbine,Combustion,Planned,Execution,15-08-2026,02-10-2026,88780.84,0,BrandSafway,Lisa Johnson,FALSE
MG_HGP_2026,Metro Gen CC,PRJ-MG-1689,EMERGENT: Grid Outage Bid - Repair,Project Management,Regulatory,Planned,Execution,15-08-2026,02-10-2026,99858.99,0,Siemens Energy,Lisa Johnson,FALSE
MG_HGP_2026,Metro Gen CC,PRJ-MG-1690,Execution: Cooling Tower Media Replace,Balance of Plant,Cooling Water,Planned,Execution,15-08-2026,02-10-2026,90149.79,0,Local Union 55,Lisa Johnson,FALSE
MG_HGP_2026,Metro Gen CC,PRJ-MG-1691,Execution: Inst Air Comp Service,Balance of Plant,Auxiliary,Planned,Execution,15-08-2026,02-10-2026,93788.41,0,Siemens Energy,Lisa Johnson,FALSE
MG_HGP_2026,Metro Gen CC,PRJ-MG-1692,Execution: Mobilization,Project Management,Supply Chain,Planned,Execution,15-08-2026,02-10-2026,86378.19,0,BrandSafway,Lisa Johnson,FALSE
MG_HGP_2026,Metro Gen CC,PRJ-MG-1693,Execution: RFP General Contractor,Project Management,Supply Chain,Planned,Execution,15-08-2026,02-10-2026,107776.96,0,GE Vernova,Lisa Johnson,FALSE
MG_HGP_2026,Metro Gen CC,PRJ-MG-1694,Execution: Walkdown Isolations,Safety & Compliance,LOTO,Planned,Execution,15-08-2026,02-10-2026,84198.87,0,Local Union 55,Lisa Johnson,FALSE
MG_HGP_2026,Metro Gen CC,PRJ-MG-1695,Execution: Air Monitoring Setup,Safety & Compliance,EHS,Planned,Execution,15-08-2026,02-10-2026,97353.66,0,BrandSafway,Lisa Johnson,FALSE
MG_HGP_2026,Metro Gen CC,PRJ-MG-1696,Execution: Inlet Filter Inspection,Gas Turbine,Inlet & Compressor,Planned,Execution,15-08-2026,02-10-2026,103705.54,0,GE Vernova,Lisa Johnson,FALSE
MG_HGP_2026,Metro Gen CC,PRJ-MG-1697,Execution: Air Monitoring Setup,Safety & Compliance,EHS,Planned,Execution,15-08-2026,02-10-2026,80538.15,0,Local Union 55,Lisa Johnson,FALSE
MG_HGP_2026,Metro Gen CC,PRJ-MG-1698,Execution: Fuel Nozzle Swap,Gas Turbine,Combustion,Planned,Execution,15-08-2026,02-10-2026,89834.58,0,Siemens Energy,Lisa Johnson,FALSE
MG_HGP_2026,Metro Gen CC,PRJ-MG-1699,Execution: Develop Cost Estimate,Project Management,Financial & Controls,Planned,Execution,15-08-2026,02-10-2026,106519.2,0,BrandSafway,Lisa Johnson,FALSE
MG_HGP_2026,Metro Gen CC,PRJ-MG-1700,Execution: Battery Bank Test,Balance of Plant,Electrical,Planned,Execution,15-08-2026,02-10-2026,83746.55,0,BrandSafway,Lisa Johnson,FALSE
MG_HGP_2026,Metro Gen CC,PRJ-MG-1701,Execution: Cooling Tower Media Replace,Balance of Plant,Cooling Water,Planned,Execution,15-08-2026,02-10-2026,88898.56,0,EthosEnergy,Lisa Johnson,FALSE
MG_HGP_2026,Metro Gen CC,PRJ-MG-1702,EMERGENT: Invoice Reconciliation - Repair,Project Management,Financial & Controls,Planned,Execution,15-08-2026,02-10-2026,89224.93,0,GE Vernova,Lisa Johnson,FALSE
MG_HGP_2026,Metro Gen CC,PRJ-MG-1703,EMERGENT: Compressor Borescope - Repair,Gas Turbine,Inlet & Compressor,Planned,Execution,15-08-2026,02-10-2026,89622.48,0,Local Union 55,Lisa Johnson,FALSE
MG_HGP_2026,Metro Gen CC,PRJ-MG-1704,Execution: Fuel Nozzle Swap,Gas Turbine,Combustion,Planned,Execution,15-08-2026,02-10-2026,95075.19,0,Mistras Group,Lisa Johnson,FALSE
MG_HGP_2026,Metro Gen CC,PRJ-MG-1705,Execution: Inlet Filter Inspection,Gas Turbine,Inlet & Compressor,Planned,Execution,15-08-2026,02-10-2026,74292.45,0,EthosEnergy,Lisa Johnson,FALSE
MG_HGP_2026,Metro Gen CC,PRJ-MG-1706,EMERGENT: Contractor Orientation - Repair,Project Management,Supply Chain,Planned,Execution,15-08-2026,02-10-2026,72698.75,0,Local Union 55,Lisa Johnson,FALSE
MG_HGP_2026,Metro Gen CC,PRJ-MG-1707,Execution: Cooling Tower Media Replace,Balance of Plant,Cooling Water,Planned,Execution,15-08-2026,02-10-2026,97628.39,0,BrandSafway,Lisa Johnson,FALSE
MG_HGP_2026,Metro Gen CC,PRJ-MG-1708,EMERGENT: HazWaste Permit - Repair,Project Management,Regulatory,Planned,Execution,15-08-2026,02-10-2026,73881.57,0,United Rentals,Lisa Johnson,FALSE
MG_HGP_2026,Metro Gen CC,PRJ-MG-1709,Execution: Master LOTO List,Safety & Compliance,LOTO,Planned,Execution,15-08-2026,02-10-2026,105066.35,0,Local Union 55,Lisa Johnson,FALSE
MG_HGP_2026,Metro Gen CC,PRJ-MG-1710,Execution: IGV Bushing Replace,Gas Turbine,Inlet & Compressor,Planned,Execution,15-08-2026,02-10-2026,105936.27,0,BrandSafway,Lisa Johnson,FALSE
MG_HGP_2026,Metro Gen CC,PRJ-MG-1711,EMERGENT: Condenser Cleaning - Repair,Balance of Plant,Cooling Water,Planned,Execution,15-08-2026,02-10-2026,72498.82,0,EthosEnergy,Lisa Johnson,FALSE
MG_HGP_2026,Metro Gen CC,PRJ-MG-1712,Execution: Bucket Exchange (S1-S3),Gas Turbine,Turbine Section,Planned,Execution,15-08-2026,02-10-2026,105211.17,0,Local Union 55,Lisa Johnson,FALSE
MG_HGP_2026,Metro Gen CC,PRJ-MG-1713,Execution: Air Monitoring Setup,Safety & Compliance,EHS,Planned,Execution,15-08-2026,02-10-2026,87062.36,0,BrandSafway,Lisa Johnson,FALSE
MG_HGP_2026,Metro Gen CC,PRJ-MG-1714,Execution: Submit CapEx Request,Project Management,Financial & Controls,Planned,Execution,15-08-2026,02-10-2026,83664.58,0,Siemens Energy,Lisa Johnson,FALSE
MG_HGP_2026,Metro Gen CC,PRJ-MG-1715,Execution: Demin Plant Service,Balance of Plant,Auxiliary,Planned,Execution,15-08-2026,02-10-2026,95240.11,0,United Rentals,Lisa Johnson,FALSE
MG_HGP_2026,Metro Gen CC,PRJ-MG-1716,Execution: RFP General Contractor,Project Management,Supply Chain,Planned,Execution,15-08-2026,02-10-2026,107417.91,0,United Rentals,Lisa Johnson,FALSE
MG_HGP_2026,Metro Gen CC,PRJ-MG-1717,Execution: Master LOTO List,Safety & Compliance,LOTO,Planned,Execution,15-08-2026,02-10-2026,78738.92,0,EthosEnergy,Lisa Johnson,FALSE
MG_HGP_2026,Metro Gen CC,PRJ-MG-1718,Execution: Bucket Exchange (S1-S3),Gas Turbine,Turbine Section,Planned,Execution,15-08-2026,02-10-2026,103387.61,0,EthosEnergy,Lisa Johnson,FALSE
MG_HGP_2026,Metro Gen CC,PRJ-MG-1719,EMERGENT: Environmental Permit Review - Repair,Project Management,Regulatory,Planned,Execution,15-08-2026,02-10-2026,106238.01,0,BrandSafway,Lisa Johnson,FALSE
MG_HGP_2026,Metro Gen CC,PRJ-MG-1720,EMERGENT: Cross-Fire Tube Check - Repair,Gas Turbine,Combustion,Planned,Execution,15-08-2026,02-10-2026,86646.77,0,Siemens Energy,Lisa Johnson,FALSE
MG_HGP_2026,Metro Gen CC,PRJ-MG-1721,Execution: Inst Air Comp Service,Balance of Plant,Auxiliary,Planned,Execution,15-08-2026,02-10-2026,98532.79,0,EthosEnergy,Lisa Johnson,FALSE
MG_HGP_2026,Metro Gen CC,PRJ-MG-1722,Execution: Environmental Permit Review,Project Management,Regulatory,Planned,Execution,15-08-2026,02-10-2026,92720.64,0,Mistras Group,Lisa Johnson,FALSE
MG_HGP_2026,Metro Gen CC,PRJ-MG-1723,Execution: Cooling Tower Media Replace,Balance of Plant,Cooling Water,Planned,Execution,15-08-2026,02-10-2026,102485.21,0,BrandSafway,Lisa Johnson,FALSE
MG_HGP_2026,Metro Gen CC,PRJ-MG-1724,EMERGENT: Bucket Exchange (S1-S3) - Repair,Gas Turbine,Turbine Section,Planned,Execution,15-08-2026,02-10-2026,73038.97,0,Mistras Group,Lisa Johnson,FALSE
MG_HGP_2026,Metro Gen CC,PRJ-MG-1725,EMERGENT: Print Tags - Repair,Safety & Compliance,LOTO,Planned,Execution,15-08-2026,02-10-2026,84776.36,0,Local Union 55,Lisa Johnson,FALSE
MG_HGP_2026,Metro Gen CC,PRJ-MG-1726,EMERGENT: Transition Piece Inspect - Repair,Gas Turbine,Combustion,Planned,Execution,15-08-2026,02-10-2026,78970.45,0,Mistras Group,Lisa Johnson,FALSE
MG_HGP_2026,Metro Gen CC,PRJ-MG-1727,Execution: Shroud Block Replace,Gas Turbine,Turbine Section,Planned,Execution,15-08-2026,02-10-2026,91606.18,0,Mistras Group,Lisa Johnson,FALSE
MG_HGP_2026,Metro Gen CC,PRJ-MG-1728,Execution: Inlet Filter Inspection,Gas Turbine,Inlet & Compressor,Planned,Execution,15-08-2026,02-10-2026,72401.39,0,BrandSafway,Lisa Johnson,FALSE
MG_HGP_2026,Metro Gen CC,PRJ-MG-1729,Execution: Bucket Exchange (S1-S3),Gas Turbine,Turbine Section,Planned,Execution,15-08-2026,02-10-2026,96496.76,0,Mistras Group,Lisa Johnson,FALSE
MG_HGP_2026,Metro Gen CC,PRJ-MG-1730,Execution: Compressor Borescope,Gas Turbine,Inlet & Compressor,Planned,Execution,15-08-2026,02-10-2026,95535.12,0,GE Vernova,Lisa Johnson,FALSE
MG_HGP_2026,Metro Gen CC,PRJ-MG-1731,Execution: Budget Approval,Project Management,Financial & Controls,Planned,Execution,15-08-2026,02-10-2026,79717.59,0,BrandSafway,Lisa Johnson,FALSE
MG_HGP_2026,Metro Gen CC,PRJ-MG-1732,Execution: Compressor Wash,Gas Turbine,Inlet & Compressor,Planned,Execution,15-08-2026,02-10-2026,102361.97,0,EthosEnergy,Lisa Johnson,FALSE
MG_HGP_2026,Metro Gen CC,PRJ-MG-1733,Execution: Cross-Fire Tube Check,Gas Turbine,Combustion,Planned,Execution,15-08-2026,02-10-2026,83894.31,0,Local Union 55,Lisa Johnson,FALSE
MG_HGP_2026,Metro Gen CC,PRJ-MG-1734,Execution: Grid Outage Bid,Project Management,Regulatory,Planned,Execution,15-08-2026,02-10-2026,76310.92,0,Local Union 55,Lisa Johnson,FALSE
MG_HGP_2026,Metro Gen CC,PRJ-MG-1735,Execution: Grid Outage Bid,Project Management,Regulatory,Planned,Execution,15-08-2026,02-10-2026,96208.34,0,EthosEnergy,Lisa Johnson,FALSE
MG_HGP_2026,Metro Gen CC,PRJ-MG-1736,Execution: Verify Zero Energy,Safety & Compliance,LOTO,Planned,Execution,15-08-2026,02-10-2026,73289.63,0,United Rentals,Lisa Johnson,FALSE
MG_HGP_2026,Metro Gen CC,PRJ-MG-1737,Execution: Submit CapEx Request,Project Management,Financial & Controls,Planned,Execution,15-08-2026,02-10-2026,95117,0,United Rentals,Lisa Johnson,FALSE
MG_HGP_2026,Metro Gen CC,PRJ-MG-1738,Execution: Master LOTO List,Safety & Compliance,LOTO,Planned,Execution,15-08-2026,02-10-2026,79760.19,0,Local Union 55,Lisa Johnson,FALSE
MG_HGP_2026,Metro Gen CC,PRJ-MG-1739,Execution: Chemical Safety Review,Safety & Compliance,EHS,Planned,Execution,15-08-2026,02-10-2026,105760.9,0,Mistras Group,Lisa Johnson,FALSE
MG_HGP_2026,Metro Gen CC,PRJ-MG-1740,EMERGENT: Print Tags - Repair,Safety & Compliance,LOTO,Planned,Execution,15-08-2026,02-10-2026,106025.78,0,Local Union 55,Lisa Johnson,FALSE
MG_HGP_2026,Metro Gen CC,PRJ-MG-1741,Execution: Demin Plant Service,Balance of Plant,Auxiliary,Planned,Execution,15-08-2026,02-10-2026,75704.83,0,Mistras Group,Lisa Johnson,FALSE
MG_HGP_2026,Metro Gen CC,PRJ-MG-1742,Execution: Submit CapEx Request,Project Management,Financial & Controls,Planned,Execution,15-08-2026,02-10-2026,101828.14,0,BrandSafway,Lisa Johnson,FALSE
MG_HGP_2026,Metro Gen CC,PRJ-MG-1743,Execution: Walkdown Isolations,Safety & Compliance,LOTO,Planned,Execution,15-08-2026,02-10-2026,105316.66,0,United Rentals,Lisa Johnson,FALSE
MG_HGP_2026,Metro Gen CC,PRJ-MG-1744,Execution: Walkdown Isolations,Safety & Compliance,LOTO,Planned,Execution,15-08-2026,02-10-2026,99759.49,0,Mistras Group,Lisa Johnson,FALSE
MG_HGP_2026,Metro Gen CC,PRJ-MG-1745,Execution: Submit CapEx Request,Project Management,Financial & Controls,Planned,Execution,15-08-2026,02-10-2026,94846.55,0,BrandSafway,Lisa Johnson,FALSE
MG_HGP_2026,Metro Gen CC,PRJ-MG-1746,Execution: Inlet Filter Inspection,Gas Turbine,Inlet & Compressor,Planned,Execution,15-08-2026,02-10-2026,91571.51,0,United Rentals,Lisa Johnson,FALSE
MG_HGP_2026,Metro Gen CC,PRJ-MG-1747,EMERGENT: Inlet Filter Inspection - Repair,Gas Turbine,Inlet & Compressor,Planned,Execution,15-08-2026,02-10-2026,99686.94,0,GE Vernova,Lisa Johnson,FALSE
MG_HGP_2026,Metro Gen CC,PRJ-MG-1748,Execution: Verify Zero Energy,Safety & Compliance,LOTO,Planned,Execution,15-08-2026,02-10-2026,104662.47,0,Local Union 55,Lisa Johnson,FALSE
MG_HGP_2026,Metro Gen CC,PRJ-MG-1749,Execution: Cooling Tower Media Replace,Balance of Plant,Cooling Water,Planned,Execution,15-08-2026,02-10-2026,96059.35,0,United Rentals,Lisa Johnson,FALSE
MG_HGP_2026,Metro Gen CC,PRJ-MG-1750,Execution: Combustion Chamber Open,Gas Turbine,Combustion,Planned,Execution,15-08-2026,02-10-2026,78153.13,0,EthosEnergy,Lisa Johnson,FALSE
MG_HGP_2026,Metro Gen CC,PRJ-MG-1751,Execution: Transition Piece Inspect,Gas Turbine,Combustion,Planned,Execution,15-08-2026,02-10-2026,74687.51,0,BrandSafway,Lisa Johnson,FALSE
MG_HGP_2026,Metro Gen CC,PRJ-MG-1752,Execution: Scope Freeze Meeting,Project Management,Supply Chain,Planned,Execution,15-08-2026,02-10-2026,94679.28,0,Mistras Group,Lisa Johnson,FALSE
MG_HGP_2026,Metro Gen CC,PRJ-MG-1753,Execution: Cooling Tower Media Replace,Balance of Plant,Cooling Water,Planned,Execution,15-08-2026,02-10-2026,96386.63,0,Siemens Energy,Lisa Johnson,FALSE
MG_HGP_2026,Metro Gen CC,PRJ-MG-1754,Execution: Walkdown Isolations,Safety & Compliance,LOTO,Planned,Execution,15-08-2026,02-10-2026,91693.65,0,Siemens Energy,Lisa Johnson,FALSE
MG_HGP_2026,Metro Gen CC,PRJ-MG-1755,Execution: Condenser Cleaning,Balance of Plant,Cooling Water,Planned,Execution,15-08-2026,02-10-2026,80390.11,0,Local Union 55,Lisa Johnson,FALSE
MG_HGP_2026,Metro Gen CC,PRJ-MG-1756,EMERGENT: Invoice Reconciliation - Repair,Project Management,Financial & Controls,Planned,Execution,15-08-2026,02-10-2026,73949.74,0,United Rentals,Lisa Johnson,FALSE
MG_HGP_2026,Metro Gen CC,PRJ-MG-1757,Execution: Cooling Tower Media Replace,Balance of Plant,Cooling Water,Planned,Execution,15-08-2026,02-10-2026,77015.91,0,Mistras Group,Lisa Johnson,FALSE
MG_HGP_2026,Metro Gen CC,PRJ-MG-1758,EMERGENT: Bucket Exchange (S1-S3) - Repair,Gas Turbine,Turbine Section,Planned,Execution,15-08-2026,02-10-2026,73715.37,0,BrandSafway,Lisa Johnson,FALSE
MG_HGP_2026,Metro Gen CC,PRJ-MG-1759,EMERGENT: Cooling Tower Media Replace - Repair,Balance of Plant,Cooling Water,Planned,Execution,15-08-2026,02-10-2026,81253.6,0,Local Union 55,Lisa Johnson,FALSE
MG_HGP_2026,Metro Gen CC,PRJ-MG-1760,Execution: Walkdown Isolations,Safety & Compliance,LOTO,Planned,Execution,15-08-2026,02-10-2026,87608.28,0,EthosEnergy,Lisa Johnson,FALSE
MG_HGP_2026,Metro Gen CC,PRJ-MG-1761,EMERGENT: Shroud Block Replace - Repair,Gas Turbine,Turbine Section,Planned,Execution,15-08-2026,02-10-2026,98246.85,0,Local Union 55,Lisa Johnson,FALSE
MG_HGP_2026,Metro Gen CC,PRJ-MG-1762,Execution: Grid Outage Bid,Project Management,Regulatory,Planned,Execution,15-08-2026,02-10-2026,79675.61,0,BrandSafway,Lisa Johnson,FALSE
MG_HGP_2026,Metro Gen CC,PRJ-MG-1763,EMERGENT: Rotor Inspection - Repair,Gas Turbine,Turbine Section,Planned,Execution,15-08-2026,02-10-2026,79840.48,0,Siemens Energy,Lisa Johnson,FALSE
MG_HGP_2026,Metro Gen CC,PRJ-MG-1764,Execution: Invoice Reconciliation,Project Management,Financial & Controls,Planned,Execution,15-08-2026,02-10-2026,99305.02,0,United Rentals,Lisa Johnson,FALSE
MG_HGP_2026,Metro Gen CC,PRJ-MG-1765,Execution: Compressor Wash,Gas Turbine,Inlet & Compressor,Planned,Execution,15-08-2026,02-10-2026,73313.25,0,Siemens Energy,Lisa Johnson,FALSE
MG_HGP_2026,Metro Gen CC,PRJ-MG-1766,Execution: Contractor Orientation,Project Management,Supply Chain,Planned,Execution,15-08-2026,02-10-2026,96771.93,0,BrandSafway,Lisa Johnson,FALSE
MG_HGP_2026,Metro Gen CC,PRJ-MG-1767,Execution: Mobilization,Project Management,Supply Chain,Planned,Execution,15-08-2026,02-10-2026,77655.74,0,EthosEnergy,Lisa Johnson,FALSE
MG_HGP_2026,Metro Gen CC,PRJ-MG-1768,Execution: Print Tags,Safety & Compliance,LOTO,Planned,Execution,15-08-2026,02-10-2026,95824.22,0,Local Union 55,Lisa Johnson,FALSE
MG_HGP_2026,Metro Gen CC,PRJ-MG-1769,Execution: Master LOTO List,Safety & Compliance,LOTO,Planned,Execution,15-08-2026,02-10-2026,86124.82,0,EthosEnergy,Lisa Johnson,FALSE
MG_HGP_2026,Metro Gen CC,PRJ-MG-1770,EMERGENT: Scope Freeze Meeting - Repair,Project Management,Supply Chain,Planned,Execution,15-08-2026,02-10-2026,83572.45,0,United Rentals,Lisa Johnson,FALSE
MG_HGP_2026,Metro Gen CC,PRJ-MG-1771,Execution: Confined Space Drills,Safety & Compliance,EHS,Planned,Execution,15-08-2026,02-10-2026,102770.66,0,Mistras Group,Lisa Johnson,FALSE
MG_HGP_2026,Metro Gen CC,PRJ-MG-1772,Execution: Grid Outage Bid,Project Management,Regulatory,Planned,Execution,15-08-2026,02-10-2026,79485.65,0,United Rentals,Lisa Johnson,FALSE
MG_HGP_2026,Metro Gen CC,PRJ-MG-1773,EMERGENT: Aux Boiler Inspection - Repair,Balance of Plant,Auxiliary,Planned,Execution,15-08-2026,02-10-2026,83977.37,0,BrandSafway,Lisa Johnson,FALSE
MG_HGP_2026,Metro Gen CC,PRJ-MG-1774,Execution: Master LOTO List,Safety & Compliance,LOTO,Planned,Execution,15-08-2026,02-10-2026,99366.45,0,BrandSafway,Lisa Johnson,FALSE
MG_HGP_2026,Metro Gen CC,PRJ-MG-1775,EMERGENT: Chemical Safety Review - Repair,Safety & Compliance,EHS,Planned,Execution,15-08-2026,02-10-2026,101634.87,0,EthosEnergy,Lisa Johnson,FALSE
MG_HGP_2026,Metro Gen CC,PRJ-MG-1776,EMERGENT: Bucket Exchange (S1-S3) - Repair,Gas Turbine,Turbine Section,Planned,Execution,15-08-2026,02-10-2026,93756.29,0,Siemens Energy,Lisa Johnson,FALSE
MG_HGP_2026,Metro Gen CC,PRJ-MG-1777,Execution: Walkdown Isolations,Safety & Compliance,LOTO,Planned,Execution,15-08-2026,02-10-2026,107945.16,0,GE Vernova,Lisa Johnson,FALSE
MG_HGP_2026,Metro Gen CC,PRJ-MG-1778,Execution: Inst Air Comp Service,Balance of Plant,Auxiliary,Planned,Execution,15-08-2026,02-10-2026,104000.34,0,Siemens Energy,Lisa Johnson,FALSE
MG_HGP_2026,Metro Gen CC,PRJ-MG-1779,Execution: Scope Freeze Meeting,Project Management,Supply Chain,Planned,Execution,15-08-2026,02-10-2026,82614.99,0,Siemens Energy,Lisa Johnson,FALSE
MG_HGP_2026,Metro Gen CC,PRJ-MG-1780,Execution: Demin Plant Service,Balance of Plant,Auxiliary,Planned,Execution,15-08-2026,02-10-2026,104997.22,0,BrandSafway,Lisa Johnson,FALSE
MG_HGP_2026,Metro Gen CC,PRJ-MG-1781,Execution: Walkdown Isolations,Safety & Compliance,LOTO,Planned,Execution,15-08-2026,02-10-2026,87778.44,0,Siemens Energy,Lisa Johnson,FALSE
MG_HGP_2026,Metro Gen CC,PRJ-MG-1782,Execution: Rotor Inspection,Gas Turbine,Turbine Section,Planned,Execution,15-08-2026,02-10-2026,81650.65,0,United Rentals,Lisa Johnson,FALSE
MG_HGP_2026,Metro Gen CC,PRJ-MG-1783,Execution: Aux Boiler Inspection,Balance of Plant,Auxiliary,Planned,Execution,15-08-2026,02-10-2026,87143,0,Siemens Energy,Lisa Johnson,FALSE
MG_HGP_2026,Metro Gen CC,PRJ-MG-1784,Execution: Transition Piece Inspect,Gas Turbine,Combustion,Planned,Execution,15-08-2026,02-10-2026,76664.88,0,EthosEnergy,Lisa Johnson,FALSE
MG_HGP_2026,Metro Gen CC,PRJ-MG-1785,Execution: Environmental Permit Review,Project Management,Regulatory,Planned,Execution,15-08-2026,02-10-2026,87411.89,0,Local Union 55,Lisa Johnson,FALSE
MG_HGP_2026,Metro Gen CC,PRJ-MG-1786,Execution: Daily Safety Audit,Safety & Compliance,EHS,Planned,Execution,15-08-2026,02-10-2026,91430.59,0,EthosEnergy,Lisa Johnson,FALSE
MG_HGP_2026,Metro Gen CC,PRJ-MG-1787,Execution: Air Monitoring Setup,Safety & Compliance,EHS,Planned,Execution,15-08-2026,02-10-2026,89163.87,0,Siemens Energy,Lisa Johnson,FALSE
MG_HGP_2026,Metro Gen CC,PRJ-MG-1788,Execution: Bucket Exchange (S1-S3),Gas Turbine,Turbine Section,Planned,Execution,15-08-2026,02-10-2026,91941.76,0,Siemens Energy,Lisa Johnson,FALSE
MG_HGP_2026,Metro Gen CC,PRJ-MG-1789,Execution: Mobilization,Project Management,Supply Chain,Planned,Execution,15-08-2026,02-10-2026,83009.41,0,United Rentals,Lisa Johnson,FALSE
MG_HGP_2026,Metro Gen CC,PRJ-MG-1790,Execution: Inst Air Comp Service,Balance of Plant,Auxiliary,Planned,Execution,15-08-2026,02-10-2026,83334.53,0,GE Vernova,Lisa Johnson,FALSE
MG_HGP_2026,Metro Gen CC,PRJ-MG-1791,EMERGENT: Combustion Chamber Open - Repair,Gas Turbine,Combustion,Planned,Execution,15-08-2026,02-10-2026,82176.63,0,GE Vernova,Lisa Johnson,FALSE
MG_HGP_2026,Metro Gen CC,PRJ-MG-1792,T+1: Compressor Wash,Gas Turbine,Inlet & Compressor,Planned,T+1,02-10-2026,01-11-2026,91339.3,0,United Rentals,Lisa Johnson,FALSE
MG_HGP_2026,Metro Gen CC,PRJ-MG-1793,T+1: Grid Outage Bid,Project Management,Regulatory,Planned,T+1,02-10-2026,01-11-2026,80002.33,0,GE Vernova,Lisa Johnson,FALSE
MG_HGP_2026,Metro Gen CC,PRJ-MG-1794,T+1: Print Tags,Safety & Compliance,LOTO,Planned,T+1,02-10-2026,01-11-2026,98469.65,0,EthosEnergy,Lisa Johnson,FALSE
MG_HGP_2026,Metro Gen CC,PRJ-MG-1795,T+1: Circ Water Pump Rebuild,Balance of Plant,Cooling Water,Planned,T+1,02-10-2026,01-11-2026,72364.32,0,GE Vernova,Lisa Johnson,FALSE
MG_HGP_2026,Metro Gen CC,PRJ-MG-1796,T+1: Inlet Filter Inspection,Gas Turbine,Inlet & Compressor,Planned,T+1,02-10-2026,01-11-2026,82102.66,0,GE Vernova,Lisa Johnson,FALSE
MG_HGP_2026,Metro Gen CC,PRJ-MG-1797,T+1: GSU Oil Analysis,Balance of Plant,Electrical,Planned,T+1,02-10-2026,01-11-2026,88621.57,0,BrandSafway,Lisa Johnson,FALSE
MG_HGP_2026,Metro Gen CC,PRJ-MG-1798,T+1: Compressor Borescope,Gas Turbine,Inlet & Compressor,Planned,T+1,02-10-2026,01-11-2026,88673.1,0,United Rentals,Lisa Johnson,FALSE
MG_HGP_2026,Metro Gen CC,PRJ-MG-1799,T+1: Compressor Borescope,Gas Turbine,Inlet & Compressor,Planned,T+1,02-10-2026,01-11-2026,93037.54,0,Local Union 55,Lisa Johnson,FALSE
MG_HGP_2026,Metro Gen CC,PRJ-MG-1800,T+1: Invoice Reconciliation,Project Management,Financial & Controls,Planned,T+1,02-10-2026,01-11-2026,97605.97,0,United Rentals,Lisa Johnson,FALSE
MG_HGP_2026,Metro Gen CC,PRJ-MG-1801,T+1: Switchgear Testing,Balance of Plant,Electrical,Planned,T+1,02-10-2026,01-11-2026,87240.46,0,EthosEnergy,Lisa Johnson,FALSE
MG_HGP_2026,Metro Gen CC,PRJ-MG-1802,T+1: Environmental Permit Review,Project Management,Regulatory,Planned,T+1,02-10-2026,01-11-2026,74257.42,0,BrandSafway,Lisa Johnson,FALSE
MG_HGP_2026,Metro Gen CC,PRJ-MG-1803,T+1: Verify Zero Energy,Safety & Compliance,LOTO,Planned,T+1,02-10-2026,01-11-2026,93476.56,0,United Rentals,Lisa Johnson,FALSE
MG_HGP_2026,Metro Gen CC,PRJ-MG-1804,T+1: Compressor Borescope,Gas Turbine,Inlet & Compressor,Planned,T+1,02-10-2026,01-11-2026,70810.26,0,GE Vernova,Lisa Johnson,FALSE
RG_CI_2027,Rural Gen BaseLoad,PRJ-RG-1805,Material: Stage 1 Buckets & Nozzles,Gas Turbine,Hot Gas Path,Planned,T-12,10-03-2026,04-04-2026,536000,0,OEM / Supply Chain,Robert O'Malley,FALSE
RG_CI_2027,Rural Gen BaseLoad,PRJ-RG-1806,Manage PO: HGP Hardware,Project Management,Supply Chain,Planned,T-12,10-03-2026,04-04-2026,15000,0,OEM / Supply Chain,Robert O'Malley,FALSE
RG_CI_2027,Rural Gen BaseLoad,PRJ-RG-1807,Manage PO: Combustion Parts,Project Management,Supply Chain,Planned,T-12,10-03-2026,04-04-2026,15000,0,OEM / Supply Chain,Robert O'Malley,FALSE
RG_CI_2027,Rural Gen BaseLoad,PRJ-RG-1808,T-12: Develop Cost Estimate,Project Management,Financial & Controls,Planned,T-12,10-03-2026,04-04-2026,49869.07,0,EthosEnergy,Robert O'Malley,FALSE
RG_CI_2027,Rural Gen BaseLoad,PRJ-RG-1809,T-12: Grid Outage Bid,Project Management,Regulatory,Planned,T-12,10-03-2026,04-04-2026,48214.72,0,GE Vernova,Robert O'Malley,FALSE
RG_CI_2027,Rural Gen BaseLoad,PRJ-RG-1810,T-12: HazWaste Permit,Project Management,Regulatory,Planned,T-12,10-03-2026,04-04-2026,54182.68,0,GE Vernova,Robert O'Malley,FALSE
RG_CI_2027,Rural Gen BaseLoad,PRJ-RG-1811,T-12: Contractor Orientation,Project Management,Supply Chain,Planned,T-12,10-03-2026,04-04-2026,39684.26,0,GE Vernova,Robert O'Malley,FALSE
RG_CI_2027,Rural Gen BaseLoad,PRJ-RG-1812,T-12: Budget Approval,Project Management,Financial & Controls,Planned,T-12,10-03-2026,04-04-2026,55924.88,0,GE Vernova,Robert O'Malley,FALSE
RG_CI_2027,Rural Gen BaseLoad,PRJ-RG-1813,T-12: Confined Space Drills,Safety & Compliance,EHS,Planned,T-12,10-03-2026,04-04-2026,40592.75,0,Mistras Group,Robert O'Malley,FALSE
RG_CI_2027,Rural Gen BaseLoad,PRJ-RG-1814,T-12: Scope Freeze Meeting,Project Management,Supply Chain,Planned,T-12,10-03-2026,04-04-2026,41082.73,0,Local Union 55,Robert O'Malley,FALSE
RG_CI_2027,Rural Gen BaseLoad,PRJ-RG-1815,T-12: Invoice Reconciliation,Project Management,Financial & Controls,Planned,T-12,10-03-2026,04-04-2026,55239.29,0,Local Union 55,Robert O'Malley,FALSE
RG_CI_2027,Rural Gen BaseLoad,PRJ-RG-1816,T-12: Develop Cost Estimate,Project Management,Financial & Controls,Planned,T-12,10-03-2026,04-04-2026,42105.61,0,BrandSafway,Robert O'Malley,FALSE
RG_CI_2027,Rural Gen BaseLoad,PRJ-RG-1817,Material: Fuel Nozzle Set (Refurbished),Gas Turbine,Combustion,Planned,T-6,11-09-2026,06-10-2026,201000,0,OEM / Supply Chain,Robert O'Malley,FALSE
RG_CI_2027,Rural Gen BaseLoad,PRJ-RG-1818,Manage PO: Filter Media,Project Management,Supply Chain,Planned,T-6,11-09-2026,06-10-2026,15000,0,OEM / Supply Chain,Robert O'Malley,FALSE
RG_CI_2027,Rural Gen BaseLoad,PRJ-RG-1819,T-6: Verify Zero Energy,Safety & Compliance,LOTO,Planned,T-6,11-09-2026,06-10-2026,23198.31,0,GE Vernova,Robert O'Malley,FALSE
RG_CI_2027,Rural Gen BaseLoad,PRJ-RG-1820,T-6: Inlet Filter Inspection,Gas Turbine,Inlet & Compressor,Planned,T-6,11-09-2026,06-10-2026,22343.46,0,BrandSafway,Robert O'Malley,FALSE
RG_CI_2027,Rural Gen BaseLoad,PRJ-RG-1821,T-6: Combustion Chamber Open,Gas Turbine,Combustion,Planned,T-6,11-09-2026,06-10-2026,20610.22,0,United Rentals,Robert O'Malley,FALSE
RG_CI_2027,Rural Gen BaseLoad,PRJ-RG-1822,T-6: Submit CapEx Request,Project Management,Financial & Controls,Planned,T-6,11-09-2026,06-10-2026,21643.87,0,GE Vernova,Robert O'Malley,FALSE
RG_CI_2027,Rural Gen BaseLoad,PRJ-RG-1823,T-6: Fuel Nozzle Swap,Gas Turbine,Combustion,Planned,T-6,11-09-2026,06-10-2026,17192.02,0,Mistras Group,Robert O'Malley,FALSE
RG_CI_2027,Rural Gen BaseLoad,PRJ-RG-1824,T-6: Scope Freeze Meeting,Project Management,Supply Chain,Planned,T-6,11-09-2026,06-10-2026,16470.15,0,BrandSafway,Robert O'Malley,FALSE
RG_CI_2027,Rural Gen BaseLoad,PRJ-RG-1825,Material: Inlet Filter Elements,Gas Turbine,Inlet & Compressor,Planned,T-3,10-12-2026,04-01-2027,33500,0,OEM / Supply Chain,Robert O'Malley,FALSE
RG_CI_2027,Rural Gen BaseLoad,PRJ-RG-1826,T-3: Turbine Shell Lift,Gas Turbine,Turbine Section,Planned,T-3,10-12-2026,04-01-2027,36552.76,0,EthosEnergy,Robert O'Malley,FALSE
RG_CI_2027,Rural Gen BaseLoad,PRJ-RG-1827,T-3: Master LOTO List,Safety & Compliance,LOTO,Planned,T-3,10-12-2026,04-01-2027,37093.11,0,Mistras Group,Robert O'Malley,FALSE
RG_CI_2027,Rural Gen BaseLoad,PRJ-RG-1828,T-3: Turbine Shell Lift,Gas Turbine,Turbine Section,Planned,T-3,10-12-2026,04-01-2027,36996.26,0,United Rentals,Robert O'Malley,FALSE
RG_CI_2027,Rural Gen BaseLoad,PRJ-RG-1829,T-1: Mobilization,Project Management,Supply Chain,Planned,T-1,08-02-2027,05-03-2027,56466.75,0,EthosEnergy,Robert O'Malley,FALSE
RG_CI_2027,Rural Gen BaseLoad,PRJ-RG-1830,T-1: RFP General Contractor,Project Management,Supply Chain,Planned,T-1,08-02-2027,05-03-2027,57496.43,0,GE Vernova,Robert O'Malley,FALSE
RG_CI_2027,Rural Gen BaseLoad,PRJ-RG-1831,T-1: Contractor Orientation,Project Management,Supply Chain,Planned,T-1,08-02-2027,05-03-2027,49807.67,0,Local Union 55,Robert O'Malley,FALSE
RG_CI_2027,Rural Gen BaseLoad,PRJ-RG-1832,T-1: HazWaste Permit,Project Management,Regulatory,Planned,T-1,08-02-2027,05-03-2027,56373.31,0,United Rentals,Robert O'Malley,FALSE
RG_CI_2027,Rural Gen BaseLoad,PRJ-RG-1833,Execution: Compressor Borescope,Gas Turbine,Inlet & Compressor,Planned,Execution,10-03-2027,07-04-2027,86035.9,0,Local Union 55,Robert O'Malley,FALSE
RG_CI_2027,Rural Gen BaseLoad,PRJ-RG-1834,Execution: Develop Cost Estimate,Project Management,Financial & Controls,Planned,Execution,10-03-2027,07-04-2027,94776.47,0,EthosEnergy,Robert O'Malley,FALSE
RG_CI_2027,Rural Gen BaseLoad,PRJ-RG-1835,Execution: Compressor Wash,Gas Turbine,Inlet & Compressor,Planned,Execution,10-03-2027,07-04-2027,97246.23,0,BrandSafway,Robert O'Malley,FALSE
RG_CI_2027,Rural Gen BaseLoad,PRJ-RG-1836,Execution: Combustion Chamber Open,Gas Turbine,Combustion,Planned,Execution,10-03-2027,07-04-2027,77130.93,0,EthosEnergy,Robert O'Malley,FALSE
RG_CI_2027,Rural Gen BaseLoad,PRJ-RG-1837,Execution: Scope Freeze Meeting,Project Management,Supply Chain,Planned,Execution,10-03-2027,07-04-2027,102388.26,0,BrandSafway,Robert O'Malley,FALSE
RG_CI_2027,Rural Gen BaseLoad,PRJ-RG-1838,Execution: Master LOTO List,Safety & Compliance,LOTO,Planned,Execution,10-03-2027,07-04-2027,98904.09,0,Mistras Group,Robert O'Malley,FALSE
RG_CI_2027,Rural Gen BaseLoad,PRJ-RG-1839,Execution: Verify Zero Energy,Safety & Compliance,LOTO,Planned,Execution,10-03-2027,07-04-2027,96375.35,0,GE Vernova,Robert O'Malley,FALSE
RG_CI_2027,Rural Gen BaseLoad,PRJ-RG-1840,Execution: Chemical Safety Review,Safety & Compliance,EHS,Planned,Execution,10-03-2027,07-04-2027,96624.25,0,BrandSafway,Robert O'Malley,FALSE
RG_CI_2027,Rural Gen BaseLoad,PRJ-RG-1841,Execution: Daily Safety Audit,Safety & Compliance,EHS,Planned,Execution,10-03-2027,07-04-2027,82007.66,0,United Rentals,Robert O'Malley,FALSE
RG_CI_2027,Rural Gen BaseLoad,PRJ-RG-1842,Execution: Grid Outage Bid,Project Management,Regulatory,Planned,Execution,10-03-2027,07-04-2027,102995.64,0,Local Union 55,Robert O'Malley,FALSE
RG_CI_2027,Rural Gen BaseLoad,PRJ-RG-1843,Execution: Compressor Borescope,Gas Turbine,Inlet & Compressor,Planned,Execution,10-03-2027,07-04-2027,78535.69,0,Local Union 55,Robert O'Malley,FALSE
RG_CI_2027,Rural Gen BaseLoad,PRJ-RG-1844,EMERGENT: Compressor Wash - Repair,Gas Turbine,Inlet & Compressor,Planned,Execution,10-03-2027,07-04-2027,90998.91,0,Local Union 55,Robert O'Malley,FALSE
RG_CI_2027,Rural Gen BaseLoad,PRJ-RG-1845,Execution: Bucket Exchange (S1-S3),Gas Turbine,Turbine Section,Planned,Execution,10-03-2027,07-04-2027,96355.36,0,Mistras Group,Robert O'Malley,FALSE
RG_CI_2027,Rural Gen BaseLoad,PRJ-RG-1846,Execution: Verify Zero Energy,Safety & Compliance,LOTO,Planned,Execution,10-03-2027,07-04-2027,97777.11,0,BrandSafway,Robert O'Malley,FALSE
RG_CI_2027,Rural Gen BaseLoad,PRJ-RG-1847,Execution: RFP General Contractor,Project Management,Supply Chain,Planned,Execution,10-03-2027,07-04-2027,79409.06,0,United Rentals,Robert O'Malley,FALSE
RG_CI_2027,Rural Gen BaseLoad,PRJ-RG-1848,EMERGENT: Fuel Nozzle Swap - Repair,Gas Turbine,Combustion,Planned,Execution,10-03-2027,07-04-2027,80615.78,0,Mistras Group,Robert O'Malley,FALSE
RG_CI_2027,Rural Gen BaseLoad,PRJ-RG-1849,Execution: Chemical Safety Review,Safety & Compliance,EHS,Planned,Execution,10-03-2027,07-04-2027,81838.18,0,EthosEnergy,Robert O'Malley,FALSE
RG_CI_2027,Rural Gen BaseLoad,PRJ-RG-1850,Execution: Transition Piece Inspect,Gas Turbine,Combustion,Planned,Execution,10-03-2027,07-04-2027,83742.35,0,Mistras Group,Robert O'Malley,FALSE
RG_CI_2027,Rural Gen BaseLoad,PRJ-RG-1851,EMERGENT: Submit CapEx Request - Repair,Project Management,Financial & Controls,Planned,Execution,10-03-2027,07-04-2027,89288.67,0,BrandSafway,Robert O'Malley,FALSE
RG_CI_2027,Rural Gen BaseLoad,PRJ-RG-1852,Execution: Invoice Reconciliation,Project Management,Financial & Controls,Planned,Execution,10-03-2027,07-04-2027,98707.56,0,Siemens Energy,Robert O'Malley,FALSE
RG_CI_2027,Rural Gen BaseLoad,PRJ-RG-1853,Execution: Mobilization,Project Management,Supply Chain,Planned,Execution,10-03-2027,07-04-2027,109185.66,0,United Rentals,Robert O'Malley,FALSE
RG_CI_2027,Rural Gen BaseLoad,PRJ-RG-1854,EMERGENT: Scope Freeze Meeting - Repair,Project Management,Supply Chain,Planned,Execution,10-03-2027,07-04-2027,78303.86,0,Local Union 55,Robert O'Malley,FALSE
RG_CI_2027,Rural Gen BaseLoad,PRJ-RG-1855,Execution: Daily Safety Audit,Safety & Compliance,EHS,Planned,Execution,10-03-2027,07-04-2027,101321.11,0,GE Vernova,Robert O'Malley,FALSE
RG_CI_2027,Rural Gen BaseLoad,PRJ-RG-1856,Execution: Develop Cost Estimate,Project Management,Financial & Controls,Planned,Execution,10-03-2027,07-04-2027,83756.85,0,EthosEnergy,Robert O'Malley,FALSE
RG_CI_2027,Rural Gen BaseLoad,PRJ-RG-1857,Execution: Shroud Block Replace,Gas Turbine,Turbine Section,Planned,Execution,10-03-2027,07-04-2027,96493.46,0,Siemens Energy,Robert O'Malley,FALSE
RG_CI_2027,Rural Gen BaseLoad,PRJ-RG-1858,Execution: Budget Approval,Project Management,Financial & Controls,Planned,Execution,10-03-2027,07-04-2027,74539.25,0,Siemens Energy,Robert O'Malley,FALSE
RG_CI_2027,Rural Gen BaseLoad,PRJ-RG-1859,Execution: Environmental Permit Review,Project Management,Regulatory,Planned,Execution,10-03-2027,07-04-2027,104373.25,0,United Rentals,Robert O'Malley,FALSE
RG_CI_2027,Rural Gen BaseLoad,PRJ-RG-1860,Execution: Transition Piece Inspect,Gas Turbine,Combustion,Planned,Execution,10-03-2027,07-04-2027,104105.56,0,Mistras Group,Robert O'Malley,FALSE
RG_CI_2027,Rural Gen BaseLoad,PRJ-RG-1861,Execution: RFP General Contractor,Project Management,Supply Chain,Planned,Execution,10-03-2027,07-04-2027,104180.41,0,Local Union 55,Robert O'Malley,FALSE
RG_CI_2027,Rural Gen BaseLoad,PRJ-RG-1862,Execution: Contractor Orientation,Project Management,Supply Chain,Planned,Execution,10-03-2027,07-04-2027,104112.53,0,Mistras Group,Robert O'Malley,FALSE
RG_CI_2027,Rural Gen BaseLoad,PRJ-RG-1863,Execution: Master LOTO List,Safety & Compliance,LOTO,Planned,Execution,10-03-2027,07-04-2027,95796.73,0,United Rentals,Robert O'Malley,FALSE
RG_CI_2027,Rural Gen BaseLoad,PRJ-RG-1864,Execution: Invoice Reconciliation,Project Management,Financial & Controls,Planned,Execution,10-03-2027,07-04-2027,88258.84,0,BrandSafway,Robert O'Malley,FALSE
RG_CI_2027,Rural Gen BaseLoad,PRJ-RG-1865,EMERGENT: Confined Space Drills - Repair,Safety & Compliance,EHS,Planned,Execution,10-03-2027,07-04-2027,99690.76,0,BrandSafway,Robert O'Malley,FALSE
RG_CI_2027,Rural Gen BaseLoad,PRJ-RG-1866,Execution: Submit CapEx Request,Project Management,Financial & Controls,Planned,Execution,10-03-2027,07-04-2027,77540.91,0,EthosEnergy,Robert O'Malley,FALSE
RG_CI_2027,Rural Gen BaseLoad,PRJ-RG-1867,Execution: Grid Outage Bid,Project Management,Regulatory,Planned,Execution,10-03-2027,07-04-2027,75884.46,0,EthosEnergy,Robert O'Malley,FALSE
RG_CI_2027,Rural Gen BaseLoad,PRJ-RG-1868,Execution: Cross-Fire Tube Check,Gas Turbine,Combustion,Planned,Execution,10-03-2027,07-04-2027,75403.67,0,Local Union 55,Robert O'Malley,FALSE
RG_CI_2027,Rural Gen BaseLoad,PRJ-RG-1869,Execution: Inlet Filter Inspection,Gas Turbine,Inlet & Compressor,Planned,Execution,10-03-2027,07-04-2027,101414.75,0,EthosEnergy,Robert O'Malley,FALSE
RG_CI_2027,Rural Gen BaseLoad,PRJ-RG-1870,Execution: Daily Safety Audit,Safety & Compliance,EHS,Planned,Execution,10-03-2027,07-04-2027,109212.26,0,Mistras Group,Robert O'Malley,FALSE
RG_CI_2027,Rural Gen BaseLoad,PRJ-RG-1871,Execution: Budget Approval,Project Management,Financial & Controls,Planned,Execution,10-03-2027,07-04-2027,98414.75,0,GE Vernova,Robert O'Malley,FALSE
RG_CI_2027,Rural Gen BaseLoad,PRJ-RG-1872,Execution: Master LOTO List,Safety & Compliance,LOTO,Planned,Execution,10-03-2027,07-04-2027,97725.22,0,GE Vernova,Robert O'Malley,FALSE
RG_CI_2027,Rural Gen BaseLoad,PRJ-RG-1873,Execution: Transition Piece Inspect,Gas Turbine,Combustion,Planned,Execution,10-03-2027,07-04-2027,75133.22,0,United Rentals,Robert O'Malley,FALSE
RG_CI_2027,Rural Gen BaseLoad,PRJ-RG-1874,EMERGENT: Turbine Shell Lift - Repair,Gas Turbine,Turbine Section,Planned,Execution,10-03-2027,07-04-2027,87804.8,0,Local Union 55,Robert O'Malley,FALSE
RG_CI_2027,Rural Gen BaseLoad,PRJ-RG-1875,Execution: Walkdown Isolations,Safety & Compliance,LOTO,Planned,Execution,10-03-2027,07-04-2027,103942.55,0,BrandSafway,Robert O'Malley,FALSE
RG_CI_2027,Rural Gen BaseLoad,PRJ-RG-1876,Execution: Grid Outage Bid,Project Management,Regulatory,Planned,Execution,10-03-2027,07-04-2027,79159.38,0,EthosEnergy,Robert O'Malley,FALSE
RG_CI_2027,Rural Gen BaseLoad,PRJ-RG-1877,EMERGENT: Environmental Permit Review - Repair,Project Management,Regulatory,Planned,Execution,10-03-2027,07-04-2027,107768.16,0,Siemens Energy,Robert O'Malley,FALSE
RG_CI_2027,Rural Gen BaseLoad,PRJ-RG-1878,Execution: Compressor Wash,Gas Turbine,Inlet & Compressor,Planned,Execution,10-03-2027,07-04-2027,81414.38,0,Local Union 55,Robert O'Malley,FALSE
RG_CI_2027,Rural Gen BaseLoad,PRJ-RG-1879,Execution: Develop Cost Estimate,Project Management,Financial & Controls,Planned,Execution,10-03-2027,07-04-2027,96931.09,0,BrandSafway,Robert O'Malley,FALSE
RG_CI_2027,Rural Gen BaseLoad,PRJ-RG-1880,EMERGENT: Contractor Orientation - Repair,Project Management,Supply Chain,Planned,Execution,10-03-2027,07-04-2027,104661.17,0,Mistras Group,Robert O'Malley,FALSE
RG_CI_2027,Rural Gen BaseLoad,PRJ-RG-1881,Execution: Compressor Wash,Gas Turbine,Inlet & Compressor,Planned,Execution,10-03-2027,07-04-2027,91918.68,0,BrandSafway,Robert O'Malley,FALSE
RG_CI_2027,Rural Gen BaseLoad,PRJ-RG-1882,Execution: Daily Safety Audit,Safety & Compliance,EHS,Planned,Execution,10-03-2027,07-04-2027,109957.19,0,BrandSafway,Robert O'Malley,FALSE
RG_CI_2027,Rural Gen BaseLoad,PRJ-RG-1883,Execution: Inlet Filter Inspection,Gas Turbine,Inlet & Compressor,Planned,Execution,10-03-2027,07-04-2027,86132.37,0,Siemens Energy,Robert O'Malley,FALSE
RG_CI_2027,Rural Gen BaseLoad,PRJ-RG-1884,T+1: Bucket Exchange (S1-S3),Gas Turbine,Turbine Section,Planned,T+1,07-04-2027,07-05-2027,50138.74,0,EthosEnergy,Robert O'Malley,FALSE
RG_CI_2027,Rural Gen BaseLoad,PRJ-RG-1885,T+1: Contractor Orientation,Project Management,Supply Chain,Planned,T+1,07-04-2027,07-05-2027,65335,0,Mistras Group,Robert O'Malley,FALSE
RG_CI_2027,Rural Gen BaseLoad,PRJ-RG-1886,T+1: Walkdown Isolations,Safety & Compliance,LOTO,Planned,T+1,07-04-2027,07-05-2027,58017.63,0,United Rentals,Robert O'Malley,FALSE
RG_CI_2027,Rural Gen BaseLoad,PRJ-RG-1887,T+1: Transition Piece Inspect,Gas Turbine,Combustion,Planned,T+1,07-04-2027,07-05-2027,58134.38,0,Siemens Energy,Robert O'Malley,FALSE
RG_CI_2027,Rural Gen BaseLoad,PRJ-RG-1888,T+1: Air Monitoring Setup,Safety & Compliance,EHS,Planned,T+1,07-04-2027,07-05-2027,66185.76,0,Local Union 55,Robert O'Malley,FALSE
RG_CI_2027,Rural Gen BaseLoad,PRJ-RG-1889,T+1: Fuel Nozzle Swap,Gas Turbine,Combustion,Planned,T+1,07-04-2027,07-05-2027,60408.23,0,BrandSafway,Robert O'Malley,FALSE
EP_MO_2027,East Peaker,PRJ-EP-1890,T-24: Grid Outage Bid,Project Management,Regulatory,Completed,T-24,11-09-2025,06-10-2025,51258.61,53237.66,United Rentals,David Chen,FALSE
EP_MO_2027,East Peaker,PRJ-EP-1891,T-24: Chemical Safety Review,Safety & Compliance,EHS,Completed,T-24,11-09-2025,06-10-2025,49322.76,50069.42,Siemens Energy,David Chen,FALSE
EP_MO_2027,East Peaker,PRJ-EP-1892,T-24: Confined Space Drills,Safety & Compliance,EHS,Completed,T-24,11-09-2025,06-10-2025,44574.28,46011.74,Local Union 55,David Chen,FALSE
EP_MO_2027,East Peaker,PRJ-EP-1893,T-24: Scope Freeze Meeting,Project Management,Supply Chain,Completed,T-24,11-09-2025,06-10-2025,47023.81,44462.33,Mistras Group,David Chen,FALSE
EP_MO_2027,East Peaker,PRJ-EP-1894,T-24: Chemical Safety Review,Safety & Compliance,EHS,Completed,T-24,11-09-2025,06-10-2025,35496.51,39819.45,Local Union 55,David Chen,FALSE
EP_MO_2027,East Peaker,PRJ-EP-1895,T-24: Budget Approval,Project Management,Financial & Controls,Completed,T-24,11-09-2025,06-10-2025,46590.64,51893.72,Mistras Group,David Chen,FALSE
EP_MO_2027,East Peaker,PRJ-EP-1896,T-24: Daily Safety Audit,Safety & Compliance,EHS,Completed,T-24,11-09-2025,06-10-2025,48422.93,50033.68,GE Vernova,David Chen,FALSE
EP_MO_2027,East Peaker,PRJ-EP-1897,T-24: Daily Safety Audit,Safety & Compliance,EHS,Completed,T-24,11-09-2025,06-10-2025,41681.1,40029.15,EthosEnergy,David Chen,FALSE
EP_MO_2027,East Peaker,PRJ-EP-1898,T-24: RFP General Contractor,Project Management,Supply Chain,Completed,T-24,11-09-2025,06-10-2025,34945.82,39907.58,GE Vernova,David Chen,FALSE
EP_MO_2027,East Peaker,PRJ-EP-1899,T-24: Mobilization,Project Management,Supply Chain,Completed,T-24,11-09-2025,06-10-2025,43443.03,46950.2,United Rentals,David Chen,FALSE
EP_MO_2027,East Peaker,PRJ-EP-1900,T-24: Contractor Orientation,Project Management,Supply Chain,Completed,T-24,11-09-2025,06-10-2025,42736.96,40991.9,EthosEnergy,David Chen,FALSE
EP_MO_2027,East Peaker,PRJ-EP-1901,T-24: Chemical Safety Review,Safety & Compliance,EHS,Completed,T-24,11-09-2025,06-10-2025,42343.42,40203.69,Mistras Group,David Chen,FALSE
EP_MO_2027,East Peaker,PRJ-EP-1902,T-24: Mobilization,Project Management,Supply Chain,Completed,T-24,11-09-2025,06-10-2025,45891.81,48022.3,Siemens Energy,David Chen,FALSE
EP_MO_2027,East Peaker,PRJ-EP-1903,T-24: Chemical Safety Review,Safety & Compliance,EHS,Completed,T-24,11-09-2025,06-10-2025,42255.16,45166.06,Siemens Energy,David Chen,FALSE
EP_MO_2027,East Peaker,PRJ-EP-1904,T-24: Confined Space Drills,Safety & Compliance,EHS,Completed,T-24,11-09-2025,06-10-2025,51022.77,54924.59,BrandSafway,David Chen,FALSE
EP_MO_2027,East Peaker,PRJ-EP-1905,T-24: Contractor Orientation,Project Management,Supply Chain,Completed,T-24,11-09-2025,06-10-2025,45300.67,46968.87,Siemens Energy,David Chen,FALSE
EP_MO_2027,East Peaker,PRJ-EP-1906,T-24: Contractor Orientation,Project Management,Supply Chain,Completed,T-24,11-09-2025,06-10-2025,42367.87,43413.55,GE Vernova,David Chen,FALSE
EP_MO_2027,East Peaker,PRJ-EP-1907,T-24: Grid Outage Bid,Project Management,Regulatory,Completed,T-24,11-09-2025,06-10-2025,38971.15,38774,GE Vernova,David Chen,FALSE
EP_MO_2027,East Peaker,PRJ-EP-1908,T-24: Master LOTO List,Safety & Compliance,LOTO,Completed,T-24,11-09-2025,06-10-2025,50767.04,57702.32,EthosEnergy,David Chen,FALSE
EP_MO_2027,East Peaker,PRJ-EP-1909,T-24: Grid Outage Bid,Project Management,Regulatory,Completed,T-24,11-09-2025,06-10-2025,43349.48,49032.91,Mistras Group,David Chen,FALSE
EP_MO_2027,East Peaker,PRJ-EP-1910,T-24: Invoice Reconciliation,Project Management,Financial & Controls,Completed,T-24,11-09-2025,06-10-2025,37984.48,39455.78,GE Vernova,David Chen,FALSE
EP_MO_2027,East Peaker,PRJ-EP-1911,Manage PO: HGP Hardware,Project Management,Supply Chain,Planned,T-18,20-03-2026,14-04-2026,15000,0,OEM / Supply Chain,David Chen,FALSE
EP_MO_2027,East Peaker,PRJ-EP-1912,Manage PO: Combustion Parts,Project Management,Supply Chain,Planned,T-18,20-03-2026,14-04-2026,15000,0,OEM / Supply Chain,David Chen,FALSE
EP_MO_2027,East Peaker,PRJ-EP-1913,Manage PO: ST Valve Parts,Project Management,Supply Chain,Planned,T-18,20-03-2026,14-04-2026,15000,0,OEM / Supply Chain,David Chen,FALSE
EP_MO_2027,East Peaker,PRJ-EP-1914,Manage PO: LSB Consumables,Project Management,Supply Chain,Planned,T-18,20-03-2026,14-04-2026,15000,0,OEM / Supply Chain,David Chen,FALSE
EP_MO_2027,East Peaker,PRJ-EP-1915,Manage PO: Catalyst Replacement,Project Management,Supply Chain,Planned,T-18,20-03-2026,14-04-2026,15000,0,OEM / Supply Chain,David Chen,FALSE
EP_MO_2027,East Peaker,PRJ-EP-1916,Material: Tube Panel Sections,HRSG,Pressure Parts,Planned,T-18,20-03-2026,14-04-2026,1350000,0,OEM / Supply Chain,David Chen,FALSE
EP_MO_2027,East Peaker,PRJ-EP-1917,Manage PO: Generator Kits,Project Management,Supply Chain,Planned,T-18,20-03-2026,14-04-2026,15000,0,OEM / Supply Chain,David Chen,FALSE
EP_MO_2027,East Peaker,PRJ-EP-1918,T-18: Air Monitoring Setup,Safety & Compliance,EHS,Planned,T-18,20-03-2026,14-04-2026,53604.86,0,Siemens Energy,David Chen,FALSE
EP_MO_2027,East Peaker,PRJ-EP-1919,T-18: Mobilization,Project Management,Supply Chain,Planned,T-18,20-03-2026,14-04-2026,68970.02,0,Mistras Group,David Chen,FALSE
EP_MO_2027,East Peaker,PRJ-EP-1920,T-18: Develop Cost Estimate,Project Management,Financial & Controls,Planned,T-18,20-03-2026,14-04-2026,65583.04,0,United Rentals,David Chen,FALSE
EP_MO_2027,East Peaker,PRJ-EP-1921,T-18: Air Monitoring Setup,Safety & Compliance,EHS,Planned,T-18,20-03-2026,14-04-2026,52105.06,0,BrandSafway,David Chen,FALSE
EP_MO_2027,East Peaker,PRJ-EP-1922,T-18: Verify Zero Energy,Safety & Compliance,LOTO,Planned,T-18,20-03-2026,14-04-2026,60023.55,0,GE Vernova,David Chen,FALSE
EP_MO_2027,East Peaker,PRJ-EP-1923,T-18: Environmental Permit Review,Project Management,Regulatory,Planned,T-18,20-03-2026,14-04-2026,53129.8,0,EthosEnergy,David Chen,FALSE
EP_MO_2027,East Peaker,PRJ-EP-1924,T-18: Submit CapEx Request,Project Management,Financial & Controls,Planned,T-18,20-03-2026,14-04-2026,49954.23,0,EthosEnergy,David Chen,FALSE
EP_MO_2027,East Peaker,PRJ-EP-1925,T-18: Chemical Safety Review,Safety & Compliance,EHS,Planned,T-18,20-03-2026,14-04-2026,66608.16,0,United Rentals,David Chen,FALSE
EP_MO_2027,East Peaker,PRJ-EP-1926,T-18: Develop Cost Estimate,Project Management,Financial & Controls,Planned,T-18,20-03-2026,14-04-2026,50524.11,0,BrandSafway,David Chen,FALSE
EP_MO_2027,East Peaker,PRJ-EP-1927,T-18: Contractor Orientation,Project Management,Supply Chain,Planned,T-18,20-03-2026,14-04-2026,68871.72,0,GE Vernova,David Chen,FALSE
EP_MO_2027,East Peaker,PRJ-EP-1928,T-18: Master LOTO List,Safety & Compliance,LOTO,Planned,T-18,20-03-2026,14-04-2026,55512.65,0,Mistras Group,David Chen,FALSE
EP_MO_2027,East Peaker,PRJ-EP-1929,T-18: Air Monitoring Setup,Safety & Compliance,EHS,Planned,T-18,20-03-2026,14-04-2026,48259.97,0,Siemens Energy,David Chen,FALSE
EP_MO_2027,East Peaker,PRJ-EP-1930,T-18: Scope Freeze Meeting,Project Management,Supply Chain,Planned,T-18,20-03-2026,14-04-2026,66352.24,0,Siemens Energy,David Chen,FALSE
EP_MO_2027,East Peaker,PRJ-EP-1931,T-18: Contractor Orientation,Project Management,Supply Chain,Planned,T-18,20-03-2026,14-04-2026,52776.21,0,EthosEnergy,David Chen,FALSE
EP_MO_2027,East Peaker,PRJ-EP-1932,Material: Stage 1 Buckets & Nozzles,Gas Turbine,Hot Gas Path,Planned,T-12,11-09-2026,06-10-2026,3600000,0,OEM / Supply Chain,David Chen,FALSE
EP_MO_2027,East Peaker,PRJ-EP-1933,Material: Main Steam Valve Kit,Steam Turbine,HP/IP Section,Planned,T-12,11-09-2026,06-10-2026,1350000,0,OEM / Supply Chain,David Chen,FALSE
EP_MO_2027,East Peaker,PRJ-EP-1934,Material: CO/SCR Catalyst Blocks,HRSG,Gas Path,Planned,T-12,11-09-2026,06-10-2026,3600000,0,OEM / Supply Chain,David Chen,FALSE
EP_MO_2027,East Peaker,PRJ-EP-1935,T-12: RFP General Contractor,Project Management,Supply Chain,Planned,T-12,11-09-2026,06-10-2026,72723.64,0,EthosEnergy,David Chen,FALSE
EP_MO_2027,East Peaker,PRJ-EP-1936,T-12: Submit CapEx Request,Project Management,Financial & Controls,Planned,T-12,11-09-2026,06-10-2026,63607.89,0,Siemens Energy,David Chen,FALSE
EP_MO_2027,East Peaker,PRJ-EP-1937,T-12: Budget Approval,Project Management,Financial & Controls,Planned,T-12,11-09-2026,06-10-2026,82295.86,0,BrandSafway,David Chen,FALSE
EP_MO_2027,East Peaker,PRJ-EP-1938,T-12: Mobilization,Project Management,Supply Chain,Planned,T-12,11-09-2026,06-10-2026,67521.94,0,Mistras Group,David Chen,FALSE
EP_MO_2027,East Peaker,PRJ-EP-1939,T-12: Master LOTO List,Safety & Compliance,LOTO,Planned,T-12,11-09-2026,06-10-2026,71965.03,0,United Rentals,David Chen,FALSE
EP_MO_2027,East Peaker,PRJ-EP-1940,T-12: Daily Safety Audit,Safety & Compliance,EHS,Planned,T-12,11-09-2026,06-10-2026,60092.48,0,Siemens Energy,David Chen,FALSE
EP_MO_2027,East Peaker,PRJ-EP-1941,T-12: Scope Freeze Meeting,Project Management,Supply Chain,Planned,T-12,11-09-2026,06-10-2026,82815.26,0,BrandSafway,David Chen,FALSE
EP_MO_2027,East Peaker,PRJ-EP-1942,T-12: HazWaste Permit,Project Management,Regulatory,Planned,T-12,11-09-2026,06-10-2026,59610.66,0,BrandSafway,David Chen,FALSE
EP_MO_2027,East Peaker,PRJ-EP-1943,T-12: Environmental Permit Review,Project Management,Regulatory,Planned,T-12,11-09-2026,06-10-2026,72803.64,0,Local Union 55,David Chen,FALSE
EP_MO_2027,East Peaker,PRJ-EP-1944,T-12: Budget Approval,Project Management,Financial & Controls,Planned,T-12,11-09-2026,06-10-2026,64551.12,0,Siemens Energy,David Chen,FALSE
EP_MO_2027,East Peaker,PRJ-EP-1945,T-12: Submit CapEx Request,Project Management,Financial & Controls,Planned,T-12,11-09-2026,06-10-2026,57804.34,0,United Rentals,David Chen,FALSE
EP_MO_2027,East Peaker,PRJ-EP-1946,T-12: Scope Freeze Meeting,Project Management,Supply Chain,Planned,T-12,11-09-2026,06-10-2026,58334.4,0,Siemens Energy,David Chen,FALSE
EP_MO_2027,East Peaker,PRJ-EP-1947,T-12: RFP General Contractor,Project Management,Supply Chain,Planned,T-12,11-09-2026,06-10-2026,69971.91,0,Siemens Energy,David Chen,FALSE
EP_MO_2027,East Peaker,PRJ-EP-1948,T-12: Submit CapEx Request,Project Management,Financial & Controls,Planned,T-12,11-09-2026,06-10-2026,55465.72,0,GE Vernova,David Chen,FALSE
EP_MO_2027,East Peaker,PRJ-EP-1949,T-12: Mobilization,Project Management,Supply Chain,Planned,T-12,11-09-2026,06-10-2026,70949.48,0,Mistras Group,David Chen,FALSE
EP_MO_2027,East Peaker,PRJ-EP-1950,T-12: Confined Space Drills,Safety & Compliance,EHS,Planned,T-12,11-09-2026,06-10-2026,60526.62,0,Local Union 55,David Chen,FALSE
EP_MO_2027,East Peaker,PRJ-EP-1951,T-12: Confined Space Drills,Safety & Compliance,EHS,Planned,T-12,11-09-2026,06-10-2026,61259.21,0,Mistras Group,David Chen,FALSE
EP_MO_2027,East Peaker,PRJ-EP-1952,T-12: Chemical Safety Review,Safety & Compliance,EHS,Planned,T-12,11-09-2026,06-10-2026,82909.47,0,Siemens Energy,David Chen,FALSE
EP_MO_2027,East Peaker,PRJ-EP-1953,T-12: Budget Approval,Project Management,Financial & Controls,Planned,T-12,11-09-2026,06-10-2026,62545.64,0,Siemens Energy,David Chen,FALSE
EP_MO_2027,East Peaker,PRJ-EP-1954,T-12: Grid Outage Bid,Project Management,Regulatory,Planned,T-12,11-09-2026,06-10-2026,71187.56,0,Local Union 55,David Chen,FALSE
EP_MO_2027,East Peaker,PRJ-EP-1955,T-12: Verify Zero Energy,Safety & Compliance,LOTO,Planned,T-12,11-09-2026,06-10-2026,68366.89,0,Siemens Energy,David Chen,FALSE
EP_MO_2027,East Peaker,PRJ-EP-1956,T-12: Confined Space Drills,Safety & Compliance,EHS,Planned,T-12,11-09-2026,06-10-2026,82272.17,0,Siemens Energy,David Chen,FALSE
EP_MO_2027,East Peaker,PRJ-EP-1957,T-12: Develop Cost Estimate,Project Management,Financial & Controls,Planned,T-12,11-09-2026,06-10-2026,72909.39,0,Mistras Group,David Chen,FALSE
EP_MO_2027,East Peaker,PRJ-EP-1958,T-12: Submit CapEx Request,Project Management,Financial & Controls,Planned,T-12,11-09-2026,06-10-2026,61655.92,0,EthosEnergy,David Chen,FALSE
EP_MO_2027,East Peaker,PRJ-EP-1959,T-12: Environmental Permit Review,Project Management,Regulatory,Planned,T-12,11-09-2026,06-10-2026,64900.94,0,Local Union 55,David Chen,FALSE
EP_MO_2027,East Peaker,PRJ-EP-1960,T-12: RFP General Contractor,Project Management,Supply Chain,Planned,T-12,11-09-2026,06-10-2026,82335.82,0,BrandSafway,David Chen,FALSE
EP_MO_2027,East Peaker,PRJ-EP-1961,T-12: Confined Space Drills,Safety & Compliance,EHS,Planned,T-12,11-09-2026,06-10-2026,82865.92,0,Siemens Energy,David Chen,FALSE
EP_MO_2027,East Peaker,PRJ-EP-1962,T-12: Walkdown Isolations,Safety & Compliance,LOTO,Planned,T-12,11-09-2026,06-10-2026,78437.13,0,EthosEnergy,David Chen,FALSE
EP_MO_2027,East Peaker,PRJ-EP-1963,T-12: Air Monitoring Setup,Safety & Compliance,EHS,Planned,T-12,11-09-2026,06-10-2026,60453.75,0,Mistras Group,David Chen,FALSE
EP_MO_2027,East Peaker,PRJ-EP-1964,T-12: Chemical Safety Review,Safety & Compliance,EHS,Planned,T-12,11-09-2026,06-10-2026,72198.47,0,GE Vernova,David Chen,FALSE
EP_MO_2027,East Peaker,PRJ-EP-1965,T-12: Scope Freeze Meeting,Project Management,Supply Chain,Planned,T-12,11-09-2026,06-10-2026,78655.53,0,Mistras Group,David Chen,FALSE
EP_MO_2027,East Peaker,PRJ-EP-1966,T-12: Confined Space Drills,Safety & Compliance,EHS,Planned,T-12,11-09-2026,06-10-2026,62151.41,0,BrandSafway,David Chen,FALSE
EP_MO_2027,East Peaker,PRJ-EP-1967,T-12: Walkdown Isolations,Safety & Compliance,LOTO,Planned,T-12,11-09-2026,06-10-2026,70664.34,0,Mistras Group,David Chen,FALSE
EP_MO_2027,East Peaker,PRJ-EP-1968,T-12: Develop Cost Estimate,Project Management,Financial & Controls,Planned,T-12,11-09-2026,06-10-2026,64467.56,0,EthosEnergy,David Chen,FALSE
EP_MO_2027,East Peaker,PRJ-EP-1969,T-12: Grid Outage Bid,Project Management,Regulatory,Planned,T-12,11-09-2026,06-10-2026,79971.34,0,BrandSafway,David Chen,FALSE
EP_MO_2027,East Peaker,PRJ-EP-1970,T-12: Develop Cost Estimate,Project Management,Financial & Controls,Planned,T-12,11-09-2026,06-10-2026,62265.96,0,EthosEnergy,David Chen,FALSE
EP_MO_2027,East Peaker,PRJ-EP-1971,T-12: Develop Cost Estimate,Project Management,Financial & Controls,Planned,T-12,11-09-2026,06-10-2026,63515.06,0,GE Vernova,David Chen,FALSE
EP_MO_2027,East Peaker,PRJ-EP-1972,T-12: Environmental Permit Review,Project Management,Regulatory,Planned,T-12,11-09-2026,06-10-2026,71243,0,EthosEnergy,David Chen,FALSE
EP_MO_2027,East Peaker,PRJ-EP-1973,T-12: HazWaste Permit,Project Management,Regulatory,Planned,T-12,11-09-2026,06-10-2026,62430.48,0,Local Union 55,David Chen,FALSE
EP_MO_2027,East Peaker,PRJ-EP-1974,Material: Fuel Nozzle Set (Refurbished),Gas Turbine,Combustion,Planned,T-6,15-03-2027,09-04-2027,1350000,0,OEM / Supply Chain,David Chen,FALSE
EP_MO_2027,East Peaker,PRJ-EP-1975,Manage PO: Filter Media,Project Management,Supply Chain,Planned,T-6,15-03-2027,09-04-2027,15000,0,OEM / Supply Chain,David Chen,FALSE
EP_MO_2027,East Peaker,PRJ-EP-1976,Material: LSB Erosion Shields,Steam Turbine,LP Section,Planned,T-6,15-03-2027,09-04-2027,225000,0,OEM / Supply Chain,David Chen,FALSE
EP_MO_2027,East Peaker,PRJ-EP-1977,Manage PO: Pressure Parts,Project Management,Supply Chain,Planned,T-6,15-03-2027,09-04-2027,15000,0,OEM / Supply Chain,David Chen,FALSE
EP_MO_2027,East Peaker,PRJ-EP-1978,Material: Stator Wedge Kit,Generator,Stator,Planned,T-6,15-03-2027,09-04-2027,225000,0,OEM / Supply Chain,David Chen,FALSE
EP_MO_2027,East Peaker,PRJ-EP-1979,Manage PO: Exciter Parts,Project Management,Supply Chain,Planned,T-6,15-03-2027,09-04-2027,15000,0,OEM / Supply Chain,David Chen,FALSE
EP_MO_2027,East Peaker,PRJ-EP-1980,T-6: Fuel Nozzle Swap,Gas Turbine,Combustion,Planned,T-6,15-03-2027,09-04-2027,139125.22,0,Siemens Energy,David Chen,FALSE
EP_MO_2027,East Peaker,PRJ-EP-1981,T-6: Walkdown Isolations,Safety & Compliance,LOTO,Planned,T-6,15-03-2027,09-04-2027,97282.37,0,BrandSafway,David Chen,FALSE
EP_MO_2027,East Peaker,PRJ-EP-1982,T-6: Scope Freeze Meeting,Project Management,Supply Chain,Planned,T-6,15-03-2027,09-04-2027,103590.62,0,United Rentals,David Chen,FALSE
EP_MO_2027,East Peaker,PRJ-EP-1983,T-6: GSU Oil Analysis,Balance of Plant,Electrical,Planned,T-6,15-03-2027,09-04-2027,118862.54,0,United Rentals,David Chen,FALSE
EP_MO_2027,East Peaker,PRJ-EP-1984,T-6: Diaphragm Cleaning,Steam Turbine,HP/IP,Planned,T-6,15-03-2027,09-04-2027,125622.72,0,Local Union 55,David Chen,FALSE
EP_MO_2027,East Peaker,PRJ-EP-1985,T-6: Rotor Inspection,Gas Turbine,Turbine Section,Planned,T-6,15-03-2027,09-04-2027,103836.84,0,BrandSafway,David Chen,FALSE
EP_MO_2027,East Peaker,PRJ-EP-1986,T-6: Turbine Shell Lift,Gas Turbine,Turbine Section,Planned,T-6,15-03-2027,09-04-2027,136032.3,0,United Rentals,David Chen,FALSE
EP_MO_2027,East Peaker,PRJ-EP-1987,T-6: Aux Boiler Inspection,Balance of Plant,Auxiliary,Planned,T-6,15-03-2027,09-04-2027,103764.16,0,Local Union 55,David Chen,FALSE
EP_MO_2027,East Peaker,PRJ-EP-1988,T-6: Fuel Nozzle Swap,Gas Turbine,Combustion,Planned,T-6,15-03-2027,09-04-2027,126176.63,0,BrandSafway,David Chen,FALSE
EP_MO_2027,East Peaker,PRJ-EP-1989,T-6: HazWaste Permit,Project Management,Regulatory,Planned,T-6,15-03-2027,09-04-2027,140041.52,0,Siemens Energy,David Chen,FALSE
EP_MO_2027,East Peaker,PRJ-EP-1990,T-6: Air Monitoring Setup,Safety & Compliance,EHS,Planned,T-6,15-03-2027,09-04-2027,133774.44,0,Siemens Energy,David Chen,FALSE
EP_MO_2027,East Peaker,PRJ-EP-1991,T-6: Demin Plant Service,Balance of Plant,Auxiliary,Planned,T-6,15-03-2027,09-04-2027,111199.24,0,United Rentals,David Chen,FALSE
EP_MO_2027,East Peaker,PRJ-EP-1992,T-6: Journal Bearing Inspect,Steam Turbine,LP,Planned,T-6,15-03-2027,09-04-2027,133381.93,0,Local Union 55,David Chen,FALSE
EP_MO_2027,East Peaker,PRJ-EP-1993,T-6: Grid Outage Bid,Project Management,Regulatory,Planned,T-6,15-03-2027,09-04-2027,125852.34,0,BrandSafway,David Chen,FALSE
EP_MO_2027,East Peaker,PRJ-EP-1994,T-6: Walkdown Isolations,Safety & Compliance,LOTO,Planned,T-6,15-03-2027,09-04-2027,106651.63,0,United Rentals,David Chen,FALSE
EP_MO_2027,East Peaker,PRJ-EP-1995,Material: Inlet Filter Elements,Gas Turbine,Inlet & Compressor,Planned,T-3,13-06-2027,08-07-2027,225000,0,OEM / Supply Chain,David Chen,FALSE
EP_MO_2027,East Peaker,PRJ-EP-1996,T-3: Diaphragm Cleaning,Steam Turbine,HP/IP,Planned,T-3,13-06-2027,08-07-2027,27516.67,0,BrandSafway,David Chen,FALSE
EP_MO_2027,East Peaker,PRJ-EP-1997,T-3: Transition Piece Inspect,Gas Turbine,Combustion,Planned,T-3,13-06-2027,08-07-2027,33993.17,0,GE Vernova,David Chen,FALSE
EP_MO_2027,East Peaker,PRJ-EP-1998,T-3: Stack Damper Calibration,HRSG,Gas Path,Planned,T-3,13-06-2027,08-07-2027,35691.48,0,BrandSafway,David Chen,FALSE
EP_MO_2027,East Peaker,PRJ-EP-1999,T-3: Circ Water Pump Rebuild,Balance of Plant,Cooling Water,Planned,T-3,13-06-2027,08-07-2027,28219.91,0,BrandSafway,David Chen,FALSE
EP_MO_2027,East Peaker,PRJ-EP-2000,T-3: LP Hood Spray Check,Steam Turbine,LP,Planned,T-3,13-06-2027,08-07-2027,31952.08,0,BrandSafway,David Chen,FALSE
EP_MO_2027,East Peaker,PRJ-EP-2001,T-3: Demin Plant Service,Balance of Plant,Auxiliary,Planned,T-3,13-06-2027,08-07-2027,28725.01,0,GE Vernova,David Chen,FALSE
EP_MO_2027,East Peaker,PRJ-EP-2002,T-3: Demin Plant Service,Balance of Plant,Auxiliary,Planned,T-3,13-06-2027,08-07-2027,30327.82,0,Mistras Group,David Chen,FALSE
EP_MO_2027,East Peaker,PRJ-EP-2003,T-3: Inst Air Comp Service,Balance of Plant,Auxiliary,Planned,T-3,13-06-2027,08-07-2027,27117.47,0,Local Union 55,David Chen,FALSE
EP_MO_2027,East Peaker,PRJ-EP-2004,T-3: Journal Bearing Inspect,Steam Turbine,LP,Planned,T-3,13-06-2027,08-07-2027,34636.93,0,EthosEnergy,David Chen,FALSE
EP_MO_2027,East Peaker,PRJ-EP-2005,T-3: Wedge Tightness Check,Generator,Stator,Planned,T-3,13-06-2027,08-07-2027,31828.98,0,EthosEnergy,David Chen,FALSE
EP_MO_2027,East Peaker,PRJ-EP-2006,T-3: Catalyst Loading,HRSG,Gas Path,Planned,T-3,13-06-2027,08-07-2027,35477.19,0,Siemens Energy,David Chen,FALSE
EP_MO_2027,East Peaker,PRJ-EP-2007,T-3: Condenser Cleaning,Balance of Plant,Cooling Water,Planned,T-3,13-06-2027,08-07-2027,39386.82,0,Mistras Group,David Chen,FALSE
EP_MO_2027,East Peaker,PRJ-EP-2008,T-3: HP Evap Thickness,HRSG,Pressure Parts,Planned,T-3,13-06-2027,08-07-2027,38045.78,0,United Rentals,David Chen,FALSE
EP_MO_2027,East Peaker,PRJ-EP-2009,T-3: Transition Piece Inspect,Gas Turbine,Combustion,Planned,T-3,13-06-2027,08-07-2027,32493.93,0,United Rentals,David Chen,FALSE
EP_MO_2027,East Peaker,PRJ-EP-2010,T-3: Develop Cost Estimate,Project Management,Financial & Controls,Planned,T-3,13-06-2027,08-07-2027,34464.73,0,Siemens Energy,David Chen,FALSE
EP_MO_2027,East Peaker,PRJ-EP-2011,T-3: Contractor Orientation,Project Management,Supply Chain,Planned,T-3,13-06-2027,08-07-2027,35696.19,0,EthosEnergy,David Chen,FALSE
EP_MO_2027,East Peaker,PRJ-EP-2012,T-3: Compressor Wash,Gas Turbine,Inlet & Compressor,Planned,T-3,13-06-2027,08-07-2027,28499.05,0,Siemens Energy,David Chen,FALSE
EP_MO_2027,East Peaker,PRJ-EP-2013,T-3: EL CID Testing,Generator,Stator,Planned,T-3,13-06-2027,08-07-2027,29073.01,0,Local Union 55,David Chen,FALSE
EP_MO_2027,East Peaker,PRJ-EP-2014,T-3: Fuel Nozzle Swap,Gas Turbine,Combustion,Planned,T-3,13-06-2027,08-07-2027,34953.03,0,GE Vernova,David Chen,FALSE
EP_MO_2027,East Peaker,PRJ-EP-2015,T-3: Aux Boiler Inspection,Balance of Plant,Auxiliary,Planned,T-3,13-06-2027,08-07-2027,30119.96,0,Mistras Group,David Chen,FALSE
EP_MO_2027,East Peaker,PRJ-EP-2016,T-1: Stop Valve Inspection,Steam Turbine,HP/IP,Planned,T-1,12-08-2027,06-09-2027,54036.61,0,Siemens Energy,David Chen,FALSE
EP_MO_2027,East Peaker,PRJ-EP-2017,T-1: Walkdown Isolations,Safety & Compliance,LOTO,Planned,T-1,12-08-2027,06-09-2027,71940,0,BrandSafway,David Chen,FALSE
EP_MO_2027,East Peaker,PRJ-EP-2018,T-1: HazWaste Permit,Project Management,Regulatory,Planned,T-1,12-08-2027,06-09-2027,74657.74,0,Local Union 55,David Chen,FALSE
EP_MO_2027,East Peaker,PRJ-EP-2019,T-1: Invoice Reconciliation,Project Management,Financial & Controls,Planned,T-1,12-08-2027,06-09-2027,72789.52,0,Siemens Energy,David Chen,FALSE
EP_MO_2027,East Peaker,PRJ-EP-2020,T-1: Inlet Duct Repair,HRSG,Gas Path,Planned,T-1,12-08-2027,06-09-2027,58893.78,0,Mistras Group,David Chen,FALSE
EP_MO_2027,East Peaker,PRJ-EP-2021,T-1: Transition Piece Inspect,Gas Turbine,Combustion,Planned,T-1,12-08-2027,06-09-2027,58186.59,0,Mistras Group,David Chen,FALSE
EP_MO_2027,East Peaker,PRJ-EP-2022,T-1: IGV Bushing Replace,Gas Turbine,Inlet & Compressor,Planned,T-1,12-08-2027,06-09-2027,76593.23,0,Mistras Group,David Chen,FALSE
EP_MO_2027,East Peaker,PRJ-EP-2023,T-1: HazWaste Permit,Project Management,Regulatory,Planned,T-1,12-08-2027,06-09-2027,63203.85,0,Local Union 55,David Chen,FALSE
EP_MO_2027,East Peaker,PRJ-EP-2024,T-1: Fuel Nozzle Swap,Gas Turbine,Combustion,Planned,T-1,12-08-2027,06-09-2027,67436.96,0,Siemens Energy,David Chen,FALSE
EP_MO_2027,East Peaker,PRJ-EP-2025,T-1: Transition Piece Inspect,Gas Turbine,Combustion,Planned,T-1,12-08-2027,06-09-2027,52899.15,0,Mistras Group,David Chen,FALSE
EP_MO_2027,East Peaker,PRJ-EP-2026,T-1: Walkdown Isolations,Safety & Compliance,LOTO,Planned,T-1,12-08-2027,06-09-2027,75123.03,0,EthosEnergy,David Chen,FALSE
EP_MO_2027,East Peaker,PRJ-EP-2027,T-1: Journal Bearing Inspect,Steam Turbine,LP,Planned,T-1,12-08-2027,06-09-2027,52296.38,0,BrandSafway,David Chen,FALSE
EP_MO_2027,East Peaker,PRJ-EP-2028,T-1: Circ Water Pump Rebuild,Balance of Plant,Cooling Water,Planned,T-1,12-08-2027,06-09-2027,66956.88,0,Local Union 55,David Chen,FALSE
EP_MO_2027,East Peaker,PRJ-EP-2029,T-1: Submit CapEx Request,Project Management,Financial & Controls,Planned,T-1,12-08-2027,06-09-2027,68682.7,0,United Rentals,David Chen,FALSE
EP_MO_2027,East Peaker,PRJ-EP-2030,T-1: Print Tags,Safety & Compliance,LOTO,Planned,T-1,12-08-2027,06-09-2027,53514.47,0,United Rentals,David Chen,FALSE
EP_MO_2027,East Peaker,PRJ-EP-2031,T-1: Catalyst Loading,HRSG,Gas Path,Planned,T-1,12-08-2027,06-09-2027,72196.68,0,BrandSafway,David Chen,FALSE
EP_MO_2027,East Peaker,PRJ-EP-2032,T-1: Compressor Wash,Gas Turbine,Inlet & Compressor,Planned,T-1,12-08-2027,06-09-2027,54537.54,0,Local Union 55,David Chen,FALSE
EP_MO_2027,East Peaker,PRJ-EP-2033,T-1: Battery Bank Test,Balance of Plant,Electrical,Planned,T-1,12-08-2027,06-09-2027,53791.47,0,United Rentals,David Chen,FALSE
EP_MO_2027,East Peaker,PRJ-EP-2034,T-1: Print Tags,Safety & Compliance,LOTO,Planned,T-1,12-08-2027,06-09-2027,66687.08,0,BrandSafway,David Chen,FALSE
EP_MO_2027,East Peaker,PRJ-EP-2035,T-1: Diode Wheel Inspection,Generator,Exciter,Planned,T-1,12-08-2027,06-09-2027,62561.93,0,Mistras Group,David Chen,FALSE
EP_MO_2027,East Peaker,PRJ-EP-2036,T-1: Master LOTO List,Safety & Compliance,LOTO,Planned,T-1,12-08-2027,06-09-2027,57850.56,0,Mistras Group,David Chen,FALSE
EP_MO_2027,East Peaker,PRJ-EP-2037,Material: Diode Wheel Components,Generator,Exciter,Planned,Execution,11-09-2027,10-12-2027,225000,0,OEM / Supply Chain,David Chen,FALSE
EP_MO_2027,East Peaker,PRJ-EP-2038,EMERGENT: EL CID Testing - Repair,Generator,Stator,Planned,Execution,11-09-2027,10-12-2027,102781.15,0,GE Vernova,David Chen,FALSE
EP_MO_2027,East Peaker,PRJ-EP-2039,Execution: Develop Cost Estimate,Project Management,Financial & Controls,Planned,Execution,11-09-2027,10-12-2027,73485.44,0,United Rentals,David Chen,FALSE
EP_MO_2027,East Peaker,PRJ-EP-2040,Execution: IGV Bushing Replace,Gas Turbine,Inlet & Compressor,Planned,Execution,11-09-2027,10-12-2027,90831.57,0,BrandSafway,David Chen,FALSE
EP_MO_2027,East Peaker,PRJ-EP-2041,Execution: Turbine Shell Lift,Gas Turbine,Turbine Section,Planned,Execution,11-09-2027,10-12-2027,88445.39,0,BrandSafway,David Chen,FALSE
EP_MO_2027,East Peaker,PRJ-EP-2042,Execution: HP Shell Removal,Steam Turbine,HP/IP,Planned,Execution,11-09-2027,10-12-2027,94569.67,0,United Rentals,David Chen,FALSE
EP_MO_2027,East Peaker,PRJ-EP-2043,Execution: Scope Freeze Meeting,Project Management,Supply Chain,Planned,Execution,11-09-2027,10-12-2027,104629.1,0,EthosEnergy,David Chen,FALSE
EP_MO_2027,East Peaker,PRJ-EP-2044,Execution: Develop Cost Estimate,Project Management,Financial & Controls,Planned,Execution,11-09-2027,10-12-2027,99352.64,0,BrandSafway,David Chen,FALSE
EP_MO_2027,East Peaker,PRJ-EP-2045,EMERGENT: Mobilization - Repair,Project Management,Supply Chain,Planned,Execution,11-09-2027,10-12-2027,77705.57,0,GE Vernova,David Chen,FALSE
EP_MO_2027,East Peaker,PRJ-EP-2046,Execution: Stop Valve Inspection,Steam Turbine,HP/IP,Planned,Execution,11-09-2027,10-12-2027,73948.35,0,Siemens Energy,David Chen,FALSE
EP_MO_2027,East Peaker,PRJ-EP-2047,Execution: Inst Air Comp Service,Balance of Plant,Auxiliary,Planned,Execution,11-09-2027,10-12-2027,73056.68,0,BrandSafway,David Chen,FALSE
EP_MO_2027,East Peaker,PRJ-EP-2048,Execution: Journal Bearing Inspect,Steam Turbine,LP,Planned,Execution,11-09-2027,10-12-2027,99756.76,0,Mistras Group,David Chen,FALSE
EP_MO_2027,East Peaker,PRJ-EP-2049,Execution: Inlet Duct Repair,HRSG,Gas Path,Planned,Execution,11-09-2027,10-12-2027,91522.79,0,GE Vernova,David Chen,FALSE
EP_MO_2027,East Peaker,PRJ-EP-2050,Execution: Master LOTO List,Safety & Compliance,LOTO,Planned,Execution,11-09-2027,10-12-2027,84275.87,0,BrandSafway,David Chen,FALSE
EP_MO_2027,East Peaker,PRJ-EP-2051,Execution: Condenser Cleaning,Balance of Plant,Cooling Water,Planned,Execution,11-09-2027,10-12-2027,99513.94,0,GE Vernova,David Chen,FALSE
EP_MO_2027,East Peaker,PRJ-EP-2052,Execution: Develop Cost Estimate,Project Management,Financial & Controls,Planned,Execution,11-09-2027,10-12-2027,104024.37,0,EthosEnergy,David Chen,FALSE
EP_MO_2027,East Peaker,PRJ-EP-2053,EMERGENT: Condenser Cleaning - Repair,Balance of Plant,Cooling Water,Planned,Execution,11-09-2027,10-12-2027,70691.17,0,Mistras Group,David Chen,FALSE
EP_MO_2027,East Peaker,PRJ-EP-2054,Execution: HP Shell Removal,Steam Turbine,HP/IP,Planned,Execution,11-09-2027,10-12-2027,87219.19,0,United Rentals,David Chen,FALSE
EP_MO_2027,East Peaker,PRJ-EP-2055,EMERGENT: HP Shell Removal - Repair,Steam Turbine,HP/IP,Planned,Execution,11-09-2027,10-12-2027,80135.47,0,Mistras Group,David Chen,FALSE
EP_MO_2027,East Peaker,PRJ-EP-2056,Execution: Bucket Exchange (S1-S3),Gas Turbine,Turbine Section,Planned,Execution,11-09-2027,10-12-2027,92273.04,0,GE Vernova,David Chen,FALSE
EP_MO_2027,East Peaker,PRJ-EP-2057,EMERGENT: Stack Damper Calibration - Repair,HRSG,Gas Path,Planned,Execution,11-09-2027,10-12-2027,82112.04,0,BrandSafway,David Chen,FALSE
EP_MO_2027,East Peaker,PRJ-EP-2058,Execution: Combustion Chamber Open,Gas Turbine,Combustion,Planned,Execution,11-09-2027,10-12-2027,102698.39,0,Siemens Energy,David Chen,FALSE
EP_MO_2027,East Peaker,PRJ-EP-2059,Execution: LP Hood Spray Check,Steam Turbine,LP,Planned,Execution,11-09-2027,10-12-2027,94084.04,0,Local Union 55,David Chen,FALSE
EP_MO_2027,East Peaker,PRJ-EP-2060,EMERGENT: Fuel Nozzle Swap - Repair,Gas Turbine,Combustion,Planned,Execution,11-09-2027,10-12-2027,103378.68,0,BrandSafway,David Chen,FALSE
EP_MO_2027,East Peaker,PRJ-EP-2061,Execution: IGV Bushing Replace,Gas Turbine,Inlet & Compressor,Planned,Execution,11-09-2027,10-12-2027,72793.01,0,BrandSafway,David Chen,FALSE
EP_MO_2027,East Peaker,PRJ-EP-2062,Execution: Bucket Exchange (S1-S3),Gas Turbine,Turbine Section,Planned,Execution,11-09-2027,10-12-2027,78828.53,0,Siemens Energy,David Chen,FALSE
EP_MO_2027,East Peaker,PRJ-EP-2063,Execution: Cooling Tower Media Replace,Balance of Plant,Cooling Water,Planned,Execution,11-09-2027,10-12-2027,103634.53,0,Local Union 55,David Chen,FALSE
EP_MO_2027,East Peaker,PRJ-EP-2064,Execution: Switchgear Testing,Balance of Plant,Electrical,Planned,Execution,11-09-2027,10-12-2027,76772.21,0,BrandSafway,David Chen,FALSE
EP_MO_2027,East Peaker,PRJ-EP-2065,Execution: HazWaste Permit,Project Management,Regulatory,Planned,Execution,11-09-2027,10-12-2027,83746.77,0,EthosEnergy,David Chen,FALSE
EP_MO_2027,East Peaker,PRJ-EP-2066,Execution: Demin Plant Service,Balance of Plant,Auxiliary,Planned,Execution,11-09-2027,10-12-2027,98794.97,0,GE Vernova,David Chen,FALSE
EP_MO_2027,East Peaker,PRJ-EP-2067,EMERGENT: HazWaste Permit - Repair,Project Management,Regulatory,Planned,Execution,11-09-2027,10-12-2027,73068.24,0,Local Union 55,David Chen,FALSE
EP_MO_2027,East Peaker,PRJ-EP-2068,Execution: IGV Bushing Replace,Gas Turbine,Inlet & Compressor,Planned,Execution,11-09-2027,10-12-2027,102911.9,0,United Rentals,David Chen,FALSE
EP_MO_2027,East Peaker,PRJ-EP-2069,Execution: Diaphragm Cleaning,Steam Turbine,HP/IP,Planned,Execution,11-09-2027,10-12-2027,71131.19,0,Mistras Group,David Chen,FALSE
EP_MO_2027,East Peaker,PRJ-EP-2070,EMERGENT: LSB Erosion Check - Repair,Steam Turbine,LP,Planned,Execution,11-09-2027,10-12-2027,85100.39,0,United Rentals,David Chen,FALSE
EP_MO_2027,East Peaker,PRJ-EP-2071,EMERGENT: Compressor Wash - Repair,Gas Turbine,Inlet & Compressor,Planned,Execution,11-09-2027,10-12-2027,88466.3,0,EthosEnergy,David Chen,FALSE
EP_MO_2027,East Peaker,PRJ-EP-2072,Execution: Shroud Block Replace,Gas Turbine,Turbine Section,Planned,Execution,11-09-2027,10-12-2027,72924.61,0,GE Vernova,David Chen,FALSE
EP_MO_2027,East Peaker,PRJ-EP-2073,Execution: Combustion Chamber Open,Gas Turbine,Combustion,Planned,Execution,11-09-2027,10-12-2027,104414.08,0,BrandSafway,David Chen,FALSE
EP_MO_2027,East Peaker,PRJ-EP-2074,Execution: Stack Damper Calibration,HRSG,Gas Path,Planned,Execution,11-09-2027,10-12-2027,76316.36,0,United Rentals,David Chen,FALSE
EP_MO_2027,East Peaker,PRJ-EP-2075,Execution: Rotor Inspection,Gas Turbine,Turbine Section,Planned,Execution,11-09-2027,10-12-2027,73595.8,0,Siemens Energy,David Chen,FALSE
EP_MO_2027,East Peaker,PRJ-EP-2076,Execution: Demin Plant Service,Balance of Plant,Auxiliary,Planned,Execution,11-09-2027,10-12-2027,73995.91,0,GE Vernova,David Chen,FALSE
EP_MO_2027,East Peaker,PRJ-EP-2077,Execution: GSU Oil Analysis,Balance of Plant,Electrical,Planned,Execution,11-09-2027,10-12-2027,72284.36,0,Siemens Energy,David Chen,FALSE
EP_MO_2027,East Peaker,PRJ-EP-2078,Execution: Inlet Duct Repair,HRSG,Gas Path,Planned,Execution,11-09-2027,10-12-2027,103506.98,0,Mistras Group,David Chen,FALSE
EP_MO_2027,East Peaker,PRJ-EP-2079,Execution: Air Monitoring Setup,Safety & Compliance,EHS,Planned,Execution,11-09-2027,10-12-2027,72397.86,0,United Rentals,David Chen,FALSE
EP_MO_2027,East Peaker,PRJ-EP-2080,EMERGENT: Walkdown Isolations - Repair,Safety & Compliance,LOTO,Planned,Execution,11-09-2027,10-12-2027,92223.9,0,EthosEnergy,David Chen,FALSE
EP_MO_2027,East Peaker,PRJ-EP-2081,Execution: Confined Space Drills,Safety & Compliance,EHS,Planned,Execution,11-09-2027,10-12-2027,86148.63,0,Local Union 55,David Chen,FALSE
EP_MO_2027,East Peaker,PRJ-EP-2082,Execution: Contractor Orientation,Project Management,Supply Chain,Planned,Execution,11-09-2027,10-12-2027,86022.62,0,United Rentals,David Chen,FALSE
EP_MO_2027,East Peaker,PRJ-EP-2083,Execution: RFP General Contractor,Project Management,Supply Chain,Planned,Execution,11-09-2027,10-12-2027,94573.46,0,GE Vernova,David Chen,FALSE
EP_MO_2027,East Peaker,PRJ-EP-2084,EMERGENT: Battery Bank Test - Repair,Balance of Plant,Electrical,Planned,Execution,11-09-2027,10-12-2027,70523.09,0,GE Vernova,David Chen,FALSE
EP_MO_2027,East Peaker,PRJ-EP-2085,EMERGENT: Exciter Air Cooler Clean - Repair,Generator,Exciter,Planned,Execution,11-09-2027,10-12-2027,72577.23,0,EthosEnergy,David Chen,FALSE
EP_MO_2027,East Peaker,PRJ-EP-2086,Execution: Exciter Air Cooler Clean,Generator,Exciter,Planned,Execution,11-09-2027,10-12-2027,84161.81,0,EthosEnergy,David Chen,FALSE
EP_MO_2027,East Peaker,PRJ-EP-2087,Execution: Demin Plant Service,Balance of Plant,Auxiliary,Planned,Execution,11-09-2027,10-12-2027,103551.65,0,Local Union 55,David Chen,FALSE
EP_MO_2027,East Peaker,PRJ-EP-2088,Execution: Master LOTO List,Safety & Compliance,LOTO,Planned,Execution,11-09-2027,10-12-2027,104077.13,0,Mistras Group,David Chen,FALSE
EP_MO_2027,East Peaker,PRJ-EP-2089,EMERGENT: Chemical Safety Review - Repair,Safety & Compliance,EHS,Planned,Execution,11-09-2027,10-12-2027,82182.73,0,Siemens Energy,David Chen,FALSE
EP_MO_2027,East Peaker,PRJ-EP-2090,Execution: Chemical Safety Review,Safety & Compliance,EHS,Planned,Execution,11-09-2027,10-12-2027,81287.81,0,United Rentals,David Chen,FALSE
EP_MO_2027,East Peaker,PRJ-EP-2091,Execution: Stack Damper Calibration,HRSG,Gas Path,Planned,Execution,11-09-2027,10-12-2027,89927.23,0,United Rentals,David Chen,FALSE
EP_MO_2027,East Peaker,PRJ-EP-2092,Execution: Stop Valve Inspection,Steam Turbine,HP/IP,Planned,Execution,11-09-2027,10-12-2027,88612.92,0,EthosEnergy,David Chen,FALSE
EP_MO_2027,East Peaker,PRJ-EP-2093,Execution: Master LOTO List,Safety & Compliance,LOTO,Planned,Execution,11-09-2027,10-12-2027,96237.27,0,Local Union 55,David Chen,FALSE
EP_MO_2027,East Peaker,PRJ-EP-2094,Execution: Inlet Duct Repair,HRSG,Gas Path,Planned,Execution,11-09-2027,10-12-2027,79568.65,0,Siemens Energy,David Chen,FALSE
EP_MO_2027,East Peaker,PRJ-EP-2095,Execution: IGV Bushing Replace,Gas Turbine,Inlet & Compressor,Planned,Execution,11-09-2027,10-12-2027,95830.02,0,GE Vernova,David Chen,FALSE
EP_MO_2027,East Peaker,PRJ-EP-2096,Execution: Cooling Tower Media Replace,Balance of Plant,Cooling Water,Planned,Execution,11-09-2027,10-12-2027,96450.5,0,Local Union 55,David Chen,FALSE
EP_MO_2027,East Peaker,PRJ-EP-2097,EMERGENT: Print Tags - Repair,Safety & Compliance,LOTO,Planned,Execution,11-09-2027,10-12-2027,96840.12,0,United Rentals,David Chen,FALSE
EP_MO_2027,East Peaker,PRJ-EP-2098,Execution: Stack Damper Calibration,HRSG,Gas Path,Planned,Execution,11-09-2027,10-12-2027,77682.13,0,BrandSafway,David Chen,FALSE
EP_MO_2027,East Peaker,PRJ-EP-2099,Execution: Bucket Exchange (S1-S3),Gas Turbine,Turbine Section,Planned,Execution,11-09-2027,10-12-2027,100852.47,0,Siemens Energy,David Chen,FALSE
EP_MO_2027,East Peaker,PRJ-EP-2100,EMERGENT: Control Valve Lapping - Repair,Steam Turbine,HP/IP,Planned,Execution,11-09-2027,10-12-2027,80894.69,0,Local Union 55,David Chen,FALSE
EP_MO_2027,East Peaker,PRJ-EP-2101,EMERGENT: Shroud Block Replace - Repair,Gas Turbine,Turbine Section,Planned,Execution,11-09-2027,10-12-2027,74988.39,0,GE Vernova,David Chen,FALSE
EP_MO_2027,East Peaker,PRJ-EP-2102,Execution: EL CID Testing,Generator,Stator,Planned,Execution,11-09-2027,10-12-2027,97228.57,0,GE Vernova,David Chen,FALSE
EP_MO_2027,East Peaker,PRJ-EP-2103,Execution: Superheater Oxide Check,HRSG,Pressure Parts,Planned,Execution,11-09-2027,10-12-2027,81408.34,0,Siemens Energy,David Chen,FALSE
EP_MO_2027,East Peaker,PRJ-EP-2104,EMERGENT: Rotor Inspection - Repair,Gas Turbine,Turbine Section,Planned,Execution,11-09-2027,10-12-2027,85187.17,0,EthosEnergy,David Chen,FALSE
EP_MO_2027,East Peaker,PRJ-EP-2105,Execution: Stop Valve Inspection,Steam Turbine,HP/IP,Planned,Execution,11-09-2027,10-12-2027,76122.68,0,United Rentals,David Chen,FALSE
EP_MO_2027,East Peaker,PRJ-EP-2106,Execution: Confined Space Drills,Safety & Compliance,EHS,Planned,Execution,11-09-2027,10-12-2027,96871.74,0,Mistras Group,David Chen,FALSE
EP_MO_2027,East Peaker,PRJ-EP-2107,Execution: Aux Boiler Inspection,Balance of Plant,Auxiliary,Planned,Execution,11-09-2027,10-12-2027,86087.6,0,Local Union 55,David Chen,FALSE
EP_MO_2027,East Peaker,PRJ-EP-2108,Execution: Fuel Nozzle Swap,Gas Turbine,Combustion,Planned,Execution,11-09-2027,10-12-2027,90145.55,0,Siemens Energy,David Chen,FALSE
EP_MO_2027,East Peaker,PRJ-EP-2109,Execution: Shroud Block Replace,Gas Turbine,Turbine Section,Planned,Execution,11-09-2027,10-12-2027,86417.6,0,Mistras Group,David Chen,FALSE
EP_MO_2027,East Peaker,PRJ-EP-2110,EMERGENT: Rotor Inspection - Repair,Gas Turbine,Turbine Section,Planned,Execution,11-09-2027,10-12-2027,79328.98,0,GE Vernova,David Chen,FALSE
EP_MO_2027,East Peaker,PRJ-EP-2111,Execution: Diaphragm Cleaning,Steam Turbine,HP/IP,Planned,Execution,11-09-2027,10-12-2027,86272.58,0,Local Union 55,David Chen,FALSE
EP_MO_2027,East Peaker,PRJ-EP-2112,Execution: Daily Safety Audit,Safety & Compliance,EHS,Planned,Execution,11-09-2027,10-12-2027,70585.27,0,BrandSafway,David Chen,FALSE
EP_MO_2027,East Peaker,PRJ-EP-2113,EMERGENT: Inlet Duct Repair - Repair,HRSG,Gas Path,Planned,Execution,11-09-2027,10-12-2027,72198.33,0,Mistras Group,David Chen,FALSE
EP_MO_2027,East Peaker,PRJ-EP-2114,Execution: Wedge Tightness Check,Generator,Stator,Planned,Execution,11-09-2027,10-12-2027,73735.51,0,United Rentals,David Chen,FALSE
EP_MO_2027,East Peaker,PRJ-EP-2115,EMERGENT: Drum Internal Inspect - Repair,HRSG,Pressure Parts,Planned,Execution,11-09-2027,10-12-2027,85335.33,0,Siemens Energy,David Chen,FALSE
EP_MO_2027,East Peaker,PRJ-EP-2116,Execution: Turbine Shell Lift,Gas Turbine,Turbine Section,Planned,Execution,11-09-2027,10-12-2027,96065.28,0,BrandSafway,David Chen,FALSE
EP_MO_2027,East Peaker,PRJ-EP-2117,Execution: LSB Erosion Check,Steam Turbine,LP,Planned,Execution,11-09-2027,10-12-2027,90842.78,0,United Rentals,David Chen,FALSE
EP_MO_2027,East Peaker,PRJ-EP-2118,Execution: Inlet Duct Repair,HRSG,Gas Path,Planned,Execution,11-09-2027,10-12-2027,75531.87,0,EthosEnergy,David Chen,FALSE
EP_MO_2027,East Peaker,PRJ-EP-2119,Execution: Ammonia Grid Tuning,HRSG,Gas Path,Planned,Execution,11-09-2027,10-12-2027,102825.46,0,Siemens Energy,David Chen,FALSE
EP_MO_2027,East Peaker,PRJ-EP-2120,Execution: Cross-Fire Tube Check,Gas Turbine,Combustion,Planned,Execution,11-09-2027,10-12-2027,75472.09,0,EthosEnergy,David Chen,FALSE
EP_MO_2027,East Peaker,PRJ-EP-2121,EMERGENT: Demin Plant Service - Repair,Balance of Plant,Auxiliary,Planned,Execution,11-09-2027,10-12-2027,85901.9,0,GE Vernova,David Chen,FALSE
EP_MO_2027,East Peaker,PRJ-EP-2122,EMERGENT: Inlet Duct Repair - Repair,HRSG,Gas Path,Planned,Execution,11-09-2027,10-12-2027,96417.61,0,EthosEnergy,David Chen,FALSE
EP_MO_2027,East Peaker,PRJ-EP-2123,Execution: Aux Boiler Inspection,Balance of Plant,Auxiliary,Planned,Execution,11-09-2027,10-12-2027,101557.17,0,EthosEnergy,David Chen,FALSE
EP_MO_2027,East Peaker,PRJ-EP-2124,Execution: Rotor Inspection,Gas Turbine,Turbine Section,Planned,Execution,11-09-2027,10-12-2027,100115.32,0,United Rentals,David Chen,FALSE
EP_MO_2027,East Peaker,PRJ-EP-2125,Execution: Environmental Permit Review,Project Management,Regulatory,Planned,Execution,11-09-2027,10-12-2027,82815.18,0,Mistras Group,David Chen,FALSE
EP_MO_2027,East Peaker,PRJ-EP-2126,Execution: Brush Rigging Check,Generator,Exciter,Planned,Execution,11-09-2027,10-12-2027,89207.76,0,EthosEnergy,David Chen,FALSE
EP_MO_2027,East Peaker,PRJ-EP-2127,Execution: Cross-Fire Tube Check,Gas Turbine,Combustion,Planned,Execution,11-09-2027,10-12-2027,84421.63,0,EthosEnergy,David Chen,FALSE
EP_MO_2027,East Peaker,PRJ-EP-2128,EMERGENT: Control Valve Lapping - Repair,Steam Turbine,HP/IP,Planned,Execution,11-09-2027,10-12-2027,98443.9,0,EthosEnergy,David Chen,FALSE
EP_MO_2027,East Peaker,PRJ-EP-2129,EMERGENT: Air Monitoring Setup - Repair,Safety & Compliance,EHS,Planned,Execution,11-09-2027,10-12-2027,102099.7,0,EthosEnergy,David Chen,FALSE
EP_MO_2027,East Peaker,PRJ-EP-2130,Execution: Stop Valve Inspection,Steam Turbine,HP/IP,Planned,Execution,11-09-2027,10-12-2027,92294.02,0,EthosEnergy,David Chen,FALSE
EP_MO_2027,East Peaker,PRJ-EP-2131,Execution: Daily Safety Audit,Safety & Compliance,EHS,Planned,Execution,11-09-2027,10-12-2027,97825.4,0,Siemens Energy,David Chen,FALSE
EP_MO_2027,East Peaker,PRJ-EP-2132,Execution: Switchgear Testing,Balance of Plant,Electrical,Planned,Execution,11-09-2027,10-12-2027,87149.13,0,United Rentals,David Chen,FALSE
EP_MO_2027,East Peaker,PRJ-EP-2133,Execution: Invoice Reconciliation,Project Management,Financial & Controls,Planned,Execution,11-09-2027,10-12-2027,81873.76,0,GE Vernova,David Chen,FALSE
EP_MO_2027,East Peaker,PRJ-EP-2134,EMERGENT: Transition Piece Inspect - Repair,Gas Turbine,Combustion,Planned,Execution,11-09-2027,10-12-2027,104593.82,0,Siemens Energy,David Chen,FALSE
EP_MO_2027,East Peaker,PRJ-EP-2135,Execution: Grid Outage Bid,Project Management,Regulatory,Planned,Execution,11-09-2027,10-12-2027,87512.99,0,GE Vernova,David Chen,FALSE
EP_MO_2027,East Peaker,PRJ-EP-2136,Execution: Develop Cost Estimate,Project Management,Financial & Controls,Planned,Execution,11-09-2027,10-12-2027,78292.9,0,EthosEnergy,David Chen,FALSE
EP_MO_2027,East Peaker,PRJ-EP-2137,EMERGENT: Confined Space Drills - Repair,Safety & Compliance,EHS,Planned,Execution,11-09-2027,10-12-2027,76319.62,0,GE Vernova,David Chen,FALSE
EP_MO_2027,East Peaker,PRJ-EP-2138,EMERGENT: HazWaste Permit - Repair,Project Management,Regulatory,Planned,Execution,11-09-2027,10-12-2027,86101.01,0,EthosEnergy,David Chen,FALSE
EP_MO_2027,East Peaker,PRJ-EP-2139,Execution: Demin Plant Service,Balance of Plant,Auxiliary,Planned,Execution,11-09-2027,10-12-2027,75784.19,0,BrandSafway,David Chen,FALSE
EP_MO_2027,East Peaker,PRJ-EP-2140,Execution: Stop Valve Inspection,Steam Turbine,HP/IP,Planned,Execution,11-09-2027,10-12-2027,87296.78,0,BrandSafway,David Chen,FALSE
EP_MO_2027,East Peaker,PRJ-EP-2141,Execution: Fuel Nozzle Swap,Gas Turbine,Combustion,Planned,Execution,11-09-2027,10-12-2027,77673.61,0,Local Union 55,David Chen,FALSE
EP_MO_2027,East Peaker,PRJ-EP-2142,Execution: HazWaste Permit,Project Management,Regulatory,Planned,Execution,11-09-2027,10-12-2027,80950.91,0,GE Vernova,David Chen,FALSE
EP_MO_2027,East Peaker,PRJ-EP-2143,Execution: IGV Bushing Replace,Gas Turbine,Inlet & Compressor,Planned,Execution,11-09-2027,10-12-2027,93914.01,0,United Rentals,David Chen,FALSE
EP_MO_2027,East Peaker,PRJ-EP-2144,Execution: Wedge Tightness Check,Generator,Stator,Planned,Execution,11-09-2027,10-12-2027,75728.61,0,Mistras Group,David Chen,FALSE
EP_MO_2027,East Peaker,PRJ-EP-2145,EMERGENT: Submit CapEx Request - Repair,Project Management,Financial & Controls,Planned,Execution,11-09-2027,10-12-2027,97257.54,0,Local Union 55,David Chen,FALSE
EP_MO_2027,East Peaker,PRJ-EP-2146,EMERGENT: Air Monitoring Setup - Repair,Safety & Compliance,EHS,Planned,Execution,11-09-2027,10-12-2027,81571.44,0,EthosEnergy,David Chen,FALSE
EP_MO_2027,East Peaker,PRJ-EP-2147,Execution: Circ Water Pump Rebuild,Balance of Plant,Cooling Water,Planned,Execution,11-09-2027,10-12-2027,74617.95,0,EthosEnergy,David Chen,FALSE
EP_MO_2027,East Peaker,PRJ-EP-2148,Execution: Diode Wheel Inspection,Generator,Exciter,Planned,Execution,11-09-2027,10-12-2027,90950.53,0,Mistras Group,David Chen,FALSE
EP_MO_2027,East Peaker,PRJ-EP-2149,Execution: Ammonia Grid Tuning,HRSG,Gas Path,Planned,Execution,11-09-2027,10-12-2027,84359.82,0,United Rentals,David Chen,FALSE
EP_MO_2027,East Peaker,PRJ-EP-2150,EMERGENT: Inlet Filter Inspection - Repair,Gas Turbine,Inlet & Compressor,Planned,Execution,11-09-2027,10-12-2027,80077.52,0,EthosEnergy,David Chen,FALSE
EP_MO_2027,East Peaker,PRJ-EP-2151,Execution: Print Tags,Safety & Compliance,LOTO,Planned,Execution,11-09-2027,10-12-2027,90313.96,0,United Rentals,David Chen,FALSE
EP_MO_2027,East Peaker,PRJ-EP-2152,Execution: Circ Water Pump Rebuild,Balance of Plant,Cooling Water,Planned,Execution,11-09-2027,10-12-2027,98994.19,0,Mistras Group,David Chen,FALSE
EP_MO_2027,East Peaker,PRJ-EP-2153,Execution: Battery Bank Test,Balance of Plant,Electrical,Planned,Execution,11-09-2027,10-12-2027,93212.06,0,Siemens Energy,David Chen,FALSE
EP_MO_2027,East Peaker,PRJ-EP-2154,Execution: Switchgear Testing,Balance of Plant,Electrical,Planned,Execution,11-09-2027,10-12-2027,95164.23,0,Mistras Group,David Chen,FALSE
EP_MO_2027,East Peaker,PRJ-EP-2155,Execution: Compressor Borescope,Gas Turbine,Inlet & Compressor,Planned,Execution,11-09-2027,10-12-2027,80140.98,0,GE Vernova,David Chen,FALSE
EP_MO_2027,East Peaker,PRJ-EP-2156,Execution: Compressor Borescope,Gas Turbine,Inlet & Compressor,Planned,Execution,11-09-2027,10-12-2027,94601.08,0,BrandSafway,David Chen,FALSE
EP_MO_2027,East Peaker,PRJ-EP-2157,Execution: Superheater Oxide Check,HRSG,Pressure Parts,Planned,Execution,11-09-2027,10-12-2027,90860.84,0,BrandSafway,David Chen,FALSE
EP_MO_2027,East Peaker,PRJ-EP-2158,Execution: Submit CapEx Request,Project Management,Financial & Controls,Planned,Execution,11-09-2027,10-12-2027,96797.02,0,Siemens Energy,David Chen,FALSE
EP_MO_2027,East Peaker,PRJ-EP-2159,Execution: Superheater Oxide Check,HRSG,Pressure Parts,Planned,Execution,11-09-2027,10-12-2027,81782.69,0,BrandSafway,David Chen,FALSE
EP_MO_2027,East Peaker,PRJ-EP-2160,Execution: Fuel Nozzle Swap,Gas Turbine,Combustion,Planned,Execution,11-09-2027,10-12-2027,92891.52,0,Siemens Energy,David Chen,FALSE
EP_MO_2027,East Peaker,PRJ-EP-2161,EMERGENT: Inlet Duct Repair - Repair,HRSG,Gas Path,Planned,Execution,11-09-2027,10-12-2027,75147.02,0,EthosEnergy,David Chen,FALSE
EP_MO_2027,East Peaker,PRJ-EP-2162,Execution: IGV Bushing Replace,Gas Turbine,Inlet & Compressor,Planned,Execution,11-09-2027,10-12-2027,92852.7,0,EthosEnergy,David Chen,FALSE
EP_MO_2027,East Peaker,PRJ-EP-2163,EMERGENT: Air Monitoring Setup - Repair,Safety & Compliance,EHS,Planned,Execution,11-09-2027,10-12-2027,82636.54,0,BrandSafway,David Chen,FALSE
EP_MO_2027,East Peaker,PRJ-EP-2164,Execution: Wedge Tightness Check,Generator,Stator,Planned,Execution,11-09-2027,10-12-2027,80620.83,0,BrandSafway,David Chen,FALSE
EP_MO_2027,East Peaker,PRJ-EP-2165,Execution: Turbine Shell Lift,Gas Turbine,Turbine Section,Planned,Execution,11-09-2027,10-12-2027,71183.28,0,Local Union 55,David Chen,FALSE
EP_MO_2027,East Peaker,PRJ-EP-2166,Execution: Daily Safety Audit,Safety & Compliance,EHS,Planned,Execution,11-09-2027,10-12-2027,84149.71,0,Siemens Energy,David Chen,FALSE
EP_MO_2027,East Peaker,PRJ-EP-2167,Execution: Cooling Tower Media Replace,Balance of Plant,Cooling Water,Planned,Execution,11-09-2027,10-12-2027,71455.11,0,EthosEnergy,David Chen,FALSE
EP_MO_2027,East Peaker,PRJ-EP-2168,Execution: Cross-Fire Tube Check,Gas Turbine,Combustion,Planned,Execution,11-09-2027,10-12-2027,77914.16,0,EthosEnergy,David Chen,FALSE
EP_MO_2027,East Peaker,PRJ-EP-2169,Execution: Battery Bank Test,Balance of Plant,Electrical,Planned,Execution,11-09-2027,10-12-2027,79427.04,0,Siemens Energy,David Chen,FALSE
EP_MO_2027,East Peaker,PRJ-EP-2170,Execution: Aux Boiler Inspection,Balance of Plant,Auxiliary,Planned,Execution,11-09-2027,10-12-2027,76722.45,0,GE Vernova,David Chen,FALSE
EP_MO_2027,East Peaker,PRJ-EP-2171,Execution: Shroud Block Replace,Gas Turbine,Turbine Section,Planned,Execution,11-09-2027,10-12-2027,98308.87,0,EthosEnergy,David Chen,FALSE
EP_MO_2027,East Peaker,PRJ-EP-2172,Execution: Contractor Orientation,Project Management,Supply Chain,Planned,Execution,11-09-2027,10-12-2027,89318.76,0,EthosEnergy,David Chen,FALSE
EP_MO_2027,East Peaker,PRJ-EP-2173,Execution: Diode Wheel Inspection,Generator,Exciter,Planned,Execution,11-09-2027,10-12-2027,85337.25,0,GE Vernova,David Chen,FALSE
EP_MO_2027,East Peaker,PRJ-EP-2174,Execution: Compressor Borescope,Gas Turbine,Inlet & Compressor,Planned,Execution,11-09-2027,10-12-2027,70551.08,0,Siemens Energy,David Chen,FALSE
EP_MO_2027,East Peaker,PRJ-EP-2175,Execution: Drum Internal Inspect,HRSG,Pressure Parts,Planned,Execution,11-09-2027,10-12-2027,87054.01,0,Siemens Energy,David Chen,FALSE
EP_MO_2027,East Peaker,PRJ-EP-2176,Execution: Circ Water Pump Rebuild,Balance of Plant,Cooling Water,Planned,Execution,11-09-2027,10-12-2027,81141.74,0,Local Union 55,David Chen,FALSE
EP_MO_2027,East Peaker,PRJ-EP-2177,Execution: Superheater Oxide Check,HRSG,Pressure Parts,Planned,Execution,11-09-2027,10-12-2027,97544.03,0,Local Union 55,David Chen,FALSE
EP_MO_2027,East Peaker,PRJ-EP-2178,Execution: Exciter Air Cooler Clean,Generator,Exciter,Planned,Execution,11-09-2027,10-12-2027,83964.84,0,Siemens Energy,David Chen,FALSE
EP_MO_2027,East Peaker,PRJ-EP-2179,Execution: Rotor Inspection,Gas Turbine,Turbine Section,Planned,Execution,11-09-2027,10-12-2027,85467.78,0,Siemens Energy,David Chen,FALSE
EP_MO_2027,East Peaker,PRJ-EP-2180,Execution: Walkdown Isolations,Safety & Compliance,LOTO,Planned,Execution,11-09-2027,10-12-2027,79496.3,0,GE Vernova,David Chen,FALSE
EP_MO_2027,East Peaker,PRJ-EP-2181,Execution: Condenser Cleaning,Balance of Plant,Cooling Water,Planned,Execution,11-09-2027,10-12-2027,87546.86,0,BrandSafway,David Chen,FALSE
EP_MO_2027,East Peaker,PRJ-EP-2182,Execution: Compressor Borescope,Gas Turbine,Inlet & Compressor,Planned,Execution,11-09-2027,10-12-2027,81177.24,0,GE Vernova,David Chen,FALSE
EP_MO_2027,East Peaker,PRJ-EP-2183,Execution: Chemical Safety Review,Safety & Compliance,EHS,Planned,Execution,11-09-2027,10-12-2027,85724.12,0,Siemens Energy,David Chen,FALSE
EP_MO_2027,East Peaker,PRJ-EP-2184,Execution: IGV Bushing Replace,Gas Turbine,Inlet & Compressor,Planned,Execution,11-09-2027,10-12-2027,87932.85,0,United Rentals,David Chen,FALSE
EP_MO_2027,East Peaker,PRJ-EP-2185,Execution: Inlet Duct Repair,HRSG,Gas Path,Planned,Execution,11-09-2027,10-12-2027,92550.19,0,Mistras Group,David Chen,FALSE
EP_MO_2027,East Peaker,PRJ-EP-2186,Execution: HazWaste Permit,Project Management,Regulatory,Planned,Execution,11-09-2027,10-12-2027,84328.23,0,GE Vernova,David Chen,FALSE
EP_MO_2027,East Peaker,PRJ-EP-2187,Execution: Ammonia Grid Tuning,HRSG,Gas Path,Planned,Execution,11-09-2027,10-12-2027,93780.09,0,Mistras Group,David Chen,FALSE
EP_MO_2027,East Peaker,PRJ-EP-2188,Execution: Mobilization,Project Management,Supply Chain,Planned,Execution,11-09-2027,10-12-2027,96429.8,0,Local Union 55,David Chen,FALSE
EP_MO_2027,East Peaker,PRJ-EP-2189,Execution: Drum Internal Inspect,HRSG,Pressure Parts,Planned,Execution,11-09-2027,10-12-2027,94329.26,0,Mistras Group,David Chen,FALSE
EP_MO_2027,East Peaker,PRJ-EP-2190,Execution: Wedge Tightness Check,Generator,Stator,Planned,Execution,11-09-2027,10-12-2027,71896.38,0,GE Vernova,David Chen,FALSE
EP_MO_2027,East Peaker,PRJ-EP-2191,Execution: Walkdown Isolations,Safety & Compliance,LOTO,Planned,Execution,11-09-2027,10-12-2027,79848.78,0,Siemens Energy,David Chen,FALSE
EP_MO_2027,East Peaker,PRJ-EP-2192,Execution: Invoice Reconciliation,Project Management,Financial & Controls,Planned,Execution,11-09-2027,10-12-2027,91583.89,0,United Rentals,David Chen,FALSE
EP_MO_2027,East Peaker,PRJ-EP-2193,Execution: Ammonia Grid Tuning,HRSG,Gas Path,Planned,Execution,11-09-2027,10-12-2027,89038.39,0,EthosEnergy,David Chen,FALSE
EP_MO_2027,East Peaker,PRJ-EP-2194,Execution: EL CID Testing,Generator,Stator,Planned,Execution,11-09-2027,10-12-2027,92835.02,0,United Rentals,David Chen,FALSE
EP_MO_2027,East Peaker,PRJ-EP-2195,Execution: Turbine Shell Lift,Gas Turbine,Turbine Section,Planned,Execution,11-09-2027,10-12-2027,87871.26,0,BrandSafway,David Chen,FALSE
EP_MO_2027,East Peaker,PRJ-EP-2196,Execution: Control Valve Lapping,Steam Turbine,HP/IP,Planned,Execution,11-09-2027,10-12-2027,102697.04,0,GE Vernova,David Chen,FALSE
EP_MO_2027,East Peaker,PRJ-EP-2197,Execution: Print Tags,Safety & Compliance,LOTO,Planned,Execution,11-09-2027,10-12-2027,72765.15,0,Mistras Group,David Chen,FALSE
EP_MO_2027,East Peaker,PRJ-EP-2198,Execution: Shroud Block Replace,Gas Turbine,Turbine Section,Planned,Execution,11-09-2027,10-12-2027,90010.95,0,Siemens Energy,David Chen,FALSE
EP_MO_2027,East Peaker,PRJ-EP-2199,Execution: Rotor Inspection,Gas Turbine,Turbine Section,Planned,Execution,11-09-2027,10-12-2027,79669.05,0,United Rentals,David Chen,FALSE
EP_MO_2027,East Peaker,PRJ-EP-2200,Execution: Inlet Duct Repair,HRSG,Gas Path,Planned,Execution,11-09-2027,10-12-2027,83878.5,0,United Rentals,David Chen,FALSE
EP_MO_2027,East Peaker,PRJ-EP-2201,Execution: Control Valve Lapping,Steam Turbine,HP/IP,Planned,Execution,11-09-2027,10-12-2027,100161.5,0,Mistras Group,David Chen,FALSE
EP_MO_2027,East Peaker,PRJ-EP-2202,Execution: Bucket Exchange (S1-S3),Gas Turbine,Turbine Section,Planned,Execution,11-09-2027,10-12-2027,82283.84,0,United Rentals,David Chen,FALSE
EP_MO_2027,East Peaker,PRJ-EP-2203,Execution: RFP General Contractor,Project Management,Supply Chain,Planned,Execution,11-09-2027,10-12-2027,70262.7,0,BrandSafway,David Chen,FALSE
EP_MO_2027,East Peaker,PRJ-EP-2204,Execution: Stack Damper Calibration,HRSG,Gas Path,Planned,Execution,11-09-2027,10-12-2027,81020.62,0,United Rentals,David Chen,FALSE
EP_MO_2027,East Peaker,PRJ-EP-2205,Execution: Inlet Filter Inspection,Gas Turbine,Inlet & Compressor,Planned,Execution,11-09-2027,10-12-2027,78438.73,0,GE Vernova,David Chen,FALSE
EP_MO_2027,East Peaker,PRJ-EP-2206,Execution: Develop Cost Estimate,Project Management,Financial & Controls,Planned,Execution,11-09-2027,10-12-2027,98399.29,0,United Rentals,David Chen,FALSE
EP_MO_2027,East Peaker,PRJ-EP-2207,Execution: Invoice Reconciliation,Project Management,Financial & Controls,Planned,Execution,11-09-2027,10-12-2027,99409.67,0,GE Vernova,David Chen,FALSE
EP_MO_2027,East Peaker,PRJ-EP-2208,Execution: Catalyst Loading,HRSG,Gas Path,Planned,Execution,11-09-2027,10-12-2027,74940.2,0,United Rentals,David Chen,FALSE
EP_MO_2027,East Peaker,PRJ-EP-2209,Execution: Inlet Filter Inspection,Gas Turbine,Inlet & Compressor,Planned,Execution,11-09-2027,10-12-2027,82716.25,0,Local Union 55,David Chen,FALSE
EP_MO_2027,East Peaker,PRJ-EP-2210,Execution: Journal Bearing Inspect,Steam Turbine,LP,Planned,Execution,11-09-2027,10-12-2027,98961.89,0,EthosEnergy,David Chen,FALSE
EP_MO_2027,East Peaker,PRJ-EP-2211,EMERGENT: Budget Approval - Repair,Project Management,Financial & Controls,Planned,Execution,11-09-2027,10-12-2027,100223.42,0,Local Union 55,David Chen,FALSE
EP_MO_2027,East Peaker,PRJ-EP-2212,Execution: Journal Bearing Inspect,Steam Turbine,LP,Planned,Execution,11-09-2027,10-12-2027,82338.51,0,Siemens Energy,David Chen,FALSE
EP_MO_2027,East Peaker,PRJ-EP-2213,Execution: Demin Plant Service,Balance of Plant,Auxiliary,Planned,Execution,11-09-2027,10-12-2027,103618.58,0,BrandSafway,David Chen,FALSE
EP_MO_2027,East Peaker,PRJ-EP-2214,Execution: Master LOTO List,Safety & Compliance,LOTO,Planned,Execution,11-09-2027,10-12-2027,97487.57,0,EthosEnergy,David Chen,FALSE
EP_MO_2027,East Peaker,PRJ-EP-2215,EMERGENT: Battery Bank Test - Repair,Balance of Plant,Electrical,Planned,Execution,11-09-2027,10-12-2027,85215.75,0,Mistras Group,David Chen,FALSE
EP_MO_2027,East Peaker,PRJ-EP-2216,Execution: IGV Bushing Replace,Gas Turbine,Inlet & Compressor,Planned,Execution,11-09-2027,10-12-2027,82071.84,0,Local Union 55,David Chen,FALSE
EP_MO_2027,East Peaker,PRJ-EP-2217,Execution: Cooling Tower Media Replace,Balance of Plant,Cooling Water,Planned,Execution,11-09-2027,10-12-2027,97256.02,0,BrandSafway,David Chen,FALSE
EP_MO_2027,East Peaker,PRJ-EP-2218,Execution: Inlet Duct Repair,HRSG,Gas Path,Planned,Execution,11-09-2027,10-12-2027,86128.89,0,Local Union 55,David Chen,FALSE
EP_MO_2027,East Peaker,PRJ-EP-2219,Execution: Catalyst Loading,HRSG,Gas Path,Planned,Execution,11-09-2027,10-12-2027,81969.33,0,United Rentals,David Chen,FALSE
EP_MO_2027,East Peaker,PRJ-EP-2220,Execution: Diaphragm Cleaning,Steam Turbine,HP/IP,Planned,Execution,11-09-2027,10-12-2027,75191.27,0,Siemens Energy,David Chen,FALSE
EP_MO_2027,East Peaker,PRJ-EP-2221,Execution: Walkdown Isolations,Safety & Compliance,LOTO,Planned,Execution,11-09-2027,10-12-2027,92398.36,0,Mistras Group,David Chen,FALSE
EP_MO_2027,East Peaker,PRJ-EP-2222,EMERGENT: Master LOTO List - Repair,Safety & Compliance,LOTO,Planned,Execution,11-09-2027,10-12-2027,73986.05,0,United Rentals,David Chen,FALSE
EP_MO_2027,East Peaker,PRJ-EP-2223,Execution: Turbine Shell Lift,Gas Turbine,Turbine Section,Planned,Execution,11-09-2027,10-12-2027,86156.66,0,GE Vernova,David Chen,FALSE
EP_MO_2027,East Peaker,PRJ-EP-2224,Execution: Chemical Safety Review,Safety & Compliance,EHS,Planned,Execution,11-09-2027,10-12-2027,83061.23,0,GE Vernova,David Chen,FALSE
EP_MO_2027,East Peaker,PRJ-EP-2225,EMERGENT: Invoice Reconciliation - Repair,Project Management,Financial & Controls,Planned,Execution,11-09-2027,10-12-2027,73537.54,0,Siemens Energy,David Chen,FALSE
EP_MO_2027,East Peaker,PRJ-EP-2226,Execution: Contractor Orientation,Project Management,Supply Chain,Planned,Execution,11-09-2027,10-12-2027,104860.47,0,EthosEnergy,David Chen,FALSE
EP_MO_2027,East Peaker,PRJ-EP-2227,Execution: Drum Internal Inspect,HRSG,Pressure Parts,Planned,Execution,11-09-2027,10-12-2027,73777.35,0,Siemens Energy,David Chen,FALSE
EP_MO_2027,East Peaker,PRJ-EP-2228,Execution: Condenser Cleaning,Balance of Plant,Cooling Water,Planned,Execution,11-09-2027,10-12-2027,82680.94,0,United Rentals,David Chen,FALSE
EP_MO_2027,East Peaker,PRJ-EP-2229,Execution: Circ Water Pump Rebuild,Balance of Plant,Cooling Water,Planned,Execution,11-09-2027,10-12-2027,89340.65,0,United Rentals,David Chen,FALSE
EP_MO_2027,East Peaker,PRJ-EP-2230,Execution: Diaphragm Cleaning,Steam Turbine,HP/IP,Planned,Execution,11-09-2027,10-12-2027,97674.45,0,EthosEnergy,David Chen,FALSE
EP_MO_2027,East Peaker,PRJ-EP-2231,Execution: Demin Plant Service,Balance of Plant,Auxiliary,Planned,Execution,11-09-2027,10-12-2027,85045.2,0,BrandSafway,David Chen,FALSE
EP_MO_2027,East Peaker,PRJ-EP-2232,Execution: Circ Water Pump Rebuild,Balance of Plant,Cooling Water,Planned,Execution,11-09-2027,10-12-2027,103048.8,0,Siemens Energy,David Chen,FALSE
EP_MO_2027,East Peaker,PRJ-EP-2233,Execution: Ammonia Grid Tuning,HRSG,Gas Path,Planned,Execution,11-09-2027,10-12-2027,71538.05,0,GE Vernova,David Chen,FALSE
EP_MO_2027,East Peaker,PRJ-EP-2234,Execution: Develop Cost Estimate,Project Management,Financial & Controls,Planned,Execution,11-09-2027,10-12-2027,89001.3,0,Siemens Energy,David Chen,FALSE
EP_MO_2027,East Peaker,PRJ-EP-2235,Execution: Battery Bank Test,Balance of Plant,Electrical,Planned,Execution,11-09-2027,10-12-2027,84466.45,0,EthosEnergy,David Chen,FALSE
EP_MO_2027,East Peaker,PRJ-EP-2236,Execution: Exciter Air Cooler Clean,Generator,Exciter,Planned,Execution,11-09-2027,10-12-2027,73071.59,0,Siemens Energy,David Chen,FALSE
EP_MO_2027,East Peaker,PRJ-EP-2237,Execution: IGV Bushing Replace,Gas Turbine,Inlet & Compressor,Planned,Execution,11-09-2027,10-12-2027,78419.93,0,BrandSafway,David Chen,FALSE
EP_MO_2027,East Peaker,PRJ-EP-2238,Execution: Ammonia Grid Tuning,HRSG,Gas Path,Planned,Execution,11-09-2027,10-12-2027,77848.19,0,GE Vernova,David Chen,FALSE
EP_MO_2027,East Peaker,PRJ-EP-2239,Execution: Daily Safety Audit,Safety & Compliance,EHS,Planned,Execution,11-09-2027,10-12-2027,88951.42,0,Mistras Group,David Chen,FALSE
EP_MO_2027,East Peaker,PRJ-EP-2240,EMERGENT: Wedge Tightness Check - Repair,Generator,Stator,Planned,Execution,11-09-2027,10-12-2027,82996.8,0,BrandSafway,David Chen,FALSE
EP_MO_2027,East Peaker,PRJ-EP-2241,Execution: Inst Air Comp Service,Balance of Plant,Auxiliary,Planned,Execution,11-09-2027,10-12-2027,102579.57,0,BrandSafway,David Chen,FALSE
EP_MO_2027,East Peaker,PRJ-EP-2242,EMERGENT: Diaphragm Cleaning - Repair,Steam Turbine,HP/IP,Planned,Execution,11-09-2027,10-12-2027,90205.2,0,Local Union 55,David Chen,FALSE
EP_MO_2027,East Peaker,PRJ-EP-2243,Execution: Stack Damper Calibration,HRSG,Gas Path,Planned,Execution,11-09-2027,10-12-2027,71423.43,0,Mistras Group,David Chen,FALSE
EP_MO_2027,East Peaker,PRJ-EP-2244,EMERGENT: Circ Water Pump Rebuild - Repair,Balance of Plant,Cooling Water,Planned,Execution,11-09-2027,10-12-2027,71887.03,0,Siemens Energy,David Chen,FALSE
EP_MO_2027,East Peaker,PRJ-EP-2245,Execution: Budget Approval,Project Management,Financial & Controls,Planned,Execution,11-09-2027,10-12-2027,76086.69,0,EthosEnergy,David Chen,FALSE
EP_MO_2027,East Peaker,PRJ-EP-2246,Execution: Combustion Chamber Open,Gas Turbine,Combustion,Planned,Execution,11-09-2027,10-12-2027,75371.02,0,GE Vernova,David Chen,FALSE
EP_MO_2027,East Peaker,PRJ-EP-2247,Execution: LSB Erosion Check,Steam Turbine,LP,Planned,Execution,11-09-2027,10-12-2027,93971.54,0,GE Vernova,David Chen,FALSE
EP_MO_2027,East Peaker,PRJ-EP-2248,EMERGENT: Environmental Permit Review - Repair,Project Management,Regulatory,Planned,Execution,11-09-2027,10-12-2027,104266.68,0,United Rentals,David Chen,FALSE
EP_MO_2027,East Peaker,PRJ-EP-2249,Execution: Invoice Reconciliation,Project Management,Financial & Controls,Planned,Execution,11-09-2027,10-12-2027,78405.44,0,BrandSafway,David Chen,FALSE
EP_MO_2027,East Peaker,PRJ-EP-2250,Execution: Stop Valve Inspection,Steam Turbine,HP/IP,Planned,Execution,11-09-2027,10-12-2027,94705.38,0,EthosEnergy,David Chen,FALSE
EP_MO_2027,East Peaker,PRJ-EP-2251,Execution: Circ Water Pump Rebuild,Balance of Plant,Cooling Water,Planned,Execution,11-09-2027,10-12-2027,101310.36,0,Local Union 55,David Chen,FALSE
EP_MO_2027,East Peaker,PRJ-EP-2252,Execution: IGV Bushing Replace,Gas Turbine,Inlet & Compressor,Planned,Execution,11-09-2027,10-12-2027,97053.36,0,GE Vernova,David Chen,FALSE
EP_MO_2027,East Peaker,PRJ-EP-2253,Execution: Compressor Borescope,Gas Turbine,Inlet & Compressor,Planned,Execution,11-09-2027,10-12-2027,90357.16,0,GE Vernova,David Chen,FALSE
EP_MO_2027,East Peaker,PRJ-EP-2254,Execution: Budget Approval,Project Management,Financial & Controls,Planned,Execution,11-09-2027,10-12-2027,81446.55,0,Local Union 55,David Chen,FALSE
EP_MO_2027,East Peaker,PRJ-EP-2255,EMERGENT: Contractor Orientation - Repair,Project Management,Supply Chain,Planned,Execution,11-09-2027,10-12-2027,86487.64,0,GE Vernova,David Chen,FALSE
EP_MO_2027,East Peaker,PRJ-EP-2256,EMERGENT: Fuel Nozzle Swap - Repair,Gas Turbine,Combustion,Planned,Execution,11-09-2027,10-12-2027,74265.74,0,Mistras Group,David Chen,FALSE
EP_MO_2027,East Peaker,PRJ-EP-2257,EMERGENT: Combustion Chamber Open - Repair,Gas Turbine,Combustion,Planned,Execution,11-09-2027,10-12-2027,95924.74,0,BrandSafway,David Chen,FALSE
EP_MO_2027,East Peaker,PRJ-EP-2258,EMERGENT: Contractor Orientation - Repair,Project Management,Supply Chain,Planned,Execution,11-09-2027,10-12-2027,94586.33,0,BrandSafway,David Chen,FALSE
EP_MO_2027,East Peaker,PRJ-EP-2259,Execution: Bucket Exchange (S1-S3),Gas Turbine,Turbine Section,Planned,Execution,11-09-2027,10-12-2027,81340.27,0,Mistras Group,David Chen,FALSE
EP_MO_2027,East Peaker,PRJ-EP-2260,EMERGENT: Demin Plant Service - Repair,Balance of Plant,Auxiliary,Planned,Execution,11-09-2027,10-12-2027,83028.08,0,United Rentals,David Chen,FALSE
EP_MO_2027,East Peaker,PRJ-EP-2261,Execution: Compressor Borescope,Gas Turbine,Inlet & Compressor,Planned,Execution,11-09-2027,10-12-2027,80812.49,0,GE Vernova,David Chen,FALSE
EP_MO_2027,East Peaker,PRJ-EP-2262,Execution: Shroud Block Replace,Gas Turbine,Turbine Section,Planned,Execution,11-09-2027,10-12-2027,81212.35,0,Mistras Group,David Chen,FALSE
EP_MO_2027,East Peaker,PRJ-EP-2263,Execution: Print Tags,Safety & Compliance,LOTO,Planned,Execution,11-09-2027,10-12-2027,70343.95,0,Mistras Group,David Chen,FALSE
EP_MO_2027,East Peaker,PRJ-EP-2264,Execution: LP Hood Spray Check,Steam Turbine,LP,Planned,Execution,11-09-2027,10-12-2027,76758.97,0,Mistras Group,David Chen,FALSE
EP_MO_2027,East Peaker,PRJ-EP-2265,EMERGENT: Diaphragm Cleaning - Repair,Steam Turbine,HP/IP,Planned,Execution,11-09-2027,10-12-2027,76258.29,0,GE Vernova,David Chen,FALSE
EP_MO_2027,East Peaker,PRJ-EP-2266,Execution: EL CID Testing,Generator,Stator,Planned,Execution,11-09-2027,10-12-2027,91715.86,0,GE Vernova,David Chen,FALSE
EP_MO_2027,East Peaker,PRJ-EP-2267,Execution: Wedge Tightness Check,Generator,Stator,Planned,Execution,11-09-2027,10-12-2027,102308.32,0,United Rentals,David Chen,FALSE
EP_MO_2027,East Peaker,PRJ-EP-2268,Execution: Chemical Safety Review,Safety & Compliance,EHS,Planned,Execution,11-09-2027,10-12-2027,104333.06,0,Mistras Group,David Chen,FALSE
EP_MO_2027,East Peaker,PRJ-EP-2269,Execution: HP Shell Removal,Steam Turbine,HP/IP,Planned,Execution,11-09-2027,10-12-2027,101671.47,0,GE Vernova,David Chen,FALSE
EP_MO_2027,East Peaker,PRJ-EP-2270,Execution: Inst Air Comp Service,Balance of Plant,Auxiliary,Planned,Execution,11-09-2027,10-12-2027,89203.38,0,Local Union 55,David Chen,FALSE
EP_MO_2027,East Peaker,PRJ-EP-2271,Execution: HP Shell Removal,Steam Turbine,HP/IP,Planned,Execution,11-09-2027,10-12-2027,94212.36,0,Local Union 55,David Chen,FALSE
EP_MO_2027,East Peaker,PRJ-EP-2272,Execution: LSB Erosion Check,Steam Turbine,LP,Planned,Execution,11-09-2027,10-12-2027,101050.98,0,Siemens Energy,David Chen,FALSE
EP_MO_2027,East Peaker,PRJ-EP-2273,Execution: Demin Plant Service,Balance of Plant,Auxiliary,Planned,Execution,11-09-2027,10-12-2027,79098.87,0,Local Union 55,David Chen,FALSE
EP_MO_2027,East Peaker,PRJ-EP-2274,Execution: Develop Cost Estimate,Project Management,Financial & Controls,Planned,Execution,11-09-2027,10-12-2027,71564.17,0,GE Vernova,David Chen,FALSE
EP_MO_2027,East Peaker,PRJ-EP-2275,EMERGENT: Journal Bearing Inspect - Repair,Steam Turbine,LP,Planned,Execution,11-09-2027,10-12-2027,91603.62,0,BrandSafway,David Chen,FALSE
EP_MO_2027,East Peaker,PRJ-EP-2276,Execution: Circ Water Pump Rebuild,Balance of Plant,Cooling Water,Planned,Execution,11-09-2027,10-12-2027,101561.68,0,United Rentals,David Chen,FALSE
EP_MO_2027,East Peaker,PRJ-EP-2277,Execution: Cross-Fire Tube Check,Gas Turbine,Combustion,Planned,Execution,11-09-2027,10-12-2027,72748.08,0,Siemens Energy,David Chen,FALSE
EP_MO_2027,East Peaker,PRJ-EP-2278,Execution: IGV Bushing Replace,Gas Turbine,Inlet & Compressor,Planned,Execution,11-09-2027,10-12-2027,85562.65,0,United Rentals,David Chen,FALSE
EP_MO_2027,East Peaker,PRJ-EP-2279,Execution: Wedge Tightness Check,Generator,Stator,Planned,Execution,11-09-2027,10-12-2027,83188.47,0,Mistras Group,David Chen,FALSE
EP_MO_2027,East Peaker,PRJ-EP-2280,Execution: GSU Oil Analysis,Balance of Plant,Electrical,Planned,Execution,11-09-2027,10-12-2027,87695.69,0,Siemens Energy,David Chen,FALSE
EP_MO_2027,East Peaker,PRJ-EP-2281,Execution: Battery Bank Test,Balance of Plant,Electrical,Planned,Execution,11-09-2027,10-12-2027,97344.75,0,BrandSafway,David Chen,FALSE
EP_MO_2027,East Peaker,PRJ-EP-2282,Execution: Inst Air Comp Service,Balance of Plant,Auxiliary,Planned,Execution,11-09-2027,10-12-2027,76319.24,0,Siemens Energy,David Chen,FALSE
EP_MO_2027,East Peaker,PRJ-EP-2283,EMERGENT: Catalyst Loading - Repair,HRSG,Gas Path,Planned,Execution,11-09-2027,10-12-2027,93133.66,0,GE Vernova,David Chen,FALSE
EP_MO_2027,East Peaker,PRJ-EP-2284,EMERGENT: Contractor Orientation - Repair,Project Management,Supply Chain,Planned,Execution,11-09-2027,10-12-2027,81829.62,0,Local Union 55,David Chen,FALSE
EP_MO_2027,East Peaker,PRJ-EP-2285,EMERGENT: Circ Water Pump Rebuild - Repair,Balance of Plant,Cooling Water,Planned,Execution,11-09-2027,10-12-2027,104526.3,0,United Rentals,David Chen,FALSE
EP_MO_2027,East Peaker,PRJ-EP-2286,Execution: Battery Bank Test,Balance of Plant,Electrical,Planned,Execution,11-09-2027,10-12-2027,100529.09,0,United Rentals,David Chen,FALSE
EP_MO_2027,East Peaker,PRJ-EP-2287,Execution: Inst Air Comp Service,Balance of Plant,Auxiliary,Planned,Execution,11-09-2027,10-12-2027,91420.99,0,BrandSafway,David Chen,FALSE
EP_MO_2027,East Peaker,PRJ-EP-2288,EMERGENT: Control Valve Lapping - Repair,Steam Turbine,HP/IP,Planned,Execution,11-09-2027,10-12-2027,71971.57,0,Local Union 55,David Chen,FALSE
EP_MO_2027,East Peaker,PRJ-EP-2289,EMERGENT: Walkdown Isolations - Repair,Safety & Compliance,LOTO,Planned,Execution,11-09-2027,10-12-2027,82390.98,0,United Rentals,David Chen,FALSE
EP_MO_2027,East Peaker,PRJ-EP-2290,Execution: Invoice Reconciliation,Project Management,Financial & Controls,Planned,Execution,11-09-2027,10-12-2027,83535.18,0,Siemens Energy,David Chen,FALSE
EP_MO_2027,East Peaker,PRJ-EP-2291,Execution: Inlet Filter Inspection,Gas Turbine,Inlet & Compressor,Planned,Execution,11-09-2027,10-12-2027,86374.16,0,Mistras Group,David Chen,FALSE
EP_MO_2027,East Peaker,PRJ-EP-2292,T+1: Drum Internal Inspect,HRSG,Pressure Parts,Planned,T+1,10-12-2027,09-01-2028,116984.09,0,Mistras Group,David Chen,FALSE
EP_MO_2027,East Peaker,PRJ-EP-2293,T+1: Master LOTO List,Safety & Compliance,LOTO,Planned,T+1,10-12-2027,09-01-2028,81395.77,0,BrandSafway,David Chen,FALSE
EP_MO_2027,East Peaker,PRJ-EP-2294,T+1: Compressor Borescope,Gas Turbine,Inlet & Compressor,Planned,T+1,10-12-2027,09-01-2028,112871.91,0,GE Vernova,David Chen,FALSE
EP_MO_2027,East Peaker,PRJ-EP-2295,T+1: Control Valve Lapping,Steam Turbine,HP/IP,Planned,T+1,10-12-2027,09-01-2028,86242.28,0,GE Vernova,David Chen,FALSE
EP_MO_2027,East Peaker,PRJ-EP-2296,T+1: Inst Air Comp Service,Balance of Plant,Auxiliary,Planned,T+1,10-12-2027,09-01-2028,91626.23,0,Mistras Group,David Chen,FALSE
EP_MO_2027,East Peaker,PRJ-EP-2297,T+1: Air Monitoring Setup,Safety & Compliance,EHS,Planned,T+1,10-12-2027,09-01-2028,81057.97,0,EthosEnergy,David Chen,FALSE
EP_MO_2027,East Peaker,PRJ-EP-2298,T+1: Scope Freeze Meeting,Project Management,Supply Chain,Planned,T+1,10-12-2027,09-01-2028,96104.34,0,EthosEnergy,David Chen,FALSE
EP_MO_2027,East Peaker,PRJ-EP-2299,T+1: Contractor Orientation,Project Management,Supply Chain,Planned,T+1,10-12-2027,09-01-2028,98349.86,0,EthosEnergy,David Chen,FALSE
EP_MO_2027,East Peaker,PRJ-EP-2300,T+1: Compressor Wash,Gas Turbine,Inlet & Compressor,Planned,T+1,10-12-2027,09-01-2028,107146.89,0,Siemens Energy,David Chen,FALSE
EP_MO_2027,East Peaker,PRJ-EP-2301,T+1: Inlet Duct Repair,HRSG,Gas Path,Planned,T+1,10-12-2027,09-01-2028,97343.28,0,Mistras Group,David Chen,FALSE
EP_MO_2027,East Peaker,PRJ-EP-2302,T+1: Stop Valve Inspection,Steam Turbine,HP/IP,Planned,T+1,10-12-2027,09-01-2028,79308.73,0,Siemens Energy,David Chen,FALSE
EP_MO_2027,East Peaker,PRJ-EP-2303,T+1: Wedge Tightness Check,Generator,Stator,Planned,T+1,10-12-2027,09-01-2028,98893.19,0,GE Vernova,David Chen,FALSE
EP_MO_2027,East Peaker,PRJ-EP-2304,T+1: Shroud Block Replace,Gas Turbine,Turbine Section,Planned,T+1,10-12-2027,09-01-2028,92159.81,0,United Rentals,David Chen,FALSE
EP_MO_2027,East Peaker,PRJ-EP-2305,T+1: Brush Rigging Check,Generator,Exciter,Planned,T+1,10-12-2027,09-01-2028,97023.09,0,EthosEnergy,David Chen,FALSE
EP_MO_2027,East Peaker,PRJ-EP-2306,T+1: Demin Plant Service,Balance of Plant,Auxiliary,Planned,T+1,10-12-2027,09-01-2028,116099.44,0,Siemens Energy,David Chen,FALSE
EP_MO_2027,East Peaker,PRJ-EP-2307,T+1: Ammonia Grid Tuning,HRSG,Gas Path,Planned,T+1,10-12-2027,09-01-2028,115879.09,0,GE Vernova,David Chen,FALSE
EP_MO_2027,East Peaker,PRJ-EP-2308,T+1: Inst Air Comp Service,Balance of Plant,Auxiliary,Planned,T+1,10-12-2027,09-01-2028,103936.42,0,GE Vernova,David Chen,FALSE
EP_MO_2027,East Peaker,PRJ-EP-2309,T+1: Master LOTO List,Safety & Compliance,LOTO,Planned,T+1,10-12-2027,09-01-2028,80909.6,0,Siemens Energy,David Chen,FALSE
EP_MO_2027,East Peaker,PRJ-EP-2310,T+1: Control Valve Lapping,Steam Turbine,HP/IP,Planned,T+1,10-12-2027,09-01-2028,86381.44,0,United Rentals,David Chen,FALSE
EP_MO_2027,East Peaker,PRJ-EP-2311,T+1: Combustion Chamber Open,Gas Turbine,Combustion,Planned,T+1,10-12-2027,09-01-2028,86027.75,0,Siemens Energy,David Chen,FALSE
EP_MO_2027,East Peaker,PRJ-EP-2312,T+1: Contractor Orientation,Project Management,Supply Chain,Planned,T+1,10-12-2027,09-01-2028,86551.04,0,Mistras Group,David Chen,FALSE
EP_MO_2027,East Peaker,PRJ-EP-2313,T+1: Cooling Tower Media Replace,Balance of Plant,Cooling Water,Planned,T+1,10-12-2027,09-01-2028,113797.9,0,Siemens Energy,David Chen,FALSE
EP_MO_2027,East Peaker,PRJ-EP-2314,T+1: HazWaste Permit,Project Management,Regulatory,Planned,T+1,10-12-2027,09-01-2028,101330.2,0,United Rentals,David Chen,FALSE
WV_HGP_2026,West Valley Peaker,PRJ-WV-2315,T-24: Scope Freeze Meeting,Project Management,Supply Chain,Completed,T-24,15-08-2024,09-09-2024,50289.83,49637.45,Siemens Energy,Sarah Miller,FALSE
WV_HGP_2026,West Valley Peaker,PRJ-WV-2316,T-24: Confined Space Drills,Safety & Compliance,EHS,Completed,T-24,15-08-2024,09-09-2024,44686.36,48926.18,BrandSafway,Sarah Miller,FALSE
WV_HGP_2026,West Valley Peaker,PRJ-WV-2317,T-24: Scope Freeze Meeting,Project Management,Supply Chain,Completed,T-24,15-08-2024,09-09-2024,43218.2,42756.27,Local Union 55,Sarah Miller,FALSE
WV_HGP_2026,West Valley Peaker,PRJ-WV-2318,T-24: Confined Space Drills,Safety & Compliance,EHS,Completed,T-24,15-08-2024,09-09-2024,57213.49,53378.09,EthosEnergy,Sarah Miller,FALSE
WV_HGP_2026,West Valley Peaker,PRJ-WV-2319,T-24: Verify Zero Energy,Safety & Compliance,LOTO,Completed,T-24,15-08-2024,09-09-2024,63659.22,68127.14,EthosEnergy,Sarah Miller,FALSE
WV_HGP_2026,West Valley Peaker,PRJ-WV-2320,T-24: HazWaste Permit,Project Management,Regulatory,Completed,T-24,15-08-2024,09-09-2024,55630.67,59836.37,EthosEnergy,Sarah Miller,FALSE
WV_HGP_2026,West Valley Peaker,PRJ-WV-2321,T-24: Walkdown Isolations,Safety & Compliance,LOTO,Completed,T-24,15-08-2024,09-09-2024,54599.83,53133.68,EthosEnergy,Sarah Miller,FALSE
WV_HGP_2026,West Valley Peaker,PRJ-WV-2322,T-24: Master LOTO List,Safety & Compliance,LOTO,Completed,T-24,15-08-2024,09-09-2024,62337.81,56920.66,EthosEnergy,Sarah Miller,FALSE
WV_HGP_2026,West Valley Peaker,PRJ-WV-2323,Manage PO: HGP Hardware,Project Management,Supply Chain,Completed,T-18,21-02-2025,18-03-2025,15000,15952.73,OEM / Supply Chain,Sarah Miller,FALSE
WV_HGP_2026,West Valley Peaker,PRJ-WV-2324,Manage PO: Combustion Parts,Project Management,Supply Chain,Completed,T-18,21-02-2025,18-03-2025,15000,16657.5,OEM / Supply Chain,Sarah Miller,FALSE
WV_HGP_2026,West Valley Peaker,PRJ-WV-2325,T-18: Chemical Safety Review,Safety & Compliance,EHS,Completed,T-18,21-02-2025,18-03-2025,176559.19,163778.36,BrandSafway,Sarah Miller,FALSE
WV_HGP_2026,West Valley Peaker,PRJ-WV-2326,T-18: Confined Space Drills,Safety & Compliance,EHS,In Progress,T-18,21-02-2025,14-02-2026,172414.73,170896.63,Local Union 55,Sarah Miller,TRUE
WV_HGP_2026,West Valley Peaker,PRJ-WV-2327,T-18: Develop Cost Estimate,Project Management,Financial & Controls,Completed,T-18,21-02-2025,18-03-2025,163761.96,179299.79,Mistras Group,Sarah Miller,FALSE
WV_HGP_2026,West Valley Peaker,PRJ-WV-2328,T-18: Develop Cost Estimate,Project Management,Financial & Controls,Completed,T-18,21-02-2025,18-03-2025,159413.76,171833.34,Mistras Group,Sarah Miller,FALSE
WV_HGP_2026,West Valley Peaker,PRJ-WV-2329,T-18: Scope Freeze Meeting,Project Management,Supply Chain,Completed,T-18,21-02-2025,18-03-2025,145210.19,130918.11,EthosEnergy,Sarah Miller,FALSE
WV_HGP_2026,West Valley Peaker,PRJ-WV-2330,T-18: Develop Cost Estimate,Project Management,Financial & Controls,In Progress,T-18,21-02-2025,21-02-2026,180673.83,167489.14,United Rentals,Sarah Miller,TRUE
WV_HGP_2026,West Valley Peaker,PRJ-WV-2331,Material: Stage 1 Buckets & Nozzles,Gas Turbine,Hot Gas Path,Completed,T-12,15-08-2025,09-09-2025,2580000,2386058.97,OEM / Supply Chain,Sarah Miller,FALSE
WV_HGP_2026,West Valley Peaker,PRJ-WV-2332,T-12: Chemical Safety Review,Safety & Compliance,EHS,In Progress,T-12,15-08-2025,20-02-2026,313824.85,296220.3,GE Vernova,Sarah Miller,TRUE
WV_HGP_2026,West Valley Peaker,PRJ-WV-2333,T-12: Air Monitoring Setup,Safety & Compliance,EHS,Completed,T-12,15-08-2025,09-09-2025,366747.12,337928.87,EthosEnergy,Sarah Miller,FALSE
WV_HGP_2026,West Valley Peaker,PRJ-WV-2334,T-12: RFP General Contractor,Project Management,Supply Chain,Completed,T-12,15-08-2025,09-09-2025,298053.02,307668.68,Local Union 55,Sarah Miller,FALSE
WV_HGP_2026,West Valley Peaker,PRJ-WV-2335,T-12: Grid Outage Bid,Project Management,Regulatory,Completed,T-12,15-08-2025,09-09-2025,341298.46,389876.33,GE Vernova,Sarah Miller,FALSE
WV_HGP_2026,West Valley Peaker,PRJ-WV-2336,T-12: Contractor Orientation,Project Management,Supply Chain,Completed,T-12,15-08-2025,09-09-2025,357505.1,346107.39,United Rentals,Sarah Miller,FALSE
WV_HGP_2026,West Valley Peaker,PRJ-WV-2337,T-12: Invoice Reconciliation,Project Management,Financial & Controls,Completed,T-12,15-08-2025,09-09-2025,284024.56,310647.42,Local Union 55,Sarah Miller,FALSE
WV_HGP_2026,West Valley Peaker,PRJ-WV-2338,T-12: Environmental Permit Review,Project Management,Regulatory,In Progress,T-12,15-08-2025,22-02-2026,298188.85,278947.08,Local Union 55,Sarah Miller,TRUE
WV_HGP_2026,West Valley Peaker,PRJ-WV-2339,T-12: Submit CapEx Request,Project Management,Financial & Controls,In Progress,T-12,15-08-2025,28-02-2026,353128.95,335473.32,Local Union 55,Sarah Miller,TRUE
WV_HGP_2026,West Valley Peaker,PRJ-WV-2340,T-12: Air Monitoring Setup,Safety & Compliance,EHS,Completed,T-12,15-08-2025,09-09-2025,257880.25,271862.34,Siemens Energy,Sarah Miller,FALSE
WV_HGP_2026,West Valley Peaker,PRJ-WV-2341,T-12: Environmental Permit Review,Project Management,Regulatory,Completed,T-12,15-08-2025,09-09-2025,286964.65,302282.88,EthosEnergy,Sarah Miller,FALSE
WV_HGP_2026,West Valley Peaker,PRJ-WV-2342,T-12: Chemical Safety Review,Safety & Compliance,EHS,Completed,T-12,15-08-2025,09-09-2025,362644.26,384445.34,GE Vernova,Sarah Miller,FALSE
WV_HGP_2026,West Valley Peaker,PRJ-WV-2343,T-12: Chemical Safety Review,Safety & Compliance,EHS,Completed,T-12,15-08-2025,09-09-2025,352035.79,386822.38,Siemens Energy,Sarah Miller,FALSE
WV_HGP_2026,West Valley Peaker,PRJ-WV-2344,T-12: Master LOTO List,Safety & Compliance,LOTO,Completed,T-12,15-08-2025,09-09-2025,342616.14,329432.22,GE Vernova,Sarah Miller,FALSE
WV_HGP_2026,West Valley Peaker,PRJ-WV-2345,T-12: Mobilization,Project Management,Supply Chain,In Progress,T-12,15-08-2025,28-02-2026,296343.41,277114.98,EthosEnergy,Sarah Miller,TRUE
WV_HGP_2026,West Valley Peaker,PRJ-WV-2346,T-12: Confined Space Drills,Safety & Compliance,EHS,Completed,T-12,15-08-2025,09-09-2025,368702.51,399934.89,EthosEnergy,Sarah Miller,FALSE
WV_HGP_2026,West Valley Peaker,PRJ-WV-2347,T-12: Daily Safety Audit,Safety & Compliance,EHS,Completed,T-12,15-08-2025,09-09-2025,270071.71,309300.49,Mistras Group,Sarah Miller,FALSE
WV_HGP_2026,West Valley Peaker,PRJ-WV-2348,Material: Fuel Nozzle Set (Refurbished),Gas Turbine,Combustion,Planned,T-6,16-02-2026,13-03-2026,967500,0,OEM / Supply Chain,Sarah Miller,FALSE
WV_HGP_2026,West Valley Peaker,PRJ-WV-2349,Manage PO: Filter Media,Project Management,Supply Chain,Planned,T-6,16-02-2026,13-03-2026,15000,0,OEM / Supply Chain,Sarah Miller,FALSE
WV_HGP_2026,West Valley Peaker,PRJ-WV-2350,T-6: Contractor Orientation,Project Management,Supply Chain,Planned,T-6,16-02-2026,13-03-2026,16644.92,0,Local Union 55,Sarah Miller,FALSE
WV_HGP_2026,West Valley Peaker,PRJ-WV-2351,T-6: Air Monitoring Setup,Safety & Compliance,EHS,Planned,T-6,16-02-2026,13-03-2026,15791.93,0,United Rentals,Sarah Miller,FALSE
WV_HGP_2026,West Valley Peaker,PRJ-WV-2352,T-6: HazWaste Permit,Project Management,Regulatory,Planned,T-6,16-02-2026,13-03-2026,12620.75,0,EthosEnergy,Sarah Miller,FALSE
WV_HGP_2026,West Valley Peaker,PRJ-WV-2353,T-6: Contractor Orientation,Project Management,Supply Chain,Planned,T-6,16-02-2026,13-03-2026,13885.2,0,EthosEnergy,Sarah Miller,FALSE
WV_HGP_2026,West Valley Peaker,PRJ-WV-2354,T-6: Shroud Block Replace,Gas Turbine,Turbine Section,Planned,T-6,16-02-2026,13-03-2026,14723.35,0,EthosEnergy,Sarah Miller,FALSE
WV_HGP_2026,West Valley Peaker,PRJ-WV-2355,T-6: Turbine Shell Lift,Gas Turbine,Turbine Section,Planned,T-6,16-02-2026,13-03-2026,15705.14,0,Siemens Energy,Sarah Miller,FALSE
WV_HGP_2026,West Valley Peaker,PRJ-WV-2356,Material: Inlet Filter Elements,Gas Turbine,Inlet & Compressor,Planned,T-3,17-05-2026,11-06-2026,161250,0,OEM / Supply Chain,Sarah Miller,FALSE
WV_HGP_2026,West Valley Peaker,PRJ-WV-2357,T-3: Develop Cost Estimate,Project Management,Financial & Controls,Planned,T-3,17-05-2026,11-06-2026,42855.19,0,EthosEnergy,Sarah Miller,FALSE
WV_HGP_2026,West Valley Peaker,PRJ-WV-2358,T-3: Circ Water Pump Rebuild,Balance of Plant,Cooling Water,Planned,T-3,17-05-2026,11-06-2026,40006.09,0,Mistras Group,Sarah Miller,FALSE
WV_HGP_2026,West Valley Peaker,PRJ-WV-2359,T-3: Print Tags,Safety & Compliance,LOTO,Planned,T-3,17-05-2026,11-06-2026,31398.7,0,Mistras Group,Sarah Miller,FALSE
WV_HGP_2026,West Valley Peaker,PRJ-WV-2360,T-3: Develop Cost Estimate,Project Management,Financial & Controls,Planned,T-3,17-05-2026,11-06-2026,44818.43,0,GE Vernova,Sarah Miller,FALSE
WV_HGP_2026,West Valley Peaker,PRJ-WV-2361,T-3: Cross-Fire Tube Check,Gas Turbine,Combustion,Planned,T-3,17-05-2026,11-06-2026,37984.07,0,Siemens Energy,Sarah Miller,FALSE
WV_HGP_2026,West Valley Peaker,PRJ-WV-2362,T-3: Shroud Block Replace,Gas Turbine,Turbine Section,Planned,T-3,17-05-2026,11-06-2026,42243.04,0,EthosEnergy,Sarah Miller,FALSE
WV_HGP_2026,West Valley Peaker,PRJ-WV-2363,T-3: Confined Space Drills,Safety & Compliance,EHS,Planned,T-3,17-05-2026,11-06-2026,31558.49,0,EthosEnergy,Sarah Miller,FALSE
WV_HGP_2026,West Valley Peaker,PRJ-WV-2364,T-1: Cooling Tower Media Replace,Balance of Plant,Cooling Water,Planned,T-1,16-07-2026,10-08-2026,66203.77,0,EthosEnergy,Sarah Miller,FALSE
WV_HGP_2026,West Valley Peaker,PRJ-WV-2365,T-1: Compressor Wash,Gas Turbine,Inlet & Compressor,Planned,T-1,16-07-2026,10-08-2026,87740.92,0,EthosEnergy,Sarah Miller,FALSE
WV_HGP_2026,West Valley Peaker,PRJ-WV-2366,T-1: Battery Bank Test,Balance of Plant,Electrical,Planned,T-1,16-07-2026,10-08-2026,80176.83,0,GE Vernova,Sarah Miller,FALSE
WV_HGP_2026,West Valley Peaker,PRJ-WV-2367,T-1: Daily Safety Audit,Safety & Compliance,EHS,Planned,T-1,16-07-2026,10-08-2026,95962.5,0,EthosEnergy,Sarah Miller,FALSE
WV_HGP_2026,West Valley Peaker,PRJ-WV-2368,T-1: Print Tags,Safety & Compliance,LOTO,Planned,T-1,16-07-2026,10-08-2026,86976.03,0,EthosEnergy,Sarah Miller,FALSE
WV_HGP_2026,West Valley Peaker,PRJ-WV-2369,T-1: Inlet Filter Inspection,Gas Turbine,Inlet & Compressor,Planned,T-1,16-07-2026,10-08-2026,74884.42,0,Mistras Group,Sarah Miller,FALSE
WV_HGP_2026,West Valley Peaker,PRJ-WV-2370,T-1: Grid Outage Bid,Project Management,Regulatory,Planned,T-1,16-07-2026,10-08-2026,93713.32,0,Mistras Group,Sarah Miller,FALSE
WV_HGP_2026,West Valley Peaker,PRJ-WV-2371,T-1: Inst Air Comp Service,Balance of Plant,Auxiliary,Planned,T-1,16-07-2026,10-08-2026,84450.41,0,EthosEnergy,Sarah Miller,FALSE
WV_HGP_2026,West Valley Peaker,PRJ-WV-2372,Execution: Shroud Block Replace,Gas Turbine,Turbine Section,Planned,Execution,15-08-2026,02-10-2026,92854.69,0,United Rentals,Sarah Miller,FALSE
WV_HGP_2026,West Valley Peaker,PRJ-WV-2373,Execution: Environmental Permit Review,Project Management,Regulatory,Planned,Execution,15-08-2026,02-10-2026,70533.15,0,BrandSafway,Sarah Miller,FALSE
WV_HGP_2026,West Valley Peaker,PRJ-WV-2374,EMERGENT: Rotor Inspection - Repair,Gas Turbine,Turbine Section,Planned,Execution,15-08-2026,02-10-2026,71074.95,0,BrandSafway,Sarah Miller,FALSE
WV_HGP_2026,West Valley Peaker,PRJ-WV-2375,Execution: Grid Outage Bid,Project Management,Regulatory,Planned,Execution,15-08-2026,02-10-2026,80811.53,0,BrandSafway,Sarah Miller,FALSE
WV_HGP_2026,West Valley Peaker,PRJ-WV-2376,Execution: IGV Bushing Replace,Gas Turbine,Inlet & Compressor,Planned,Execution,15-08-2026,02-10-2026,76240.74,0,Siemens Energy,Sarah Miller,FALSE
WV_HGP_2026,West Valley Peaker,PRJ-WV-2377,Execution: Submit CapEx Request,Project Management,Financial & Controls,Planned,Execution,15-08-2026,02-10-2026,86995.98,0,BrandSafway,Sarah Miller,FALSE
WV_HGP_2026,West Valley Peaker,PRJ-WV-2378,Execution: Inst Air Comp Service,Balance of Plant,Auxiliary,Planned,Execution,15-08-2026,02-10-2026,91428.52,0,BrandSafway,Sarah Miller,FALSE
WV_HGP_2026,West Valley Peaker,PRJ-WV-2379,Execution: Compressor Wash,Gas Turbine,Inlet & Compressor,Planned,Execution,15-08-2026,02-10-2026,72466.39,0,BrandSafway,Sarah Miller,FALSE
WV_HGP_2026,West Valley Peaker,PRJ-WV-2380,Execution: Daily Safety Audit,Safety & Compliance,EHS,Planned,Execution,15-08-2026,02-10-2026,88487.12,0,Mistras Group,Sarah Miller,FALSE
WV_HGP_2026,West Valley Peaker,PRJ-WV-2381,Execution: Compressor Wash,Gas Turbine,Inlet & Compressor,Planned,Execution,15-08-2026,02-10-2026,72455.9,0,BrandSafway,Sarah Miller,FALSE
WV_HGP_2026,West Valley Peaker,PRJ-WV-2382,Execution: Rotor Inspection,Gas Turbine,Turbine Section,Planned,Execution,15-08-2026,02-10-2026,78071.56,0,United Rentals,Sarah Miller,FALSE
WV_HGP_2026,West Valley Peaker,PRJ-WV-2383,Execution: Develop Cost Estimate,Project Management,Financial & Controls,Planned,Execution,15-08-2026,02-10-2026,88371.47,0,GE Vernova,Sarah Miller,FALSE
WV_HGP_2026,West Valley Peaker,PRJ-WV-2384,Execution: GSU Oil Analysis,Balance of Plant,Electrical,Planned,Execution,15-08-2026,02-10-2026,82640.53,0,Mistras Group,Sarah Miller,FALSE
WV_HGP_2026,West Valley Peaker,PRJ-WV-2385,Execution: Develop Cost Estimate,Project Management,Financial & Controls,Planned,Execution,15-08-2026,02-10-2026,98751.26,0,EthosEnergy,Sarah Miller,FALSE
WV_HGP_2026,West Valley Peaker,PRJ-WV-2386,Execution: Air Monitoring Setup,Safety & Compliance,EHS,Planned,Execution,15-08-2026,02-10-2026,95918.18,0,EthosEnergy,Sarah Miller,FALSE
WV_HGP_2026,West Valley Peaker,PRJ-WV-2387,Execution: Scope Freeze Meeting,Project Management,Supply Chain,Planned,Execution,15-08-2026,02-10-2026,90026.5,0,Siemens Energy,Sarah Miller,FALSE
WV_HGP_2026,West Valley Peaker,PRJ-WV-2388,Execution: Demin Plant Service,Balance of Plant,Auxiliary,Planned,Execution,15-08-2026,02-10-2026,103824.51,0,GE Vernova,Sarah Miller,FALSE
WV_HGP_2026,West Valley Peaker,PRJ-WV-2389,Execution: Chemical Safety Review,Safety & Compliance,EHS,Planned,Execution,15-08-2026,02-10-2026,77094.12,0,GE Vernova,Sarah Miller,FALSE
WV_HGP_2026,West Valley Peaker,PRJ-WV-2390,Execution: Walkdown Isolations,Safety & Compliance,LOTO,Planned,Execution,15-08-2026,02-10-2026,75100.45,0,BrandSafway,Sarah Miller,FALSE
WV_HGP_2026,West Valley Peaker,PRJ-WV-2391,Execution: Rotor Inspection,Gas Turbine,Turbine Section,Planned,Execution,15-08-2026,02-10-2026,89011.99,0,United Rentals,Sarah Miller,FALSE
WV_HGP_2026,West Valley Peaker,PRJ-WV-2392,Execution: Master LOTO List,Safety & Compliance,LOTO,Planned,Execution,15-08-2026,02-10-2026,76228.49,0,United Rentals,Sarah Miller,FALSE
WV_HGP_2026,West Valley Peaker,PRJ-WV-2393,Execution: IGV Bushing Replace,Gas Turbine,Inlet & Compressor,Planned,Execution,15-08-2026,02-10-2026,88951.95,0,EthosEnergy,Sarah Miller,FALSE
WV_HGP_2026,West Valley Peaker,PRJ-WV-2394,Execution: Scope Freeze Meeting,Project Management,Supply Chain,Planned,Execution,15-08-2026,02-10-2026,104354.81,0,EthosEnergy,Sarah Miller,FALSE
WV_HGP_2026,West Valley Peaker,PRJ-WV-2395,Execution: Walkdown Isolations,Safety & Compliance,LOTO,Planned,Execution,15-08-2026,02-10-2026,88167.9,0,BrandSafway,Sarah Miller,FALSE
WV_HGP_2026,West Valley Peaker,PRJ-WV-2396,Execution: Switchgear Testing,Balance of Plant,Electrical,Planned,Execution,15-08-2026,02-10-2026,104133.16,0,GE Vernova,Sarah Miller,FALSE
WV_HGP_2026,West Valley Peaker,PRJ-WV-2397,Execution: Chemical Safety Review,Safety & Compliance,EHS,Planned,Execution,15-08-2026,02-10-2026,83143.57,0,EthosEnergy,Sarah Miller,FALSE
WV_HGP_2026,West Valley Peaker,PRJ-WV-2398,Execution: Budget Approval,Project Management,Financial & Controls,Planned,Execution,15-08-2026,02-10-2026,78099.81,0,GE Vernova,Sarah Miller,FALSE
WV_HGP_2026,West Valley Peaker,PRJ-WV-2399,Execution: Contractor Orientation,Project Management,Supply Chain,Planned,Execution,15-08-2026,02-10-2026,92869.4,0,Mistras Group,Sarah Miller,FALSE
WV_HGP_2026,West Valley Peaker,PRJ-WV-2400,Execution: Chemical Safety Review,Safety & Compliance,EHS,Planned,Execution,15-08-2026,02-10-2026,93605.24,0,Local Union 55,Sarah Miller,FALSE
WV_HGP_2026,West Valley Peaker,PRJ-WV-2401,Execution: Aux Boiler Inspection,Balance of Plant,Auxiliary,Planned,Execution,15-08-2026,02-10-2026,76060.25,0,Siemens Energy,Sarah Miller,FALSE
WV_HGP_2026,West Valley Peaker,PRJ-WV-2402,Execution: Inst Air Comp Service,Balance of Plant,Auxiliary,Planned,Execution,15-08-2026,02-10-2026,74966.34,0,Mistras Group,Sarah Miller,FALSE
WV_HGP_2026,West Valley Peaker,PRJ-WV-2403,Execution: Demin Plant Service,Balance of Plant,Auxiliary,Planned,Execution,15-08-2026,02-10-2026,89695.14,0,EthosEnergy,Sarah Miller,FALSE
WV_HGP_2026,West Valley Peaker,PRJ-WV-2404,Execution: Chemical Safety Review,Safety & Compliance,EHS,Planned,Execution,15-08-2026,02-10-2026,93366.08,0,GE Vernova,Sarah Miller,FALSE
WV_HGP_2026,West Valley Peaker,PRJ-WV-2405,Execution: Compressor Borescope,Gas Turbine,Inlet & Compressor,Planned,Execution,15-08-2026,02-10-2026,72332.78,0,Siemens Energy,Sarah Miller,FALSE
WV_HGP_2026,West Valley Peaker,PRJ-WV-2406,Execution: Contractor Orientation,Project Management,Supply Chain,Planned,Execution,15-08-2026,02-10-2026,103983.77,0,United Rentals,Sarah Miller,FALSE
WV_HGP_2026,West Valley Peaker,PRJ-WV-2407,Execution: Aux Boiler Inspection,Balance of Plant,Auxiliary,Planned,Execution,15-08-2026,02-10-2026,87445.48,0,Siemens Energy,Sarah Miller,FALSE
WV_HGP_2026,West Valley Peaker,PRJ-WV-2408,EMERGENT: Aux Boiler Inspection - Repair,Balance of Plant,Auxiliary,Planned,Execution,15-08-2026,02-10-2026,78220.31,0,BrandSafway,Sarah Miller,FALSE
WV_HGP_2026,West Valley Peaker,PRJ-WV-2409,EMERGENT: Grid Outage Bid - Repair,Project Management,Regulatory,Planned,Execution,15-08-2026,02-10-2026,99219.87,0,BrandSafway,Sarah Miller,FALSE
WV_HGP_2026,West Valley Peaker,PRJ-WV-2410,EMERGENT: Demin Plant Service - Repair,Balance of Plant,Auxiliary,Planned,Execution,15-08-2026,02-10-2026,86391.37,0,BrandSafway,Sarah Miller,FALSE
WV_HGP_2026,West Valley Peaker,PRJ-WV-2411,EMERGENT: Invoice Reconciliation - Repair,Project Management,Financial & Controls,Planned,Execution,15-08-2026,02-10-2026,86464.45,0,Local Union 55,Sarah Miller,FALSE
WV_HGP_2026,West Valley Peaker,PRJ-WV-2412,Execution: Air Monitoring Setup,Safety & Compliance,EHS,Planned,Execution,15-08-2026,02-10-2026,97234.57,0,United Rentals,Sarah Miller,FALSE
WV_HGP_2026,West Valley Peaker,PRJ-WV-2413,Execution: Mobilization,Project Management,Supply Chain,Planned,Execution,15-08-2026,02-10-2026,82095.97,0,GE Vernova,Sarah Miller,FALSE
WV_HGP_2026,West Valley Peaker,PRJ-WV-2414,Execution: Compressor Wash,Gas Turbine,Inlet & Compressor,Planned,Execution,15-08-2026,02-10-2026,104844.33,0,GE Vernova,Sarah Miller,FALSE
WV_HGP_2026,West Valley Peaker,PRJ-WV-2415,Execution: Condenser Cleaning,Balance of Plant,Cooling Water,Planned,Execution,15-08-2026,02-10-2026,77400.8,0,GE Vernova,Sarah Miller,FALSE
WV_HGP_2026,West Valley Peaker,PRJ-WV-2416,EMERGENT: Compressor Borescope - Repair,Gas Turbine,Inlet & Compressor,Planned,Execution,15-08-2026,02-10-2026,105497.86,0,Siemens Energy,Sarah Miller,FALSE
WV_HGP_2026,West Valley Peaker,PRJ-WV-2417,EMERGENT: Fuel Nozzle Swap - Repair,Gas Turbine,Combustion,Planned,Execution,15-08-2026,02-10-2026,78902.33,0,BrandSafway,Sarah Miller,FALSE
WV_HGP_2026,West Valley Peaker,PRJ-WV-2418,Execution: Fuel Nozzle Swap,Gas Turbine,Combustion,Planned,Execution,15-08-2026,02-10-2026,94881.9,0,United Rentals,Sarah Miller,FALSE
WV_HGP_2026,West Valley Peaker,PRJ-WV-2419,Execution: Budget Approval,Project Management,Financial & Controls,Planned,Execution,15-08-2026,02-10-2026,79601.39,0,United Rentals,Sarah Miller,FALSE
WV_HGP_2026,West Valley Peaker,PRJ-WV-2420,Execution: Walkdown Isolations,Safety & Compliance,LOTO,Planned,Execution,15-08-2026,02-10-2026,96873.64,0,GE Vernova,Sarah Miller,FALSE
WV_HGP_2026,West Valley Peaker,PRJ-WV-2421,EMERGENT: Scope Freeze Meeting - Repair,Project Management,Supply Chain,Planned,Execution,15-08-2026,02-10-2026,72476,0,GE Vernova,Sarah Miller,FALSE
WV_HGP_2026,West Valley Peaker,PRJ-WV-2422,Execution: Air Monitoring Setup,Safety & Compliance,EHS,Planned,Execution,15-08-2026,02-10-2026,92331.59,0,United Rentals,Sarah Miller,FALSE
WV_HGP_2026,West Valley Peaker,PRJ-WV-2423,EMERGENT: Aux Boiler Inspection - Repair,Balance of Plant,Auxiliary,Planned,Execution,15-08-2026,02-10-2026,77372.45,0,United Rentals,Sarah Miller,FALSE
WV_HGP_2026,West Valley Peaker,PRJ-WV-2424,Execution: Invoice Reconciliation,Project Management,Financial & Controls,Planned,Execution,15-08-2026,02-10-2026,83034.94,0,United Rentals,Sarah Miller,FALSE
WV_HGP_2026,West Valley Peaker,PRJ-WV-2425,Execution: IGV Bushing Replace,Gas Turbine,Inlet & Compressor,Planned,Execution,15-08-2026,02-10-2026,89368.38,0,Siemens Energy,Sarah Miller,FALSE
WV_HGP_2026,West Valley Peaker,PRJ-WV-2426,EMERGENT: Daily Safety Audit - Repair,Safety & Compliance,EHS,Planned,Execution,15-08-2026,02-10-2026,98347.73,0,Local Union 55,Sarah Miller,FALSE
WV_HGP_2026,West Valley Peaker,PRJ-WV-2427,EMERGENT: Confined Space Drills - Repair,Safety & Compliance,EHS,Planned,Execution,15-08-2026,02-10-2026,75321.78,0,GE Vernova,Sarah Miller,FALSE
WV_HGP_2026,West Valley Peaker,PRJ-WV-2428,Execution: Mobilization,Project Management,Supply Chain,Planned,Execution,15-08-2026,02-10-2026,71958.59,0,Local Union 55,Sarah Miller,FALSE
WV_HGP_2026,West Valley Peaker,PRJ-WV-2429,Execution: Compressor Borescope,Gas Turbine,Inlet & Compressor,Planned,Execution,15-08-2026,02-10-2026,90471.31,0,BrandSafway,Sarah Miller,FALSE
WV_HGP_2026,West Valley Peaker,PRJ-WV-2430,Execution: HazWaste Permit,Project Management,Regulatory,Planned,Execution,15-08-2026,02-10-2026,74495.07,0,EthosEnergy,Sarah Miller,FALSE
WV_HGP_2026,West Valley Peaker,PRJ-WV-2431,Execution: Aux Boiler Inspection,Balance of Plant,Auxiliary,Planned,Execution,15-08-2026,02-10-2026,87701.78,0,EthosEnergy,Sarah Miller,FALSE
WV_HGP_2026,West Valley Peaker,PRJ-WV-2432,Execution: IGV Bushing Replace,Gas Turbine,Inlet & Compressor,Planned,Execution,15-08-2026,02-10-2026,89863.41,0,United Rentals,Sarah Miller,FALSE
WV_HGP_2026,West Valley Peaker,PRJ-WV-2433,Execution: Submit CapEx Request,Project Management,Financial & Controls,Planned,Execution,15-08-2026,02-10-2026,82647.94,0,BrandSafway,Sarah Miller,FALSE
WV_HGP_2026,West Valley Peaker,PRJ-WV-2434,Execution: Develop Cost Estimate,Project Management,Financial & Controls,Planned,Execution,15-08-2026,02-10-2026,75631.92,0,Siemens Energy,Sarah Miller,FALSE
WV_HGP_2026,West Valley Peaker,PRJ-WV-2435,Execution: Condenser Cleaning,Balance of Plant,Cooling Water,Planned,Execution,15-08-2026,02-10-2026,72807.35,0,Local Union 55,Sarah Miller,FALSE
WV_HGP_2026,West Valley Peaker,PRJ-WV-2436,Execution: Daily Safety Audit,Safety & Compliance,EHS,Planned,Execution,15-08-2026,02-10-2026,100653.59,0,Local Union 55,Sarah Miller,FALSE
WV_HGP_2026,West Valley Peaker,PRJ-WV-2437,EMERGENT: Chemical Safety Review - Repair,Safety & Compliance,EHS,Planned,Execution,15-08-2026,02-10-2026,85672.71,0,EthosEnergy,Sarah Miller,FALSE
WV_HGP_2026,West Valley Peaker,PRJ-WV-2438,EMERGENT: Battery Bank Test - Repair,Balance of Plant,Electrical,Planned,Execution,15-08-2026,02-10-2026,83264.05,0,Local Union 55,Sarah Miller,FALSE
WV_HGP_2026,West Valley Peaker,PRJ-WV-2439,EMERGENT: Master LOTO List - Repair,Safety & Compliance,LOTO,Planned,Execution,15-08-2026,02-10-2026,83240.02,0,BrandSafway,Sarah Miller,FALSE
WV_HGP_2026,West Valley Peaker,PRJ-WV-2440,Execution: Chemical Safety Review,Safety & Compliance,EHS,Planned,Execution,15-08-2026,02-10-2026,104075.03,0,Siemens Energy,Sarah Miller,FALSE
WV_HGP_2026,West Valley Peaker,PRJ-WV-2441,Execution: Switchgear Testing,Balance of Plant,Electrical,Planned,Execution,15-08-2026,02-10-2026,84009.84,0,BrandSafway,Sarah Miller,FALSE
WV_HGP_2026,West Valley Peaker,PRJ-WV-2442,Execution: Contractor Orientation,Project Management,Supply Chain,Planned,Execution,15-08-2026,02-10-2026,72284.97,0,Siemens Energy,Sarah Miller,FALSE
WV_HGP_2026,West Valley Peaker,PRJ-WV-2443,Execution: Confined Space Drills,Safety & Compliance,EHS,Planned,Execution,15-08-2026,02-10-2026,71061.49,0,EthosEnergy,Sarah Miller,FALSE
WV_HGP_2026,West Valley Peaker,PRJ-WV-2444,Execution: Print Tags,Safety & Compliance,LOTO,Planned,Execution,15-08-2026,02-10-2026,90526.72,0,United Rentals,Sarah Miller,FALSE
WV_HGP_2026,West Valley Peaker,PRJ-WV-2445,EMERGENT: Develop Cost Estimate - Repair,Project Management,Financial & Controls,Planned,Execution,15-08-2026,02-10-2026,70668.58,0,GE Vernova,Sarah Miller,FALSE
WV_HGP_2026,West Valley Peaker,PRJ-WV-2446,Execution: Rotor Inspection,Gas Turbine,Turbine Section,Planned,Execution,15-08-2026,02-10-2026,102979.68,0,BrandSafway,Sarah Miller,FALSE
WV_HGP_2026,West Valley Peaker,PRJ-WV-2447,Execution: Print Tags,Safety & Compliance,LOTO,Planned,Execution,15-08-2026,02-10-2026,103222.52,0,EthosEnergy,Sarah Miller,FALSE
WV_HGP_2026,West Valley Peaker,PRJ-WV-2448,Execution: IGV Bushing Replace,Gas Turbine,Inlet & Compressor,Planned,Execution,15-08-2026,02-10-2026,87995.7,0,EthosEnergy,Sarah Miller,FALSE
WV_HGP_2026,West Valley Peaker,PRJ-WV-2449,Execution: Air Monitoring Setup,Safety & Compliance,EHS,Planned,Execution,15-08-2026,02-10-2026,87187.69,0,BrandSafway,Sarah Miller,FALSE
WV_HGP_2026,West Valley Peaker,PRJ-WV-2450,Execution: Budget Approval,Project Management,Financial & Controls,Planned,Execution,15-08-2026,02-10-2026,96916.38,0,United Rentals,Sarah Miller,FALSE
WV_HGP_2026,West Valley Peaker,PRJ-WV-2451,EMERGENT: Switchgear Testing - Repair,Balance of Plant,Electrical,Planned,Execution,15-08-2026,02-10-2026,103913.46,0,Local Union 55,Sarah Miller,FALSE
WV_HGP_2026,West Valley Peaker,PRJ-WV-2452,Execution: Condenser Cleaning,Balance of Plant,Cooling Water,Planned,Execution,15-08-2026,02-10-2026,95713.93,0,Mistras Group,Sarah Miller,FALSE
WV_HGP_2026,West Valley Peaker,PRJ-WV-2453,EMERGENT: Chemical Safety Review - Repair,Safety & Compliance,EHS,Planned,Execution,15-08-2026,02-10-2026,91784.72,0,United Rentals,Sarah Miller,FALSE
WV_HGP_2026,West Valley Peaker,PRJ-WV-2454,Execution: Contractor Orientation,Project Management,Supply Chain,Planned,Execution,15-08-2026,02-10-2026,74261.35,0,United Rentals,Sarah Miller,FALSE
WV_HGP_2026,West Valley Peaker,PRJ-WV-2455,Execution: Confined Space Drills,Safety & Compliance,EHS,Planned,Execution,15-08-2026,02-10-2026,72760.86,0,GE Vernova,Sarah Miller,FALSE
WV_HGP_2026,West Valley Peaker,PRJ-WV-2456,EMERGENT: Master LOTO List - Repair,Safety & Compliance,LOTO,Planned,Execution,15-08-2026,02-10-2026,102724.79,0,Mistras Group,Sarah Miller,FALSE
WV_HGP_2026,West Valley Peaker,PRJ-WV-2457,EMERGENT: HazWaste Permit - Repair,Project Management,Regulatory,Planned,Execution,15-08-2026,02-10-2026,95707.02,0,Siemens Energy,Sarah Miller,FALSE
WV_HGP_2026,West Valley Peaker,PRJ-WV-2458,Execution: Combustion Chamber Open,Gas Turbine,Combustion,Planned,Execution,15-08-2026,02-10-2026,105240.45,0,Mistras Group,Sarah Miller,FALSE
WV_HGP_2026,West Valley Peaker,PRJ-WV-2459,Execution: Grid Outage Bid,Project Management,Regulatory,Planned,Execution,15-08-2026,02-10-2026,86513.36,0,BrandSafway,Sarah Miller,FALSE
WV_HGP_2026,West Valley Peaker,PRJ-WV-2460,Execution: Invoice Reconciliation,Project Management,Financial & Controls,Planned,Execution,15-08-2026,02-10-2026,100912.51,0,EthosEnergy,Sarah Miller,FALSE
WV_HGP_2026,West Valley Peaker,PRJ-WV-2461,Execution: Invoice Reconciliation,Project Management,Financial & Controls,Planned,Execution,15-08-2026,02-10-2026,84947.9,0,Local Union 55,Sarah Miller,FALSE
WV_HGP_2026,West Valley Peaker,PRJ-WV-2462,Execution: Switchgear Testing,Balance of Plant,Electrical,Planned,Execution,15-08-2026,02-10-2026,79727.17,0,Siemens Energy,Sarah Miller,FALSE
WV_HGP_2026,West Valley Peaker,PRJ-WV-2463,Execution: Aux Boiler Inspection,Balance of Plant,Auxiliary,Planned,Execution,15-08-2026,02-10-2026,92283.86,0,United Rentals,Sarah Miller,FALSE
WV_HGP_2026,West Valley Peaker,PRJ-WV-2464,Execution: Mobilization,Project Management,Supply Chain,Planned,Execution,15-08-2026,02-10-2026,99984.66,0,BrandSafway,Sarah Miller,FALSE
WV_HGP_2026,West Valley Peaker,PRJ-WV-2465,Execution: Cooling Tower Media Replace,Balance of Plant,Cooling Water,Planned,Execution,15-08-2026,02-10-2026,85660.69,0,EthosEnergy,Sarah Miller,FALSE
WV_HGP_2026,West Valley Peaker,PRJ-WV-2466,Execution: HazWaste Permit,Project Management,Regulatory,Planned,Execution,15-08-2026,02-10-2026,92961.63,0,Local Union 55,Sarah Miller,FALSE
WV_HGP_2026,West Valley Peaker,PRJ-WV-2467,Execution: Mobilization,Project Management,Supply Chain,Planned,Execution,15-08-2026,02-10-2026,80496.62,0,Mistras Group,Sarah Miller,FALSE
WV_HGP_2026,West Valley Peaker,PRJ-WV-2468,Execution: Demin Plant Service,Balance of Plant,Auxiliary,Planned,Execution,15-08-2026,02-10-2026,82998.41,0,EthosEnergy,Sarah Miller,FALSE
WV_HGP_2026,West Valley Peaker,PRJ-WV-2469,EMERGENT: Master LOTO List - Repair,Safety & Compliance,LOTO,Planned,Execution,15-08-2026,02-10-2026,89062.93,0,EthosEnergy,Sarah Miller,FALSE
WV_HGP_2026,West Valley Peaker,PRJ-WV-2470,Execution: Master LOTO List,Safety & Compliance,LOTO,Planned,Execution,15-08-2026,02-10-2026,75768.9,0,Mistras Group,Sarah Miller,FALSE
WV_HGP_2026,West Valley Peaker,PRJ-WV-2471,Execution: Battery Bank Test,Balance of Plant,Electrical,Planned,Execution,15-08-2026,02-10-2026,101585.22,0,Siemens Energy,Sarah Miller,FALSE
WV_HGP_2026,West Valley Peaker,PRJ-WV-2472,EMERGENT: Chemical Safety Review - Repair,Safety & Compliance,EHS,Planned,Execution,15-08-2026,02-10-2026,75831.11,0,United Rentals,Sarah Miller,FALSE
WV_HGP_2026,West Valley Peaker,PRJ-WV-2473,Execution: Shroud Block Replace,Gas Turbine,Turbine Section,Planned,Execution,15-08-2026,02-10-2026,105570.87,0,EthosEnergy,Sarah Miller,FALSE
WV_HGP_2026,West Valley Peaker,PRJ-WV-2474,Execution: Submit CapEx Request,Project Management,Financial & Controls,Planned,Execution,15-08-2026,02-10-2026,84878.81,0,United Rentals,Sarah Miller,FALSE
WV_HGP_2026,West Valley Peaker,PRJ-WV-2475,Execution: Compressor Wash,Gas Turbine,Inlet & Compressor,Planned,Execution,15-08-2026,02-10-2026,100244.57,0,Siemens Energy,Sarah Miller,FALSE
WV_HGP_2026,West Valley Peaker,PRJ-WV-2476,Execution: Daily Safety Audit,Safety & Compliance,EHS,Planned,Execution,15-08-2026,02-10-2026,91400.18,0,Local Union 55,Sarah Miller,FALSE
WV_HGP_2026,West Valley Peaker,PRJ-WV-2477,T+1: Compressor Wash,Gas Turbine,Inlet & Compressor,Planned,T+1,02-10-2026,01-11-2026,88053.12,0,EthosEnergy,Sarah Miller,FALSE
WV_HGP_2026,West Valley Peaker,PRJ-WV-2478,T+1: Rotor Inspection,Gas Turbine,Turbine Section,Planned,T+1,02-10-2026,01-11-2026,98352.38,0,United Rentals,Sarah Miller,FALSE
WV_HGP_2026,West Valley Peaker,PRJ-WV-2479,T+1: Master LOTO List,Safety & Compliance,LOTO,Planned,T+1,02-10-2026,01-11-2026,70299.26,0,BrandSafway,Sarah Miller,FALSE
WV_HGP_2026,West Valley Peaker,PRJ-WV-2480,T+1: Scope Freeze Meeting,Project Management,Supply Chain,Planned,T+1,02-10-2026,01-11-2026,94442.11,0,Mistras Group,Sarah Miller,FALSE
WV_HGP_2026,West Valley Peaker,PRJ-WV-2481,T+1: Walkdown Isolations,Safety & Compliance,LOTO,Planned,T+1,02-10-2026,01-11-2026,98464.04,0,BrandSafway,Sarah Miller,FALSE
WV_HGP_2026,West Valley Peaker,PRJ-WV-2482,T+1: Fuel Nozzle Swap,Gas Turbine,Combustion,Planned,T+1,02-10-2026,01-11-2026,77726.08,0,Local Union 55,Sarah Miller,FALSE
WV_HGP_2026,West Valley Peaker,PRJ-WV-2483,T+1: Fuel Nozzle Swap,Gas Turbine,Combustion,Planned,T+1,02-10-2026,01-11-2026,92773.47,0,United Rentals,Sarah Miller,FALSE
WV_HGP_2026,West Valley Peaker,PRJ-WV-2484,T+1: Develop Cost Estimate,Project Management,Financial & Controls,Planned,T+1,02-10-2026,01-11-2026,97414.97,0,Local Union 55,Sarah Miller,FALSE
WV_HGP_2026,West Valley Peaker,PRJ-WV-2485,T+1: Inlet Filter Inspection,Gas Turbine,Inlet & Compressor,Planned,T+1,02-10-2026,01-11-2026,85429.15,0,United Rentals,Sarah Miller,FALSE
WV_HGP_2026,West Valley Peaker,PRJ-WV-2486,T+1: Fuel Nozzle Swap,Gas Turbine,Combustion,Planned,T+1,02-10-2026,01-11-2026,71491.84,0,Local Union 55,Sarah Miller,FALSE
WV_HGP_2026,West Valley Peaker,PRJ-WV-2487,T+1: Combustion Chamber Open,Gas Turbine,Combustion,Planned,T+1,02-10-2026,01-11-2026,98951.2,0,Local Union 55,Sarah Miller,FALSE
WV_HGP_2026,West Valley Peaker,PRJ-WV-2488,T+1: HazWaste Permit,Project Management,Regulatory,Planned,T+1,02-10-2026,01-11-2026,75247.98,0,United Rentals,Sarah Miller,FALSE
WV_HGP_2026,West Valley Peaker,PRJ-WV-2489,T+1: Inst Air Comp Service,Balance of Plant,Auxiliary,Planned,T+1,02-10-2026,01-11-2026,85531.2,0,BrandSafway,Sarah Miller,FALSE
CB_MO_2027,Coast BaseLoad,PRJ-CB-2490,T-24: Environmental Permit Review,Project Management,Regulatory,Completed,T-24,01-08-2025,26-08-2025,63278.35,72494.57,BrandSafway,Michael Chang,FALSE
CB_MO_2027,Coast BaseLoad,PRJ-CB-2491,T-24: Invoice Reconciliation,Project Management,Financial & Controls,Completed,T-24,01-08-2025,26-08-2025,58003.25,63873.25,Siemens Energy,Michael Chang,FALSE
CB_MO_2027,Coast BaseLoad,PRJ-CB-2492,T-24: Air Monitoring Setup,Safety & Compliance,EHS,Completed,T-24,01-08-2025,26-08-2025,52649.55,54871.78,United Rentals,Michael Chang,FALSE
CB_MO_2027,Coast BaseLoad,PRJ-CB-2493,T-24: HazWaste Permit,Project Management,Regulatory,Completed,T-24,01-08-2025,26-08-2025,64895,66073.19,GE Vernova,Michael Chang,FALSE
CB_MO_2027,Coast BaseLoad,PRJ-CB-2494,T-24: Master LOTO List,Safety & Compliance,LOTO,Completed,T-24,01-08-2025,26-08-2025,61090.77,63463.62,GE Vernova,Michael Chang,FALSE
CB_MO_2027,Coast BaseLoad,PRJ-CB-2495,T-24: Master LOTO List,Safety & Compliance,LOTO,Completed,T-24,01-08-2025,26-08-2025,68104.67,64893.02,Siemens Energy,Michael Chang,FALSE
CB_MO_2027,Coast BaseLoad,PRJ-CB-2496,T-24: Invoice Reconciliation,Project Management,Financial & Controls,Completed,T-24,01-08-2025,26-08-2025,55807.13,59462.01,GE Vernova,Michael Chang,FALSE
CB_MO_2027,Coast BaseLoad,PRJ-CB-2497,T-24: Budget Approval,Project Management,Financial & Controls,Completed,T-24,01-08-2025,26-08-2025,54191.87,57280.93,Siemens Energy,Michael Chang,FALSE
CB_MO_2027,Coast BaseLoad,PRJ-CB-2498,T-24: Master LOTO List,Safety & Compliance,LOTO,Completed,T-24,01-08-2025,26-08-2025,63740.54,72418.43,GE Vernova,Michael Chang,FALSE
CB_MO_2027,Coast BaseLoad,PRJ-CB-2499,T-24: Budget Approval,Project Management,Financial & Controls,Completed,T-24,01-08-2025,26-08-2025,66145.71,63031.88,Siemens Energy,Michael Chang,FALSE
CB_MO_2027,Coast BaseLoad,PRJ-CB-2500,T-24: Air Monitoring Setup,Safety & Compliance,EHS,Completed,T-24,01-08-2025,26-08-2025,59446.69,62324.34,BrandSafway,Michael Chang,FALSE
CB_MO_2027,Coast BaseLoad,PRJ-CB-2501,T-24: Environmental Permit Review,Project Management,Regulatory,Completed,T-24,01-08-2025,26-08-2025,57462.67,60012.21,EthosEnergy,Michael Chang,FALSE
CB_MO_2027,Coast BaseLoad,PRJ-CB-2502,T-24: Walkdown Isolations,Safety & Compliance,LOTO,Completed,T-24,01-08-2025,26-08-2025,63603.22,63567.78,EthosEnergy,Michael Chang,FALSE
CB_MO_2027,Coast BaseLoad,PRJ-CB-2503,T-24: Air Monitoring Setup,Safety & Compliance,EHS,Completed,T-24,01-08-2025,26-08-2025,46550.6,44134.06,BrandSafway,Michael Chang,FALSE
CB_MO_2027,Coast BaseLoad,PRJ-CB-2504,T-24: Walkdown Isolations,Safety & Compliance,LOTO,Completed,T-24,01-08-2025,26-08-2025,59886.78,66137.98,Mistras Group,Michael Chang,FALSE
CB_MO_2027,Coast BaseLoad,PRJ-CB-2505,T-24: Environmental Permit Review,Project Management,Regulatory,Completed,T-24,01-08-2025,26-08-2025,61338.05,57632.34,BrandSafway,Michael Chang,FALSE
CB_MO_2027,Coast BaseLoad,PRJ-CB-2506,T-24: Scope Freeze Meeting,Project Management,Supply Chain,Completed,T-24,01-08-2025,26-08-2025,48686.77,48414.3,United Rentals,Michael Chang,FALSE
CB_MO_2027,Coast BaseLoad,PRJ-CB-2507,T-24: Confined Space Drills,Safety & Compliance,EHS,Completed,T-24,01-08-2025,26-08-2025,55828.52,58165.34,GE Vernova,Michael Chang,FALSE
CB_MO_2027,Coast BaseLoad,PRJ-CB-2508,T-24: Budget Approval,Project Management,Financial & Controls,Completed,T-24,01-08-2025,26-08-2025,65682.37,64435.19,EthosEnergy,Michael Chang,FALSE
CB_MO_2027,Coast BaseLoad,PRJ-CB-2509,T-24: Walkdown Isolations,Safety & Compliance,LOTO,Completed,T-24,01-08-2025,26-08-2025,63989.33,73371.93,Siemens Energy,Michael Chang,FALSE
CB_MO_2027,Coast BaseLoad,PRJ-CB-2510,T-24: Verify Zero Energy,Safety & Compliance,LOTO,Completed,T-24,01-08-2025,26-08-2025,56673,58639.4,United Rentals,Michael Chang,FALSE
CB_MO_2027,Coast BaseLoad,PRJ-CB-2511,Manage PO: HGP Hardware,Project Management,Supply Chain,In Progress,T-18,07-02-2026,04-03-2026,15000,1311.97,OEM / Supply Chain,Michael Chang,FALSE
CB_MO_2027,Coast BaseLoad,PRJ-CB-2512,Manage PO: Combustion Parts,Project Management,Supply Chain,In Progress,T-18,07-02-2026,04-03-2026,15000,1161.64,OEM / Supply Chain,Michael Chang,FALSE
CB_MO_2027,Coast BaseLoad,PRJ-CB-2513,Manage PO: ST Valve Parts,Project Management,Supply Chain,In Progress,T-18,07-02-2026,04-03-2026,15000,1230.33,OEM / Supply Chain,Michael Chang,FALSE
CB_MO_2027,Coast BaseLoad,PRJ-CB-2514,Manage PO: LSB Consumables,Project Management,Supply Chain,In Progress,T-18,07-02-2026,04-03-2026,15000,1173.09,OEM / Supply Chain,Michael Chang,FALSE
CB_MO_2027,Coast BaseLoad,PRJ-CB-2515,Manage PO: Catalyst Replacement,Project Management,Supply Chain,In Progress,T-18,07-02-2026,04-03-2026,15000,1278.69,OEM / Supply Chain,Michael Chang,FALSE
CB_MO_2027,Coast BaseLoad,PRJ-CB-2516,Material: Tube Panel Sections,HRSG,Pressure Parts,In Progress,T-18,07-02-2026,04-03-2026,1830000,160529.02,OEM / Supply Chain,Michael Chang,FALSE
CB_MO_2027,Coast BaseLoad,PRJ-CB-2517,Manage PO: Generator Kits,Project Management,Supply Chain,In Progress,T-18,07-02-2026,04-03-2026,15000,1199.2,OEM / Supply Chain,Michael Chang,FALSE
CB_MO_2027,Coast BaseLoad,PRJ-CB-2518,T-18: Invoice Reconciliation,Project Management,Financial & Controls,In Progress,T-18,07-02-2026,04-03-2026,68387.23,5509.29,BrandSafway,Michael Chang,TRUE
CB_MO_2027,Coast BaseLoad,PRJ-CB-2519,T-18: Invoice Reconciliation,Project Management,Financial & Controls,In Progress,T-18,07-02-2026,04-03-2026,85912.38,7294.18,Siemens Energy,Michael Chang,TRUE
CB_MO_2027,Coast BaseLoad,PRJ-CB-2520,T-18: Walkdown Isolations,Safety & Compliance,LOTO,In Progress,T-18,07-02-2026,04-03-2026,95329.5,7866.76,GE Vernova,Michael Chang,TRUE
CB_MO_2027,Coast BaseLoad,PRJ-CB-2521,T-18: Verify Zero Energy,Safety & Compliance,LOTO,In Progress,T-18,07-02-2026,04-03-2026,68070.95,5823.63,EthosEnergy,Michael Chang,TRUE
CB_MO_2027,Coast BaseLoad,PRJ-CB-2522,T-18: Contractor Orientation,Project Management,Supply Chain,In Progress,T-18,07-02-2026,04-03-2026,70862.66,5420.57,GE Vernova,Michael Chang,TRUE
CB_MO_2027,Coast BaseLoad,PRJ-CB-2523,T-18: RFP General Contractor,Project Management,Supply Chain,In Progress,T-18,07-02-2026,04-03-2026,69385.21,5774.24,GE Vernova,Michael Chang,TRUE
CB_MO_2027,Coast BaseLoad,PRJ-CB-2524,T-18: Develop Cost Estimate,Project Management,Financial & Controls,In Progress,T-18,07-02-2026,04-03-2026,65322.16,5629.91,United Rentals,Michael Chang,TRUE
CB_MO_2027,Coast BaseLoad,PRJ-CB-2525,T-18: Confined Space Drills,Safety & Compliance,EHS,In Progress,T-18,07-02-2026,04-03-2026,90134.02,7691.91,EthosEnergy,Michael Chang,TRUE
CB_MO_2027,Coast BaseLoad,PRJ-CB-2526,T-18: Verify Zero Energy,Safety & Compliance,LOTO,In Progress,T-18,07-02-2026,04-03-2026,82189.81,6604.5,EthosEnergy,Michael Chang,TRUE
CB_MO_2027,Coast BaseLoad,PRJ-CB-2527,T-18: Budget Approval,Project Management,Financial & Controls,In Progress,T-18,07-02-2026,04-03-2026,91380.22,7891.69,BrandSafway,Michael Chang,TRUE
CB_MO_2027,Coast BaseLoad,PRJ-CB-2528,T-18: Chemical Safety Review,Safety & Compliance,EHS,In Progress,T-18,07-02-2026,04-03-2026,76809.49,5930.57,Siemens Energy,Michael Chang,TRUE
CB_MO_2027,Coast BaseLoad,PRJ-CB-2529,T-18: Environmental Permit Review,Project Management,Regulatory,In Progress,T-18,07-02-2026,04-03-2026,66203.7,5678.43,BrandSafway,Michael Chang,TRUE
CB_MO_2027,Coast BaseLoad,PRJ-CB-2530,T-18: HazWaste Permit,Project Management,Regulatory,In Progress,T-18,07-02-2026,04-03-2026,94719.66,7945.67,BrandSafway,Michael Chang,TRUE
CB_MO_2027,Coast BaseLoad,PRJ-CB-2531,T-18: Air Monitoring Setup,Safety & Compliance,EHS,In Progress,T-18,07-02-2026,04-03-2026,86461.38,6833.57,GE Vernova,Michael Chang,TRUE
CB_MO_2027,Coast BaseLoad,PRJ-CB-2532,Material: Stage 1 Buckets & Nozzles,Gas Turbine,Hot Gas Path,Planned,T-12,01-08-2026,26-08-2026,4880000,0,OEM / Supply Chain,Michael Chang,FALSE
CB_MO_2027,Coast BaseLoad,PRJ-CB-2533,Material: Main Steam Valve Kit,Steam Turbine,HP/IP Section,Planned,T-12,01-08-2026,26-08-2026,1830000,0,OEM / Supply Chain,Michael Chang,FALSE
CB_MO_2027,Coast BaseLoad,PRJ-CB-2534,Material: CO/SCR Catalyst Blocks,HRSG,Gas Path,Planned,T-12,01-08-2026,26-08-2026,4880000,0,OEM / Supply Chain,Michael Chang,FALSE
CB_MO_2027,Coast BaseLoad,PRJ-CB-2535,T-12: Walkdown Isolations,Safety & Compliance,LOTO,Planned,T-12,01-08-2026,26-08-2026,85331.49,0,Mistras Group,Michael Chang,FALSE
CB_MO_2027,Coast BaseLoad,PRJ-CB-2536,T-12: Chemical Safety Review,Safety & Compliance,EHS,Planned,T-12,01-08-2026,26-08-2026,80263.74,0,Local Union 55,Michael Chang,FALSE
CB_MO_2027,Coast BaseLoad,PRJ-CB-2537,T-12: HazWaste Permit,Project Management,Regulatory,Planned,T-12,01-08-2026,26-08-2026,98814.44,0,Siemens Energy,Michael Chang,FALSE
CB_MO_2027,Coast BaseLoad,PRJ-CB-2538,T-12: Mobilization,Project Management,Supply Chain,Planned,T-12,01-08-2026,26-08-2026,88272.73,0,Local Union 55,Michael Chang,FALSE
CB_MO_2027,Coast BaseLoad,PRJ-CB-2539,T-12: Walkdown Isolations,Safety & Compliance,LOTO,Planned,T-12,01-08-2026,26-08-2026,98411.8,0,BrandSafway,Michael Chang,FALSE
CB_MO_2027,Coast BaseLoad,PRJ-CB-2540,T-12: Confined Space Drills,Safety & Compliance,EHS,Planned,T-12,01-08-2026,26-08-2026,102851.38,0,EthosEnergy,Michael Chang,FALSE
CB_MO_2027,Coast BaseLoad,PRJ-CB-2541,T-12: Master LOTO List,Safety & Compliance,LOTO,Planned,T-12,01-08-2026,26-08-2026,104868.59,0,Local Union 55,Michael Chang,FALSE
CB_MO_2027,Coast BaseLoad,PRJ-CB-2542,T-12: HazWaste Permit,Project Management,Regulatory,Planned,T-12,01-08-2026,26-08-2026,111223.9,0,EthosEnergy,Michael Chang,FALSE
CB_MO_2027,Coast BaseLoad,PRJ-CB-2543,T-12: Scope Freeze Meeting,Project Management,Supply Chain,Planned,T-12,01-08-2026,26-08-2026,85376.3,0,Mistras Group,Michael Chang,FALSE
CB_MO_2027,Coast BaseLoad,PRJ-CB-2544,T-12: Environmental Permit Review,Project Management,Regulatory,Planned,T-12,01-08-2026,26-08-2026,77300.01,0,GE Vernova,Michael Chang,FALSE
CB_MO_2027,Coast BaseLoad,PRJ-CB-2545,T-12: Contractor Orientation,Project Management,Supply Chain,Planned,T-12,01-08-2026,26-08-2026,85615.55,0,BrandSafway,Michael Chang,FALSE
CB_MO_2027,Coast BaseLoad,PRJ-CB-2546,T-12: Scope Freeze Meeting,Project Management,Supply Chain,Planned,T-12,01-08-2026,26-08-2026,75682.64,0,BrandSafway,Michael Chang,FALSE
CB_MO_2027,Coast BaseLoad,PRJ-CB-2547,T-12: Environmental Permit Review,Project Management,Regulatory,Planned,T-12,01-08-2026,26-08-2026,75923.45,0,Mistras Group,Michael Chang,FALSE
CB_MO_2027,Coast BaseLoad,PRJ-CB-2548,T-12: Develop Cost Estimate,Project Management,Financial & Controls,Planned,T-12,01-08-2026,26-08-2026,104867.99,0,BrandSafway,Michael Chang,FALSE
CB_MO_2027,Coast BaseLoad,PRJ-CB-2549,T-12: Air Monitoring Setup,Safety & Compliance,EHS,Planned,T-12,01-08-2026,26-08-2026,85221.97,0,BrandSafway,Michael Chang,FALSE
CB_MO_2027,Coast BaseLoad,PRJ-CB-2550,T-12: Print Tags,Safety & Compliance,LOTO,Planned,T-12,01-08-2026,26-08-2026,92155.92,0,Mistras Group,Michael Chang,FALSE
CB_MO_2027,Coast BaseLoad,PRJ-CB-2551,T-12: Grid Outage Bid,Project Management,Regulatory,Planned,T-12,01-08-2026,26-08-2026,80798.15,0,Siemens Energy,Michael Chang,FALSE
CB_MO_2027,Coast BaseLoad,PRJ-CB-2552,T-12: Budget Approval,Project Management,Financial & Controls,Planned,T-12,01-08-2026,26-08-2026,93834.65,0,Local Union 55,Michael Chang,FALSE
CB_MO_2027,Coast BaseLoad,PRJ-CB-2553,T-12: Environmental Permit Review,Project Management,Regulatory,Planned,T-12,01-08-2026,26-08-2026,80083.65,0,United Rentals,Michael Chang,FALSE
CB_MO_2027,Coast BaseLoad,PRJ-CB-2554,T-12: Develop Cost Estimate,Project Management,Financial & Controls,Planned,T-12,01-08-2026,26-08-2026,78347.44,0,EthosEnergy,Michael Chang,FALSE
CB_MO_2027,Coast BaseLoad,PRJ-CB-2555,T-12: Air Monitoring Setup,Safety & Compliance,EHS,Planned,T-12,01-08-2026,26-08-2026,104487.58,0,Siemens Energy,Michael Chang,FALSE
CB_MO_2027,Coast BaseLoad,PRJ-CB-2556,T-12: Chemical Safety Review,Safety & Compliance,EHS,Planned,T-12,01-08-2026,26-08-2026,77141.3,0,GE Vernova,Michael Chang,FALSE
CB_MO_2027,Coast BaseLoad,PRJ-CB-2557,T-12: Confined Space Drills,Safety & Compliance,EHS,Planned,T-12,01-08-2026,26-08-2026,98148.93,0,BrandSafway,Michael Chang,FALSE
CB_MO_2027,Coast BaseLoad,PRJ-CB-2558,T-12: Confined Space Drills,Safety & Compliance,EHS,Planned,T-12,01-08-2026,26-08-2026,84921.48,0,United Rentals,Michael Chang,FALSE
CB_MO_2027,Coast BaseLoad,PRJ-CB-2559,T-12: Daily Safety Audit,Safety & Compliance,EHS,Planned,T-12,01-08-2026,26-08-2026,93155.23,0,GE Vernova,Michael Chang,FALSE
CB_MO_2027,Coast BaseLoad,PRJ-CB-2560,T-12: Budget Approval,Project Management,Financial & Controls,Planned,T-12,01-08-2026,26-08-2026,77476.29,0,GE Vernova,Michael Chang,FALSE
CB_MO_2027,Coast BaseLoad,PRJ-CB-2561,T-12: Mobilization,Project Management,Supply Chain,Planned,T-12,01-08-2026,26-08-2026,79991.77,0,United Rentals,Michael Chang,FALSE
CB_MO_2027,Coast BaseLoad,PRJ-CB-2562,T-12: Develop Cost Estimate,Project Management,Financial & Controls,Planned,T-12,01-08-2026,26-08-2026,79178.05,0,BrandSafway,Michael Chang,FALSE
CB_MO_2027,Coast BaseLoad,PRJ-CB-2563,T-12: Master LOTO List,Safety & Compliance,LOTO,Planned,T-12,01-08-2026,26-08-2026,103055.15,0,EthosEnergy,Michael Chang,FALSE
CB_MO_2027,Coast BaseLoad,PRJ-CB-2564,T-12: Scope Freeze Meeting,Project Management,Supply Chain,Planned,T-12,01-08-2026,26-08-2026,88963.76,0,Local Union 55,Michael Chang,FALSE
CB_MO_2027,Coast BaseLoad,PRJ-CB-2565,T-12: Verify Zero Energy,Safety & Compliance,LOTO,Planned,T-12,01-08-2026,26-08-2026,76716.66,0,GE Vernova,Michael Chang,FALSE
CB_MO_2027,Coast BaseLoad,PRJ-CB-2566,T-12: Chemical Safety Review,Safety & Compliance,EHS,Planned,T-12,01-08-2026,26-08-2026,81842.18,0,Siemens Energy,Michael Chang,FALSE
CB_MO_2027,Coast BaseLoad,PRJ-CB-2567,T-12: Scope Freeze Meeting,Project Management,Supply Chain,Planned,T-12,01-08-2026,26-08-2026,84813,0,Local Union 55,Michael Chang,FALSE
CB_MO_2027,Coast BaseLoad,PRJ-CB-2568,T-12: Submit CapEx Request,Project Management,Financial & Controls,Planned,T-12,01-08-2026,26-08-2026,109030.49,0,GE Vernova,Michael Chang,FALSE
CB_MO_2027,Coast BaseLoad,PRJ-CB-2569,T-12: Mobilization,Project Management,Supply Chain,Planned,T-12,01-08-2026,26-08-2026,111469.3,0,Mistras Group,Michael Chang,FALSE
CB_MO_2027,Coast BaseLoad,PRJ-CB-2570,T-12: HazWaste Permit,Project Management,Regulatory,Planned,T-12,01-08-2026,26-08-2026,104185.08,0,GE Vernova,Michael Chang,FALSE
CB_MO_2027,Coast BaseLoad,PRJ-CB-2571,T-12: Scope Freeze Meeting,Project Management,Supply Chain,Planned,T-12,01-08-2026,26-08-2026,94324.74,0,GE Vernova,Michael Chang,FALSE
CB_MO_2027,Coast BaseLoad,PRJ-CB-2572,T-12: Submit CapEx Request,Project Management,Financial & Controls,Planned,T-12,01-08-2026,26-08-2026,90220.4,0,United Rentals,Michael Chang,FALSE
CB_MO_2027,Coast BaseLoad,PRJ-CB-2573,T-12: Walkdown Isolations,Safety & Compliance,LOTO,Planned,T-12,01-08-2026,26-08-2026,108639.56,0,BrandSafway,Michael Chang,FALSE
CB_MO_2027,Coast BaseLoad,PRJ-CB-2574,Material: Fuel Nozzle Set (Refurbished),Gas Turbine,Combustion,Planned,T-6,02-02-2027,27-02-2027,1830000,0,OEM / Supply Chain,Michael Chang,FALSE
CB_MO_2027,Coast BaseLoad,PRJ-CB-2575,Manage PO: Filter Media,Project Management,Supply Chain,Planned,T-6,02-02-2027,27-02-2027,15000,0,OEM / Supply Chain,Michael Chang,FALSE
CB_MO_2027,Coast BaseLoad,PRJ-CB-2576,Material: LSB Erosion Shields,Steam Turbine,LP Section,Planned,T-6,02-02-2027,27-02-2027,305000,0,OEM / Supply Chain,Michael Chang,FALSE
CB_MO_2027,Coast BaseLoad,PRJ-CB-2577,Manage PO: Pressure Parts,Project Management,Supply Chain,Planned,T-6,02-02-2027,27-02-2027,15000,0,OEM / Supply Chain,Michael Chang,FALSE
CB_MO_2027,Coast BaseLoad,PRJ-CB-2578,Material: Stator Wedge Kit,Generator,Stator,Planned,T-6,02-02-2027,27-02-2027,305000,0,OEM / Supply Chain,Michael Chang,FALSE
CB_MO_2027,Coast BaseLoad,PRJ-CB-2579,Manage PO: Exciter Parts,Project Management,Supply Chain,Planned,T-6,02-02-2027,27-02-2027,15000,0,OEM / Supply Chain,Michael Chang,FALSE
CB_MO_2027,Coast BaseLoad,PRJ-CB-2580,T-6: Fuel Nozzle Swap,Gas Turbine,Combustion,Planned,T-6,02-02-2027,27-02-2027,160358.24,0,Mistras Group,Michael Chang,FALSE
CB_MO_2027,Coast BaseLoad,PRJ-CB-2581,T-6: Grid Outage Bid,Project Management,Regulatory,Planned,T-6,02-02-2027,27-02-2027,158755.74,0,GE Vernova,Michael Chang,FALSE
CB_MO_2027,Coast BaseLoad,PRJ-CB-2582,T-6: Scope Freeze Meeting,Project Management,Supply Chain,Planned,T-6,02-02-2027,27-02-2027,172205.98,0,Siemens Energy,Michael Chang,FALSE
CB_MO_2027,Coast BaseLoad,PRJ-CB-2583,T-6: Condenser Cleaning,Balance of Plant,Cooling Water,Planned,T-6,02-02-2027,27-02-2027,156450.15,0,GE Vernova,Michael Chang,FALSE
CB_MO_2027,Coast BaseLoad,PRJ-CB-2584,T-6: Condenser Cleaning,Balance of Plant,Cooling Water,Planned,T-6,02-02-2027,27-02-2027,165303.72,0,EthosEnergy,Michael Chang,FALSE
CB_MO_2027,Coast BaseLoad,PRJ-CB-2585,T-6: Battery Bank Test,Balance of Plant,Electrical,Planned,T-6,02-02-2027,27-02-2027,160027.99,0,GE Vernova,Michael Chang,FALSE
CB_MO_2027,Coast BaseLoad,PRJ-CB-2586,T-6: Contractor Orientation,Project Management,Supply Chain,Planned,T-6,02-02-2027,27-02-2027,180799.66,0,BrandSafway,Michael Chang,FALSE
CB_MO_2027,Coast BaseLoad,PRJ-CB-2587,T-6: Superheater Oxide Check,HRSG,Pressure Parts,Planned,T-6,02-02-2027,27-02-2027,157395.22,0,Mistras Group,Michael Chang,FALSE
CB_MO_2027,Coast BaseLoad,PRJ-CB-2588,T-6: Stop Valve Inspection,Steam Turbine,HP/IP,Planned,T-6,02-02-2027,27-02-2027,150964.15,0,Local Union 55,Michael Chang,FALSE
CB_MO_2027,Coast BaseLoad,PRJ-CB-2589,T-6: Turbine Shell Lift,Gas Turbine,Turbine Section,Planned,T-6,02-02-2027,27-02-2027,131192.33,0,Siemens Energy,Michael Chang,FALSE
CB_MO_2027,Coast BaseLoad,PRJ-CB-2590,T-6: Catalyst Loading,HRSG,Gas Path,Planned,T-6,02-02-2027,27-02-2027,177936.62,0,BrandSafway,Michael Chang,FALSE
CB_MO_2027,Coast BaseLoad,PRJ-CB-2591,T-6: Scope Freeze Meeting,Project Management,Supply Chain,Planned,T-6,02-02-2027,27-02-2027,187413.09,0,BrandSafway,Michael Chang,FALSE
CB_MO_2027,Coast BaseLoad,PRJ-CB-2592,T-6: Confined Space Drills,Safety & Compliance,EHS,Planned,T-6,02-02-2027,27-02-2027,156325.23,0,GE Vernova,Michael Chang,FALSE
CB_MO_2027,Coast BaseLoad,PRJ-CB-2593,T-6: Inlet Filter Inspection,Gas Turbine,Inlet & Compressor,Planned,T-6,02-02-2027,27-02-2027,149340.51,0,Siemens Energy,Michael Chang,FALSE
CB_MO_2027,Coast BaseLoad,PRJ-CB-2594,T-6: Circ Water Pump Rebuild,Balance of Plant,Cooling Water,Planned,T-6,02-02-2027,27-02-2027,188960.81,0,United Rentals,Michael Chang,FALSE
CB_MO_2027,Coast BaseLoad,PRJ-CB-2595,Material: Inlet Filter Elements,Gas Turbine,Inlet & Compressor,Planned,T-3,03-05-2027,28-05-2027,305000,0,OEM / Supply Chain,Michael Chang,FALSE
CB_MO_2027,Coast BaseLoad,PRJ-CB-2596,T-3: Scope Freeze Meeting,Project Management,Supply Chain,Planned,T-3,03-05-2027,28-05-2027,46178.64,0,BrandSafway,Michael Chang,FALSE
CB_MO_2027,Coast BaseLoad,PRJ-CB-2597,T-3: Switchgear Testing,Balance of Plant,Electrical,Planned,T-3,03-05-2027,28-05-2027,52238.55,0,GE Vernova,Michael Chang,FALSE
CB_MO_2027,Coast BaseLoad,PRJ-CB-2598,T-3: Inlet Filter Inspection,Gas Turbine,Inlet & Compressor,Planned,T-3,03-05-2027,28-05-2027,41622.86,0,Siemens Energy,Michael Chang,FALSE
CB_MO_2027,Coast BaseLoad,PRJ-CB-2599,T-3: Air Monitoring Setup,Safety & Compliance,EHS,Planned,T-3,03-05-2027,28-05-2027,41863.42,0,Mistras Group,Michael Chang,FALSE
CB_MO_2027,Coast BaseLoad,PRJ-CB-2600,T-3: Demin Plant Service,Balance of Plant,Auxiliary,Planned,T-3,03-05-2027,28-05-2027,42826.65,0,Siemens Energy,Michael Chang,FALSE
CB_MO_2027,Coast BaseLoad,PRJ-CB-2601,T-3: Air Monitoring Setup,Safety & Compliance,EHS,Planned,T-3,03-05-2027,28-05-2027,42658.16,0,EthosEnergy,Michael Chang,FALSE
CB_MO_2027,Coast BaseLoad,PRJ-CB-2602,T-3: Compressor Wash,Gas Turbine,Inlet & Compressor,Planned,T-3,03-05-2027,28-05-2027,51077.56,0,EthosEnergy,Michael Chang,FALSE
CB_MO_2027,Coast BaseLoad,PRJ-CB-2603,T-3: Circ Water Pump Rebuild,Balance of Plant,Cooling Water,Planned,T-3,03-05-2027,28-05-2027,43268.36,0,GE Vernova,Michael Chang,FALSE
CB_MO_2027,Coast BaseLoad,PRJ-CB-2604,T-3: Compressor Wash,Gas Turbine,Inlet & Compressor,Planned,T-3,03-05-2027,28-05-2027,40530.99,0,EthosEnergy,Michael Chang,FALSE
CB_MO_2027,Coast BaseLoad,PRJ-CB-2605,T-3: Ammonia Grid Tuning,HRSG,Gas Path,Planned,T-3,03-05-2027,28-05-2027,51714.74,0,BrandSafway,Michael Chang,FALSE
CB_MO_2027,Coast BaseLoad,PRJ-CB-2606,T-3: RFP General Contractor,Project Management,Supply Chain,Planned,T-3,03-05-2027,28-05-2027,51440.64,0,Siemens Energy,Michael Chang,FALSE
CB_MO_2027,Coast BaseLoad,PRJ-CB-2607,T-3: Combustion Chamber Open,Gas Turbine,Combustion,Planned,T-3,03-05-2027,28-05-2027,46065.36,0,GE Vernova,Michael Chang,FALSE
CB_MO_2027,Coast BaseLoad,PRJ-CB-2608,T-3: Catalyst Loading,HRSG,Gas Path,Planned,T-3,03-05-2027,28-05-2027,37387.88,0,GE Vernova,Michael Chang,FALSE
CB_MO_2027,Coast BaseLoad,PRJ-CB-2609,T-3: Battery Bank Test,Balance of Plant,Electrical,Planned,T-3,03-05-2027,28-05-2027,38419.34,0,Mistras Group,Michael Chang,FALSE
CB_MO_2027,Coast BaseLoad,PRJ-CB-2610,T-3: Inlet Filter Inspection,Gas Turbine,Inlet & Compressor,Planned,T-3,03-05-2027,28-05-2027,49777.32,0,GE Vernova,Michael Chang,FALSE
CB_MO_2027,Coast BaseLoad,PRJ-CB-2611,T-3: Exciter Air Cooler Clean,Generator,Exciter,Planned,T-3,03-05-2027,28-05-2027,51008.4,0,Mistras Group,Michael Chang,FALSE
CB_MO_2027,Coast BaseLoad,PRJ-CB-2612,T-3: Inlet Filter Inspection,Gas Turbine,Inlet & Compressor,Planned,T-3,03-05-2027,28-05-2027,41486.36,0,EthosEnergy,Michael Chang,FALSE
CB_MO_2027,Coast BaseLoad,PRJ-CB-2613,T-3: Environmental Permit Review,Project Management,Regulatory,Planned,T-3,03-05-2027,28-05-2027,48583.61,0,Local Union 55,Michael Chang,FALSE
CB_MO_2027,Coast BaseLoad,PRJ-CB-2614,T-3: Superheater Oxide Check,HRSG,Pressure Parts,Planned,T-3,03-05-2027,28-05-2027,52307.41,0,Siemens Energy,Michael Chang,FALSE
CB_MO_2027,Coast BaseLoad,PRJ-CB-2615,T-3: Inlet Filter Inspection,Gas Turbine,Inlet & Compressor,Planned,T-3,03-05-2027,28-05-2027,50175.07,0,United Rentals,Michael Chang,FALSE
CB_MO_2027,Coast BaseLoad,PRJ-CB-2616,T-1: Stop Valve Inspection,Steam Turbine,HP/IP,Planned,T-1,02-07-2027,27-07-2027,90416.24,0,EthosEnergy,Michael Chang,FALSE
CB_MO_2027,Coast BaseLoad,PRJ-CB-2617,T-1: Invoice Reconciliation,Project Management,Financial & Controls,Planned,T-1,02-07-2027,27-07-2027,91671.23,0,Mistras Group,Michael Chang,FALSE
CB_MO_2027,Coast BaseLoad,PRJ-CB-2618,T-1: Grid Outage Bid,Project Management,Regulatory,Planned,T-1,02-07-2027,27-07-2027,92635.57,0,Mistras Group,Michael Chang,FALSE
CB_MO_2027,Coast BaseLoad,PRJ-CB-2619,T-1: IGV Bushing Replace,Gas Turbine,Inlet & Compressor,Planned,T-1,02-07-2027,27-07-2027,87176.39,0,BrandSafway,Michael Chang,FALSE
CB_MO_2027,Coast BaseLoad,PRJ-CB-2620,T-1: Shroud Block Replace,Gas Turbine,Turbine Section,Planned,T-1,02-07-2027,27-07-2027,97110.71,0,GE Vernova,Michael Chang,FALSE
CB_MO_2027,Coast BaseLoad,PRJ-CB-2621,T-1: Chemical Safety Review,Safety & Compliance,EHS,Planned,T-1,02-07-2027,27-07-2027,84605.64,0,Mistras Group,Michael Chang,FALSE
CB_MO_2027,Coast BaseLoad,PRJ-CB-2622,T-1: Diaphragm Cleaning,Steam Turbine,HP/IP,Planned,T-1,02-07-2027,27-07-2027,80331.11,0,GE Vernova,Michael Chang,FALSE
CB_MO_2027,Coast BaseLoad,PRJ-CB-2623,T-1: Superheater Oxide Check,HRSG,Pressure Parts,Planned,T-1,02-07-2027,27-07-2027,99981.24,0,BrandSafway,Michael Chang,FALSE
CB_MO_2027,Coast BaseLoad,PRJ-CB-2624,T-1: Contractor Orientation,Project Management,Supply Chain,Planned,T-1,02-07-2027,27-07-2027,77807.93,0,BrandSafway,Michael Chang,FALSE
CB_MO_2027,Coast BaseLoad,PRJ-CB-2625,T-1: HP Shell Removal,Steam Turbine,HP/IP,Planned,T-1,02-07-2027,27-07-2027,103401.16,0,BrandSafway,Michael Chang,FALSE
CB_MO_2027,Coast BaseLoad,PRJ-CB-2626,T-1: GSU Oil Analysis,Balance of Plant,Electrical,Planned,T-1,02-07-2027,27-07-2027,72172.72,0,EthosEnergy,Michael Chang,FALSE
CB_MO_2027,Coast BaseLoad,PRJ-CB-2627,T-1: Stack Damper Calibration,HRSG,Gas Path,Planned,T-1,02-07-2027,27-07-2027,71555.95,0,BrandSafway,Michael Chang,FALSE
CB_MO_2027,Coast BaseLoad,PRJ-CB-2628,T-1: Inst Air Comp Service,Balance of Plant,Auxiliary,Planned,T-1,02-07-2027,27-07-2027,86458.17,0,Siemens Energy,Michael Chang,FALSE
CB_MO_2027,Coast BaseLoad,PRJ-CB-2629,T-1: Inlet Filter Inspection,Gas Turbine,Inlet & Compressor,Planned,T-1,02-07-2027,27-07-2027,85052.92,0,EthosEnergy,Michael Chang,FALSE
CB_MO_2027,Coast BaseLoad,PRJ-CB-2630,T-1: Stack Damper Calibration,HRSG,Gas Path,Planned,T-1,02-07-2027,27-07-2027,85481.47,0,GE Vernova,Michael Chang,FALSE
CB_MO_2027,Coast BaseLoad,PRJ-CB-2631,T-1: RFP General Contractor,Project Management,Supply Chain,Planned,T-1,02-07-2027,27-07-2027,102476.13,0,GE Vernova,Michael Chang,FALSE
CB_MO_2027,Coast BaseLoad,PRJ-CB-2632,T-1: LSB Erosion Check,Steam Turbine,LP,Planned,T-1,02-07-2027,27-07-2027,92868.26,0,Siemens Energy,Michael Chang,FALSE
CB_MO_2027,Coast BaseLoad,PRJ-CB-2633,T-1: GSU Oil Analysis,Balance of Plant,Electrical,Planned,T-1,02-07-2027,27-07-2027,85339.01,0,Siemens Energy,Michael Chang,FALSE
CB_MO_2027,Coast BaseLoad,PRJ-CB-2634,T-1: LSB Erosion Check,Steam Turbine,LP,Planned,T-1,02-07-2027,27-07-2027,86190.5,0,Local Union 55,Michael Chang,FALSE
CB_MO_2027,Coast BaseLoad,PRJ-CB-2635,T-1: Journal Bearing Inspect,Steam Turbine,LP,Planned,T-1,02-07-2027,27-07-2027,77367.39,0,Siemens Energy,Michael Chang,FALSE
CB_MO_2027,Coast BaseLoad,PRJ-CB-2636,T-1: Aux Boiler Inspection,Balance of Plant,Auxiliary,Planned,T-1,02-07-2027,27-07-2027,95694.54,0,Siemens Energy,Michael Chang,FALSE
CB_MO_2027,Coast BaseLoad,PRJ-CB-2637,Material: Diode Wheel Components,Generator,Exciter,Planned,Execution,01-08-2027,01-11-2027,305000,0,OEM / Supply Chain,Michael Chang,FALSE
CB_MO_2027,Coast BaseLoad,PRJ-CB-2638,Execution: Submit CapEx Request,Project Management,Financial & Controls,Planned,Execution,01-08-2027,01-11-2027,115710.89,0,Local Union 55,Michael Chang,FALSE
CB_MO_2027,Coast BaseLoad,PRJ-CB-2639,Execution: Drum Internal Inspect,HRSG,Pressure Parts,Planned,Execution,01-08-2027,01-11-2027,134477.77,0,GE Vernova,Michael Chang,FALSE
CB_MO_2027,Coast BaseLoad,PRJ-CB-2640,Execution: GSU Oil Analysis,Balance of Plant,Electrical,Planned,Execution,01-08-2027,01-11-2027,127735.48,0,Local Union 55,Michael Chang,FALSE
CB_MO_2027,Coast BaseLoad,PRJ-CB-2641,Execution: Develop Cost Estimate,Project Management,Financial & Controls,Planned,Execution,01-08-2027,01-11-2027,118462.46,0,GE Vernova,Michael Chang,FALSE
CB_MO_2027,Coast BaseLoad,PRJ-CB-2642,Execution: Journal Bearing Inspect,Steam Turbine,LP,Planned,Execution,01-08-2027,01-11-2027,112043.02,0,United Rentals,Michael Chang,FALSE
CB_MO_2027,Coast BaseLoad,PRJ-CB-2643,Execution: RFP General Contractor,Project Management,Supply Chain,Planned,Execution,01-08-2027,01-11-2027,110037.84,0,GE Vernova,Michael Chang,FALSE
CB_MO_2027,Coast BaseLoad,PRJ-CB-2644,EMERGENT: Chemical Safety Review - Repair,Safety & Compliance,EHS,Planned,Execution,01-08-2027,01-11-2027,106538.29,0,Mistras Group,Michael Chang,FALSE
CB_MO_2027,Coast BaseLoad,PRJ-CB-2645,EMERGENT: Circ Water Pump Rebuild - Repair,Balance of Plant,Cooling Water,Planned,Execution,01-08-2027,01-11-2027,142233.63,0,Siemens Energy,Michael Chang,FALSE
CB_MO_2027,Coast BaseLoad,PRJ-CB-2646,Execution: Confined Space Drills,Safety & Compliance,EHS,Planned,Execution,01-08-2027,01-11-2027,126363.86,0,EthosEnergy,Michael Chang,FALSE
CB_MO_2027,Coast BaseLoad,PRJ-CB-2647,EMERGENT: Diaphragm Cleaning - Repair,Steam Turbine,HP/IP,Planned,Execution,01-08-2027,01-11-2027,100330.08,0,Local Union 55,Michael Chang,FALSE
CB_MO_2027,Coast BaseLoad,PRJ-CB-2648,Execution: Condenser Cleaning,Balance of Plant,Cooling Water,Planned,Execution,01-08-2027,01-11-2027,124867.72,0,GE Vernova,Michael Chang,FALSE
CB_MO_2027,Coast BaseLoad,PRJ-CB-2649,EMERGENT: Master LOTO List - Repair,Safety & Compliance,LOTO,Planned,Execution,01-08-2027,01-11-2027,139588.38,0,EthosEnergy,Michael Chang,FALSE
CB_MO_2027,Coast BaseLoad,PRJ-CB-2650,Execution: Transition Piece Inspect,Gas Turbine,Combustion,Planned,Execution,01-08-2027,01-11-2027,124902.88,0,Local Union 55,Michael Chang,FALSE
CB_MO_2027,Coast BaseLoad,PRJ-CB-2651,EMERGENT: LP Hood Spray Check - Repair,Steam Turbine,LP,Planned,Execution,01-08-2027,01-11-2027,136373.77,0,EthosEnergy,Michael Chang,FALSE
CB_MO_2027,Coast BaseLoad,PRJ-CB-2652,Execution: Verify Zero Energy,Safety & Compliance,LOTO,Planned,Execution,01-08-2027,01-11-2027,106628.8,0,Local Union 55,Michael Chang,FALSE
CB_MO_2027,Coast BaseLoad,PRJ-CB-2653,EMERGENT: Mobilization - Repair,Project Management,Supply Chain,Planned,Execution,01-08-2027,01-11-2027,140050.89,0,EthosEnergy,Michael Chang,FALSE
CB_MO_2027,Coast BaseLoad,PRJ-CB-2654,Execution: Turbine Shell Lift,Gas Turbine,Turbine Section,Planned,Execution,01-08-2027,01-11-2027,126070.01,0,United Rentals,Michael Chang,FALSE
CB_MO_2027,Coast BaseLoad,PRJ-CB-2655,Execution: Rotor Inspection,Gas Turbine,Turbine Section,Planned,Execution,01-08-2027,01-11-2027,133516.37,0,Local Union 55,Michael Chang,FALSE
CB_MO_2027,Coast BaseLoad,PRJ-CB-2656,Execution: Control Valve Lapping,Steam Turbine,HP/IP,Planned,Execution,01-08-2027,01-11-2027,114219.51,0,Siemens Energy,Michael Chang,FALSE
CB_MO_2027,Coast BaseLoad,PRJ-CB-2657,EMERGENT: EL CID Testing - Repair,Generator,Stator,Planned,Execution,01-08-2027,01-11-2027,116093.32,0,United Rentals,Michael Chang,FALSE
CB_MO_2027,Coast BaseLoad,PRJ-CB-2658,EMERGENT: LSB Erosion Check - Repair,Steam Turbine,LP,Planned,Execution,01-08-2027,01-11-2027,112129.7,0,Mistras Group,Michael Chang,FALSE
CB_MO_2027,Coast BaseLoad,PRJ-CB-2659,EMERGENT: Rotor Inspection - Repair,Gas Turbine,Turbine Section,Planned,Execution,01-08-2027,01-11-2027,103709.29,0,Local Union 55,Michael Chang,FALSE
CB_MO_2027,Coast BaseLoad,PRJ-CB-2660,Execution: Develop Cost Estimate,Project Management,Financial & Controls,Planned,Execution,01-08-2027,01-11-2027,111090.32,0,GE Vernova,Michael Chang,FALSE
CB_MO_2027,Coast BaseLoad,PRJ-CB-2661,Execution: Scope Freeze Meeting,Project Management,Supply Chain,Planned,Execution,01-08-2027,01-11-2027,135303.48,0,EthosEnergy,Michael Chang,FALSE
CB_MO_2027,Coast BaseLoad,PRJ-CB-2662,EMERGENT: Catalyst Loading - Repair,HRSG,Gas Path,Planned,Execution,01-08-2027,01-11-2027,133712.59,0,Mistras Group,Michael Chang,FALSE
CB_MO_2027,Coast BaseLoad,PRJ-CB-2663,Execution: Chemical Safety Review,Safety & Compliance,EHS,Planned,Execution,01-08-2027,01-11-2027,104754.37,0,Local Union 55,Michael Chang,FALSE
CB_MO_2027,Coast BaseLoad,PRJ-CB-2664,Execution: LSB Erosion Check,Steam Turbine,LP,Planned,Execution,01-08-2027,01-11-2027,128920.41,0,United Rentals,Michael Chang,FALSE
CB_MO_2027,Coast BaseLoad,PRJ-CB-2665,Execution: Diode Wheel Inspection,Generator,Exciter,Planned,Execution,01-08-2027,01-11-2027,125110.73,0,Siemens Energy,Michael Chang,FALSE
CB_MO_2027,Coast BaseLoad,PRJ-CB-2666,Execution: Catalyst Loading,HRSG,Gas Path,Planned,Execution,01-08-2027,01-11-2027,125348.3,0,GE Vernova,Michael Chang,FALSE
CB_MO_2027,Coast BaseLoad,PRJ-CB-2667,Execution: Daily Safety Audit,Safety & Compliance,EHS,Planned,Execution,01-08-2027,01-11-2027,129608.03,0,Local Union 55,Michael Chang,FALSE
CB_MO_2027,Coast BaseLoad,PRJ-CB-2668,Execution: Invoice Reconciliation,Project Management,Financial & Controls,Planned,Execution,01-08-2027,01-11-2027,122721.33,0,Local Union 55,Michael Chang,FALSE
CB_MO_2027,Coast BaseLoad,PRJ-CB-2669,Execution: Verify Zero Energy,Safety & Compliance,LOTO,Planned,Execution,01-08-2027,01-11-2027,116117.36,0,Mistras Group,Michael Chang,FALSE
CB_MO_2027,Coast BaseLoad,PRJ-CB-2670,Execution: Diaphragm Cleaning,Steam Turbine,HP/IP,Planned,Execution,01-08-2027,01-11-2027,123371.83,0,GE Vernova,Michael Chang,FALSE
CB_MO_2027,Coast BaseLoad,PRJ-CB-2671,EMERGENT: Control Valve Lapping - Repair,Steam Turbine,HP/IP,Planned,Execution,01-08-2027,01-11-2027,140524.66,0,Siemens Energy,Michael Chang,FALSE
CB_MO_2027,Coast BaseLoad,PRJ-CB-2672,Execution: Journal Bearing Inspect,Steam Turbine,LP,Planned,Execution,01-08-2027,01-11-2027,109826.69,0,EthosEnergy,Michael Chang,FALSE
CB_MO_2027,Coast BaseLoad,PRJ-CB-2673,Execution: Transition Piece Inspect,Gas Turbine,Combustion,Planned,Execution,01-08-2027,01-11-2027,136211.57,0,BrandSafway,Michael Chang,FALSE
CB_MO_2027,Coast BaseLoad,PRJ-CB-2674,Execution: Submit CapEx Request,Project Management,Financial & Controls,Planned,Execution,01-08-2027,01-11-2027,103985.83,0,Mistras Group,Michael Chang,FALSE
CB_MO_2027,Coast BaseLoad,PRJ-CB-2675,Execution: Grid Outage Bid,Project Management,Regulatory,Planned,Execution,01-08-2027,01-11-2027,106867.72,0,Local Union 55,Michael Chang,FALSE
CB_MO_2027,Coast BaseLoad,PRJ-CB-2676,Execution: Stack Damper Calibration,HRSG,Gas Path,Planned,Execution,01-08-2027,01-11-2027,98924.93,0,Mistras Group,Michael Chang,FALSE
CB_MO_2027,Coast BaseLoad,PRJ-CB-2677,Execution: IGV Bushing Replace,Gas Turbine,Inlet & Compressor,Planned,Execution,01-08-2027,01-11-2027,130107.14,0,Mistras Group,Michael Chang,FALSE
CB_MO_2027,Coast BaseLoad,PRJ-CB-2678,Execution: Bucket Exchange (S1-S3),Gas Turbine,Turbine Section,Planned,Execution,01-08-2027,01-11-2027,98390.11,0,EthosEnergy,Michael Chang,FALSE
CB_MO_2027,Coast BaseLoad,PRJ-CB-2679,Execution: Journal Bearing Inspect,Steam Turbine,LP,Planned,Execution,01-08-2027,01-11-2027,117470.44,0,Siemens Energy,Michael Chang,FALSE
CB_MO_2027,Coast BaseLoad,PRJ-CB-2680,Execution: Environmental Permit Review,Project Management,Regulatory,Planned,Execution,01-08-2027,01-11-2027,97305.06,0,Mistras Group,Michael Chang,FALSE
CB_MO_2027,Coast BaseLoad,PRJ-CB-2681,Execution: Circ Water Pump Rebuild,Balance of Plant,Cooling Water,Planned,Execution,01-08-2027,01-11-2027,119622.68,0,GE Vernova,Michael Chang,FALSE
CB_MO_2027,Coast BaseLoad,PRJ-CB-2682,EMERGENT: Demin Plant Service - Repair,Balance of Plant,Auxiliary,Planned,Execution,01-08-2027,01-11-2027,132294.94,0,Mistras Group,Michael Chang,FALSE
CB_MO_2027,Coast BaseLoad,PRJ-CB-2683,Execution: Aux Boiler Inspection,Balance of Plant,Auxiliary,Planned,Execution,01-08-2027,01-11-2027,126756.21,0,GE Vernova,Michael Chang,FALSE
CB_MO_2027,Coast BaseLoad,PRJ-CB-2684,Execution: Diaphragm Cleaning,Steam Turbine,HP/IP,Planned,Execution,01-08-2027,01-11-2027,138211.27,0,BrandSafway,Michael Chang,FALSE
CB_MO_2027,Coast BaseLoad,PRJ-CB-2685,EMERGENT: Mobilization - Repair,Project Management,Supply Chain,Planned,Execution,01-08-2027,01-11-2027,122054.88,0,Mistras Group,Michael Chang,FALSE
CB_MO_2027,Coast BaseLoad,PRJ-CB-2686,Execution: Confined Space Drills,Safety & Compliance,EHS,Planned,Execution,01-08-2027,01-11-2027,111693.27,0,Siemens Energy,Michael Chang,FALSE
CB_MO_2027,Coast BaseLoad,PRJ-CB-2687,Execution: Air Monitoring Setup,Safety & Compliance,EHS,Planned,Execution,01-08-2027,01-11-2027,123732.17,0,Mistras Group,Michael Chang,FALSE
CB_MO_2027,Coast BaseLoad,PRJ-CB-2688,EMERGENT: Cooling Tower Media Replace - Repair,Balance of Plant,Cooling Water,Planned,Execution,01-08-2027,01-11-2027,111616.95,0,GE Vernova,Michael Chang,FALSE
CB_MO_2027,Coast BaseLoad,PRJ-CB-2689,Execution: Fuel Nozzle Swap,Gas Turbine,Combustion,Planned,Execution,01-08-2027,01-11-2027,132702.11,0,Mistras Group,Michael Chang,FALSE
CB_MO_2027,Coast BaseLoad,PRJ-CB-2690,Execution: Fuel Nozzle Swap,Gas Turbine,Combustion,Planned,Execution,01-08-2027,01-11-2027,126566.38,0,Siemens Energy,Michael Chang,FALSE
CB_MO_2027,Coast BaseLoad,PRJ-CB-2691,Execution: Stop Valve Inspection,Steam Turbine,HP/IP,Planned,Execution,01-08-2027,01-11-2027,125504.71,0,Siemens Energy,Michael Chang,FALSE
CB_MO_2027,Coast BaseLoad,PRJ-CB-2692,Execution: RFP General Contractor,Project Management,Supply Chain,Planned,Execution,01-08-2027,01-11-2027,132815.09,0,United Rentals,Michael Chang,FALSE
CB_MO_2027,Coast BaseLoad,PRJ-CB-2693,Execution: IGV Bushing Replace,Gas Turbine,Inlet & Compressor,Planned,Execution,01-08-2027,01-11-2027,123764,0,BrandSafway,Michael Chang,FALSE
CB_MO_2027,Coast BaseLoad,PRJ-CB-2694,Execution: Cooling Tower Media Replace,Balance of Plant,Cooling Water,Planned,Execution,01-08-2027,01-11-2027,111604.99,0,EthosEnergy,Michael Chang,FALSE
CB_MO_2027,Coast BaseLoad,PRJ-CB-2695,Execution: Shroud Block Replace,Gas Turbine,Turbine Section,Planned,Execution,01-08-2027,01-11-2027,125557.5,0,Mistras Group,Michael Chang,FALSE
CB_MO_2027,Coast BaseLoad,PRJ-CB-2696,EMERGENT: Master LOTO List - Repair,Safety & Compliance,LOTO,Planned,Execution,01-08-2027,01-11-2027,105646.49,0,EthosEnergy,Michael Chang,FALSE
CB_MO_2027,Coast BaseLoad,PRJ-CB-2697,Execution: HazWaste Permit,Project Management,Regulatory,Planned,Execution,01-08-2027,01-11-2027,118777.4,0,Local Union 55,Michael Chang,FALSE
CB_MO_2027,Coast BaseLoad,PRJ-CB-2698,Execution: Stop Valve Inspection,Steam Turbine,HP/IP,Planned,Execution,01-08-2027,01-11-2027,122293.08,0,EthosEnergy,Michael Chang,FALSE
CB_MO_2027,Coast BaseLoad,PRJ-CB-2699,EMERGENT: Aux Boiler Inspection - Repair,Balance of Plant,Auxiliary,Planned,Execution,01-08-2027,01-11-2027,124825.79,0,GE Vernova,Michael Chang,FALSE
CB_MO_2027,Coast BaseLoad,PRJ-CB-2700,EMERGENT: Grid Outage Bid - Repair,Project Management,Regulatory,Planned,Execution,01-08-2027,01-11-2027,100077.09,0,Local Union 55,Michael Chang,FALSE
CB_MO_2027,Coast BaseLoad,PRJ-CB-2701,Execution: GSU Oil Analysis,Balance of Plant,Electrical,Planned,Execution,01-08-2027,01-11-2027,100533.36,0,GE Vernova,Michael Chang,FALSE
CB_MO_2027,Coast BaseLoad,PRJ-CB-2702,Execution: Switchgear Testing,Balance of Plant,Electrical,Planned,Execution,01-08-2027,01-11-2027,100807.35,0,Siemens Energy,Michael Chang,FALSE
CB_MO_2027,Coast BaseLoad,PRJ-CB-2703,Execution: Superheater Oxide Check,HRSG,Pressure Parts,Planned,Execution,01-08-2027,01-11-2027,95158.06,0,United Rentals,Michael Chang,FALSE
CB_MO_2027,Coast BaseLoad,PRJ-CB-2704,Execution: Catalyst Loading,HRSG,Gas Path,Planned,Execution,01-08-2027,01-11-2027,123278.24,0,United Rentals,Michael Chang,FALSE
CB_MO_2027,Coast BaseLoad,PRJ-CB-2705,Execution: Mobilization,Project Management,Supply Chain,Planned,Execution,01-08-2027,01-11-2027,101625.54,0,Siemens Energy,Michael Chang,FALSE
CB_MO_2027,Coast BaseLoad,PRJ-CB-2706,Execution: Catalyst Loading,HRSG,Gas Path,Planned,Execution,01-08-2027,01-11-2027,139472.33,0,GE Vernova,Michael Chang,FALSE
CB_MO_2027,Coast BaseLoad,PRJ-CB-2707,Execution: Wedge Tightness Check,Generator,Stator,Planned,Execution,01-08-2027,01-11-2027,97381.7,0,EthosEnergy,Michael Chang,FALSE
CB_MO_2027,Coast BaseLoad,PRJ-CB-2708,Execution: Contractor Orientation,Project Management,Supply Chain,Planned,Execution,01-08-2027,01-11-2027,121029.73,0,United Rentals,Michael Chang,FALSE
CB_MO_2027,Coast BaseLoad,PRJ-CB-2709,EMERGENT: GSU Oil Analysis - Repair,Balance of Plant,Electrical,Planned,Execution,01-08-2027,01-11-2027,112220.11,0,United Rentals,Michael Chang,FALSE
CB_MO_2027,Coast BaseLoad,PRJ-CB-2710,Execution: IGV Bushing Replace,Gas Turbine,Inlet & Compressor,Planned,Execution,01-08-2027,01-11-2027,129030.47,0,Local Union 55,Michael Chang,FALSE
CB_MO_2027,Coast BaseLoad,PRJ-CB-2711,EMERGENT: Diode Wheel Inspection - Repair,Generator,Exciter,Planned,Execution,01-08-2027,01-11-2027,125440.16,0,Siemens Energy,Michael Chang,FALSE
CB_MO_2027,Coast BaseLoad,PRJ-CB-2712,Execution: Rotor Inspection,Gas Turbine,Turbine Section,Planned,Execution,01-08-2027,01-11-2027,98160.81,0,Mistras Group,Michael Chang,FALSE
CB_MO_2027,Coast BaseLoad,PRJ-CB-2713,Execution: Develop Cost Estimate,Project Management,Financial & Controls,Planned,Execution,01-08-2027,01-11-2027,123993.87,0,United Rentals,Michael Chang,FALSE
CB_MO_2027,Coast BaseLoad,PRJ-CB-2714,Execution: Wedge Tightness Check,Generator,Stator,Planned,Execution,01-08-2027,01-11-2027,116493.05,0,Local Union 55,Michael Chang,FALSE
CB_MO_2027,Coast BaseLoad,PRJ-CB-2715,Execution: Wedge Tightness Check,Generator,Stator,Planned,Execution,01-08-2027,01-11-2027,106197.92,0,BrandSafway,Michael Chang,FALSE
CB_MO_2027,Coast BaseLoad,PRJ-CB-2716,Execution: Fuel Nozzle Swap,Gas Turbine,Combustion,Planned,Execution,01-08-2027,01-11-2027,134374,0,BrandSafway,Michael Chang,FALSE
CB_MO_2027,Coast BaseLoad,PRJ-CB-2717,Execution: Transition Piece Inspect,Gas Turbine,Combustion,Planned,Execution,01-08-2027,01-11-2027,117139.82,0,EthosEnergy,Michael Chang,FALSE
CB_MO_2027,Coast BaseLoad,PRJ-CB-2718,EMERGENT: Exciter Air Cooler Clean - Repair,Generator,Exciter,Planned,Execution,01-08-2027,01-11-2027,127678.67,0,Local Union 55,Michael Chang,FALSE
CB_MO_2027,Coast BaseLoad,PRJ-CB-2719,Execution: Diode Wheel Inspection,Generator,Exciter,Planned,Execution,01-08-2027,01-11-2027,129329.78,0,BrandSafway,Michael Chang,FALSE
CB_MO_2027,Coast BaseLoad,PRJ-CB-2720,Execution: IGV Bushing Replace,Gas Turbine,Inlet & Compressor,Planned,Execution,01-08-2027,01-11-2027,128542.13,0,Siemens Energy,Michael Chang,FALSE
CB_MO_2027,Coast BaseLoad,PRJ-CB-2721,Execution: HP Shell Removal,Steam Turbine,HP/IP,Planned,Execution,01-08-2027,01-11-2027,102480.55,0,Mistras Group,Michael Chang,FALSE
CB_MO_2027,Coast BaseLoad,PRJ-CB-2722,EMERGENT: Stack Damper Calibration - Repair,HRSG,Gas Path,Planned,Execution,01-08-2027,01-11-2027,98663.42,0,EthosEnergy,Michael Chang,FALSE
CB_MO_2027,Coast BaseLoad,PRJ-CB-2723,EMERGENT: Switchgear Testing - Repair,Balance of Plant,Electrical,Planned,Execution,01-08-2027,01-11-2027,102223.71,0,Mistras Group,Michael Chang,FALSE
CB_MO_2027,Coast BaseLoad,PRJ-CB-2724,Execution: Inst Air Comp Service,Balance of Plant,Auxiliary,Planned,Execution,01-08-2027,01-11-2027,104416.41,0,United Rentals,Michael Chang,FALSE
CB_MO_2027,Coast BaseLoad,PRJ-CB-2725,Execution: Bucket Exchange (S1-S3),Gas Turbine,Turbine Section,Planned,Execution,01-08-2027,01-11-2027,121969.87,0,Mistras Group,Michael Chang,FALSE
CB_MO_2027,Coast BaseLoad,PRJ-CB-2726,Execution: Compressor Wash,Gas Turbine,Inlet & Compressor,Planned,Execution,01-08-2027,01-11-2027,95310.07,0,EthosEnergy,Michael Chang,FALSE
CB_MO_2027,Coast BaseLoad,PRJ-CB-2727,Execution: Inlet Filter Inspection,Gas Turbine,Inlet & Compressor,Planned,Execution,01-08-2027,01-11-2027,99406.47,0,United Rentals,Michael Chang,FALSE
CB_MO_2027,Coast BaseLoad,PRJ-CB-2728,Execution: Stop Valve Inspection,Steam Turbine,HP/IP,Planned,Execution,01-08-2027,01-11-2027,117278.39,0,United Rentals,Michael Chang,FALSE
CB_MO_2027,Coast BaseLoad,PRJ-CB-2729,Execution: Inst Air Comp Service,Balance of Plant,Auxiliary,Planned,Execution,01-08-2027,01-11-2027,101240.62,0,United Rentals,Michael Chang,FALSE
CB_MO_2027,Coast BaseLoad,PRJ-CB-2730,Execution: Verify Zero Energy,Safety & Compliance,LOTO,Planned,Execution,01-08-2027,01-11-2027,118862.52,0,Mistras Group,Michael Chang,FALSE
CB_MO_2027,Coast BaseLoad,PRJ-CB-2731,Execution: Transition Piece Inspect,Gas Turbine,Combustion,Planned,Execution,01-08-2027,01-11-2027,113509.73,0,GE Vernova,Michael Chang,FALSE
CB_MO_2027,Coast BaseLoad,PRJ-CB-2732,EMERGENT: Rotor Inspection - Repair,Gas Turbine,Turbine Section,Planned,Execution,01-08-2027,01-11-2027,139086.62,0,EthosEnergy,Michael Chang,FALSE
CB_MO_2027,Coast BaseLoad,PRJ-CB-2733,EMERGENT: Confined Space Drills - Repair,Safety & Compliance,EHS,Planned,Execution,01-08-2027,01-11-2027,128765.17,0,EthosEnergy,Michael Chang,FALSE
CB_MO_2027,Coast BaseLoad,PRJ-CB-2734,EMERGENT: Wedge Tightness Check - Repair,Generator,Stator,Planned,Execution,01-08-2027,01-11-2027,124071.04,0,Local Union 55,Michael Chang,FALSE
CB_MO_2027,Coast BaseLoad,PRJ-CB-2735,EMERGENT: Rotor Inspection - Repair,Gas Turbine,Turbine Section,Planned,Execution,01-08-2027,01-11-2027,133256.81,0,EthosEnergy,Michael Chang,FALSE
CB_MO_2027,Coast BaseLoad,PRJ-CB-2736,Execution: Ammonia Grid Tuning,HRSG,Gas Path,Planned,Execution,01-08-2027,01-11-2027,130300.28,0,EthosEnergy,Michael Chang,FALSE
CB_MO_2027,Coast BaseLoad,PRJ-CB-2737,Execution: Battery Bank Test,Balance of Plant,Electrical,Planned,Execution,01-08-2027,01-11-2027,107457.96,0,Mistras Group,Michael Chang,FALSE
CB_MO_2027,Coast BaseLoad,PRJ-CB-2738,Execution: Switchgear Testing,Balance of Plant,Electrical,Planned,Execution,01-08-2027,01-11-2027,133838.38,0,United Rentals,Michael Chang,FALSE
CB_MO_2027,Coast BaseLoad,PRJ-CB-2739,Execution: Inst Air Comp Service,Balance of Plant,Auxiliary,Planned,Execution,01-08-2027,01-11-2027,135807.7,0,Siemens Energy,Michael Chang,FALSE
CB_MO_2027,Coast BaseLoad,PRJ-CB-2740,Execution: Circ Water Pump Rebuild,Balance of Plant,Cooling Water,Planned,Execution,01-08-2027,01-11-2027,110730.66,0,GE Vernova,Michael Chang,FALSE
CB_MO_2027,Coast BaseLoad,PRJ-CB-2741,Execution: Brush Rigging Check,Generator,Exciter,Planned,Execution,01-08-2027,01-11-2027,139634.66,0,Local Union 55,Michael Chang,FALSE
CB_MO_2027,Coast BaseLoad,PRJ-CB-2742,EMERGENT: Turbine Shell Lift - Repair,Gas Turbine,Turbine Section,Planned,Execution,01-08-2027,01-11-2027,112820.68,0,GE Vernova,Michael Chang,FALSE
CB_MO_2027,Coast BaseLoad,PRJ-CB-2743,EMERGENT: IGV Bushing Replace - Repair,Gas Turbine,Inlet & Compressor,Planned,Execution,01-08-2027,01-11-2027,132722.84,0,BrandSafway,Michael Chang,FALSE
CB_MO_2027,Coast BaseLoad,PRJ-CB-2744,Execution: Shroud Block Replace,Gas Turbine,Turbine Section,Planned,Execution,01-08-2027,01-11-2027,134117.9,0,EthosEnergy,Michael Chang,FALSE
CB_MO_2027,Coast BaseLoad,PRJ-CB-2745,Execution: Fuel Nozzle Swap,Gas Turbine,Combustion,Planned,Execution,01-08-2027,01-11-2027,124897.99,0,Mistras Group,Michael Chang,FALSE
CB_MO_2027,Coast BaseLoad,PRJ-CB-2746,Execution: Diaphragm Cleaning,Steam Turbine,HP/IP,Planned,Execution,01-08-2027,01-11-2027,118821.39,0,Mistras Group,Michael Chang,FALSE
CB_MO_2027,Coast BaseLoad,PRJ-CB-2747,Execution: Diaphragm Cleaning,Steam Turbine,HP/IP,Planned,Execution,01-08-2027,01-11-2027,133007.19,0,Siemens Energy,Michael Chang,FALSE
CB_MO_2027,Coast BaseLoad,PRJ-CB-2748,Execution: Battery Bank Test,Balance of Plant,Electrical,Planned,Execution,01-08-2027,01-11-2027,103888.16,0,GE Vernova,Michael Chang,FALSE
CB_MO_2027,Coast BaseLoad,PRJ-CB-2749,Execution: Budget Approval,Project Management,Financial & Controls,Planned,Execution,01-08-2027,01-11-2027,122222.21,0,Mistras Group,Michael Chang,FALSE
CB_MO_2027,Coast BaseLoad,PRJ-CB-2750,Execution: Stop Valve Inspection,Steam Turbine,HP/IP,Planned,Execution,01-08-2027,01-11-2027,107776.5,0,Mistras Group,Michael Chang,FALSE
CB_MO_2027,Coast BaseLoad,PRJ-CB-2751,Execution: Bucket Exchange (S1-S3),Gas Turbine,Turbine Section,Planned,Execution,01-08-2027,01-11-2027,130152.74,0,GE Vernova,Michael Chang,FALSE
CB_MO_2027,Coast BaseLoad,PRJ-CB-2752,Execution: Chemical Safety Review,Safety & Compliance,EHS,Planned,Execution,01-08-2027,01-11-2027,131391.38,0,United Rentals,Michael Chang,FALSE
CB_MO_2027,Coast BaseLoad,PRJ-CB-2753,Execution: Confined Space Drills,Safety & Compliance,EHS,Planned,Execution,01-08-2027,01-11-2027,134532.71,0,EthosEnergy,Michael Chang,FALSE
CB_MO_2027,Coast BaseLoad,PRJ-CB-2754,EMERGENT: HP Evap Thickness - Repair,HRSG,Pressure Parts,Planned,Execution,01-08-2027,01-11-2027,97721.77,0,Mistras Group,Michael Chang,FALSE
CB_MO_2027,Coast BaseLoad,PRJ-CB-2755,Execution: Combustion Chamber Open,Gas Turbine,Combustion,Planned,Execution,01-08-2027,01-11-2027,131803.14,0,Siemens Energy,Michael Chang,FALSE
CB_MO_2027,Coast BaseLoad,PRJ-CB-2756,EMERGENT: Print Tags - Repair,Safety & Compliance,LOTO,Planned,Execution,01-08-2027,01-11-2027,126220.89,0,BrandSafway,Michael Chang,FALSE
CB_MO_2027,Coast BaseLoad,PRJ-CB-2757,Execution: LSB Erosion Check,Steam Turbine,LP,Planned,Execution,01-08-2027,01-11-2027,132101.17,0,United Rentals,Michael Chang,FALSE
CB_MO_2027,Coast BaseLoad,PRJ-CB-2758,Execution: Environmental Permit Review,Project Management,Regulatory,Planned,Execution,01-08-2027,01-11-2027,108856.93,0,United Rentals,Michael Chang,FALSE
CB_MO_2027,Coast BaseLoad,PRJ-CB-2759,Execution: Invoice Reconciliation,Project Management,Financial & Controls,Planned,Execution,01-08-2027,01-11-2027,105834.02,0,Local Union 55,Michael Chang,FALSE
CB_MO_2027,Coast BaseLoad,PRJ-CB-2760,Execution: Inst Air Comp Service,Balance of Plant,Auxiliary,Planned,Execution,01-08-2027,01-11-2027,122356.41,0,BrandSafway,Michael Chang,FALSE
CB_MO_2027,Coast BaseLoad,PRJ-CB-2761,EMERGENT: Circ Water Pump Rebuild - Repair,Balance of Plant,Cooling Water,Planned,Execution,01-08-2027,01-11-2027,138919.21,0,BrandSafway,Michael Chang,FALSE
CB_MO_2027,Coast BaseLoad,PRJ-CB-2762,Execution: Master LOTO List,Safety & Compliance,LOTO,Planned,Execution,01-08-2027,01-11-2027,137081.24,0,Local Union 55,Michael Chang,FALSE
CB_MO_2027,Coast BaseLoad,PRJ-CB-2763,Execution: Daily Safety Audit,Safety & Compliance,EHS,Planned,Execution,01-08-2027,01-11-2027,122310.59,0,EthosEnergy,Michael Chang,FALSE
CB_MO_2027,Coast BaseLoad,PRJ-CB-2764,EMERGENT: Scope Freeze Meeting - Repair,Project Management,Supply Chain,Planned,Execution,01-08-2027,01-11-2027,132301.26,0,United Rentals,Michael Chang,FALSE
CB_MO_2027,Coast BaseLoad,PRJ-CB-2765,EMERGENT: Walkdown Isolations - Repair,Safety & Compliance,LOTO,Planned,Execution,01-08-2027,01-11-2027,142441.77,0,United Rentals,Michael Chang,FALSE
CB_MO_2027,Coast BaseLoad,PRJ-CB-2766,Execution: Diaphragm Cleaning,Steam Turbine,HP/IP,Planned,Execution,01-08-2027,01-11-2027,126174.67,0,GE Vernova,Michael Chang,FALSE
CB_MO_2027,Coast BaseLoad,PRJ-CB-2767,Execution: Ammonia Grid Tuning,HRSG,Gas Path,Planned,Execution,01-08-2027,01-11-2027,141129.72,0,GE Vernova,Michael Chang,FALSE
CB_MO_2027,Coast BaseLoad,PRJ-CB-2768,Execution: Diaphragm Cleaning,Steam Turbine,HP/IP,Planned,Execution,01-08-2027,01-11-2027,106501.09,0,BrandSafway,Michael Chang,FALSE
CB_MO_2027,Coast BaseLoad,PRJ-CB-2769,Execution: Compressor Wash,Gas Turbine,Inlet & Compressor,Planned,Execution,01-08-2027,01-11-2027,129191.65,0,BrandSafway,Michael Chang,FALSE
CB_MO_2027,Coast BaseLoad,PRJ-CB-2770,Execution: Budget Approval,Project Management,Financial & Controls,Planned,Execution,01-08-2027,01-11-2027,115545.34,0,Local Union 55,Michael Chang,FALSE
CB_MO_2027,Coast BaseLoad,PRJ-CB-2771,Execution: Journal Bearing Inspect,Steam Turbine,LP,Planned,Execution,01-08-2027,01-11-2027,121476.95,0,Mistras Group,Michael Chang,FALSE
CB_MO_2027,Coast BaseLoad,PRJ-CB-2772,Execution: Air Monitoring Setup,Safety & Compliance,EHS,Planned,Execution,01-08-2027,01-11-2027,131442.97,0,Siemens Energy,Michael Chang,FALSE
CB_MO_2027,Coast BaseLoad,PRJ-CB-2773,Execution: Brush Rigging Check,Generator,Exciter,Planned,Execution,01-08-2027,01-11-2027,106718.4,0,BrandSafway,Michael Chang,FALSE
CB_MO_2027,Coast BaseLoad,PRJ-CB-2774,EMERGENT: Stack Damper Calibration - Repair,HRSG,Gas Path,Planned,Execution,01-08-2027,01-11-2027,141689.65,0,EthosEnergy,Michael Chang,FALSE
CB_MO_2027,Coast BaseLoad,PRJ-CB-2775,Execution: Circ Water Pump Rebuild,Balance of Plant,Cooling Water,Planned,Execution,01-08-2027,01-11-2027,113721.39,0,Siemens Energy,Michael Chang,FALSE
CB_MO_2027,Coast BaseLoad,PRJ-CB-2776,Execution: Drum Internal Inspect,HRSG,Pressure Parts,Planned,Execution,01-08-2027,01-11-2027,137301.9,0,BrandSafway,Michael Chang,FALSE
CB_MO_2027,Coast BaseLoad,PRJ-CB-2777,EMERGENT: Grid Outage Bid - Repair,Project Management,Regulatory,Planned,Execution,01-08-2027,01-11-2027,105937.27,0,GE Vernova,Michael Chang,FALSE
CB_MO_2027,Coast BaseLoad,PRJ-CB-2778,Execution: RFP General Contractor,Project Management,Supply Chain,Planned,Execution,01-08-2027,01-11-2027,123310.74,0,Local Union 55,Michael Chang,FALSE
CB_MO_2027,Coast BaseLoad,PRJ-CB-2779,Execution: Superheater Oxide Check,HRSG,Pressure Parts,Planned,Execution,01-08-2027,01-11-2027,134866.9,0,Mistras Group,Michael Chang,FALSE
CB_MO_2027,Coast BaseLoad,PRJ-CB-2780,Execution: Exciter Air Cooler Clean,Generator,Exciter,Planned,Execution,01-08-2027,01-11-2027,112760.65,0,Local Union 55,Michael Chang,FALSE
CB_MO_2027,Coast BaseLoad,PRJ-CB-2781,Execution: Aux Boiler Inspection,Balance of Plant,Auxiliary,Planned,Execution,01-08-2027,01-11-2027,98296.44,0,Mistras Group,Michael Chang,FALSE
CB_MO_2027,Coast BaseLoad,PRJ-CB-2782,Execution: RFP General Contractor,Project Management,Supply Chain,Planned,Execution,01-08-2027,01-11-2027,139774.71,0,Local Union 55,Michael Chang,FALSE
CB_MO_2027,Coast BaseLoad,PRJ-CB-2783,Execution: GSU Oil Analysis,Balance of Plant,Electrical,Planned,Execution,01-08-2027,01-11-2027,104714.71,0,GE Vernova,Michael Chang,FALSE
CB_MO_2027,Coast BaseLoad,PRJ-CB-2784,Execution: Inlet Duct Repair,HRSG,Gas Path,Planned,Execution,01-08-2027,01-11-2027,127936.83,0,EthosEnergy,Michael Chang,FALSE
CB_MO_2027,Coast BaseLoad,PRJ-CB-2785,EMERGENT: LSB Erosion Check - Repair,Steam Turbine,LP,Planned,Execution,01-08-2027,01-11-2027,109168.2,0,United Rentals,Michael Chang,FALSE
CB_MO_2027,Coast BaseLoad,PRJ-CB-2786,Execution: Compressor Wash,Gas Turbine,Inlet & Compressor,Planned,Execution,01-08-2027,01-11-2027,109870.24,0,Siemens Energy,Michael Chang,FALSE
CB_MO_2027,Coast BaseLoad,PRJ-CB-2787,Execution: Confined Space Drills,Safety & Compliance,EHS,Planned,Execution,01-08-2027,01-11-2027,134256.14,0,Mistras Group,Michael Chang,FALSE
CB_MO_2027,Coast BaseLoad,PRJ-CB-2788,Execution: Inlet Filter Inspection,Gas Turbine,Inlet & Compressor,Planned,Execution,01-08-2027,01-11-2027,97129.2,0,GE Vernova,Michael Chang,FALSE
CB_MO_2027,Coast BaseLoad,PRJ-CB-2789,EMERGENT: LSB Erosion Check - Repair,Steam Turbine,LP,Planned,Execution,01-08-2027,01-11-2027,139437.57,0,United Rentals,Michael Chang,FALSE
CB_MO_2027,Coast BaseLoad,PRJ-CB-2790,EMERGENT: Catalyst Loading - Repair,HRSG,Gas Path,Planned,Execution,01-08-2027,01-11-2027,109147.72,0,EthosEnergy,Michael Chang,FALSE
CB_MO_2027,Coast BaseLoad,PRJ-CB-2791,EMERGENT: Condenser Cleaning - Repair,Balance of Plant,Cooling Water,Planned,Execution,01-08-2027,01-11-2027,103234.42,0,Siemens Energy,Michael Chang,FALSE
CB_MO_2027,Coast BaseLoad,PRJ-CB-2792,EMERGENT: Cross-Fire Tube Check - Repair,Gas Turbine,Combustion,Planned,Execution,01-08-2027,01-11-2027,130885.4,0,EthosEnergy,Michael Chang,FALSE
CB_MO_2027,Coast BaseLoad,PRJ-CB-2793,Execution: Switchgear Testing,Balance of Plant,Electrical,Planned,Execution,01-08-2027,01-11-2027,116892.08,0,EthosEnergy,Michael Chang,FALSE
CB_MO_2027,Coast BaseLoad,PRJ-CB-2794,Execution: Invoice Reconciliation,Project Management,Financial & Controls,Planned,Execution,01-08-2027,01-11-2027,97461.17,0,GE Vernova,Michael Chang,FALSE
CB_MO_2027,Coast BaseLoad,PRJ-CB-2795,Execution: Submit CapEx Request,Project Management,Financial & Controls,Planned,Execution,01-08-2027,01-11-2027,105710.66,0,Siemens Energy,Michael Chang,FALSE
CB_MO_2027,Coast BaseLoad,PRJ-CB-2796,Execution: Verify Zero Energy,Safety & Compliance,LOTO,Planned,Execution,01-08-2027,01-11-2027,113327.4,0,Siemens Energy,Michael Chang,FALSE
CB_MO_2027,Coast BaseLoad,PRJ-CB-2797,Execution: HP Evap Thickness,HRSG,Pressure Parts,Planned,Execution,01-08-2027,01-11-2027,104348.93,0,United Rentals,Michael Chang,FALSE
CB_MO_2027,Coast BaseLoad,PRJ-CB-2798,Execution: Inst Air Comp Service,Balance of Plant,Auxiliary,Planned,Execution,01-08-2027,01-11-2027,108374.06,0,United Rentals,Michael Chang,FALSE
CB_MO_2027,Coast BaseLoad,PRJ-CB-2799,EMERGENT: LP Hood Spray Check - Repair,Steam Turbine,LP,Planned,Execution,01-08-2027,01-11-2027,128751.51,0,Mistras Group,Michael Chang,FALSE
CB_MO_2027,Coast BaseLoad,PRJ-CB-2800,EMERGENT: Diode Wheel Inspection - Repair,Generator,Exciter,Planned,Execution,01-08-2027,01-11-2027,125328.97,0,BrandSafway,Michael Chang,FALSE
CB_MO_2027,Coast BaseLoad,PRJ-CB-2801,Execution: Cooling Tower Media Replace,Balance of Plant,Cooling Water,Planned,Execution,01-08-2027,01-11-2027,140447.41,0,EthosEnergy,Michael Chang,FALSE
CB_MO_2027,Coast BaseLoad,PRJ-CB-2802,Execution: Catalyst Loading,HRSG,Gas Path,Planned,Execution,01-08-2027,01-11-2027,134077.33,0,BrandSafway,Michael Chang,FALSE
CB_MO_2027,Coast BaseLoad,PRJ-CB-2803,Execution: Cross-Fire Tube Check,Gas Turbine,Combustion,Planned,Execution,01-08-2027,01-11-2027,136243.04,0,Mistras Group,Michael Chang,FALSE
CB_MO_2027,Coast BaseLoad,PRJ-CB-2804,Execution: Circ Water Pump Rebuild,Balance of Plant,Cooling Water,Planned,Execution,01-08-2027,01-11-2027,118653.48,0,Mistras Group,Michael Chang,FALSE
CB_MO_2027,Coast BaseLoad,PRJ-CB-2805,Execution: Ammonia Grid Tuning,HRSG,Gas Path,Planned,Execution,01-08-2027,01-11-2027,120882.69,0,GE Vernova,Michael Chang,FALSE
CB_MO_2027,Coast BaseLoad,PRJ-CB-2806,EMERGENT: Diode Wheel Inspection - Repair,Generator,Exciter,Planned,Execution,01-08-2027,01-11-2027,113527.64,0,BrandSafway,Michael Chang,FALSE
CB_MO_2027,Coast BaseLoad,PRJ-CB-2807,Execution: Aux Boiler Inspection,Balance of Plant,Auxiliary,Planned,Execution,01-08-2027,01-11-2027,120855.69,0,BrandSafway,Michael Chang,FALSE
CB_MO_2027,Coast BaseLoad,PRJ-CB-2808,EMERGENT: Demin Plant Service - Repair,Balance of Plant,Auxiliary,Planned,Execution,01-08-2027,01-11-2027,128970.04,0,EthosEnergy,Michael Chang,FALSE
CB_MO_2027,Coast BaseLoad,PRJ-CB-2809,Execution: Journal Bearing Inspect,Steam Turbine,LP,Planned,Execution,01-08-2027,01-11-2027,115589.71,0,EthosEnergy,Michael Chang,FALSE
CB_MO_2027,Coast BaseLoad,PRJ-CB-2810,Execution: Demin Plant Service,Balance of Plant,Auxiliary,Planned,Execution,01-08-2027,01-11-2027,119246.26,0,BrandSafway,Michael Chang,FALSE
CB_MO_2027,Coast BaseLoad,PRJ-CB-2811,Execution: Compressor Borescope,Gas Turbine,Inlet & Compressor,Planned,Execution,01-08-2027,01-11-2027,101355.52,0,United Rentals,Michael Chang,FALSE
CB_MO_2027,Coast BaseLoad,PRJ-CB-2812,EMERGENT: Catalyst Loading - Repair,HRSG,Gas Path,Planned,Execution,01-08-2027,01-11-2027,114879.28,0,BrandSafway,Michael Chang,FALSE
CB_MO_2027,Coast BaseLoad,PRJ-CB-2813,Execution: Daily Safety Audit,Safety & Compliance,EHS,Planned,Execution,01-08-2027,01-11-2027,104243.17,0,BrandSafway,Michael Chang,FALSE
CB_MO_2027,Coast BaseLoad,PRJ-CB-2814,Execution: Mobilization,Project Management,Supply Chain,Planned,Execution,01-08-2027,01-11-2027,117671.21,0,BrandSafway,Michael Chang,FALSE
CB_MO_2027,Coast BaseLoad,PRJ-CB-2815,Execution: Drum Internal Inspect,HRSG,Pressure Parts,Planned,Execution,01-08-2027,01-11-2027,101474.76,0,Siemens Energy,Michael Chang,FALSE
CB_MO_2027,Coast BaseLoad,PRJ-CB-2816,EMERGENT: Superheater Oxide Check - Repair,HRSG,Pressure Parts,Planned,Execution,01-08-2027,01-11-2027,121120.56,0,Siemens Energy,Michael Chang,FALSE
CB_MO_2027,Coast BaseLoad,PRJ-CB-2817,Execution: Brush Rigging Check,Generator,Exciter,Planned,Execution,01-08-2027,01-11-2027,105071.1,0,Local Union 55,Michael Chang,FALSE
CB_MO_2027,Coast BaseLoad,PRJ-CB-2818,Execution: Budget Approval,Project Management,Financial & Controls,Planned,Execution,01-08-2027,01-11-2027,119591.96,0,Mistras Group,Michael Chang,FALSE
CB_MO_2027,Coast BaseLoad,PRJ-CB-2819,EMERGENT: Shroud Block Replace - Repair,Gas Turbine,Turbine Section,Planned,Execution,01-08-2027,01-11-2027,140788.4,0,Siemens Energy,Michael Chang,FALSE
CB_MO_2027,Coast BaseLoad,PRJ-CB-2820,Execution: Journal Bearing Inspect,Steam Turbine,LP,Planned,Execution,01-08-2027,01-11-2027,139559.9,0,Local Union 55,Michael Chang,FALSE
CB_MO_2027,Coast BaseLoad,PRJ-CB-2821,Execution: Develop Cost Estimate,Project Management,Financial & Controls,Planned,Execution,01-08-2027,01-11-2027,134283.48,0,United Rentals,Michael Chang,FALSE
CB_MO_2027,Coast BaseLoad,PRJ-CB-2822,Execution: Master LOTO List,Safety & Compliance,LOTO,Planned,Execution,01-08-2027,01-11-2027,96720.17,0,EthosEnergy,Michael Chang,FALSE
CB_MO_2027,Coast BaseLoad,PRJ-CB-2823,Execution: Scope Freeze Meeting,Project Management,Supply Chain,Planned,Execution,01-08-2027,01-11-2027,98762.96,0,BrandSafway,Michael Chang,FALSE
CB_MO_2027,Coast BaseLoad,PRJ-CB-2824,Execution: Mobilization,Project Management,Supply Chain,Planned,Execution,01-08-2027,01-11-2027,115204.32,0,Local Union 55,Michael Chang,FALSE
CB_MO_2027,Coast BaseLoad,PRJ-CB-2825,Execution: LP Hood Spray Check,Steam Turbine,LP,Planned,Execution,01-08-2027,01-11-2027,106547.45,0,GE Vernova,Michael Chang,FALSE
CB_MO_2027,Coast BaseLoad,PRJ-CB-2826,Execution: Drum Internal Inspect,HRSG,Pressure Parts,Planned,Execution,01-08-2027,01-11-2027,100097.56,0,Siemens Energy,Michael Chang,FALSE
CB_MO_2027,Coast BaseLoad,PRJ-CB-2827,Execution: Inst Air Comp Service,Balance of Plant,Auxiliary,Planned,Execution,01-08-2027,01-11-2027,122380.1,0,EthosEnergy,Michael Chang,FALSE
CB_MO_2027,Coast BaseLoad,PRJ-CB-2828,EMERGENT: Environmental Permit Review - Repair,Project Management,Regulatory,Planned,Execution,01-08-2027,01-11-2027,126927.11,0,BrandSafway,Michael Chang,FALSE
CB_MO_2027,Coast BaseLoad,PRJ-CB-2829,EMERGENT: Bucket Exchange (S1-S3) - Repair,Gas Turbine,Turbine Section,Planned,Execution,01-08-2027,01-11-2027,107802.2,0,GE Vernova,Michael Chang,FALSE
CB_MO_2027,Coast BaseLoad,PRJ-CB-2830,Execution: Brush Rigging Check,Generator,Exciter,Planned,Execution,01-08-2027,01-11-2027,109282.99,0,United Rentals,Michael Chang,FALSE
CB_MO_2027,Coast BaseLoad,PRJ-CB-2831,Execution: Develop Cost Estimate,Project Management,Financial & Controls,Planned,Execution,01-08-2027,01-11-2027,118706.76,0,Mistras Group,Michael Chang,FALSE
CB_MO_2027,Coast BaseLoad,PRJ-CB-2832,Execution: Catalyst Loading,HRSG,Gas Path,Planned,Execution,01-08-2027,01-11-2027,119540.91,0,GE Vernova,Michael Chang,FALSE
CB_MO_2027,Coast BaseLoad,PRJ-CB-2833,Execution: Stack Damper Calibration,HRSG,Gas Path,Planned,Execution,01-08-2027,01-11-2027,105928.01,0,EthosEnergy,Michael Chang,FALSE
CB_MO_2027,Coast BaseLoad,PRJ-CB-2834,Execution: Drum Internal Inspect,HRSG,Pressure Parts,Planned,Execution,01-08-2027,01-11-2027,121775.67,0,Local Union 55,Michael Chang,FALSE
CB_MO_2027,Coast BaseLoad,PRJ-CB-2835,Execution: Wedge Tightness Check,Generator,Stator,Planned,Execution,01-08-2027,01-11-2027,95730.18,0,Local Union 55,Michael Chang,FALSE
CB_MO_2027,Coast BaseLoad,PRJ-CB-2836,Execution: RFP General Contractor,Project Management,Supply Chain,Planned,Execution,01-08-2027,01-11-2027,137929.46,0,BrandSafway,Michael Chang,FALSE
CB_MO_2027,Coast BaseLoad,PRJ-CB-2837,EMERGENT: Journal Bearing Inspect - Repair,Steam Turbine,LP,Planned,Execution,01-08-2027,01-11-2027,114307.11,0,Mistras Group,Michael Chang,FALSE
CB_MO_2027,Coast BaseLoad,PRJ-CB-2838,Execution: Journal Bearing Inspect,Steam Turbine,LP,Planned,Execution,01-08-2027,01-11-2027,134469.3,0,Mistras Group,Michael Chang,FALSE
CB_MO_2027,Coast BaseLoad,PRJ-CB-2839,Execution: Turbine Shell Lift,Gas Turbine,Turbine Section,Planned,Execution,01-08-2027,01-11-2027,122621.13,0,GE Vernova,Michael Chang,FALSE
CB_MO_2027,Coast BaseLoad,PRJ-CB-2840,EMERGENT: Print Tags - Repair,Safety & Compliance,LOTO,Planned,Execution,01-08-2027,01-11-2027,134489.67,0,Siemens Energy,Michael Chang,FALSE
CB_MO_2027,Coast BaseLoad,PRJ-CB-2841,Execution: Inlet Filter Inspection,Gas Turbine,Inlet & Compressor,Planned,Execution,01-08-2027,01-11-2027,111098.12,0,Mistras Group,Michael Chang,FALSE
CB_MO_2027,Coast BaseLoad,PRJ-CB-2842,Execution: Combustion Chamber Open,Gas Turbine,Combustion,Planned,Execution,01-08-2027,01-11-2027,101703.57,0,United Rentals,Michael Chang,FALSE
CB_MO_2027,Coast BaseLoad,PRJ-CB-2843,EMERGENT: Condenser Cleaning - Repair,Balance of Plant,Cooling Water,Planned,Execution,01-08-2027,01-11-2027,122416.12,0,EthosEnergy,Michael Chang,FALSE
CB_MO_2027,Coast BaseLoad,PRJ-CB-2844,Execution: Submit CapEx Request,Project Management,Financial & Controls,Planned,Execution,01-08-2027,01-11-2027,141000.63,0,Siemens Energy,Michael Chang,FALSE
CB_MO_2027,Coast BaseLoad,PRJ-CB-2845,Execution: Confined Space Drills,Safety & Compliance,EHS,Planned,Execution,01-08-2027,01-11-2027,112171.98,0,GE Vernova,Michael Chang,FALSE
CB_MO_2027,Coast BaseLoad,PRJ-CB-2846,EMERGENT: Air Monitoring Setup - Repair,Safety & Compliance,EHS,Planned,Execution,01-08-2027,01-11-2027,111663.58,0,Siemens Energy,Michael Chang,FALSE
CB_MO_2027,Coast BaseLoad,PRJ-CB-2847,Execution: Stack Damper Calibration,HRSG,Gas Path,Planned,Execution,01-08-2027,01-11-2027,106555.44,0,GE Vernova,Michael Chang,FALSE
CB_MO_2027,Coast BaseLoad,PRJ-CB-2848,Execution: HP Evap Thickness,HRSG,Pressure Parts,Planned,Execution,01-08-2027,01-11-2027,126439.74,0,Siemens Energy,Michael Chang,FALSE
CB_MO_2027,Coast BaseLoad,PRJ-CB-2849,Execution: Superheater Oxide Check,HRSG,Pressure Parts,Planned,Execution,01-08-2027,01-11-2027,114711.6,0,Mistras Group,Michael Chang,FALSE
CB_MO_2027,Coast BaseLoad,PRJ-CB-2850,Execution: Catalyst Loading,HRSG,Gas Path,Planned,Execution,01-08-2027,01-11-2027,108504.63,0,Local Union 55,Michael Chang,FALSE
CB_MO_2027,Coast BaseLoad,PRJ-CB-2851,Execution: Fuel Nozzle Swap,Gas Turbine,Combustion,Planned,Execution,01-08-2027,01-11-2027,108026.7,0,EthosEnergy,Michael Chang,FALSE
CB_MO_2027,Coast BaseLoad,PRJ-CB-2852,Execution: Inst Air Comp Service,Balance of Plant,Auxiliary,Planned,Execution,01-08-2027,01-11-2027,111164.62,0,BrandSafway,Michael Chang,FALSE
CB_MO_2027,Coast BaseLoad,PRJ-CB-2853,Execution: RFP General Contractor,Project Management,Supply Chain,Planned,Execution,01-08-2027,01-11-2027,104890.53,0,Mistras Group,Michael Chang,FALSE
CB_MO_2027,Coast BaseLoad,PRJ-CB-2854,Execution: Compressor Wash,Gas Turbine,Inlet & Compressor,Planned,Execution,01-08-2027,01-11-2027,109674.1,0,Local Union 55,Michael Chang,FALSE
CB_MO_2027,Coast BaseLoad,PRJ-CB-2855,EMERGENT: Wedge Tightness Check - Repair,Generator,Stator,Planned,Execution,01-08-2027,01-11-2027,107882.36,0,Siemens Energy,Michael Chang,FALSE
CB_MO_2027,Coast BaseLoad,PRJ-CB-2856,Execution: Verify Zero Energy,Safety & Compliance,LOTO,Planned,Execution,01-08-2027,01-11-2027,95276.33,0,GE Vernova,Michael Chang,FALSE
CB_MO_2027,Coast BaseLoad,PRJ-CB-2857,Execution: Print Tags,Safety & Compliance,LOTO,Planned,Execution,01-08-2027,01-11-2027,132874.6,0,United Rentals,Michael Chang,FALSE
CB_MO_2027,Coast BaseLoad,PRJ-CB-2858,Execution: Verify Zero Energy,Safety & Compliance,LOTO,Planned,Execution,01-08-2027,01-11-2027,110894.9,0,United Rentals,Michael Chang,FALSE
CB_MO_2027,Coast BaseLoad,PRJ-CB-2859,Execution: Mobilization,Project Management,Supply Chain,Planned,Execution,01-08-2027,01-11-2027,118859.31,0,Local Union 55,Michael Chang,FALSE
CB_MO_2027,Coast BaseLoad,PRJ-CB-2860,Execution: HazWaste Permit,Project Management,Regulatory,Planned,Execution,01-08-2027,01-11-2027,118789.42,0,United Rentals,Michael Chang,FALSE
CB_MO_2027,Coast BaseLoad,PRJ-CB-2861,Execution: Verify Zero Energy,Safety & Compliance,LOTO,Planned,Execution,01-08-2027,01-11-2027,109040.51,0,EthosEnergy,Michael Chang,FALSE
CB_MO_2027,Coast BaseLoad,PRJ-CB-2862,EMERGENT: Inlet Duct Repair - Repair,HRSG,Gas Path,Planned,Execution,01-08-2027,01-11-2027,97171.17,0,Siemens Energy,Michael Chang,FALSE
CB_MO_2027,Coast BaseLoad,PRJ-CB-2863,EMERGENT: Scope Freeze Meeting - Repair,Project Management,Supply Chain,Planned,Execution,01-08-2027,01-11-2027,122882.54,0,BrandSafway,Michael Chang,FALSE
CB_MO_2027,Coast BaseLoad,PRJ-CB-2864,EMERGENT: HP Shell Removal - Repair,Steam Turbine,HP/IP,Planned,Execution,01-08-2027,01-11-2027,100058.29,0,BrandSafway,Michael Chang,FALSE
CB_MO_2027,Coast BaseLoad,PRJ-CB-2865,Execution: Rotor Inspection,Gas Turbine,Turbine Section,Planned,Execution,01-08-2027,01-11-2027,95497.85,0,Local Union 55,Michael Chang,FALSE
CB_MO_2027,Coast BaseLoad,PRJ-CB-2866,Execution: Fuel Nozzle Swap,Gas Turbine,Combustion,Planned,Execution,01-08-2027,01-11-2027,131515.14,0,Siemens Energy,Michael Chang,FALSE
CB_MO_2027,Coast BaseLoad,PRJ-CB-2867,Execution: Air Monitoring Setup,Safety & Compliance,EHS,Planned,Execution,01-08-2027,01-11-2027,135789.73,0,EthosEnergy,Michael Chang,FALSE
CB_MO_2027,Coast BaseLoad,PRJ-CB-2868,Execution: LP Hood Spray Check,Steam Turbine,LP,Planned,Execution,01-08-2027,01-11-2027,133584.22,0,Local Union 55,Michael Chang,FALSE
CB_MO_2027,Coast BaseLoad,PRJ-CB-2869,Execution: Mobilization,Project Management,Supply Chain,Planned,Execution,01-08-2027,01-11-2027,127272.36,0,United Rentals,Michael Chang,FALSE
CB_MO_2027,Coast BaseLoad,PRJ-CB-2870,Execution: Air Monitoring Setup,Safety & Compliance,EHS,Planned,Execution,01-08-2027,01-11-2027,123958.26,0,EthosEnergy,Michael Chang,FALSE
CB_MO_2027,Coast BaseLoad,PRJ-CB-2871,Execution: LSB Erosion Check,Steam Turbine,LP,Planned,Execution,01-08-2027,01-11-2027,124544.49,0,Siemens Energy,Michael Chang,FALSE
CB_MO_2027,Coast BaseLoad,PRJ-CB-2872,Execution: Inlet Filter Inspection,Gas Turbine,Inlet & Compressor,Planned,Execution,01-08-2027,01-11-2027,99010.34,0,United Rentals,Michael Chang,FALSE
CB_MO_2027,Coast BaseLoad,PRJ-CB-2873,EMERGENT: Diaphragm Cleaning - Repair,Steam Turbine,HP/IP,Planned,Execution,01-08-2027,01-11-2027,125826.25,0,GE Vernova,Michael Chang,FALSE
CB_MO_2027,Coast BaseLoad,PRJ-CB-2874,EMERGENT: Shroud Block Replace - Repair,Gas Turbine,Turbine Section,Planned,Execution,01-08-2027,01-11-2027,114335.89,0,Siemens Energy,Michael Chang,FALSE
CB_MO_2027,Coast BaseLoad,PRJ-CB-2875,Execution: Stack Damper Calibration,HRSG,Gas Path,Planned,Execution,01-08-2027,01-11-2027,114864.42,0,Siemens Energy,Michael Chang,FALSE
CB_MO_2027,Coast BaseLoad,PRJ-CB-2876,Execution: Stack Damper Calibration,HRSG,Gas Path,Planned,Execution,01-08-2027,01-11-2027,123968.98,0,BrandSafway,Michael Chang,FALSE
CB_MO_2027,Coast BaseLoad,PRJ-CB-2877,Execution: Diaphragm Cleaning,Steam Turbine,HP/IP,Planned,Execution,01-08-2027,01-11-2027,113722.16,0,GE Vernova,Michael Chang,FALSE
CB_MO_2027,Coast BaseLoad,PRJ-CB-2878,Execution: Brush Rigging Check,Generator,Exciter,Planned,Execution,01-08-2027,01-11-2027,129235.24,0,United Rentals,Michael Chang,FALSE
CB_MO_2027,Coast BaseLoad,PRJ-CB-2879,Execution: LP Hood Spray Check,Steam Turbine,LP,Planned,Execution,01-08-2027,01-11-2027,131876.9,0,BrandSafway,Michael Chang,FALSE
CB_MO_2027,Coast BaseLoad,PRJ-CB-2880,Execution: Demin Plant Service,Balance of Plant,Auxiliary,Planned,Execution,01-08-2027,01-11-2027,112795.75,0,BrandSafway,Michael Chang,FALSE
CB_MO_2027,Coast BaseLoad,PRJ-CB-2881,Execution: Print Tags,Safety & Compliance,LOTO,Planned,Execution,01-08-2027,01-11-2027,128896.47,0,Siemens Energy,Michael Chang,FALSE
CB_MO_2027,Coast BaseLoad,PRJ-CB-2882,Execution: Diode Wheel Inspection,Generator,Exciter,Planned,Execution,01-08-2027,01-11-2027,127388.41,0,GE Vernova,Michael Chang,FALSE
CB_MO_2027,Coast BaseLoad,PRJ-CB-2883,Execution: Rotor Inspection,Gas Turbine,Turbine Section,Planned,Execution,01-08-2027,01-11-2027,131511.78,0,BrandSafway,Michael Chang,FALSE
CB_MO_2027,Coast BaseLoad,PRJ-CB-2884,Execution: Wedge Tightness Check,Generator,Stator,Planned,Execution,01-08-2027,01-11-2027,114704.49,0,United Rentals,Michael Chang,FALSE
CB_MO_2027,Coast BaseLoad,PRJ-CB-2885,Execution: Submit CapEx Request,Project Management,Financial & Controls,Planned,Execution,01-08-2027,01-11-2027,121147.8,0,Mistras Group,Michael Chang,FALSE
CB_MO_2027,Coast BaseLoad,PRJ-CB-2886,EMERGENT: Master LOTO List - Repair,Safety & Compliance,LOTO,Planned,Execution,01-08-2027,01-11-2027,131174.56,0,Siemens Energy,Michael Chang,FALSE
CB_MO_2027,Coast BaseLoad,PRJ-CB-2887,Execution: Compressor Borescope,Gas Turbine,Inlet & Compressor,Planned,Execution,01-08-2027,01-11-2027,104420.33,0,United Rentals,Michael Chang,FALSE
CB_MO_2027,Coast BaseLoad,PRJ-CB-2888,Execution: Catalyst Loading,HRSG,Gas Path,Planned,Execution,01-08-2027,01-11-2027,131341.43,0,Mistras Group,Michael Chang,FALSE
CB_MO_2027,Coast BaseLoad,PRJ-CB-2889,Execution: Stack Damper Calibration,HRSG,Gas Path,Planned,Execution,01-08-2027,01-11-2027,116874.46,0,Siemens Energy,Michael Chang,FALSE
CB_MO_2027,Coast BaseLoad,PRJ-CB-2890,Execution: Contractor Orientation,Project Management,Supply Chain,Planned,Execution,01-08-2027,01-11-2027,134921.9,0,Siemens Energy,Michael Chang,FALSE
CB_MO_2027,Coast BaseLoad,PRJ-CB-2891,Execution: HP Evap Thickness,HRSG,Pressure Parts,Planned,Execution,01-08-2027,01-11-2027,112860.71,0,GE Vernova,Michael Chang,FALSE
CB_MO_2027,Coast BaseLoad,PRJ-CB-2892,T+1: Diaphragm Cleaning,Steam Turbine,HP/IP,Planned,T+1,01-11-2027,01-12-2027,156709.5,0,BrandSafway,Michael Chang,FALSE
CB_MO_2027,Coast BaseLoad,PRJ-CB-2893,T+1: Circ Water Pump Rebuild,Balance of Plant,Cooling Water,Planned,T+1,01-11-2027,01-12-2027,111408.08,0,Mistras Group,Michael Chang,FALSE
CB_MO_2027,Coast BaseLoad,PRJ-CB-2894,T+1: EL CID Testing,Generator,Stator,Planned,T+1,01-11-2027,01-12-2027,141502.85,0,BrandSafway,Michael Chang,FALSE
CB_MO_2027,Coast BaseLoad,PRJ-CB-2895,T+1: Inst Air Comp Service,Balance of Plant,Auxiliary,Planned,T+1,01-11-2027,01-12-2027,152792.24,0,Siemens Energy,Michael Chang,FALSE
CB_MO_2027,Coast BaseLoad,PRJ-CB-2896,T+1: Mobilization,Project Management,Supply Chain,Planned,T+1,01-11-2027,01-12-2027,149423.81,0,Mistras Group,Michael Chang,FALSE
CB_MO_2027,Coast BaseLoad,PRJ-CB-2897,T+1: Verify Zero Energy,Safety & Compliance,LOTO,Planned,T+1,01-11-2027,01-12-2027,109301.36,0,Siemens Energy,Michael Chang,FALSE
CB_MO_2027,Coast BaseLoad,PRJ-CB-2898,T+1: HP Shell Removal,Steam Turbine,HP/IP,Planned,T+1,01-11-2027,01-12-2027,140166.27,0,EthosEnergy,Michael Chang,FALSE
CB_MO_2027,Coast BaseLoad,PRJ-CB-2899,T+1: Combustion Chamber Open,Gas Turbine,Combustion,Planned,T+1,01-11-2027,01-12-2027,115644,0,Siemens Energy,Michael Chang,FALSE
CB_MO_2027,Coast BaseLoad,PRJ-CB-2900,T+1: Brush Rigging Check,Generator,Exciter,Planned,T+1,01-11-2027,01-12-2027,123439.77,0,Mistras Group,Michael Chang,FALSE
CB_MO_2027,Coast BaseLoad,PRJ-CB-2901,T+1: Grid Outage Bid,Project Management,Regulatory,Planned,T+1,01-11-2027,01-12-2027,108384.52,0,EthosEnergy,Michael Chang,FALSE
CB_MO_2027,Coast BaseLoad,PRJ-CB-2902,T+1: Diaphragm Cleaning,Steam Turbine,HP/IP,Planned,T+1,01-11-2027,01-12-2027,150342.13,0,BrandSafway,Michael Chang,FALSE
CB_MO_2027,Coast BaseLoad,PRJ-CB-2903,T+1: Shroud Block Replace,Gas Turbine,Turbine Section,Planned,T+1,01-11-2027,01-12-2027,114900.32,0,Mistras Group,Michael Chang,FALSE
CB_MO_2027,Coast BaseLoad,PRJ-CB-2904,T+1: Condenser Cleaning,Balance of Plant,Cooling Water,Planned,T+1,01-11-2027,01-12-2027,146106.36,0,EthosEnergy,Michael Chang,FALSE
CB_MO_2027,Coast BaseLoad,PRJ-CB-2905,T+1: Mobilization,Project Management,Supply Chain,Planned,T+1,01-11-2027,01-12-2027,125558.54,0,Mistras Group,Michael Chang,FALSE
CB_MO_2027,Coast BaseLoad,PRJ-CB-2906,T+1: Battery Bank Test,Balance of Plant,Electrical,Planned,T+1,01-11-2027,01-12-2027,113055.39,0,Siemens Energy,Michael Chang,FALSE
CB_MO_2027,Coast BaseLoad,PRJ-CB-2907,T+1: Print Tags,Safety & Compliance,LOTO,Planned,T+1,01-11-2027,01-12-2027,115934.1,0,Local Union 55,Michael Chang,FALSE
CB_MO_2027,Coast BaseLoad,PRJ-CB-2908,T+1: LSB Erosion Check,Steam Turbine,LP,Planned,T+1,01-11-2027,01-12-2027,131863.19,0,BrandSafway,Michael Chang,FALSE
CB_MO_2027,Coast BaseLoad,PRJ-CB-2909,T+1: Chemical Safety Review,Safety & Compliance,EHS,Planned,T+1,01-11-2027,01-12-2027,128249.72,0,Local Union 55,Michael Chang,FALSE
CB_MO_2027,Coast BaseLoad,PRJ-CB-2910,T+1: GSU Oil Analysis,Balance of Plant,Electrical,Planned,T+1,01-11-2027,01-12-2027,114731.78,0,GE Vernova,Michael Chang,FALSE
CB_MO_2027,Coast BaseLoad,PRJ-CB-2911,T+1: Print Tags,Safety & Compliance,LOTO,Planned,T+1,01-11-2027,01-12-2027,139155,0,Siemens Energy,Michael Chang,FALSE
CB_MO_2027,Coast BaseLoad,PRJ-CB-2912,T+1: Invoice Reconciliation,Project Management,Financial & Controls,Planned,T+1,01-11-2027,01-12-2027,140460.09,0,Local Union 55,Michael Chang,FALSE
CB_MO_2027,Coast BaseLoad,PRJ-CB-2913,T+1: Switchgear Testing,Balance of Plant,Electrical,Planned,T+1,01-11-2027,01-12-2027,128633.11,0,GE Vernova,Michael Chang,FALSE
CB_MO_2027,Coast BaseLoad,PRJ-CB-2914,T+1: Turbine Shell Lift,Gas Turbine,Turbine Section,Planned,T+1,01-11-2027,01-12-2027,107059.58,0,EthosEnergy,Michael Chang,FALSE
RG_HGP_2026,Rural Gen BaseLoad,PRJ-RG-2915,T-24: Scope Freeze Meeting,Project Management,Supply Chain,Completed,T-24,12-03-2024,06-04-2024,49750.18,56241.09,Siemens Energy,Robert O'Malley,FALSE
RG_HGP_2026,Rural Gen BaseLoad,PRJ-RG-2916,T-24: Invoice Reconciliation,Project Management,Financial & Controls,Completed,T-24,12-03-2024,06-04-2024,47279.62,54235.73,Mistras Group,Robert O'Malley,FALSE
RG_HGP_2026,Rural Gen BaseLoad,PRJ-RG-2917,T-24: Daily Safety Audit,Safety & Compliance,EHS,Completed,T-24,12-03-2024,06-04-2024,49651.32,50526.05,GE Vernova,Robert O'Malley,FALSE
RG_HGP_2026,Rural Gen BaseLoad,PRJ-RG-2918,T-24: Grid Outage Bid,Project Management,Regulatory,Completed,T-24,12-03-2024,06-04-2024,51529.83,57646.78,Siemens Energy,Robert O'Malley,FALSE
RG_HGP_2026,Rural Gen BaseLoad,PRJ-RG-2919,T-24: Invoice Reconciliation,Project Management,Financial & Controls,Completed,T-24,12-03-2024,06-04-2024,52252.07,55129.66,United Rentals,Robert O'Malley,FALSE
RG_HGP_2026,Rural Gen BaseLoad,PRJ-RG-2920,T-24: Contractor Orientation,Project Management,Supply Chain,Completed,T-24,12-03-2024,06-04-2024,59412.5,58713.09,Local Union 55,Robert O'Malley,FALSE
RG_HGP_2026,Rural Gen BaseLoad,PRJ-RG-2921,T-24: HazWaste Permit,Project Management,Regulatory,Completed,T-24,12-03-2024,06-04-2024,61114.64,61472.99,Local Union 55,Robert O'Malley,FALSE
RG_HGP_2026,Rural Gen BaseLoad,PRJ-RG-2922,T-24: Scope Freeze Meeting,Project Management,Supply Chain,Completed,T-24,12-03-2024,06-04-2024,58650.94,65015.95,BrandSafway,Robert O'Malley,FALSE
RG_HGP_2026,Rural Gen BaseLoad,PRJ-RG-2923,Manage PO: HGP Hardware,Project Management,Supply Chain,Completed,T-18,18-09-2024,13-10-2024,15000,14982.02,OEM / Supply Chain,Robert O'Malley,FALSE
RG_HGP_2026,Rural Gen BaseLoad,PRJ-RG-2924,Manage PO: Combustion Parts,Project Management,Supply Chain,Completed,T-18,18-09-2024,13-10-2024,15000,13731.7,OEM / Supply Chain,Robert O'Malley,FALSE
RG_HGP_2026,Rural Gen BaseLoad,PRJ-RG-2925,T-18: Scope Freeze Meeting,Project Management,Supply Chain,Completed,T-18,18-09-2024,13-10-2024,136559.45,151149.11,Mistras Group,Robert O'Malley,FALSE
RG_HGP_2026,Rural Gen BaseLoad,PRJ-RG-2926,T-18: Invoice Reconciliation,Project Management,Financial & Controls,Completed,T-18,18-09-2024,13-10-2024,190144.28,172662.98,Siemens Energy,Robert O'Malley,FALSE
RG_HGP_2026,Rural Gen BaseLoad,PRJ-RG-2927,T-18: Master LOTO List,Safety & Compliance,LOTO,Completed,T-18,18-09-2024,13-10-2024,149929.55,157675.15,EthosEnergy,Robert O'Malley,FALSE
RG_HGP_2026,Rural Gen BaseLoad,PRJ-RG-2928,T-18: Contractor Orientation,Project Management,Supply Chain,Completed,T-18,18-09-2024,13-10-2024,148714.88,160645.15,Local Union 55,Robert O'Malley,FALSE
RG_HGP_2026,Rural Gen BaseLoad,PRJ-RG-2929,T-18: Budget Approval,Project Management,Financial & Controls,Completed,T-18,18-09-2024,13-10-2024,154064.46,175207.56,EthosEnergy,Robert O'Malley,FALSE
RG_HGP_2026,Rural Gen BaseLoad,PRJ-RG-2930,T-18: Grid Outage Bid,Project Management,Regulatory,Completed,T-18,18-09-2024,13-10-2024,136669.79,135056.65,GE Vernova,Robert O'Malley,FALSE
RG_HGP_2026,Rural Gen BaseLoad,PRJ-RG-2931,Material: Stage 1 Buckets & Nozzles,Gas Turbine,Hot Gas Path,Completed,T-12,12-03-2025,06-04-2025,2460000,2357338.71,OEM / Supply Chain,Robert O'Malley,FALSE
RG_HGP_2026,Rural Gen BaseLoad,PRJ-RG-2932,T-12: RFP General Contractor,Project Management,Supply Chain,Completed,T-12,12-03-2025,06-04-2025,265906.23,240574.78,GE Vernova,Robert O'Malley,FALSE
RG_HGP_2026,Rural Gen BaseLoad,PRJ-RG-2933,T-12: Master LOTO List,Safety & Compliance,LOTO,Completed,T-12,12-03-2025,06-04-2025,244900.61,272105.07,United Rentals,Robert O'Malley,FALSE
RG_HGP_2026,Rural Gen BaseLoad,PRJ-RG-2934,T-12: Walkdown Isolations,Safety & Compliance,LOTO,Completed,T-12,12-03-2025,06-04-2025,305997.35,314946.54,Local Union 55,Robert O'Malley,FALSE
RG_HGP_2026,Rural Gen BaseLoad,PRJ-RG-2935,T-12: Air Monitoring Setup,Safety & Compliance,EHS,Completed,T-12,12-03-2025,06-04-2025,336971.02,378706.02,EthosEnergy,Robert O'Malley,FALSE
RG_HGP_2026,Rural Gen BaseLoad,PRJ-RG-2936,T-12: Develop Cost Estimate,Project Management,Financial & Controls,Completed,T-12,12-03-2025,06-04-2025,284071.49,314299.46,Local Union 55,Robert O'Malley,FALSE
RG_HGP_2026,Rural Gen BaseLoad,PRJ-RG-2937,T-12: Print Tags,Safety & Compliance,LOTO,Completed,T-12,12-03-2025,06-04-2025,331496.69,335576.45,Local Union 55,Robert O'Malley,FALSE
RG_HGP_2026,Rural Gen BaseLoad,PRJ-RG-2938,T-12: Chemical Safety Review,Safety & Compliance,EHS,Completed,T-12,12-03-2025,06-04-2025,317285.07,341312.66,GE Vernova,Robert O'Malley,FALSE
RG_HGP_2026,Rural Gen BaseLoad,PRJ-RG-2939,T-12: RFP General Contractor,Project Management,Supply Chain,Completed,T-12,12-03-2025,06-04-2025,303055.53,279789.41,United Rentals,Robert O'Malley,FALSE
RG_HGP_2026,Rural Gen BaseLoad,PRJ-RG-2940,T-12: Confined Space Drills,Safety & Compliance,EHS,Completed,T-12,12-03-2025,06-04-2025,294451,312343.22,Mistras Group,Robert O'Malley,FALSE
RG_HGP_2026,Rural Gen BaseLoad,PRJ-RG-2941,T-12: Grid Outage Bid,Project Management,Regulatory,Completed,T-12,12-03-2025,06-04-2025,326663.52,355760.39,BrandSafway,Robert O'Malley,FALSE
RG_HGP_2026,Rural Gen BaseLoad,PRJ-RG-2942,T-12: Chemical Safety Review,Safety & Compliance,EHS,Completed,T-12,12-03-2025,06-04-2025,244449.43,226197.68,Siemens Energy,Robert O'Malley,FALSE
RG_HGP_2026,Rural Gen BaseLoad,PRJ-RG-2943,T-12: Environmental Permit Review,Project Management,Regulatory,Completed,T-12,12-03-2025,06-04-2025,278306.86,312923.83,BrandSafway,Robert O'Malley,FALSE
RG_HGP_2026,Rural Gen BaseLoad,PRJ-RG-2944,T-12: Budget Approval,Project Management,Financial & Controls,Completed,T-12,12-03-2025,06-04-2025,297375.15,309938.1,United Rentals,Robert O'Malley,FALSE
RG_HGP_2026,Rural Gen BaseLoad,PRJ-RG-2945,T-12: Invoice Reconciliation,Project Management,Financial & Controls,Completed,T-12,12-03-2025,06-04-2025,256790.06,231761.35,Siemens Energy,Robert O'Malley,FALSE
RG_HGP_2026,Rural Gen BaseLoad,PRJ-RG-2946,T-12: Scope Freeze Meeting,Project Management,Supply Chain,Completed,T-12,12-03-2025,06-04-2025,238580.11,262532.97,United Rentals,Robert O'Malley,FALSE
RG_HGP_2026,Rural Gen BaseLoad,PRJ-RG-2947,T-12: Contractor Orientation,Project Management,Supply Chain,Completed,T-12,12-03-2025,06-04-2025,278687.93,257968.74,GE Vernova,Robert O'Malley,FALSE
RG_HGP_2026,Rural Gen BaseLoad,PRJ-RG-2948,Material: Fuel Nozzle Set (Refurbished),Gas Turbine,Combustion,Completed,T-6,13-09-2025,08-10-2025,922500,1056429.42,OEM / Supply Chain,Robert O'Malley,FALSE
RG_HGP_2026,Rural Gen BaseLoad,PRJ-RG-2949,Manage PO: Filter Media,Project Management,Supply Chain,Completed,T-6,13-09-2025,08-10-2025,15000,16814.57,OEM / Supply Chain,Robert O'Malley,FALSE
RG_HGP_2026,Rural Gen BaseLoad,PRJ-RG-2950,T-6: Transition Piece Inspect,Gas Turbine,Combustion,Completed,T-6,13-09-2025,08-10-2025,13603.72,14052.35,Mistras Group,Robert O'Malley,FALSE
RG_HGP_2026,Rural Gen BaseLoad,PRJ-RG-2951,T-6: Turbine Shell Lift,Gas Turbine,Turbine Section,Completed,T-6,13-09-2025,08-10-2025,15345.33,14569.35,Siemens Energy,Robert O'Malley,FALSE
RG_HGP_2026,Rural Gen BaseLoad,PRJ-RG-2952,T-6: Mobilization,Project Management,Supply Chain,Completed,T-6,13-09-2025,08-10-2025,12820.02,13155.96,BrandSafway,Robert O'Malley,FALSE
RG_HGP_2026,Rural Gen BaseLoad,PRJ-RG-2953,T-6: Aux Boiler Inspection,Balance of Plant,Auxiliary,Completed,T-6,13-09-2025,08-10-2025,14507.3,14604.37,BrandSafway,Robert O'Malley,FALSE
RG_HGP_2026,Rural Gen BaseLoad,PRJ-RG-2954,T-6: Compressor Borescope,Gas Turbine,Inlet & Compressor,Completed,T-6,13-09-2025,08-10-2025,15667.47,16219.71,GE Vernova,Robert O'Malley,FALSE
RG_HGP_2026,Rural Gen BaseLoad,PRJ-RG-2955,T-6: Turbine Shell Lift,Gas Turbine,Turbine Section,Completed,T-6,13-09-2025,08-10-2025,17342.93,19656.9,United Rentals,Robert O'Malley,FALSE
RG_HGP_2026,Rural Gen BaseLoad,PRJ-RG-2956,Material: Inlet Filter Elements,Gas Turbine,Inlet & Compressor,Completed,T-3,12-12-2025,06-01-2026,153750,146105.7,OEM / Supply Chain,Robert O'Malley,FALSE
RG_HGP_2026,Rural Gen BaseLoad,PRJ-RG-2957,T-3: Air Monitoring Setup,Safety & Compliance,EHS,Completed,T-3,12-12-2025,06-01-2026,32716.2,31954.84,United Rentals,Robert O'Malley,FALSE
RG_HGP_2026,Rural Gen BaseLoad,PRJ-RG-2958,T-3: Scope Freeze Meeting,Project Management,Supply Chain,Completed,T-3,12-12-2025,06-01-2026,29827.19,33955.61,United Rentals,Robert O'Malley,FALSE
RG_HGP_2026,Rural Gen BaseLoad,PRJ-RG-2959,T-3: GSU Oil Analysis,Balance of Plant,Electrical,Completed,T-3,12-12-2025,06-01-2026,41634.89,39226.9,United Rentals,Robert O'Malley,FALSE
RG_HGP_2026,Rural Gen BaseLoad,PRJ-RG-2960,T-3: Cross-Fire Tube Check,Gas Turbine,Combustion,Completed,T-3,12-12-2025,06-01-2026,30997.19,33753.64,GE Vernova,Robert O'Malley,FALSE
RG_HGP_2026,Rural Gen BaseLoad,PRJ-RG-2961,T-3: Grid Outage Bid,Project Management,Regulatory,Completed,T-3,12-12-2025,06-01-2026,38862.44,40802.82,United Rentals,Robert O'Malley,FALSE
RG_HGP_2026,Rural Gen BaseLoad,PRJ-RG-2962,T-3: Rotor Inspection,Gas Turbine,Turbine Section,Completed,T-3,12-12-2025,06-01-2026,30805.94,28028.06,Local Union 55,Robert O'Malley,FALSE
RG_HGP_2026,Rural Gen BaseLoad,PRJ-RG-2963,T-3: Budget Approval,Project Management,Financial & Controls,Completed,T-3,12-12-2025,06-01-2026,36902.13,37960.15,BrandSafway,Robert O'Malley,FALSE
RG_HGP_2026,Rural Gen BaseLoad,PRJ-RG-2964,T-1: Inlet Filter Inspection,Gas Turbine,Inlet & Compressor,Planned,T-1,10-02-2026,07-03-2026,67033.81,0,GE Vernova,Robert O'Malley,FALSE
RG_HGP_2026,Rural Gen BaseLoad,PRJ-RG-2965,T-1: Demin Plant Service,Balance of Plant,Auxiliary,Planned,T-1,10-02-2026,07-03-2026,77268.13,0,Mistras Group,Robert O'Malley,FALSE
RG_HGP_2026,Rural Gen BaseLoad,PRJ-RG-2966,T-1: Contractor Orientation,Project Management,Supply Chain,Planned,T-1,10-02-2026,07-03-2026,74345.68,0,GE Vernova,Robert O'Malley,FALSE
RG_HGP_2026,Rural Gen BaseLoad,PRJ-RG-2967,T-1: Chemical Safety Review,Safety & Compliance,EHS,Planned,T-1,10-02-2026,07-03-2026,89916.56,0,United Rentals,Robert O'Malley,FALSE
RG_HGP_2026,Rural Gen BaseLoad,PRJ-RG-2968,T-1: Transition Piece Inspect,Gas Turbine,Combustion,Planned,T-1,10-02-2026,07-03-2026,84817.35,0,Mistras Group,Robert O'Malley,FALSE
RG_HGP_2026,Rural Gen BaseLoad,PRJ-RG-2969,T-1: Cooling Tower Media Replace,Balance of Plant,Cooling Water,Planned,T-1,10-02-2026,07-03-2026,90285.94,0,Mistras Group,Robert O'Malley,FALSE
RG_HGP_2026,Rural Gen BaseLoad,PRJ-RG-2970,T-1: Cross-Fire Tube Check,Gas Turbine,Combustion,Planned,T-1,10-02-2026,07-03-2026,77711.39,0,Siemens Energy,Robert O'Malley,FALSE
RG_HGP_2026,Rural Gen BaseLoad,PRJ-RG-2971,T-1: HazWaste Permit,Project Management,Regulatory,Planned,T-1,10-02-2026,07-03-2026,64239.26,0,Mistras Group,Robert O'Malley,FALSE
RG_HGP_2026,Rural Gen BaseLoad,PRJ-RG-2972,Execution: Condenser Cleaning,Balance of Plant,Cooling Water,Planned,Execution,12-03-2026,26-04-2026,81432.43,0,Local Union 55,Robert O'Malley,FALSE
RG_HGP_2026,Rural Gen BaseLoad,PRJ-RG-2973,EMERGENT: Circ Water Pump Rebuild - Repair,Balance of Plant,Cooling Water,Planned,Execution,12-03-2026,26-04-2026,79630.65,0,GE Vernova,Robert O'Malley,FALSE
RG_HGP_2026,Rural Gen BaseLoad,PRJ-RG-2974,Execution: Environmental Permit Review,Project Management,Regulatory,Planned,Execution,12-03-2026,26-04-2026,79063.26,0,Mistras Group,Robert O'Malley,FALSE
RG_HGP_2026,Rural Gen BaseLoad,PRJ-RG-2975,Execution: HazWaste Permit,Project Management,Regulatory,Planned,Execution,12-03-2026,26-04-2026,93519.32,0,BrandSafway,Robert O'Malley,FALSE
RG_HGP_2026,Rural Gen BaseLoad,PRJ-RG-2976,EMERGENT: Master LOTO List - Repair,Safety & Compliance,LOTO,Planned,Execution,12-03-2026,26-04-2026,97544.41,0,United Rentals,Robert O'Malley,FALSE
RG_HGP_2026,Rural Gen BaseLoad,PRJ-RG-2977,EMERGENT: Walkdown Isolations - Repair,Safety & Compliance,LOTO,Planned,Execution,12-03-2026,26-04-2026,94970.7,0,Mistras Group,Robert O'Malley,FALSE
RG_HGP_2026,Rural Gen BaseLoad,PRJ-RG-2978,Execution: Scope Freeze Meeting,Project Management,Supply Chain,Planned,Execution,12-03-2026,26-04-2026,100579.28,0,BrandSafway,Robert O'Malley,FALSE
RG_HGP_2026,Rural Gen BaseLoad,PRJ-RG-2979,Execution: Turbine Shell Lift,Gas Turbine,Turbine Section,Planned,Execution,12-03-2026,26-04-2026,88331.48,0,Siemens Energy,Robert O'Malley,FALSE
RG_HGP_2026,Rural Gen BaseLoad,PRJ-RG-2980,Execution: Circ Water Pump Rebuild,Balance of Plant,Cooling Water,Planned,Execution,12-03-2026,26-04-2026,74245.47,0,Mistras Group,Robert O'Malley,FALSE
RG_HGP_2026,Rural Gen BaseLoad,PRJ-RG-2981,EMERGENT: Condenser Cleaning - Repair,Balance of Plant,Cooling Water,Planned,Execution,12-03-2026,26-04-2026,83185.09,0,GE Vernova,Robert O'Malley,FALSE
RG_HGP_2026,Rural Gen BaseLoad,PRJ-RG-2982,Execution: Environmental Permit Review,Project Management,Regulatory,Planned,Execution,12-03-2026,26-04-2026,86107.21,0,Siemens Energy,Robert O'Malley,FALSE
RG_HGP_2026,Rural Gen BaseLoad,PRJ-RG-2983,Execution: Circ Water Pump Rebuild,Balance of Plant,Cooling Water,Planned,Execution,12-03-2026,26-04-2026,79135.94,0,Local Union 55,Robert O'Malley,FALSE
RG_HGP_2026,Rural Gen BaseLoad,PRJ-RG-2984,Execution: Shroud Block Replace,Gas Turbine,Turbine Section,Planned,Execution,12-03-2026,26-04-2026,77868.64,0,EthosEnergy,Robert O'Malley,FALSE
RG_HGP_2026,Rural Gen BaseLoad,PRJ-RG-2985,Execution: Demin Plant Service,Balance of Plant,Auxiliary,Planned,Execution,12-03-2026,26-04-2026,91036.06,0,EthosEnergy,Robert O'Malley,FALSE
RG_HGP_2026,Rural Gen BaseLoad,PRJ-RG-2986,Execution: HazWaste Permit,Project Management,Regulatory,Planned,Execution,12-03-2026,26-04-2026,88739.59,0,Mistras Group,Robert O'Malley,FALSE
RG_HGP_2026,Rural Gen BaseLoad,PRJ-RG-2987,Execution: Transition Piece Inspect,Gas Turbine,Combustion,Planned,Execution,12-03-2026,26-04-2026,88261.26,0,United Rentals,Robert O'Malley,FALSE
RG_HGP_2026,Rural Gen BaseLoad,PRJ-RG-2988,Execution: GSU Oil Analysis,Balance of Plant,Electrical,Planned,Execution,12-03-2026,26-04-2026,90504.16,0,BrandSafway,Robert O'Malley,FALSE
RG_HGP_2026,Rural Gen BaseLoad,PRJ-RG-2989,EMERGENT: Battery Bank Test - Repair,Balance of Plant,Electrical,Planned,Execution,12-03-2026,26-04-2026,85833.89,0,EthosEnergy,Robert O'Malley,FALSE
RG_HGP_2026,Rural Gen BaseLoad,PRJ-RG-2990,EMERGENT: IGV Bushing Replace - Repair,Gas Turbine,Inlet & Compressor,Planned,Execution,12-03-2026,26-04-2026,74716.89,0,GE Vernova,Robert O'Malley,FALSE
RG_HGP_2026,Rural Gen BaseLoad,PRJ-RG-2991,Execution: Master LOTO List,Safety & Compliance,LOTO,Planned,Execution,12-03-2026,26-04-2026,99649.99,0,Mistras Group,Robert O'Malley,FALSE
RG_HGP_2026,Rural Gen BaseLoad,PRJ-RG-2992,Execution: Inlet Filter Inspection,Gas Turbine,Inlet & Compressor,Planned,Execution,12-03-2026,26-04-2026,71771.72,0,GE Vernova,Robert O'Malley,FALSE
RG_HGP_2026,Rural Gen BaseLoad,PRJ-RG-2993,Execution: Aux Boiler Inspection,Balance of Plant,Auxiliary,Planned,Execution,12-03-2026,26-04-2026,77766.02,0,GE Vernova,Robert O'Malley,FALSE
RG_HGP_2026,Rural Gen BaseLoad,PRJ-RG-2994,Execution: Fuel Nozzle Swap,Gas Turbine,Combustion,Planned,Execution,12-03-2026,26-04-2026,97647.94,0,Local Union 55,Robert O'Malley,FALSE
RG_HGP_2026,Rural Gen BaseLoad,PRJ-RG-2995,Execution: Fuel Nozzle Swap,Gas Turbine,Combustion,Planned,Execution,12-03-2026,26-04-2026,90370.86,0,United Rentals,Robert O'Malley,FALSE
RG_HGP_2026,Rural Gen BaseLoad,PRJ-RG-2996,Execution: Grid Outage Bid,Project Management,Regulatory,Planned,Execution,12-03-2026,26-04-2026,90499.71,0,Local Union 55,Robert O'Malley,FALSE
RG_HGP_2026,Rural Gen BaseLoad,PRJ-RG-2997,Execution: Rotor Inspection,Gas Turbine,Turbine Section,Planned,Execution,12-03-2026,26-04-2026,75686.86,0,EthosEnergy,Robert O'Malley,FALSE
RG_HGP_2026,Rural Gen BaseLoad,PRJ-RG-2998,Execution: Submit CapEx Request,Project Management,Financial & Controls,Planned,Execution,12-03-2026,26-04-2026,81867.36,0,BrandSafway,Robert O'Malley,FALSE
RG_HGP_2026,Rural Gen BaseLoad,PRJ-RG-2999,EMERGENT: Develop Cost Estimate - Repair,Project Management,Financial & Controls,Planned,Execution,12-03-2026,26-04-2026,81811.96,0,Siemens Energy,Robert O'Malley,FALSE
RG_HGP_2026,Rural Gen BaseLoad,PRJ-RG-3000,Execution: Cross-Fire Tube Check,Gas Turbine,Combustion,Planned,Execution,12-03-2026,26-04-2026,83025.74,0,Mistras Group,Robert O'Malley,FALSE
RG_HGP_2026,Rural Gen BaseLoad,PRJ-RG-3001,Execution: Mobilization,Project Management,Supply Chain,Planned,Execution,12-03-2026,26-04-2026,78111,0,GE Vernova,Robert O'Malley,FALSE
RG_HGP_2026,Rural Gen BaseLoad,PRJ-RG-3002,Execution: Compressor Wash,Gas Turbine,Inlet & Compressor,Planned,Execution,12-03-2026,26-04-2026,70248.75,0,Siemens Energy,Robert O'Malley,FALSE
RG_HGP_2026,Rural Gen BaseLoad,PRJ-RG-3003,Execution: Circ Water Pump Rebuild,Balance of Plant,Cooling Water,Planned,Execution,12-03-2026,26-04-2026,75100.67,0,Mistras Group,Robert O'Malley,FALSE
RG_HGP_2026,Rural Gen BaseLoad,PRJ-RG-3004,Execution: Cooling Tower Media Replace,Balance of Plant,Cooling Water,Planned,Execution,12-03-2026,26-04-2026,73526.81,0,GE Vernova,Robert O'Malley,FALSE
RG_HGP_2026,Rural Gen BaseLoad,PRJ-RG-3005,Execution: Shroud Block Replace,Gas Turbine,Turbine Section,Planned,Execution,12-03-2026,26-04-2026,79077.52,0,Local Union 55,Robert O'Malley,FALSE
RG_HGP_2026,Rural Gen BaseLoad,PRJ-RG-3006,Execution: Cooling Tower Media Replace,Balance of Plant,Cooling Water,Planned,Execution,12-03-2026,26-04-2026,75147.82,0,GE Vernova,Robert O'Malley,FALSE
RG_HGP_2026,Rural Gen BaseLoad,PRJ-RG-3007,Execution: Demin Plant Service,Balance of Plant,Auxiliary,Planned,Execution,12-03-2026,26-04-2026,82808.48,0,GE Vernova,Robert O'Malley,FALSE
RG_HGP_2026,Rural Gen BaseLoad,PRJ-RG-3008,Execution: Rotor Inspection,Gas Turbine,Turbine Section,Planned,Execution,12-03-2026,26-04-2026,87531.94,0,BrandSafway,Robert O'Malley,FALSE
RG_HGP_2026,Rural Gen BaseLoad,PRJ-RG-3009,Execution: IGV Bushing Replace,Gas Turbine,Inlet & Compressor,Planned,Execution,12-03-2026,26-04-2026,87216.63,0,Local Union 55,Robert O'Malley,FALSE
RG_HGP_2026,Rural Gen BaseLoad,PRJ-RG-3010,Execution: Compressor Wash,Gas Turbine,Inlet & Compressor,Planned,Execution,12-03-2026,26-04-2026,98541.36,0,Mistras Group,Robert O'Malley,FALSE
RG_HGP_2026,Rural Gen BaseLoad,PRJ-RG-3011,EMERGENT: Invoice Reconciliation - Repair,Project Management,Financial & Controls,Planned,Execution,12-03-2026,26-04-2026,80909.73,0,GE Vernova,Robert O'Malley,FALSE
RG_HGP_2026,Rural Gen BaseLoad,PRJ-RG-3012,Execution: Combustion Chamber Open,Gas Turbine,Combustion,Planned,Execution,12-03-2026,26-04-2026,73850.25,0,BrandSafway,Robert O'Malley,FALSE
RG_HGP_2026,Rural Gen BaseLoad,PRJ-RG-3013,Execution: IGV Bushing Replace,Gas Turbine,Inlet & Compressor,Planned,Execution,12-03-2026,26-04-2026,75544.05,0,Siemens Energy,Robert O'Malley,FALSE
RG_HGP_2026,Rural Gen BaseLoad,PRJ-RG-3014,Execution: Master LOTO List,Safety & Compliance,LOTO,Planned,Execution,12-03-2026,26-04-2026,79123.87,0,EthosEnergy,Robert O'Malley,FALSE
RG_HGP_2026,Rural Gen BaseLoad,PRJ-RG-3015,EMERGENT: RFP General Contractor - Repair,Project Management,Supply Chain,Planned,Execution,12-03-2026,26-04-2026,93885.58,0,BrandSafway,Robert O'Malley,FALSE
RG_HGP_2026,Rural Gen BaseLoad,PRJ-RG-3016,Execution: Condenser Cleaning,Balance of Plant,Cooling Water,Planned,Execution,12-03-2026,26-04-2026,72030.73,0,EthosEnergy,Robert O'Malley,FALSE
RG_HGP_2026,Rural Gen BaseLoad,PRJ-RG-3017,Execution: Invoice Reconciliation,Project Management,Financial & Controls,Planned,Execution,12-03-2026,26-04-2026,96726.28,0,EthosEnergy,Robert O'Malley,FALSE
RG_HGP_2026,Rural Gen BaseLoad,PRJ-RG-3018,EMERGENT: RFP General Contractor - Repair,Project Management,Supply Chain,Planned,Execution,12-03-2026,26-04-2026,98447.21,0,GE Vernova,Robert O'Malley,FALSE
RG_HGP_2026,Rural Gen BaseLoad,PRJ-RG-3019,EMERGENT: Shroud Block Replace - Repair,Gas Turbine,Turbine Section,Planned,Execution,12-03-2026,26-04-2026,91853.6,0,Siemens Energy,Robert O'Malley,FALSE
RG_HGP_2026,Rural Gen BaseLoad,PRJ-RG-3020,Execution: Compressor Wash,Gas Turbine,Inlet & Compressor,Planned,Execution,12-03-2026,26-04-2026,79486.34,0,GE Vernova,Robert O'Malley,FALSE
RG_HGP_2026,Rural Gen BaseLoad,PRJ-RG-3021,Execution: Environmental Permit Review,Project Management,Regulatory,Planned,Execution,12-03-2026,26-04-2026,96932.07,0,Mistras Group,Robert O'Malley,FALSE
RG_HGP_2026,Rural Gen BaseLoad,PRJ-RG-3022,Execution: Inst Air Comp Service,Balance of Plant,Auxiliary,Planned,Execution,12-03-2026,26-04-2026,71796.73,0,Siemens Energy,Robert O'Malley,FALSE
RG_HGP_2026,Rural Gen BaseLoad,PRJ-RG-3023,EMERGENT: Fuel Nozzle Swap - Repair,Gas Turbine,Combustion,Planned,Execution,12-03-2026,26-04-2026,99006.51,0,Mistras Group,Robert O'Malley,FALSE
RG_HGP_2026,Rural Gen BaseLoad,PRJ-RG-3024,Execution: RFP General Contractor,Project Management,Supply Chain,Planned,Execution,12-03-2026,26-04-2026,76289.95,0,Local Union 55,Robert O'Malley,FALSE
RG_HGP_2026,Rural Gen BaseLoad,PRJ-RG-3025,Execution: Environmental Permit Review,Project Management,Regulatory,Planned,Execution,12-03-2026,26-04-2026,83528.11,0,GE Vernova,Robert O'Malley,FALSE
RG_HGP_2026,Rural Gen BaseLoad,PRJ-RG-3026,Execution: Walkdown Isolations,Safety & Compliance,LOTO,Planned,Execution,12-03-2026,26-04-2026,92383.01,0,EthosEnergy,Robert O'Malley,FALSE
RG_HGP_2026,Rural Gen BaseLoad,PRJ-RG-3027,Execution: Compressor Wash,Gas Turbine,Inlet & Compressor,Planned,Execution,12-03-2026,26-04-2026,79188.03,0,Siemens Energy,Robert O'Malley,FALSE
RG_HGP_2026,Rural Gen BaseLoad,PRJ-RG-3028,Execution: Chemical Safety Review,Safety & Compliance,EHS,Planned,Execution,12-03-2026,26-04-2026,99480.6,0,Mistras Group,Robert O'Malley,FALSE
RG_HGP_2026,Rural Gen BaseLoad,PRJ-RG-3029,Execution: Bucket Exchange (S1-S3),Gas Turbine,Turbine Section,Planned,Execution,12-03-2026,26-04-2026,81797.94,0,GE Vernova,Robert O'Malley,FALSE
RG_HGP_2026,Rural Gen BaseLoad,PRJ-RG-3030,Execution: Budget Approval,Project Management,Financial & Controls,Planned,Execution,12-03-2026,26-04-2026,71668.79,0,United Rentals,Robert O'Malley,FALSE
RG_HGP_2026,Rural Gen BaseLoad,PRJ-RG-3031,Execution: Invoice Reconciliation,Project Management,Financial & Controls,Planned,Execution,12-03-2026,26-04-2026,97163.12,0,Siemens Energy,Robert O'Malley,FALSE
RG_HGP_2026,Rural Gen BaseLoad,PRJ-RG-3032,Execution: Confined Space Drills,Safety & Compliance,EHS,Planned,Execution,12-03-2026,26-04-2026,90293.06,0,United Rentals,Robert O'Malley,FALSE
RG_HGP_2026,Rural Gen BaseLoad,PRJ-RG-3033,Execution: Inst Air Comp Service,Balance of Plant,Auxiliary,Planned,Execution,12-03-2026,26-04-2026,97619.62,0,GE Vernova,Robert O'Malley,FALSE
RG_HGP_2026,Rural Gen BaseLoad,PRJ-RG-3034,Execution: Inst Air Comp Service,Balance of Plant,Auxiliary,Planned,Execution,12-03-2026,26-04-2026,84728.44,0,Local Union 55,Robert O'Malley,FALSE
RG_HGP_2026,Rural Gen BaseLoad,PRJ-RG-3035,EMERGENT: Fuel Nozzle Swap - Repair,Gas Turbine,Combustion,Planned,Execution,12-03-2026,26-04-2026,83162.3,0,Mistras Group,Robert O'Malley,FALSE
RG_HGP_2026,Rural Gen BaseLoad,PRJ-RG-3036,Execution: Condenser Cleaning,Balance of Plant,Cooling Water,Planned,Execution,12-03-2026,26-04-2026,87071.83,0,United Rentals,Robert O'Malley,FALSE
RG_HGP_2026,Rural Gen BaseLoad,PRJ-RG-3037,Execution: Rotor Inspection,Gas Turbine,Turbine Section,Planned,Execution,12-03-2026,26-04-2026,69465.67,0,United Rentals,Robert O'Malley,FALSE
RG_HGP_2026,Rural Gen BaseLoad,PRJ-RG-3038,Execution: Battery Bank Test,Balance of Plant,Electrical,Planned,Execution,12-03-2026,26-04-2026,75099.23,0,Mistras Group,Robert O'Malley,FALSE
RG_HGP_2026,Rural Gen BaseLoad,PRJ-RG-3039,Execution: HazWaste Permit,Project Management,Regulatory,Planned,Execution,12-03-2026,26-04-2026,88807.14,0,GE Vernova,Robert O'Malley,FALSE
RG_HGP_2026,Rural Gen BaseLoad,PRJ-RG-3040,Execution: Mobilization,Project Management,Supply Chain,Planned,Execution,12-03-2026,26-04-2026,78972.43,0,Mistras Group,Robert O'Malley,FALSE
RG_HGP_2026,Rural Gen BaseLoad,PRJ-RG-3041,Execution: Shroud Block Replace,Gas Turbine,Turbine Section,Planned,Execution,12-03-2026,26-04-2026,96828.47,0,Mistras Group,Robert O'Malley,FALSE
RG_HGP_2026,Rural Gen BaseLoad,PRJ-RG-3042,Execution: Environmental Permit Review,Project Management,Regulatory,Planned,Execution,12-03-2026,26-04-2026,84914.12,0,BrandSafway,Robert O'Malley,FALSE
RG_HGP_2026,Rural Gen BaseLoad,PRJ-RG-3043,Execution: Air Monitoring Setup,Safety & Compliance,EHS,Planned,Execution,12-03-2026,26-04-2026,82912.54,0,BrandSafway,Robert O'Malley,FALSE
RG_HGP_2026,Rural Gen BaseLoad,PRJ-RG-3044,Execution: Environmental Permit Review,Project Management,Regulatory,Planned,Execution,12-03-2026,26-04-2026,91265.64,0,Local Union 55,Robert O'Malley,FALSE
RG_HGP_2026,Rural Gen BaseLoad,PRJ-RG-3045,Execution: Turbine Shell Lift,Gas Turbine,Turbine Section,Planned,Execution,12-03-2026,26-04-2026,68382.43,0,Local Union 55,Robert O'Malley,FALSE
RG_HGP_2026,Rural Gen BaseLoad,PRJ-RG-3046,EMERGENT: Scope Freeze Meeting - Repair,Project Management,Supply Chain,Planned,Execution,12-03-2026,26-04-2026,99607.65,0,Local Union 55,Robert O'Malley,FALSE
RG_HGP_2026,Rural Gen BaseLoad,PRJ-RG-3047,Execution: Compressor Wash,Gas Turbine,Inlet & Compressor,Planned,Execution,12-03-2026,26-04-2026,88783.46,0,Local Union 55,Robert O'Malley,FALSE
RG_HGP_2026,Rural Gen BaseLoad,PRJ-RG-3048,EMERGENT: Inlet Filter Inspection - Repair,Gas Turbine,Inlet & Compressor,Planned,Execution,12-03-2026,26-04-2026,90771.38,0,United Rentals,Robert O'Malley,FALSE
RG_HGP_2026,Rural Gen BaseLoad,PRJ-RG-3049,EMERGENT: Walkdown Isolations - Repair,Safety & Compliance,LOTO,Planned,Execution,12-03-2026,26-04-2026,91283.37,0,GE Vernova,Robert O'Malley,FALSE
RG_HGP_2026,Rural Gen BaseLoad,PRJ-RG-3050,Execution: Contractor Orientation,Project Management,Supply Chain,Planned,Execution,12-03-2026,26-04-2026,81351.37,0,BrandSafway,Robert O'Malley,FALSE
RG_HGP_2026,Rural Gen BaseLoad,PRJ-RG-3051,Execution: Environmental Permit Review,Project Management,Regulatory,Planned,Execution,12-03-2026,26-04-2026,88433.81,0,EthosEnergy,Robert O'Malley,FALSE
RG_HGP_2026,Rural Gen BaseLoad,PRJ-RG-3052,EMERGENT: Contractor Orientation - Repair,Project Management,Supply Chain,Planned,Execution,12-03-2026,26-04-2026,69056.94,0,United Rentals,Robert O'Malley,FALSE
RG_HGP_2026,Rural Gen BaseLoad,PRJ-RG-3053,EMERGENT: Develop Cost Estimate - Repair,Project Management,Financial & Controls,Planned,Execution,12-03-2026,26-04-2026,74353.41,0,EthosEnergy,Robert O'Malley,FALSE
RG_HGP_2026,Rural Gen BaseLoad,PRJ-RG-3054,Execution: Cross-Fire Tube Check,Gas Turbine,Combustion,Planned,Execution,12-03-2026,26-04-2026,97842.73,0,Local Union 55,Robert O'Malley,FALSE
RG_HGP_2026,Rural Gen BaseLoad,PRJ-RG-3055,Execution: Cooling Tower Media Replace,Balance of Plant,Cooling Water,Planned,Execution,12-03-2026,26-04-2026,97047.18,0,United Rentals,Robert O'Malley,FALSE
RG_HGP_2026,Rural Gen BaseLoad,PRJ-RG-3056,Execution: Aux Boiler Inspection,Balance of Plant,Auxiliary,Planned,Execution,12-03-2026,26-04-2026,74747.92,0,Siemens Energy,Robert O'Malley,FALSE
RG_HGP_2026,Rural Gen BaseLoad,PRJ-RG-3057,EMERGENT: Grid Outage Bid - Repair,Project Management,Regulatory,Planned,Execution,12-03-2026,26-04-2026,93318.97,0,Local Union 55,Robert O'Malley,FALSE
RG_HGP_2026,Rural Gen BaseLoad,PRJ-RG-3058,EMERGENT: Circ Water Pump Rebuild - Repair,Balance of Plant,Cooling Water,Planned,Execution,12-03-2026,26-04-2026,79692.55,0,BrandSafway,Robert O'Malley,FALSE
RG_HGP_2026,Rural Gen BaseLoad,PRJ-RG-3059,Execution: Turbine Shell Lift,Gas Turbine,Turbine Section,Planned,Execution,12-03-2026,26-04-2026,86469.71,0,United Rentals,Robert O'Malley,FALSE
RG_HGP_2026,Rural Gen BaseLoad,PRJ-RG-3060,Execution: Aux Boiler Inspection,Balance of Plant,Auxiliary,Planned,Execution,12-03-2026,26-04-2026,93492.18,0,GE Vernova,Robert O'Malley,FALSE
RG_HGP_2026,Rural Gen BaseLoad,PRJ-RG-3061,Execution: IGV Bushing Replace,Gas Turbine,Inlet & Compressor,Planned,Execution,12-03-2026,26-04-2026,70504.6,0,Mistras Group,Robert O'Malley,FALSE
RG_HGP_2026,Rural Gen BaseLoad,PRJ-RG-3062,Execution: Walkdown Isolations,Safety & Compliance,LOTO,Planned,Execution,12-03-2026,26-04-2026,78927.58,0,GE Vernova,Robert O'Malley,FALSE
RG_HGP_2026,Rural Gen BaseLoad,PRJ-RG-3063,EMERGENT: Environmental Permit Review - Repair,Project Management,Regulatory,Planned,Execution,12-03-2026,26-04-2026,95530.6,0,EthosEnergy,Robert O'Malley,FALSE
RG_HGP_2026,Rural Gen BaseLoad,PRJ-RG-3064,EMERGENT: Cross-Fire Tube Check - Repair,Gas Turbine,Combustion,Planned,Execution,12-03-2026,26-04-2026,85631.14,0,Mistras Group,Robert O'Malley,FALSE
RG_HGP_2026,Rural Gen BaseLoad,PRJ-RG-3065,Execution: RFP General Contractor,Project Management,Supply Chain,Planned,Execution,12-03-2026,26-04-2026,100206.05,0,Local Union 55,Robert O'Malley,FALSE
RG_HGP_2026,Rural Gen BaseLoad,PRJ-RG-3066,Execution: Air Monitoring Setup,Safety & Compliance,EHS,Planned,Execution,12-03-2026,26-04-2026,92825.38,0,Local Union 55,Robert O'Malley,FALSE
RG_HGP_2026,Rural Gen BaseLoad,PRJ-RG-3067,Execution: Cross-Fire Tube Check,Gas Turbine,Combustion,Planned,Execution,12-03-2026,26-04-2026,78636.63,0,Siemens Energy,Robert O'Malley,FALSE
RG_HGP_2026,Rural Gen BaseLoad,PRJ-RG-3068,Execution: Condenser Cleaning,Balance of Plant,Cooling Water,Planned,Execution,12-03-2026,26-04-2026,83518.08,0,EthosEnergy,Robert O'Malley,FALSE
RG_HGP_2026,Rural Gen BaseLoad,PRJ-RG-3069,Execution: Contractor Orientation,Project Management,Supply Chain,Planned,Execution,12-03-2026,26-04-2026,95134.23,0,Mistras Group,Robert O'Malley,FALSE
RG_HGP_2026,Rural Gen BaseLoad,PRJ-RG-3070,Execution: Transition Piece Inspect,Gas Turbine,Combustion,Planned,Execution,12-03-2026,26-04-2026,75709.56,0,GE Vernova,Robert O'Malley,FALSE
RG_HGP_2026,Rural Gen BaseLoad,PRJ-RG-3071,Execution: Grid Outage Bid,Project Management,Regulatory,Planned,Execution,12-03-2026,26-04-2026,75599.84,0,EthosEnergy,Robert O'Malley,FALSE
RG_HGP_2026,Rural Gen BaseLoad,PRJ-RG-3072,Execution: Combustion Chamber Open,Gas Turbine,Combustion,Planned,Execution,12-03-2026,26-04-2026,93451.95,0,Mistras Group,Robert O'Malley,FALSE
RG_HGP_2026,Rural Gen BaseLoad,PRJ-RG-3073,Execution: Print Tags,Safety & Compliance,LOTO,Planned,Execution,12-03-2026,26-04-2026,84101.07,0,Mistras Group,Robert O'Malley,FALSE
RG_HGP_2026,Rural Gen BaseLoad,PRJ-RG-3074,Execution: Compressor Wash,Gas Turbine,Inlet & Compressor,Planned,Execution,12-03-2026,26-04-2026,85826.27,0,GE Vernova,Robert O'Malley,FALSE
RG_HGP_2026,Rural Gen BaseLoad,PRJ-RG-3075,Execution: Rotor Inspection,Gas Turbine,Turbine Section,Planned,Execution,12-03-2026,26-04-2026,95745.43,0,Siemens Energy,Robert O'Malley,FALSE
RG_HGP_2026,Rural Gen BaseLoad,PRJ-RG-3076,Execution: Verify Zero Energy,Safety & Compliance,LOTO,Planned,Execution,12-03-2026,26-04-2026,88489.35,0,United Rentals,Robert O'Malley,FALSE
RG_HGP_2026,Rural Gen BaseLoad,PRJ-RG-3077,T+1: Compressor Wash,Gas Turbine,Inlet & Compressor,Planned,T+1,26-04-2026,26-05-2026,86100.51,0,BrandSafway,Robert O'Malley,FALSE
RG_HGP_2026,Rural Gen BaseLoad,PRJ-RG-3078,T+1: Condenser Cleaning,Balance of Plant,Cooling Water,Planned,T+1,26-04-2026,26-05-2026,67386.88,0,Mistras Group,Robert O'Malley,FALSE
RG_HGP_2026,Rural Gen BaseLoad,PRJ-RG-3079,T+1: Scope Freeze Meeting,Project Management,Supply Chain,Planned,T+1,26-04-2026,26-05-2026,93005.6,0,BrandSafway,Robert O'Malley,FALSE
RG_HGP_2026,Rural Gen BaseLoad,PRJ-RG-3080,T+1: Submit CapEx Request,Project Management,Financial & Controls,Planned,T+1,26-04-2026,26-05-2026,70090.86,0,GE Vernova,Robert O'Malley,FALSE
RG_HGP_2026,Rural Gen BaseLoad,PRJ-RG-3081,T+1: Scope Freeze Meeting,Project Management,Supply Chain,Planned,T+1,26-04-2026,26-05-2026,72536.65,0,BrandSafway,Robert O'Malley,FALSE
RG_HGP_2026,Rural Gen BaseLoad,PRJ-RG-3082,T+1: Print Tags,Safety & Compliance,LOTO,Planned,T+1,26-04-2026,26-05-2026,90753.09,0,Siemens Energy,Robert O'Malley,FALSE
RG_HGP_2026,Rural Gen BaseLoad,PRJ-RG-3083,T+1: Bucket Exchange (S1-S3),Gas Turbine,Turbine Section,Planned,T+1,26-04-2026,26-05-2026,70182.95,0,GE Vernova,Robert O'Malley,FALSE
RG_HGP_2026,Rural Gen BaseLoad,PRJ-RG-3084,T+1: Battery Bank Test,Balance of Plant,Electrical,Planned,T+1,26-04-2026,26-05-2026,65214.87,0,Mistras Group,Robert O'Malley,FALSE
RG_HGP_2026,Rural Gen BaseLoad,PRJ-RG-3085,T+1: Develop Cost Estimate,Project Management,Financial & Controls,Planned,T+1,26-04-2026,26-05-2026,72573.24,0,EthosEnergy,Robert O'Malley,FALSE
RG_HGP_2026,Rural Gen BaseLoad,PRJ-RG-3086,T+1: Rotor Inspection,Gas Turbine,Turbine Section,Planned,T+1,26-04-2026,26-05-2026,71486.54,0,Siemens Energy,Robert O'Malley,FALSE
RG_HGP_2026,Rural Gen BaseLoad,PRJ-RG-3087,T+1: Condenser Cleaning,Balance of Plant,Cooling Water,Planned,T+1,26-04-2026,26-05-2026,91608.55,0,EthosEnergy,Robert O'Malley,FALSE
RG_HGP_2026,Rural Gen BaseLoad,PRJ-RG-3088,T+1: Circ Water Pump Rebuild,Balance of Plant,Cooling Water,Planned,T+1,26-04-2026,26-05-2026,87432.92,0,Siemens Energy,Robert O'Malley,FALSE
RG_HGP_2026,Rural Gen BaseLoad,PRJ-RG-3089,T+1: Scope Freeze Meeting,Project Management,Supply Chain,Planned,T+1,26-04-2026,26-05-2026,67403.2,0,GE Vernova,Robert O'Malley,FALSE
RG_CI_2025,Rural Gen BaseLoad,PRJ-RG-3090,Material: Stage 1 Buckets & Nozzles,Gas Turbine,Hot Gas Path,Completed,T-12,08-03-2024,02-04-2024,496000,496065.65,OEM / Supply Chain,Robert O'Malley,FALSE
RG_CI_2025,Rural Gen BaseLoad,PRJ-RG-3091,Manage PO: HGP Hardware,Project Management,Supply Chain,Completed,T-12,08-03-2024,02-04-2024,15000,15243.57,OEM / Supply Chain,Robert O'Malley,FALSE
RG_CI_2025,Rural Gen BaseLoad,PRJ-RG-3092,Manage PO: Combustion Parts,Project Management,Supply Chain,Completed,T-12,08-03-2024,02-04-2024,15000,16029.74,OEM / Supply Chain,Robert O'Malley,FALSE
RG_CI_2025,Rural Gen BaseLoad,PRJ-RG-3093,T-12: RFP General Contractor,Project Management,Supply Chain,Completed,T-12,08-03-2024,02-04-2024,41227.61,37833.72,United Rentals,Robert O'Malley,FALSE
RG_CI_2025,Rural Gen BaseLoad,PRJ-RG-3094,T-12: Invoice Reconciliation,Project Management,Financial & Controls,Completed,T-12,08-03-2024,02-04-2024,44673.83,46041.91,GE Vernova,Robert O'Malley,FALSE
RG_CI_2025,Rural Gen BaseLoad,PRJ-RG-3095,T-12: HazWaste Permit,Project Management,Regulatory,Completed,T-12,08-03-2024,02-04-2024,50958.35,56442.24,United Rentals,Robert O'Malley,FALSE
RG_CI_2025,Rural Gen BaseLoad,PRJ-RG-3096,T-12: RFP General Contractor,Project Management,Supply Chain,Completed,T-12,08-03-2024,02-04-2024,48007.89,48170.54,EthosEnergy,Robert O'Malley,FALSE
RG_CI_2025,Rural Gen BaseLoad,PRJ-RG-3097,T-12: Daily Safety Audit,Safety & Compliance,EHS,Completed,T-12,08-03-2024,02-04-2024,51787.01,49961.33,Local Union 55,Robert O'Malley,FALSE
RG_CI_2025,Rural Gen BaseLoad,PRJ-RG-3098,T-12: Chemical Safety Review,Safety & Compliance,EHS,Completed,T-12,08-03-2024,02-04-2024,44251.34,50774.47,BrandSafway,Robert O'Malley,FALSE
RG_CI_2025,Rural Gen BaseLoad,PRJ-RG-3099,T-12: Contractor Orientation,Project Management,Supply Chain,Completed,T-12,08-03-2024,02-04-2024,52810.15,52168.37,BrandSafway,Robert O'Malley,FALSE
RG_CI_2025,Rural Gen BaseLoad,PRJ-RG-3100,T-12: Grid Outage Bid,Project Management,Regulatory,Completed,T-12,08-03-2024,02-04-2024,40443.02,36901.77,United Rentals,Robert O'Malley,FALSE
RG_CI_2025,Rural Gen BaseLoad,PRJ-RG-3101,T-12: Mobilization,Project Management,Supply Chain,Completed,T-12,08-03-2024,02-04-2024,53442,59228.11,Siemens Energy,Robert O'Malley,FALSE
RG_CI_2025,Rural Gen BaseLoad,PRJ-RG-3102,Material: Fuel Nozzle Set (Refurbished),Gas Turbine,Combustion,Completed,T-6,09-09-2024,04-10-2024,186000,178556.54,OEM / Supply Chain,Robert O'Malley,FALSE
RG_CI_2025,Rural Gen BaseLoad,PRJ-RG-3103,Manage PO: Filter Media,Project Management,Supply Chain,Completed,T-6,09-09-2024,04-10-2024,15000,14016.69,OEM / Supply Chain,Robert O'Malley,FALSE
RG_CI_2025,Rural Gen BaseLoad,PRJ-RG-3104,T-6: Contractor Orientation,Project Management,Supply Chain,Completed,T-6,09-09-2024,04-10-2024,21220.99,21966.97,Siemens Energy,Robert O'Malley,FALSE
RG_CI_2025,Rural Gen BaseLoad,PRJ-RG-3105,T-6: Confined Space Drills,Safety & Compliance,EHS,Completed,T-6,09-09-2024,04-10-2024,18021.56,17535.14,Mistras Group,Robert O'Malley,FALSE
RG_CI_2025,Rural Gen BaseLoad,PRJ-RG-3106,T-6: Print Tags,Safety & Compliance,LOTO,Completed,T-6,09-09-2024,04-10-2024,21625.71,22341.61,Local Union 55,Robert O'Malley,FALSE
RG_CI_2025,Rural Gen BaseLoad,PRJ-RG-3107,T-6: Transition Piece Inspect,Gas Turbine,Combustion,Completed,T-6,09-09-2024,04-10-2024,19352.07,20423.11,GE Vernova,Robert O'Malley,FALSE
RG_CI_2025,Rural Gen BaseLoad,PRJ-RG-3108,T-6: Grid Outage Bid,Project Management,Regulatory,Completed,T-6,09-09-2024,04-10-2024,15331.65,14170.6,United Rentals,Robert O'Malley,FALSE
RG_CI_2025,Rural Gen BaseLoad,PRJ-RG-3109,T-6: Daily Safety Audit,Safety & Compliance,EHS,Completed,T-6,09-09-2024,04-10-2024,16169.24,18182.06,Mistras Group,Robert O'Malley,FALSE
RG_CI_2025,Rural Gen BaseLoad,PRJ-RG-3110,Material: Inlet Filter Elements,Gas Turbine,Inlet & Compressor,Completed,T-3,08-12-2024,02-01-2025,31000,28991.06,OEM / Supply Chain,Robert O'Malley,FALSE
RG_CI_2025,Rural Gen BaseLoad,PRJ-RG-3111,T-3: Fuel Nozzle Swap,Gas Turbine,Combustion,In Progress,T-3,08-12-2024,28-02-2025,30154.46,30289.22,BrandSafway,Robert O'Malley,TRUE
RG_CI_2025,Rural Gen BaseLoad,PRJ-RG-3112,T-3: Mobilization,Project Management,Supply Chain,In Progress,T-3,08-12-2024,21-02-2025,32077.27,32346.83,BrandSafway,Robert O'Malley,TRUE
RG_CI_2025,Rural Gen BaseLoad,PRJ-RG-3113,T-3: Contractor Orientation,Project Management,Supply Chain,Completed,T-3,08-12-2024,02-01-2025,35837.48,37474.86,United Rentals,Robert O'Malley,FALSE
RG_CI_2025,Rural Gen BaseLoad,PRJ-RG-3114,T-1: Daily Safety Audit,Safety & Compliance,EHS,Completed,T-1,06-02-2025,03-03-2025,51161.36,51077.8,EthosEnergy,Robert O'Malley,FALSE
RG_CI_2025,Rural Gen BaseLoad,PRJ-RG-3115,T-1: Air Monitoring Setup,Safety & Compliance,EHS,Completed,T-1,06-02-2025,03-03-2025,49618.82,52037.47,United Rentals,Robert O'Malley,FALSE
RG_CI_2025,Rural Gen BaseLoad,PRJ-RG-3116,T-1: Develop Cost Estimate,Project Management,Financial & Controls,In Progress,T-1,06-02-2025,27-02-2025,55366.92,52482.2,GE Vernova,Robert O'Malley,TRUE
RG_CI_2025,Rural Gen BaseLoad,PRJ-RG-3117,T-1: HazWaste Permit,Project Management,Regulatory,In Progress,T-1,06-02-2025,27-02-2025,54716.13,50511.37,EthosEnergy,Robert O'Malley,TRUE
RG_CI_2025,Rural Gen BaseLoad,PRJ-RG-3118,EMERGENT: Print Tags - Repair,Safety & Compliance,LOTO,Completed,Execution,08-03-2025,05-04-2025,101413.75,97415.86,BrandSafway,Robert O'Malley,FALSE
RG_CI_2025,Rural Gen BaseLoad,PRJ-RG-3119,Execution: Print Tags,Safety & Compliance,LOTO,Completed,Execution,08-03-2025,05-04-2025,77183.17,81556.07,United Rentals,Robert O'Malley,FALSE
RG_CI_2025,Rural Gen BaseLoad,PRJ-RG-3120,Execution: Invoice Reconciliation,Project Management,Financial & Controls,Completed,Execution,08-03-2025,05-04-2025,70367.87,77241.63,EthosEnergy,Robert O'Malley,FALSE
RG_CI_2025,Rural Gen BaseLoad,PRJ-RG-3121,Execution: Develop Cost Estimate,Project Management,Financial & Controls,Completed,Execution,08-03-2025,05-04-2025,100871.48,101398.94,Local Union 55,Robert O'Malley,FALSE
RG_CI_2025,Rural Gen BaseLoad,PRJ-RG-3122,Execution: Grid Outage Bid,Project Management,Regulatory,Completed,Execution,08-03-2025,05-04-2025,82029.26,80253.26,Local Union 55,Robert O'Malley,FALSE
RG_CI_2025,Rural Gen BaseLoad,PRJ-RG-3123,Execution: Shroud Block Replace,Gas Turbine,Turbine Section,Completed,Execution,08-03-2025,05-04-2025,86078.92,82026.11,Local Union 55,Robert O'Malley,FALSE
RG_CI_2025,Rural Gen BaseLoad,PRJ-RG-3124,EMERGENT: Develop Cost Estimate - Repair,Project Management,Financial & Controls,Completed,Execution,08-03-2025,05-04-2025,93462.32,92421.33,United Rentals,Robert O'Malley,FALSE
RG_CI_2025,Rural Gen BaseLoad,PRJ-RG-3125,Execution: Inlet Filter Inspection,Gas Turbine,Inlet & Compressor,Completed,Execution,08-03-2025,05-04-2025,88799.99,86101.7,Mistras Group,Robert O'Malley,FALSE
RG_CI_2025,Rural Gen BaseLoad,PRJ-RG-3126,Execution: HazWaste Permit,Project Management,Regulatory,Completed,Execution,08-03-2025,05-04-2025,89243.49,96013.35,Siemens Energy,Robert O'Malley,FALSE
RG_CI_2025,Rural Gen BaseLoad,PRJ-RG-3127,Execution: Bucket Exchange (S1-S3),Gas Turbine,Turbine Section,Completed,Execution,08-03-2025,05-04-2025,97831.34,91347.87,Mistras Group,Robert O'Malley,FALSE
RG_CI_2025,Rural Gen BaseLoad,PRJ-RG-3128,Execution: Submit CapEx Request,Project Management,Financial & Controls,Completed,Execution,08-03-2025,05-04-2025,94043.95,85794.77,Mistras Group,Robert O'Malley,FALSE
RG_CI_2025,Rural Gen BaseLoad,PRJ-RG-3129,Execution: Transition Piece Inspect,Gas Turbine,Combustion,Completed,Execution,08-03-2025,05-04-2025,98181.23,112233.92,United Rentals,Robert O'Malley,FALSE
RG_CI_2025,Rural Gen BaseLoad,PRJ-RG-3130,EMERGENT: Mobilization - Repair,Project Management,Supply Chain,Completed,Execution,08-03-2025,05-04-2025,76052.07,83394.7,United Rentals,Robert O'Malley,FALSE
RG_CI_2025,Rural Gen BaseLoad,PRJ-RG-3131,Execution: Fuel Nozzle Swap,Gas Turbine,Combustion,Completed,Execution,08-03-2025,05-04-2025,71087.48,69769.72,Mistras Group,Robert O'Malley,FALSE
RG_CI_2025,Rural Gen BaseLoad,PRJ-RG-3132,Execution: Environmental Permit Review,Project Management,Regulatory,Completed,Execution,08-03-2025,05-04-2025,80790.52,85928.26,Mistras Group,Robert O'Malley,FALSE
RG_CI_2025,Rural Gen BaseLoad,PRJ-RG-3133,Execution: Bucket Exchange (S1-S3),Gas Turbine,Turbine Section,Completed,Execution,08-03-2025,05-04-2025,90979.35,96057.02,United Rentals,Robert O'Malley,FALSE
RG_CI_2025,Rural Gen BaseLoad,PRJ-RG-3134,Execution: Air Monitoring Setup,Safety & Compliance,EHS,Completed,Execution,08-03-2025,05-04-2025,76537.17,83124.15,Local Union 55,Robert O'Malley,FALSE
RG_CI_2025,Rural Gen BaseLoad,PRJ-RG-3135,Execution: IGV Bushing Replace,Gas Turbine,Inlet & Compressor,Completed,Execution,08-03-2025,05-04-2025,93057.72,105089.97,Mistras Group,Robert O'Malley,FALSE
RG_CI_2025,Rural Gen BaseLoad,PRJ-RG-3136,Execution: Transition Piece Inspect,Gas Turbine,Combustion,Completed,Execution,08-03-2025,05-04-2025,79287.88,72324.54,Local Union 55,Robert O'Malley,FALSE
RG_CI_2025,Rural Gen BaseLoad,PRJ-RG-3137,EMERGENT: Submit CapEx Request - Repair,Project Management,Financial & Controls,Completed,Execution,08-03-2025,05-04-2025,94883.21,101648.8,Mistras Group,Robert O'Malley,FALSE
RG_CI_2025,Rural Gen BaseLoad,PRJ-RG-3138,Execution: Shroud Block Replace,Gas Turbine,Turbine Section,Completed,Execution,08-03-2025,05-04-2025,83732.6,88049.65,Siemens Energy,Robert O'Malley,FALSE
RG_CI_2025,Rural Gen BaseLoad,PRJ-RG-3139,Execution: Bucket Exchange (S1-S3),Gas Turbine,Turbine Section,Completed,Execution,08-03-2025,05-04-2025,101212.07,113568.01,Siemens Energy,Robert O'Malley,FALSE
RG_CI_2025,Rural Gen BaseLoad,PRJ-RG-3140,Execution: RFP General Contractor,Project Management,Supply Chain,Completed,Execution,08-03-2025,05-04-2025,93114.59,91581.14,GE Vernova,Robert O'Malley,FALSE
RG_CI_2025,Rural Gen BaseLoad,PRJ-RG-3141,Execution: Chemical Safety Review,Safety & Compliance,EHS,Completed,Execution,08-03-2025,05-04-2025,71770.95,74831.2,United Rentals,Robert O'Malley,FALSE
RG_CI_2025,Rural Gen BaseLoad,PRJ-RG-3142,EMERGENT: Environmental Permit Review - Repair,Project Management,Regulatory,Completed,Execution,08-03-2025,05-04-2025,79229.25,86621.35,Local Union 55,Robert O'Malley,FALSE
RG_CI_2025,Rural Gen BaseLoad,PRJ-RG-3143,Execution: Submit CapEx Request,Project Management,Financial & Controls,Completed,Execution,08-03-2025,05-04-2025,91591.56,89663.67,Siemens Energy,Robert O'Malley,FALSE
RG_CI_2025,Rural Gen BaseLoad,PRJ-RG-3144,EMERGENT: Fuel Nozzle Swap - Repair,Gas Turbine,Combustion,Completed,Execution,08-03-2025,05-04-2025,89694.6,98663.07,EthosEnergy,Robert O'Malley,FALSE
RG_CI_2025,Rural Gen BaseLoad,PRJ-RG-3145,Execution: Inlet Filter Inspection,Gas Turbine,Inlet & Compressor,Completed,Execution,08-03-2025,05-04-2025,75878.94,77355.87,Local Union 55,Robert O'Malley,FALSE
RG_CI_2025,Rural Gen BaseLoad,PRJ-RG-3146,Execution: Transition Piece Inspect,Gas Turbine,Combustion,Completed,Execution,08-03-2025,05-04-2025,95039,101950.87,Local Union 55,Robert O'Malley,FALSE
RG_CI_2025,Rural Gen BaseLoad,PRJ-RG-3147,Execution: Fuel Nozzle Swap,Gas Turbine,Combustion,Completed,Execution,08-03-2025,05-04-2025,95895,103356.54,Local Union 55,Robert O'Malley,FALSE
RG_CI_2025,Rural Gen BaseLoad,PRJ-RG-3148,Execution: Master LOTO List,Safety & Compliance,LOTO,Completed,Execution,08-03-2025,05-04-2025,92325.2,104898.63,Mistras Group,Robert O'Malley,FALSE
RG_CI_2025,Rural Gen BaseLoad,PRJ-RG-3149,Execution: Transition Piece Inspect,Gas Turbine,Combustion,Completed,Execution,08-03-2025,05-04-2025,101052.52,93574.13,EthosEnergy,Robert O'Malley,FALSE
RG_CI_2025,Rural Gen BaseLoad,PRJ-RG-3150,Execution: Environmental Permit Review,Project Management,Regulatory,Completed,Execution,08-03-2025,05-04-2025,70006.89,71052.42,Mistras Group,Robert O'Malley,FALSE
RG_CI_2025,Rural Gen BaseLoad,PRJ-RG-3151,Execution: RFP General Contractor,Project Management,Supply Chain,Completed,Execution,08-03-2025,05-04-2025,82891.57,87409,BrandSafway,Robert O'Malley,FALSE
RG_CI_2025,Rural Gen BaseLoad,PRJ-RG-3152,Execution: IGV Bushing Replace,Gas Turbine,Inlet & Compressor,Completed,Execution,08-03-2025,05-04-2025,71057.41,81218.32,GE Vernova,Robert O'Malley,FALSE
RG_CI_2025,Rural Gen BaseLoad,PRJ-RG-3153,Execution: Rotor Inspection,Gas Turbine,Turbine Section,Completed,Execution,08-03-2025,05-04-2025,75219.79,85768.03,GE Vernova,Robert O'Malley,FALSE
RG_CI_2025,Rural Gen BaseLoad,PRJ-RG-3154,EMERGENT: Confined Space Drills - Repair,Safety & Compliance,EHS,Completed,Execution,08-03-2025,05-04-2025,70014.47,65652,Local Union 55,Robert O'Malley,FALSE
RG_CI_2025,Rural Gen BaseLoad,PRJ-RG-3155,Execution: Bucket Exchange (S1-S3),Gas Turbine,Turbine Section,Completed,Execution,08-03-2025,05-04-2025,93682.02,89246.13,GE Vernova,Robert O'Malley,FALSE
RG_CI_2025,Rural Gen BaseLoad,PRJ-RG-3156,Execution: Bucket Exchange (S1-S3),Gas Turbine,Turbine Section,Completed,Execution,08-03-2025,05-04-2025,83455.28,89241.16,United Rentals,Robert O'Malley,FALSE
RG_CI_2025,Rural Gen BaseLoad,PRJ-RG-3157,Execution: Rotor Inspection,Gas Turbine,Turbine Section,Completed,Execution,08-03-2025,05-04-2025,68135.61,64490.98,Siemens Energy,Robert O'Malley,FALSE
RG_CI_2025,Rural Gen BaseLoad,PRJ-RG-3158,EMERGENT: Environmental Permit Review - Repair,Project Management,Regulatory,Completed,Execution,08-03-2025,05-04-2025,93505.48,88817.68,Mistras Group,Robert O'Malley,FALSE
RG_CI_2025,Rural Gen BaseLoad,PRJ-RG-3159,EMERGENT: Environmental Permit Review - Repair,Project Management,Regulatory,Completed,Execution,08-03-2025,05-04-2025,93776.42,107270.81,BrandSafway,Robert O'Malley,FALSE
RG_CI_2025,Rural Gen BaseLoad,PRJ-RG-3160,Execution: Walkdown Isolations,Safety & Compliance,LOTO,Completed,Execution,08-03-2025,05-04-2025,93261.92,97895.6,EthosEnergy,Robert O'Malley,FALSE
RG_CI_2025,Rural Gen BaseLoad,PRJ-RG-3161,Execution: Verify Zero Energy,Safety & Compliance,LOTO,Completed,Execution,08-03-2025,05-04-2025,95535.91,89157.14,EthosEnergy,Robert O'Malley,FALSE
RG_CI_2025,Rural Gen BaseLoad,PRJ-RG-3162,EMERGENT: Print Tags - Repair,Safety & Compliance,LOTO,Completed,Execution,08-03-2025,05-04-2025,71463.35,64762.8,EthosEnergy,Robert O'Malley,FALSE
RG_CI_2025,Rural Gen BaseLoad,PRJ-RG-3163,Execution: Master LOTO List,Safety & Compliance,LOTO,Completed,Execution,08-03-2025,05-04-2025,70079.18,78250.53,EthosEnergy,Robert O'Malley,FALSE
RG_CI_2025,Rural Gen BaseLoad,PRJ-RG-3164,EMERGENT: Combustion Chamber Open - Repair,Gas Turbine,Combustion,Completed,Execution,08-03-2025,05-04-2025,90803.45,96173.21,Siemens Energy,Robert O'Malley,FALSE
RG_CI_2025,Rural Gen BaseLoad,PRJ-RG-3165,Execution: Invoice Reconciliation,Project Management,Financial & Controls,Completed,Execution,08-03-2025,05-04-2025,90334.63,83942.33,BrandSafway,Robert O'Malley,FALSE
RG_CI_2025,Rural Gen BaseLoad,PRJ-RG-3166,Execution: Rotor Inspection,Gas Turbine,Turbine Section,Completed,Execution,08-03-2025,05-04-2025,90534.46,90181.06,GE Vernova,Robert O'Malley,FALSE
RG_CI_2025,Rural Gen BaseLoad,PRJ-RG-3167,EMERGENT: Grid Outage Bid - Repair,Project Management,Regulatory,Completed,Execution,08-03-2025,05-04-2025,73169.86,69984.34,Siemens Energy,Robert O'Malley,FALSE
RG_CI_2025,Rural Gen BaseLoad,PRJ-RG-3168,Execution: Walkdown Isolations,Safety & Compliance,LOTO,Completed,Execution,08-03-2025,05-04-2025,74783.23,83554.18,Mistras Group,Robert O'Malley,FALSE
RG_CI_2025,Rural Gen BaseLoad,PRJ-RG-3169,T+1: Verify Zero Energy,Safety & Compliance,LOTO,Completed,T+1,05-04-2025,05-05-2025,48670.74,48000.63,GE Vernova,Robert O'Malley,FALSE
RG_CI_2025,Rural Gen BaseLoad,PRJ-RG-3170,T+1: IGV Bushing Replace,Gas Turbine,Inlet & Compressor,Completed,T+1,05-04-2025,05-05-2025,55878.36,61385.69,GE Vernova,Robert O'Malley,FALSE
RG_CI_2025,Rural Gen BaseLoad,PRJ-RG-3171,T+1: HazWaste Permit,Project Management,Regulatory,Completed,T+1,05-04-2025,05-05-2025,57957.58,57076.22,GE Vernova,Robert O'Malley,FALSE
RG_CI_2025,Rural Gen BaseLoad,PRJ-RG-3172,T+1: Cross-Fire Tube Check,Gas Turbine,Combustion,Completed,T+1,05-04-2025,05-05-2025,46748.54,45132.84,United Rentals,Robert O'Malley,FALSE
RG_CI_2025,Rural Gen BaseLoad,PRJ-RG-3173,T+1: Rotor Inspection,Gas Turbine,Turbine Section,Completed,T+1,05-04-2025,05-05-2025,51021.52,47453.51,Mistras Group,Robert O'Malley,FALSE
RG_CI_2025,Rural Gen BaseLoad,PRJ-RG-3174,T+1: Fuel Nozzle Swap,Gas Turbine,Combustion,Completed,T+1,05-04-2025,05-05-2025,58383.4,54174,Siemens Energy,Robert O'Malley,FALSE
WV_MO_2028,West Valley Peaker,PRJ-WV-MA-1000,T-24: Invoice Rec Planning,Project Management,,Planned,T-24,07-10-2026,06-11-2026,73194.46,0.0,United Rentals,Sarah Miller,False
WV_MO_2028,West Valley Peaker,PRJ-WV-MA-1001,T-24: Scope Definition Planning,Project Management,,Planned,T-24,07-10-2026,06-11-2026,60346.39,0.0,Siemens Energy,Sarah Miller,False
WV_MO_2028,West Valley Peaker,PRJ-WV-MA-1002,T-24: Grid Bid Planning,Project Management,,Planned,T-24,09-10-2026,08-11-2026,74741.44,0.0,EthosEnergy,Sarah Miller,False
WV_MO_2028,West Valley Peaker,PRJ-WV-MA-1003,T-24: Invoice Rec Planning,Project Management,,Planned,T-24,08-10-2026,07-11-2026,84295.47,0.0,FieldCore,Sarah Miller,False
WV_MO_2028,West Valley Peaker,PRJ-WV-MA-1004,T-24: Scope Definition Planning,Project Management,,Planned,T-24,06-10-2026,05-11-2026,59438.34,0.0,Siemens Energy,Sarah Miller,False
WV_MO_2028,West Valley Peaker,PRJ-WV-MA-1005,T-24: Budget Approval Planning,Project Management,,Planned,T-24,08-10-2026,07-11-2026,72469.82,0.0,BrandSafway,Sarah Miller,False
WV_MO_2028,West Valley Peaker,PRJ-WV-MA-1006,T-24: Regulatory Permit Planning,Project Management,,Planned,T-24,07-10-2026,06-11-2026,66126.38,0.0,Mistras Group,Sarah Miller,False
WV_MO_2028,West Valley Peaker,PRJ-WV-MA-1007,T-24: Invoice Rec Planning,Project Management,,Planned,T-24,07-10-2026,06-11-2026,58728.38,0.0,United Rentals,Sarah Miller,False
WV_MO_2028,West Valley Peaker,PRJ-WV-MA-1008,T-24: Scope Definition Planning,Project Management,,Planned,T-24,09-10-2026,08-11-2026,66638.16,0.0,GE Vernova,Sarah Miller,False
WV_MO_2028,West Valley Peaker,PRJ-WV-MA-1009,T-24: Budget Approval Planning,Project Management,,Planned,T-24,08-10-2026,07-11-2026,57394.86,0.0,APM,Sarah Miller,False
WV_MO_2028,West Valley Peaker,PRJ-WV-MA-1010,T-24: Scope Definition Planning,Project Management,,Planned,T-24,08-10-2026,07-11-2026,83809.75,0.0,Mistras Group,Sarah Miller,False
WV_MO_2028,West Valley Peaker,PRJ-WV-MA-1011,T-24: Scope Definition Planning,Project Management,,Planned,T-24,08-10-2026,07-11-2026,73013.42,0.0,FieldCore,Sarah Miller,False
WV_MO_2028,West Valley Peaker,PRJ-WV-MA-1012,T-24: Invoice Rec Planning,Project Management,,Planned,T-24,08-10-2026,07-11-2026,67009.17,0.0,United Rentals,Sarah Miller,False
WV_MO_2028,West Valley Peaker,PRJ-WV-MA-1013,T-24: Grid Bid Planning,Project Management,,Planned,T-24,08-10-2026,07-11-2026,77017.87,0.0,United Rentals,Sarah Miller,False
WV_MO_2028,West Valley Peaker,PRJ-WV-MA-1014,T-24: Invoice Rec Planning,Project Management,,Planned,T-24,09-10-2026,08-11-2026,69068.82,0.0,Local Union 55,Sarah Miller,False
WV_MO_2028,West Valley Peaker,PRJ-WV-MA-1015,T-24: Regulatory Permit Planning,Project Management,,Planned,T-24,06-10-2026,05-11-2026,76205.16,0.0,EthosEnergy,Sarah Miller,False
WV_MO_2028,West Valley Peaker,PRJ-WV-MA-1016,T-24: Budget Approval Planning,Project Management,,Planned,T-24,06-10-2026,05-11-2026,78518.11,0.0,United Rentals,Sarah Miller,False
WV_MO_2028,West Valley Peaker,PRJ-WV-MA-1017,T-24: Regulatory Permit Planning,Project Management,,Planned,T-24,09-10-2026,08-11-2026,79766.74,0.0,Local Union 55,Sarah Miller,False
WV_MO_2028,West Valley Peaker,PRJ-WV-MA-1018,T-24: Invoice Rec Planning,Project Management,,Planned,T-24,06-10-2026,05-11-2026,83427.85,0.0,United Rentals,Sarah Miller,False
WV_MO_2028,West Valley Peaker,PRJ-WV-MA-1019,T-24: Regulatory Permit Planning,Project Management,,Planned,T-24,09-10-2026,08-11-2026,60741.18,0.0,BrandSafway,Sarah Miller,False
WV_MO_2028,West Valley Peaker,PRJ-WV-MA-1020,T-24: Budget Approval Planning,Project Management,,Planned,T-24,06-10-2026,05-11-2026,85466.96,0.0,BrandSafway,Sarah Miller,False
WV_MO_2028,West Valley Peaker,PRJ-WV-MA-1021,T-18: Invoice Rec Planning,Project Management,,Planned,T-18,15-04-2027,15-05-2027,287167.98,0.0,BrandSafway,Sarah Miller,False
WV_MO_2028,West Valley Peaker,PRJ-WV-MA-1022,T-18: Invoice Rec Planning,Project Management,,Planned,T-18,17-04-2027,17-05-2027,361979.68,0.0,United Rentals,Sarah Miller,False
WV_MO_2028,West Valley Peaker,PRJ-WV-MA-1023,T-18: Budget Approval Planning,Project Management,,Planned,T-18,16-04-2027,16-05-2027,372113.02,0.0,GE Vernova,Sarah Miller,False
WV_MO_2028,West Valley Peaker,PRJ-WV-MA-1024,T-18: Regulatory Permit Planning,Project Management,,Planned,T-18,14-04-2027,14-05-2027,296607.53,0.0,EthosEnergy,Sarah Miller,False
WV_MO_2028,West Valley Peaker,PRJ-WV-MA-1025,T-18: Budget Approval Planning,Project Management,,Planned,T-18,16-04-2027,16-05-2027,303123.7,0.0,APM,Sarah Miller,False
WV_MO_2028,West Valley Peaker,PRJ-WV-MA-1026,T-18: Grid Bid Planning,Project Management,,Planned,T-18,14-04-2027,14-05-2027,386442.98,0.0,BrandSafway,Sarah Miller,False
WV_MO_2028,West Valley Peaker,PRJ-WV-MA-1027,T-18: Scope Definition Planning,Project Management,,Planned,T-18,15-04-2027,15-05-2027,410607.87,0.0,APM,Sarah Miller,False
WV_MO_2028,West Valley Peaker,PRJ-WV-MA-1028,T-18: Scope Definition Planning,Project Management,,Planned,T-18,15-04-2027,15-05-2027,322068.74,0.0,GE Vernova,Sarah Miller,False
WV_MO_2028,West Valley Peaker,PRJ-WV-MA-1029,T-18: Regulatory Permit Planning,Project Management,,Planned,T-18,14-04-2027,14-05-2027,300532.87,0.0,Mistras Group,Sarah Miller,False
WV_MO_2028,West Valley Peaker,PRJ-WV-MA-1030,T-18: Regulatory Permit Planning,Project Management,,Planned,T-18,15-04-2027,15-05-2027,408386.07,0.0,APM,Sarah Miller,False
WV_MO_2028,West Valley Peaker,PRJ-WV-MA-1031,T-18: Budget Approval Planning,Project Management,,Planned,T-18,14-04-2027,14-05-2027,397070.44,0.0,United Rentals,Sarah Miller,False
WV_MO_2028,West Valley Peaker,PRJ-WV-MA-1032,T-18: Grid Bid Planning,Project Management,,Planned,T-18,14-04-2027,14-05-2027,419399.43,0.0,EthosEnergy,Sarah Miller,False
WV_MO_2028,West Valley Peaker,PRJ-WV-MA-1033,T-18: Budget Approval Planning,Project Management,,Planned,T-18,17-04-2027,17-05-2027,425114.37,0.0,Mistras Group,Sarah Miller,False
WV_MO_2028,West Valley Peaker,PRJ-WV-MA-1034,T-18: Grid Bid Planning,Project Management,,Planned,T-18,17-04-2027,17-05-2027,360249.7,0.0,FieldCore,Sarah Miller,False
WV_MO_2028,West Valley Peaker,PRJ-WV-MA-1035,T-18: Invoice Rec Planning,Project Management,,Planned,T-18,14-04-2027,14-05-2027,420891.96,0.0,FieldCore,Sarah Miller,False
WV_MO_2028,West Valley Peaker,PRJ-WV-MA-1036,T-18: Regulatory Permit Planning,Project Management,,Planned,T-18,14-04-2027,14-05-2027,407102.91,0.0,Local Union 55,Sarah Miller,False
WV_MO_2028,West Valley Peaker,PRJ-WV-MA-1037,T-18: Invoice Rec Planning,Project Management,,Planned,T-18,16-04-2027,16-05-2027,382495.36,0.0,United Rentals,Sarah Miller,False
WV_MO_2028,West Valley Peaker,PRJ-WV-MA-1038,T-18: Invoice Rec Planning,Project Management,,Planned,T-18,14-04-2027,14-05-2027,385373.08,0.0,GE Vernova,Sarah Miller,False
WV_MO_2028,West Valley Peaker,PRJ-WV-MA-1039,T-18: Regulatory Permit Planning,Project Management,,Planned,T-18,17-04-2027,17-05-2027,357646.95,0.0,Mistras Group,Sarah Miller,False
WV_MO_2028,West Valley Peaker,PRJ-WV-MA-1040,T-18: Budget Approval Planning,Project Management,,Planned,T-18,14-04-2027,14-05-2027,379443.92,0.0,EthosEnergy,Sarah Miller,False
WV_MO_2028,West Valley Peaker,PRJ-WV-MA-1041,T-18: Grid Bid Planning,Project Management,,Planned,T-18,14-04-2027,14-05-2027,402647.01,0.0,EthosEnergy,Sarah Miller,False
WV_MO_2028,West Valley Peaker,PRJ-WV-MA-1042,T-12: Grid Bid Planning,Project Management,,Planned,T-12,08-10-2027,07-11-2027,235219.47,0.0,Local Union 55,Sarah Miller,False
WV_MO_2028,West Valley Peaker,PRJ-WV-MA-1043,T-12: Grid Bid Planning,Project Management,,Planned,T-12,09-10-2027,08-11-2027,275827.65,0.0,GE Vernova,Sarah Miller,False
WV_MO_2028,West Valley Peaker,PRJ-WV-MA-1044,T-12: Budget Approval Planning,Project Management,,Planned,T-12,07-10-2027,06-11-2027,290164.36,0.0,FieldCore,Sarah Miller,False
WV_MO_2028,West Valley Peaker,PRJ-WV-MA-1045,T-12: Grid Bid Planning,Project Management,,Planned,T-12,06-10-2027,05-11-2027,260569.58,0.0,BrandSafway,Sarah Miller,False
WV_MO_2028,West Valley Peaker,PRJ-WV-MA-1046,T-12: Budget Approval Planning,Project Management,,Planned,T-12,07-10-2027,06-11-2027,237719.84,0.0,Mistras Group,Sarah Miller,False
WV_MO_2028,West Valley Peaker,PRJ-WV-MA-1047,T-12: Regulatory Permit Planning,Project Management,,Planned,T-12,07-10-2027,06-11-2027,257407.37,0.0,Local Union 55,Sarah Miller,False
WV_MO_2028,West Valley Peaker,PRJ-WV-MA-1048,T-12: Invoice Rec Planning,Project Management,,Planned,T-12,09-10-2027,08-11-2027,232859.69,0.0,BrandSafway,Sarah Miller,False
WV_MO_2028,West Valley Peaker,PRJ-WV-MA-1049,T-12: Budget Approval Planning,Project Management,,Planned,T-12,09-10-2027,08-11-2027,248746.65,0.0,United Rentals,Sarah Miller,False
WV_MO_2028,West Valley Peaker,PRJ-WV-MA-1050,T-12: Regulatory Permit Planning,Project Management,,Planned,T-12,07-10-2027,06-11-2027,295181.83,0.0,Local Union 55,Sarah Miller,False
WV_MO_2028,West Valley Peaker,PRJ-WV-MA-1051,T-12: Budget Approval Planning,Project Management,,Planned,T-12,07-10-2027,06-11-2027,226408.29,0.0,Local Union 55,Sarah Miller,False
WV_MO_2028,West Valley Peaker,PRJ-WV-MA-1052,T-12: Grid Bid Planning,Project Management,,Planned,T-12,09-10-2027,08-11-2027,307909.76,0.0,EthosEnergy,Sarah Miller,False
WV_MO_2028,West Valley Peaker,PRJ-WV-MA-1053,T-12: Grid Bid Planning,Project Management,,Planned,T-12,06-10-2027,05-11-2027,295657.76,0.0,Siemens Energy,Sarah Miller,False
WV_MO_2028,West Valley Peaker,PRJ-WV-MA-1054,T-12: Invoice Rec Planning,Project Management,,Planned,T-12,06-10-2027,05-11-2027,231444.11,0.0,FieldCore,Sarah Miller,False
WV_MO_2028,West Valley Peaker,PRJ-WV-MA-1055,T-12: Scope Definition Planning,Project Management,,Planned,T-12,09-10-2027,08-11-2027,303689.52,0.0,GE Vernova,Sarah Miller,False
WV_MO_2028,West Valley Peaker,PRJ-WV-MA-1056,T-12: Regulatory Permit Planning,Project Management,,Planned,T-12,06-10-2027,05-11-2027,235920.58,0.0,Siemens Energy,Sarah Miller,False
WV_MO_2028,West Valley Peaker,PRJ-WV-MA-1057,T-12: Regulatory Permit Planning,Project Management,,Planned,T-12,09-10-2027,08-11-2027,291289.86,0.0,GE Vernova,Sarah Miller,False
WV_MO_2028,West Valley Peaker,PRJ-WV-MA-1058,T-12: Regulatory Permit Planning,Project Management,,Planned,T-12,07-10-2027,06-11-2027,252949.2,0.0,FieldCore,Sarah Miller,False
WV_MO_2028,West Valley Peaker,PRJ-WV-MA-1059,T-12: Scope Definition Planning,Project Management,,Planned,T-12,07-10-2027,06-11-2027,262217.45,0.0,FieldCore,Sarah Miller,False
WV_MO_2028,West Valley Peaker,PRJ-WV-MA-1060,T-12: Budget Approval Planning,Project Management,,Planned,T-12,08-10-2027,07-11-2027,274376.51,0.0,BrandSafway,Sarah Miller,False
WV_MO_2028,West Valley Peaker,PRJ-WV-MA-1061,T-12: Scope Definition Planning,Project Management,,Planned,T-12,07-10-2027,06-11-2027,295786.73,0.0,APM,Sarah Miller,False
WV_MO_2028,West Valley Peaker,PRJ-WV-MA-1062,T-12: Grid Bid Planning,Project Management,,Planned,T-12,06-10-2027,05-11-2027,311712.12,0.0,United Rentals,Sarah Miller,False
WV_MO_2028,West Valley Peaker,PRJ-WV-MA-1063,T-12: Budget Approval Planning,Project Management,,Planned,T-12,06-10-2027,05-11-2027,315006.58,0.0,APM,Sarah Miller,False
WV_MO_2028,West Valley Peaker,PRJ-WV-MA-1064,T-12: Scope Definition Planning,Project Management,,Planned,T-12,08-10-2027,07-11-2027,315355.11,0.0,APM,Sarah Miller,False
WV_MO_2028,West Valley Peaker,PRJ-WV-MA-1065,T-12: Budget Approval Planning,Project Management,,Planned,T-12,07-10-2027,06-11-2027,289467.84,0.0,BrandSafway,Sarah Miller,False
WV_MO_2028,West Valley Peaker,PRJ-WV-MA-1066,T-12: Regulatory Permit Planning,Project Management,,Planned,T-12,06-10-2027,05-11-2027,271532.58,0.0,BrandSafway,Sarah Miller,False
WV_MO_2028,West Valley Peaker,PRJ-WV-MA-1067,T-12: Regulatory Permit Planning,Project Management,,Planned,T-12,08-10-2027,07-11-2027,299316.68,0.0,Local Union 55,Sarah Miller,False
WV_MO_2028,West Valley Peaker,PRJ-WV-MA-1068,T-12: Scope Definition Planning,Project Management,,Planned,T-12,08-10-2027,07-11-2027,225675.39,0.0,Local Union 55,Sarah Miller,False
WV_MO_2028,West Valley Peaker,PRJ-WV-MA-1069,T-12: Scope Definition Planning,Project Management,,Planned,T-12,07-10-2027,06-11-2027,228858.56,0.0,Mistras Group,Sarah Miller,False
WV_MO_2028,West Valley Peaker,PRJ-WV-MA-1070,T-12: Grid Bid Planning,Project Management,,Planned,T-12,08-10-2027,07-11-2027,244077.25,0.0,GE Vernova,Sarah Miller,False
WV_MO_2028,West Valley Peaker,PRJ-WV-MA-1071,T-12: Budget Approval Planning,Project Management,,Planned,T-12,09-10-2027,08-11-2027,311522.77,0.0,GE Vernova,Sarah Miller,False
WV_MO_2028,West Valley Peaker,PRJ-WV-MA-1072,T-12: Scope Definition Planning,Project Management,,Planned,T-12,09-10-2027,08-11-2027,312938.34,0.0,United Rentals,Sarah Miller,False
WV_MO_2028,West Valley Peaker,PRJ-WV-MA-1073,T-12: Scope Definition Planning,Project Management,,Planned,T-12,09-10-2027,08-11-2027,251287.77,0.0,United Rentals,Sarah Miller,False
WV_MO_2028,West Valley Peaker,PRJ-WV-MA-1074,T-12: Scope Definition Planning,Project Management,,Planned,T-12,06-10-2027,05-11-2027,295662.5,0.0,EthosEnergy,Sarah Miller,False
WV_MO_2028,West Valley Peaker,PRJ-WV-MA-1075,T-12: Grid Bid Planning,Project Management,,Planned,T-12,07-10-2027,06-11-2027,219648.15,0.0,Siemens Energy,Sarah Miller,False
WV_MO_2028,West Valley Peaker,PRJ-WV-MA-1076,T-12: Budget Approval Planning,Project Management,,Planned,T-12,09-10-2027,08-11-2027,296523.27,0.0,Mistras Group,Sarah Miller,False
WV_MO_2028,West Valley Peaker,PRJ-WV-MA-1077,T-12: Budget Approval Planning,Project Management,,Planned,T-12,07-10-2027,06-11-2027,300904.81,0.0,EthosEnergy,Sarah Miller,False
WV_MO_2028,West Valley Peaker,PRJ-WV-MA-1078,T-12: Budget Approval Planning,Project Management,,Planned,T-12,08-10-2027,07-11-2027,248427.61,0.0,APM,Sarah Miller,False
WV_MO_2028,West Valley Peaker,PRJ-WV-MA-1079,T-12: Invoice Rec Planning,Project Management,,Planned,T-12,07-10-2027,06-11-2027,285626.4,0.0,BrandSafway,Sarah Miller,False
WV_MO_2028,West Valley Peaker,PRJ-WV-MA-1080,T-12: Regulatory Permit Planning,Project Management,,Planned,T-12,06-10-2027,05-11-2027,233316.3,0.0,United Rentals,Sarah Miller,False
WV_MO_2028,West Valley Peaker,PRJ-WV-MA-1081,T-12: Scope Definition Planning,Project Management,,Planned,T-12,09-10-2027,08-11-2027,282062.03,0.0,BrandSafway,Sarah Miller,False
WV_MO_2028,West Valley Peaker,PRJ-WV-MA-1082,T-12: Scope Definition Planning,Project Management,,Planned,T-12,07-10-2027,06-11-2027,247973.39,0.0,FieldCore,Sarah Miller,False
WV_MO_2028,West Valley Peaker,PRJ-WV-MA-1083,T-12: Regulatory Permit Planning,Project Management,,Planned,T-12,07-10-2027,06-11-2027,296089.84,0.0,GE Vernova,Sarah Miller,False
WV_MO_2028,West Valley Peaker,PRJ-WV-MA-1084,T-6: Invoice Rec Planning,Project Management,,Planned,T-6,09-04-2028,09-05-2028,195243.81,0.0,Local Union 55,Sarah Miller,False
WV_MO_2028,West Valley Peaker,PRJ-WV-MA-1085,T-6: Invoice Rec Planning,Project Management,,Planned,T-6,11-04-2028,11-05-2028,184050.0,0.0,GE Vernova,Sarah Miller,False
WV_MO_2028,West Valley Peaker,PRJ-WV-MA-1086,T-6: Scope Definition Planning,Project Management,,Planned,T-6,10-04-2028,10-05-2028,152119.96,0.0,BrandSafway,Sarah Miller,False
WV_MO_2028,West Valley Peaker,PRJ-WV-MA-1087,T-6: Scope Definition Planning,Project Management,,Planned,T-6,09-04-2028,09-05-2028,212759.16,0.0,EthosEnergy,Sarah Miller,False
WV_MO_2028,West Valley Peaker,PRJ-WV-MA-1088,T-6: Scope Definition Planning,Project Management,,Planned,T-6,11-04-2028,11-05-2028,187014.18,0.0,Local Union 55,Sarah Miller,False
WV_MO_2028,West Valley Peaker,PRJ-WV-MA-1089,T-6: Grid Bid Planning,Project Management,,Planned,T-6,08-04-2028,08-05-2028,197201.7,0.0,GE Vernova,Sarah Miller,False
WV_MO_2028,West Valley Peaker,PRJ-WV-MA-1090,T-6: Budget Approval Planning,Project Management,,Planned,T-6,08-04-2028,08-05-2028,159714.4,0.0,Local Union 55,Sarah Miller,False
WV_MO_2028,West Valley Peaker,PRJ-WV-MA-1091,T-6: Invoice Rec Planning,Project Management,,Planned,T-6,08-04-2028,08-05-2028,178350.84,0.0,EthosEnergy,Sarah Miller,False
WV_MO_2028,West Valley Peaker,PRJ-WV-MA-1092,T-6: Regulatory Permit Planning,Project Management,,Planned,T-6,08-04-2028,08-05-2028,144992.05,0.0,APM,Sarah Miller,False
WV_MO_2028,West Valley Peaker,PRJ-WV-MA-1093,T-6: Grid Bid Planning,Project Management,,Planned,T-6,11-04-2028,11-05-2028,200642.16,0.0,FieldCore,Sarah Miller,False
WV_MO_2028,West Valley Peaker,PRJ-WV-MA-1094,T-6: Budget Approval Planning,Project Management,,Planned,T-6,10-04-2028,10-05-2028,170012.64,0.0,EthosEnergy,Sarah Miller,False
WV_MO_2028,West Valley Peaker,PRJ-WV-MA-1095,T-6: Grid Bid Planning,Project Management,,Planned,T-6,10-04-2028,10-05-2028,191477.36,0.0,United Rentals,Sarah Miller,False
WV_MO_2028,West Valley Peaker,PRJ-WV-MA-1096,T-6: Grid Bid Planning,Project Management,,Planned,T-6,09-04-2028,09-05-2028,208550.35,0.0,Mistras Group,Sarah Miller,False
WV_MO_2028,West Valley Peaker,PRJ-WV-MA-1097,T-6: Scope Definition Planning,Project Management,,Planned,T-6,09-04-2028,09-05-2028,194705.32,0.0,EthosEnergy,Sarah Miller,False
WV_MO_2028,West Valley Peaker,PRJ-WV-MA-1098,T-6: Grid Bid Planning,Project Management,,Planned,T-6,11-04-2028,11-05-2028,210444.54,0.0,GE Vernova,Sarah Miller,False
WV_MO_2028,West Valley Peaker,PRJ-WV-MA-1099,T-6: Scope Definition Planning,Project Management,,Planned,T-6,10-04-2028,10-05-2028,145651.31,0.0,Local Union 55,Sarah Miller,False
WV_MO_2028,West Valley Peaker,PRJ-WV-MA-1100,T-6: Invoice Rec Planning,Project Management,,Planned,T-6,08-04-2028,08-05-2028,181416.16,0.0,Local Union 55,Sarah Miller,False
WV_MO_2028,West Valley Peaker,PRJ-WV-MA-1101,T-6: Scope Definition Planning,Project Management,,Planned,T-6,09-04-2028,09-05-2028,196862.78,0.0,Siemens Energy,Sarah Miller,False
WV_MO_2028,West Valley Peaker,PRJ-WV-MA-1102,T-6: Scope Definition Planning,Project Management,,Planned,T-6,08-04-2028,08-05-2028,206108.12,0.0,APM,Sarah Miller,False
WV_MO_2028,West Valley Peaker,PRJ-WV-MA-1103,T-6: Budget Approval Planning,Project Management,,Planned,T-6,08-04-2028,08-05-2028,173421.46,0.0,GE Vernova,Sarah Miller,False
WV_MO_2028,West Valley Peaker,PRJ-WV-MA-1104,T-6: Invoice Rec Planning,Project Management,,Planned,T-6,09-04-2028,09-05-2028,178487.42,0.0,United Rentals,Sarah Miller,False
WV_MO_2028,West Valley Peaker,PRJ-WV-MA-1105,T-3: Regulatory Permit Planning,Project Management,,Planned,T-3,07-07-2028,06-08-2028,111767.1,0.0,FieldCore,Sarah Miller,False
WV_MO_2028,West Valley Peaker,PRJ-WV-MA-1106,T-3: Grid Bid Planning,Project Management,,Planned,T-3,10-07-2028,09-08-2028,124039.76,0.0,United Rentals,Sarah Miller,False
WV_MO_2028,West Valley Peaker,PRJ-WV-MA-1107,T-3: Regulatory Permit Planning,Project Management,,Planned,T-3,09-07-2028,08-08-2028,105741.25,0.0,APM,Sarah Miller,False
WV_MO_2028,West Valley Peaker,PRJ-WV-MA-1108,T-3: Grid Bid Planning,Project Management,,Planned,T-3,08-07-2028,07-08-2028,101535.13,0.0,EthosEnergy,Sarah Miller,False
WV_MO_2028,West Valley Peaker,PRJ-WV-MA-1109,T-3: Regulatory Permit Planning,Project Management,,Planned,T-3,10-07-2028,09-08-2028,106445.66,0.0,Siemens Energy,Sarah Miller,False
WV_MO_2028,West Valley Peaker,PRJ-WV-MA-1110,T-3: Regulatory Permit Planning,Project Management,,Planned,T-3,09-07-2028,08-08-2028,87242.33,0.0,BrandSafway,Sarah Miller,False
WV_MO_2028,West Valley Peaker,PRJ-WV-MA-1111,T-3: Grid Bid Planning,Project Management,,Planned,T-3,09-07-2028,08-08-2028,93864.58,0.0,FieldCore,Sarah Miller,False
WV_MO_2028,West Valley Peaker,PRJ-WV-MA-1112,T-3: Grid Bid Planning,Project Management,,Planned,T-3,07-07-2028,06-08-2028,108904.3,0.0,GE Vernova,Sarah Miller,False
WV_MO_2028,West Valley Peaker,PRJ-WV-MA-1113,T-3: Invoice Rec Planning,Project Management,,Planned,T-3,10-07-2028,09-08-2028,95068.71,0.0,BrandSafway,Sarah Miller,False
WV_MO_2028,West Valley Peaker,PRJ-WV-MA-1114,T-3: Regulatory Permit Planning,Project Management,,Planned,T-3,09-07-2028,08-08-2028,115273.51,0.0,FieldCore,Sarah Miller,False
WV_MO_2028,West Valley Peaker,PRJ-WV-MA-1115,T-3: Scope Definition Planning,Project Management,,Planned,T-3,07-07-2028,06-08-2028,127904.68,0.0,BrandSafway,Sarah Miller,False
WV_MO_2028,West Valley Peaker,PRJ-WV-MA-1116,T-3: Grid Bid Planning,Project Management,,Planned,T-3,10-07-2028,09-08-2028,88888.29,0.0,APM,Sarah Miller,False
WV_MO_2028,West Valley Peaker,PRJ-WV-MA-1117,T-3: Grid Bid Planning,Project Management,,Planned,T-3,09-07-2028,08-08-2028,91962.49,0.0,United Rentals,Sarah Miller,False
WV_MO_2028,West Valley Peaker,PRJ-WV-MA-1118,T-3: Scope Definition Planning,Project Management,,Planned,T-3,08-07-2028,07-08-2028,90959.77,0.0,Siemens Energy,Sarah Miller,False
WV_MO_2028,West Valley Peaker,PRJ-WV-MA-1119,T-3: Regulatory Permit Planning,Project Management,,Planned,T-3,08-07-2028,07-08-2028,97982.15,0.0,Local Union 55,Sarah Miller,False
WV_MO_2028,West Valley Peaker,PRJ-WV-MA-1120,T-3: Grid Bid Planning,Project Management,,Planned,T-3,07-07-2028,06-08-2028,115118.51,0.0,Siemens Energy,Sarah Miller,False
WV_MO_2028,West Valley Peaker,PRJ-WV-MA-1121,T-3: Regulatory Permit Planning,Project Management,,Planned,T-3,10-07-2028,09-08-2028,108522.68,0.0,Siemens Energy,Sarah Miller,False
WV_MO_2028,West Valley Peaker,PRJ-WV-MA-1122,T-3: Regulatory Permit Planning,Project Management,,Planned,T-3,07-07-2028,06-08-2028,111645.39,0.0,APM,Sarah Miller,False
WV_MO_2028,West Valley Peaker,PRJ-WV-MA-1123,T-3: Grid Bid Planning,Project Management,,Planned,T-3,08-07-2028,07-08-2028,115445.18,0.0,United Rentals,Sarah Miller,False
WV_MO_2028,West Valley Peaker,PRJ-WV-MA-1124,T-3: Budget Approval Planning,Project Management,,Planned,T-3,07-07-2028,06-08-2028,127971.56,0.0,EthosEnergy,Sarah Miller,False
WV_MO_2028,West Valley Peaker,PRJ-WV-MA-1125,T-3: Regulatory Permit Planning,Project Management,,Planned,T-3,08-07-2028,07-08-2028,105800.53,0.0,FieldCore,Sarah Miller,False
WV_MO_2028,West Valley Peaker,PRJ-WV-MA-1126,T-1: Stack Damper Planning,HRSG,,Planned,T-1,06-09-2028,06-10-2028,208670.01,0.0,Siemens Energy,Sarah Miller,False
WV_MO_2028,West Valley Peaker,PRJ-WV-MA-1127,T-1: Stack Damper Planning,HRSG,,Planned,T-1,06-09-2028,06-10-2028,154734.89,0.0,GE Vernova,Sarah Miller,False
WV_MO_2028,West Valley Peaker,PRJ-WV-MA-1128,T-1: Confined Space Setup Planning,Safety,,Planned,T-1,06-09-2028,06-10-2028,185750.62,0.0,Local Union 55,Sarah Miller,False
WV_MO_2028,West Valley Peaker,PRJ-WV-MA-1129,T-1: Confined Space Setup Planning,Safety,,Planned,T-1,08-09-2028,08-10-2028,204496.54,0.0,GE Vernova,Sarah Miller,False
WV_MO_2028,West Valley Peaker,PRJ-WV-MA-1130,T-1: Bucket Exchange Planning,Gas Turbine,,Planned,T-1,08-09-2028,08-10-2028,188994.98,0.0,FieldCore,Sarah Miller,False
WV_MO_2028,West Valley Peaker,PRJ-WV-MA-1131,T-1: Condenser Clean Planning,BOP,,Planned,T-1,06-09-2028,06-10-2028,203644.78,0.0,BrandSafway,Sarah Miller,False
WV_MO_2028,West Valley Peaker,PRJ-WV-MA-1132,T-1: HP Shell Removal Planning,Steam Turbine,,Planned,T-1,07-09-2028,07-10-2028,191145.8,0.0,Mistras Group,Sarah Miller,False
WV_MO_2028,West Valley Peaker,PRJ-WV-MA-1133,T-1: Stop Valve Insp Planning,Steam Turbine,,Planned,T-1,07-09-2028,07-10-2028,159399.25,0.0,FieldCore,Sarah Miller,False
WV_MO_2028,West Valley Peaker,PRJ-WV-MA-1134,T-1: Catalyst Sample Planning,HRSG,,Planned,T-1,08-09-2028,08-10-2028,190115.0,0.0,APM,Sarah Miller,False
WV_MO_2028,West Valley Peaker,PRJ-WV-MA-1135,T-1: Confined Space Setup Planning,Safety,,Planned,T-1,08-09-2028,08-10-2028,211529.54,0.0,BrandSafway,Sarah Miller,False
WV_MO_2028,West Valley Peaker,PRJ-WV-MA-1136,T-1: Safety Audit Planning,Safety,,Planned,T-1,08-09-2028,08-10-2028,201462.85,0.0,Siemens Energy,Sarah Miller,False
WV_MO_2028,West Valley Peaker,PRJ-WV-MA-1137,T-1: Catalyst Sample Planning,HRSG,,Planned,T-1,06-09-2028,06-10-2028,190543.34,0.0,United Rentals,Sarah Miller,False
WV_MO_2028,West Valley Peaker,PRJ-WV-MA-1138,T-1: Wedge Check Planning,Generator,,Planned,T-1,07-09-2028,07-10-2028,163773.58,0.0,United Rentals,Sarah Miller,False
WV_MO_2028,West Valley Peaker,PRJ-WV-MA-1139,T-1: Wedge Check Planning,Generator,,Planned,T-1,05-09-2028,05-10-2028,179043.59,0.0,Local Union 55,Sarah Miller,False
WV_MO_2028,West Valley Peaker,PRJ-WV-MA-1140,T-1: Wedge Check Planning,Generator,,Planned,T-1,08-09-2028,08-10-2028,163186.72,0.0,APM,Sarah Miller,False
WV_MO_2028,West Valley Peaker,PRJ-WV-MA-1141,T-1: Robotic Insp Planning,Generator,,Planned,T-1,06-09-2028,06-10-2028,161559.93,0.0,United Rentals,Sarah Miller,False
WV_MO_2028,West Valley Peaker,PRJ-WV-MA-1142,T-1: Tube Thickness Check Planning,HRSG,,Planned,T-1,06-09-2028,06-10-2028,157259.26,0.0,Local Union 55,Sarah Miller,False
WV_MO_2028,West Valley Peaker,PRJ-WV-MA-1143,T-1: Control Valve Lapping Planning,Steam Turbine,,Planned,T-1,05-09-2028,05-10-2028,143493.24,0.0,Mistras Group,Sarah Miller,False
WV_MO_2028,West Valley Peaker,PRJ-WV-MA-1144,T-1: Combustion Swap Planning,Gas Turbine,,Planned,T-1,07-09-2028,07-10-2028,207998.11,0.0,APM,Sarah Miller,False
WV_MO_2028,West Valley Peaker,PRJ-WV-MA-1145,T-1: Robotic Insp Planning,Generator,,Planned,T-1,06-09-2028,06-10-2028,180413.89,0.0,Siemens Energy,Sarah Miller,False
WV_MO_2028,West Valley Peaker,PRJ-WV-MA-1146,T-1: Exciter Diode Check Planning,Generator,,Planned,T-1,08-09-2028,08-10-2028,197548.56,0.0,Siemens Energy,Sarah Miller,False
WV_MO_2028,West Valley Peaker,PRJ-WV-MA-1147,Drum Insp - Area 2,HRSG,,Planned,Execution,07-10-2028,12-10-2028,186362.79,0.0,EthosEnergy,Sarah Miller,False
WV_MO_2028,West Valley Peaker,PRJ-WV-MA-1148,Diaphragm Clean - Area 1,Steam Turbine,,Planned,Execution,06-10-2028,11-10-2028,180135.49,0.0,Siemens Energy,Sarah Miller,False
WV_MO_2028,West Valley Peaker,PRJ-WV-MA-1149,LP Hood Open - Area 3,Steam Turbine,,Planned,Execution,05-10-2028,10-10-2028,163038.29,0.0,Siemens Energy,Sarah Miller,False
WV_MO_2028,West Valley Peaker,PRJ-WV-MA-1150,Catalyst Sample - Area 4,HRSG,,Planned,Execution,08-10-2028,13-10-2028,191018.75,0.0,EthosEnergy,Sarah Miller,False
WV_MO_2028,West Valley Peaker,PRJ-WV-MA-1151,Circ Pump Rebuild - Area 1,BOP,,Planned,Execution,05-10-2028,10-10-2028,174876.0,0.0,FieldCore,Sarah Miller,False
WV_MO_2028,West Valley Peaker,PRJ-WV-MA-1152,Wedge Check - Area 3,Generator,,Planned,Execution,07-10-2028,12-10-2028,172078.71,0.0,Siemens Energy,Sarah Miller,False
WV_MO_2028,West Valley Peaker,PRJ-WV-MA-1153,Compressor Blade Insp - Area 3,Gas Turbine,,Planned,Execution,07-10-2028,12-10-2028,147784.3,0.0,FieldCore,Sarah Miller,False
WV_MO_2028,West Valley Peaker,PRJ-WV-MA-1154,Stop Valve Insp - Area 1,Steam Turbine,,Planned,Execution,05-10-2028,10-10-2028,160787.25,0.0,BrandSafway,Sarah Miller,False
WV_MO_2028,West Valley Peaker,PRJ-WV-MA-1155,Compressor Blade Insp - Area 4,Gas Turbine,,Planned,Execution,06-10-2028,11-10-2028,183005.88,0.0,FieldCore,Sarah Miller,False
WV_MO_2028,West Valley Peaker,PRJ-WV-MA-1156,HP Shell Removal - Area 4,Steam Turbine,,Planned,Execution,06-10-2028,11-10-2028,131115.69,0.0,United Rentals,Sarah Miller,False
WV_MO_2028,West Valley Peaker,PRJ-WV-MA-1157,Robotic Insp - Area 1,Generator,,Planned,Execution,06-10-2028,11-10-2028,142513.87,0.0,Local Union 55,Sarah Miller,False
WV_MO_2028,West Valley Peaker,PRJ-WV-MA-1158,Rotor Insp - Area 1,Gas Turbine,,Planned,Execution,08-10-2028,13-10-2028,166679.59,0.0,FieldCore,Sarah Miller,False
WV_MO_2028,West Valley Peaker,PRJ-WV-MA-1159,Catalyst Sample - Area 1,HRSG,,Planned,Execution,07-10-2028,12-10-2028,159636.72,0.0,Mistras Group,Sarah Miller,False
WV_MO_2028,West Valley Peaker,PRJ-WV-MA-1160,Robotic Insp - Area 4,Generator,,Planned,Execution,05-10-2028,10-10-2028,172865.14,0.0,United Rentals,Sarah Miller,False
WV_MO_2028,West Valley Peaker,PRJ-WV-MA-1161,Safety Audit - Area 1,Safety,,Planned,Execution,07-10-2028,12-10-2028,129550.38,0.0,GE Vernova,Sarah Miller,False
WV_MO_2028,West Valley Peaker,PRJ-WV-MA-1162,Stack Damper - Area 3,HRSG,,Planned,Execution,06-10-2028,11-10-2028,188869.08,0.0,FieldCore,Sarah Miller,False
WV_MO_2028,West Valley Peaker,PRJ-WV-MA-1163,HP Shell Removal - Area 2,Steam Turbine,,Planned,Execution,08-10-2028,13-10-2028,171943.32,0.0,United Rentals,Sarah Miller,False
WV_MO_2028,West Valley Peaker,PRJ-WV-MA-1164,Catalyst Sample - Area 3,HRSG,,Planned,Execution,05-10-2028,10-10-2028,157218.09,0.0,EthosEnergy,Sarah Miller,False
WV_MO_2028,West Valley Peaker,PRJ-WV-MA-1165,Combustion Swap - Area 3,Gas Turbine,,Planned,Execution,06-10-2028,11-10-2028,188890.54,0.0,BrandSafway,Sarah Miller,False
WV_MO_2028,West Valley Peaker,PRJ-WV-MA-1166,Robotic Insp - Area 3,Generator,,Planned,Execution,07-10-2028,12-10-2028,144976.98,0.0,GE Vernova,Sarah Miller,False
WV_MO_2028,West Valley Peaker,PRJ-WV-MA-1167,Exciter Diode Check - Area 1,Generator,,Planned,Execution,06-10-2028,11-10-2028,182957.61,0.0,Local Union 55,Sarah Miller,False
WV_MO_2028,West Valley Peaker,PRJ-WV-MA-1168,Turbine Shell Lift - Area 1,Gas Turbine,,Planned,Execution,07-10-2028,12-10-2028,145222.42,0.0,GE Vernova,Sarah Miller,False
WV_MO_2028,West Valley Peaker,PRJ-WV-MA-1169,Bucket Exchange - Area 2,Gas Turbine,,Planned,Execution,05-10-2028,10-10-2028,149199.82,0.0,FieldCore,Sarah Miller,False
WV_MO_2028,West Valley Peaker,PRJ-WV-MA-1170,Wedge Check - Area 2,Generator,,Planned,Execution,06-10-2028,11-10-2028,189396.37,0.0,United Rentals,Sarah Miller,False
WV_MO_2028,West Valley Peaker,PRJ-WV-MA-1171,Diaphragm Clean - Area 2,Steam Turbine,,Planned,Execution,08-10-2028,13-10-2028,144377.41,0.0,United Rentals,Sarah Miller,False
WV_MO_2028,West Valley Peaker,PRJ-WV-MA-1172,Transformer Oil - Area 3,BOP,,Planned,Execution,07-10-2028,12-10-2028,166588.04,0.0,FieldCore,Sarah Miller,False
WV_MO_2028,West Valley Peaker,PRJ-WV-MA-1173,Robotic Insp - Area 3,Generator,,Planned,Execution,05-10-2028,10-10-2028,163706.55,0.0,GE Vernova,Sarah Miller,False
WV_MO_2028,West Valley Peaker,PRJ-WV-MA-1174,Turbine Shell Lift - Area 3,Gas Turbine,,Planned,Execution,08-10-2028,13-10-2028,163673.75,0.0,FieldCore,Sarah Miller,False
WV_MO_2028,West Valley Peaker,PRJ-WV-MA-1175,Exciter Diode Check - Area 4,Generator,,Planned,Execution,06-10-2028,11-10-2028,164591.05,0.0,FieldCore,Sarah Miller,False
WV_MO_2028,West Valley Peaker,PRJ-WV-MA-1176,Robotic Insp - Area 4,Generator,,Planned,Execution,07-10-2028,12-10-2028,154122.63,0.0,GE Vernova,Sarah Miller,False
WV_MO_2028,West Valley Peaker,PRJ-WV-MA-1177,Compressor Blade Insp - Area 1,Gas Turbine,,Planned,Execution,08-10-2028,13-10-2028,190444.69,0.0,GE Vernova,Sarah Miller,False
WV_MO_2028,West Valley Peaker,PRJ-WV-MA-1178,Circ Pump Rebuild - Area 1,BOP,,Planned,Execution,07-10-2028,12-10-2028,162719.17,0.0,GE Vernova,Sarah Miller,False
WV_MO_2028,West Valley Peaker,PRJ-WV-MA-1179,IGV Bushing - Area 1,Gas Turbine,,Planned,Execution,07-10-2028,12-10-2028,131397.78,0.0,APM,Sarah Miller,False
WV_MO_2028,West Valley Peaker,PRJ-WV-MA-1180,Drum Insp - Area 2,HRSG,,Planned,Execution,08-10-2028,13-10-2028,136012.24,0.0,EthosEnergy,Sarah Miller,False
WV_MO_2028,West Valley Peaker,PRJ-WV-MA-1181,Stop Valve Insp - Area 2,Steam Turbine,,Planned,Execution,08-10-2028,13-10-2028,141426.07,0.0,Local Union 55,Sarah Miller,False
WV_MO_2028,West Valley Peaker,PRJ-WV-MA-1182,Inlet Filter - Area 2,Gas Turbine,,Planned,Execution,08-10-2028,13-10-2028,144461.28,0.0,EthosEnergy,Sarah Miller,False
WV_MO_2028,West Valley Peaker,PRJ-WV-MA-1183,Condenser Clean - Area 4,BOP,,Planned,Execution,05-10-2028,10-10-2028,157092.75,0.0,EthosEnergy,Sarah Miller,False
WV_MO_2028,West Valley Peaker,PRJ-WV-MA-1184,Control Valve Lapping - Area 3,Steam Turbine,,Planned,Execution,07-10-2028,12-10-2028,130388.68,0.0,Local Union 55,Sarah Miller,False
WV_MO_2028,West Valley Peaker,PRJ-WV-MA-1185,Exciter Diode Check - Area 3,Generator,,Planned,Execution,08-10-2028,13-10-2028,159049.51,0.0,Local Union 55,Sarah Miller,False
WV_MO_2028,West Valley Peaker,PRJ-WV-MA-1186,Wedge Check - Area 2,Generator,,Planned,Execution,05-10-2028,10-10-2028,191047.53,0.0,United Rentals,Sarah Miller,False
WV_MO_2028,West Valley Peaker,PRJ-WV-MA-1187,Exciter Diode Check - Area 1,Generator,,Planned,Execution,08-10-2028,13-10-2028,185645.48,0.0,APM,Sarah Miller,False
WV_MO_2028,West Valley Peaker,PRJ-WV-MA-1188,IGV Bushing - Area 3,Gas Turbine,,Planned,Execution,06-10-2028,11-10-2028,138502.79,0.0,Mistras Group,Sarah Miller,False
WV_MO_2028,West Valley Peaker,PRJ-WV-MA-1189,Bucket Exchange - Area 4,Gas Turbine,,Planned,Execution,05-10-2028,10-10-2028,174642.3,0.0,GE Vernova,Sarah Miller,False
WV_MO_2028,West Valley Peaker,PRJ-WV-MA-1190,Combustion Swap - Area 3,Gas Turbine,,Planned,Execution,08-10-2028,13-10-2028,147672.08,0.0,EthosEnergy,Sarah Miller,False
WV_MO_2028,West Valley Peaker,PRJ-WV-MA-1191,Wedge Check - Area 2,Generator,,Planned,Execution,06-10-2028,11-10-2028,188275.84,0.0,APM,Sarah Miller,False
WV_MO_2028,West Valley Peaker,PRJ-WV-MA-1192,LP Hood Open - Area 2,Steam Turbine,,Planned,Execution,08-10-2028,13-10-2028,135940.29,0.0,United Rentals,Sarah Miller,False
WV_MO_2028,West Valley Peaker,PRJ-WV-MA-1193,Exciter Diode Check - Area 4,Generator,,Planned,Execution,05-10-2028,10-10-2028,157088.33,0.0,FieldCore,Sarah Miller,False
WV_MO_2028,West Valley Peaker,PRJ-WV-MA-1194,Control Valve Lapping - Area 4,Steam Turbine,,Planned,Execution,06-10-2028,11-10-2028,150397.69,0.0,Local Union 55,Sarah Miller,False
WV_MO_2028,West Valley Peaker,PRJ-WV-MA-1195,Safety Audit - Area 4,Safety,,Planned,Execution,06-10-2028,11-10-2028,147535.5,0.0,FieldCore,Sarah Miller,False
WV_MO_2028,West Valley Peaker,PRJ-WV-MA-1196,Inlet Filter - Area 2,Gas Turbine,,Planned,Execution,08-10-2028,13-10-2028,176136.75,0.0,Siemens Energy,Sarah Miller,False
WV_MO_2028,West Valley Peaker,PRJ-WV-MA-1197,Stack Damper - Area 1,HRSG,,Planned,Execution,07-10-2028,12-10-2028,168615.04,0.0,APM,Sarah Miller,False
WV_MO_2028,West Valley Peaker,PRJ-WV-MA-1198,Air Monitoring - Area 2,Safety,,Planned,Execution,07-10-2028,12-10-2028,151738.92,0.0,GE Vernova,Sarah Miller,False
WV_MO_2028,West Valley Peaker,PRJ-WV-MA-1199,LP Hood Open - Area 1,Steam Turbine,,Planned,Execution,07-10-2028,12-10-2028,162071.48,0.0,BrandSafway,Sarah Miller,False
WV_MO_2028,West Valley Peaker,PRJ-WV-MA-1200,Exciter Diode Check - Area 2,Generator,,Planned,Execution,07-10-2028,12-10-2028,161822.09,0.0,GE Vernova,Sarah Miller,False
WV_MO_2028,West Valley Peaker,PRJ-WV-MA-1201,Bucket Exchange - Area 4,Gas Turbine,,Planned,Execution,06-10-2028,11-10-2028,155042.66,0.0,EthosEnergy,Sarah Miller,False
WV_MO_2028,West Valley Peaker,PRJ-WV-MA-1202,Turbine Shell Lift - Area 4,Gas Turbine,,Planned,Execution,07-10-2028,12-10-2028,173604.1,0.0,APM,Sarah Miller,False
WV_MO_2028,West Valley Peaker,PRJ-WV-MA-1203,Drum Insp - Area 4,HRSG,,Planned,Execution,08-10-2028,13-10-2028,177957.28,0.0,BrandSafway,Sarah Miller,False
WV_MO_2028,West Valley Peaker,PRJ-WV-MA-1204,Robotic Insp - Area 4,Generator,,Planned,Execution,08-10-2028,13-10-2028,152407.36,0.0,Mistras Group,Sarah Miller,False
WV_MO_2028,West Valley Peaker,PRJ-WV-MA-1205,Diaphragm Clean - Area 4,Steam Turbine,,Planned,Execution,06-10-2028,11-10-2028,178449.48,0.0,United Rentals,Sarah Miller,False
WV_MO_2028,West Valley Peaker,PRJ-WV-MA-1206,Confined Space Setup - Area 4,Safety,,Planned,Execution,06-10-2028,11-10-2028,167688.1,0.0,EthosEnergy,Sarah Miller,False
WV_MO_2028,West Valley Peaker,PRJ-WV-MA-1207,Confined Space Setup - Area 4,Safety,,Planned,Execution,08-10-2028,13-10-2028,191036.67,0.0,APM,Sarah Miller,False
WV_MO_2028,West Valley Peaker,PRJ-WV-MA-1208,Combustion Swap - Area 4,Gas Turbine,,Planned,Execution,05-10-2028,10-10-2028,178355.71,0.0,BrandSafway,Sarah Miller,False
WV_MO_2028,West Valley Peaker,PRJ-WV-MA-1209,Safety Audit - Area 4,Safety,,Planned,Execution,07-10-2028,12-10-2028,138604.35,0.0,EthosEnergy,Sarah Miller,False
WV_MO_2028,West Valley Peaker,PRJ-WV-MA-1210,Diaphragm Clean - Area 3,Steam Turbine,,Planned,Execution,07-10-2028,12-10-2028,131117.62,0.0,BrandSafway,Sarah Miller,False
WV_MO_2028,West Valley Peaker,PRJ-WV-MA-1211,LOTO Walkdown - Area 2,Safety,,Planned,Execution,07-10-2028,12-10-2028,177157.9,0.0,Mistras Group,Sarah Miller,False
WV_MO_2028,West Valley Peaker,PRJ-WV-MA-1212,Stop Valve Insp - Area 2,Steam Turbine,,Planned,Execution,08-10-2028,13-10-2028,162784.94,0.0,United Rentals,Sarah Miller,False
WV_MO_2028,West Valley Peaker,PRJ-WV-MA-1213,Confined Space Setup - Area 1,Safety,,Planned,Execution,06-10-2028,11-10-2028,184966.27,0.0,FieldCore,Sarah Miller,False
WV_MO_2028,West Valley Peaker,PRJ-WV-MA-1214,Compressor Blade Insp - Area 1,Gas Turbine,,Planned,Execution,06-10-2028,11-10-2028,176587.01,0.0,APM,Sarah Miller,False
WV_MO_2028,West Valley Peaker,PRJ-WV-MA-1215,Stop Valve Insp - Area 4,Steam Turbine,,Planned,Execution,06-10-2028,11-10-2028,133619.72,0.0,United Rentals,Sarah Miller,False
WV_MO_2028,West Valley Peaker,PRJ-WV-MA-1216,Circ Pump Rebuild - Area 1,BOP,,Planned,Execution,06-10-2028,11-10-2028,176276.73,0.0,Local Union 55,Sarah Miller,False
WV_MO_2028,West Valley Peaker,PRJ-WV-MA-1217,Condenser Clean - Area 1,BOP,,Planned,Execution,07-10-2028,12-10-2028,166689.83,0.0,Mistras Group,Sarah Miller,False
WV_MO_2028,West Valley Peaker,PRJ-WV-MA-1218,Catalyst Sample - Area 1,HRSG,,Planned,Execution,08-10-2028,13-10-2028,143135.36,0.0,EthosEnergy,Sarah Miller,False
WV_MO_2028,West Valley Peaker,PRJ-WV-MA-1219,Switchgear Test - Area 2,BOP,,Planned,Execution,06-10-2028,11-10-2028,185378.9,0.0,Mistras Group,Sarah Miller,False
WV_MO_2028,West Valley Peaker,PRJ-WV-MA-1220,Diaphragm Clean - Area 1,Steam Turbine,,Planned,Execution,06-10-2028,11-10-2028,139196.09,0.0,GE Vernova,Sarah Miller,False
WV_MO_2028,West Valley Peaker,PRJ-WV-MA-1221,LOTO Walkdown - Area 4,Safety,,Planned,Execution,08-10-2028,13-10-2028,142920.83,0.0,Local Union 55,Sarah Miller,False
WV_MO_2028,West Valley Peaker,PRJ-WV-MA-1222,Drum Insp - Area 1,HRSG,,Planned,Execution,06-10-2028,11-10-2028,184785.86,0.0,Mistras Group,Sarah Miller,False
WV_MO_2028,West Valley Peaker,PRJ-WV-MA-1223,Condenser Clean - Area 3,BOP,,Planned,Execution,08-10-2028,13-10-2028,155750.89,0.0,BrandSafway,Sarah Miller,False
WV_MO_2028,West Valley Peaker,PRJ-WV-MA-1224,Diaphragm Clean - Area 2,Steam Turbine,,Planned,Execution,08-10-2028,13-10-2028,163370.78,0.0,BrandSafway,Sarah Miller,False
WV_MO_2028,West Valley Peaker,PRJ-WV-MA-1225,Cooling Tower Fill - Area 2,BOP,,Planned,Execution,05-10-2028,10-10-2028,185225.29,0.0,Mistras Group,Sarah Miller,False
WV_MO_2028,West Valley Peaker,PRJ-WV-MA-1226,Drum Insp - Area 1,HRSG,,Planned,Execution,06-10-2028,11-10-2028,161425.89,0.0,BrandSafway,Sarah Miller,False
WV_MO_2028,West Valley Peaker,PRJ-WV-MA-1227,HP Shell Removal - Area 4,Steam Turbine,,Planned,Execution,07-10-2028,12-10-2028,159904.35,0.0,EthosEnergy,Sarah Miller,False
WV_MO_2028,West Valley Peaker,PRJ-WV-MA-1228,Drum Insp - Area 2,HRSG,,Planned,Execution,08-10-2028,13-10-2028,138846.39,0.0,GE Vernova,Sarah Miller,False
WV_MO_2028,West Valley Peaker,PRJ-WV-MA-1229,Wedge Check - Area 4,Generator,,Planned,Execution,07-10-2028,12-10-2028,171634.86,0.0,BrandSafway,Sarah Miller,False
WV_MO_2028,West Valley Peaker,PRJ-WV-MA-1230,Exciter Diode Check - Area 4,Generator,,Planned,Execution,05-10-2028,10-10-2028,183941.44,0.0,EthosEnergy,Sarah Miller,False
WV_MO_2028,West Valley Peaker,PRJ-WV-MA-1231,Tube Thickness Check - Area 2,HRSG,,Planned,Execution,06-10-2028,11-10-2028,152240.46,0.0,Mistras Group,Sarah Miller,False
WV_MO_2028,West Valley Peaker,PRJ-WV-MA-1232,Robotic Insp - Area 2,Generator,,Planned,Execution,06-10-2028,11-10-2028,175782.61,0.0,BrandSafway,Sarah Miller,False
WV_MO_2028,West Valley Peaker,PRJ-WV-MA-1233,Air Monitoring - Area 1,Safety,,Planned,Execution,08-10-2028,13-10-2028,146807.59,0.0,Mistras Group,Sarah Miller,False
WV_MO_2028,West Valley Peaker,PRJ-WV-MA-1234,LP Hood Open - Area 4,Steam Turbine,,Planned,Execution,08-10-2028,13-10-2028,171407.84,0.0,Local Union 55,Sarah Miller,False
WV_MO_2028,West Valley Peaker,PRJ-WV-MA-1235,Circ Pump Rebuild - Area 1,BOP,,Planned,Execution,06-10-2028,11-10-2028,181063.38,0.0,United Rentals,Sarah Miller,False
WV_MO_2028,West Valley Peaker,PRJ-WV-MA-1236,Wedge Check - Area 4,Generator,,Planned,Execution,05-10-2028,10-10-2028,147566.35,0.0,APM,Sarah Miller,False
WV_MO_2028,West Valley Peaker,PRJ-WV-MA-1237,Drum Insp - Area 4,HRSG,,Planned,Execution,06-10-2028,11-10-2028,172465.31,0.0,GE Vernova,Sarah Miller,False
WV_MO_2028,West Valley Peaker,PRJ-WV-MA-1238,Circ Pump Rebuild - Area 4,BOP,,Planned,Execution,08-10-2028,13-10-2028,139373.77,0.0,FieldCore,Sarah Miller,False
WV_MO_2028,West Valley Peaker,PRJ-WV-MA-1239,LP Hood Open - Area 4,Steam Turbine,,Planned,Execution,08-10-2028,13-10-2028,176253.33,0.0,Local Union 55,Sarah Miller,False
WV_MO_2028,West Valley Peaker,PRJ-WV-MA-1240,Circ Pump Rebuild - Area 2,BOP,,Planned,Execution,08-10-2028,13-10-2028,145418.99,0.0,Local Union 55,Sarah Miller,False
WV_MO_2028,West Valley Peaker,PRJ-WV-MA-1241,Air Monitoring - Area 4,Safety,,Planned,Execution,08-10-2028,13-10-2028,143289.88,0.0,EthosEnergy,Sarah Miller,False
WV_MO_2028,West Valley Peaker,PRJ-WV-MA-1242,Diaphragm Clean - Area 1,Steam Turbine,,Planned,Execution,08-10-2028,13-10-2028,167256.07,0.0,GE Vernova,Sarah Miller,False
WV_MO_2028,West Valley Peaker,PRJ-WV-MA-1243,Condenser Clean - Area 2,BOP,,Planned,Execution,07-10-2028,12-10-2028,177007.55,0.0,Siemens Energy,Sarah Miller,False
WV_MO_2028,West Valley Peaker,PRJ-WV-MA-1244,Wedge Check - Area 2,Generator,,Planned,Execution,06-10-2028,11-10-2028,168179.45,0.0,Local Union 55,Sarah Miller,False
WV_MO_2028,West Valley Peaker,PRJ-WV-MA-1245,Air Monitoring - Area 1,Safety,,Planned,Execution,08-10-2028,13-10-2028,194117.15,0.0,Local Union 55,Sarah Miller,False
WV_MO_2028,West Valley Peaker,PRJ-WV-MA-1246,LOTO Walkdown - Area 4,Safety,,Planned,Execution,06-10-2028,11-10-2028,132565.66,0.0,GE Vernova,Sarah Miller,False
WV_MO_2028,West Valley Peaker,PRJ-WV-MA-1247,LOTO Walkdown - Area 2,Safety,,Planned,Execution,06-10-2028,11-10-2028,169757.67,0.0,Siemens Energy,Sarah Miller,False
WV_MO_2028,West Valley Peaker,PRJ-WV-MA-1248,Air Monitoring - Area 3,Safety,,Planned,Execution,06-10-2028,11-10-2028,164887.21,0.0,GE Vernova,Sarah Miller,False
WV_MO_2028,West Valley Peaker,PRJ-WV-MA-1249,Stack Damper - Area 4,HRSG,,Planned,Execution,06-10-2028,11-10-2028,147049.54,0.0,Mistras Group,Sarah Miller,False
WV_MO_2028,West Valley Peaker,PRJ-WV-MA-1250,Wedge Check - Area 1,Generator,,Planned,Execution,07-10-2028,12-10-2028,181274.41,0.0,Siemens Energy,Sarah Miller,False
WV_MO_2028,West Valley Peaker,PRJ-WV-MA-1251,LP Hood Open - Area 4,Steam Turbine,,Planned,Execution,08-10-2028,13-10-2028,176334.75,0.0,EthosEnergy,Sarah Miller,False
WV_MO_2028,West Valley Peaker,PRJ-WV-MA-1252,Confined Space Setup - Area 4,Safety,,Planned,Execution,08-10-2028,13-10-2028,161822.22,0.0,FieldCore,Sarah Miller,False
WV_MO_2028,West Valley Peaker,PRJ-WV-MA-1253,Air Monitoring - Area 1,Safety,,Planned,Execution,07-10-2028,12-10-2028,130110.24,0.0,BrandSafway,Sarah Miller,False
WV_MO_2028,West Valley Peaker,PRJ-WV-MA-1254,Air Monitoring - Area 4,Safety,,Planned,Execution,05-10-2028,10-10-2028,142390.1,0.0,APM,Sarah Miller,False
WV_MO_2028,West Valley Peaker,PRJ-WV-MA-1255,Robotic Insp - Area 3,Generator,,Planned,Execution,07-10-2028,12-10-2028,191353.71,0.0,Local Union 55,Sarah Miller,False
WV_MO_2028,West Valley Peaker,PRJ-WV-MA-1256,Wedge Check - Area 4,Generator,,Planned,Execution,07-10-2028,12-10-2028,184908.6,0.0,Local Union 55,Sarah Miller,False
WV_MO_2028,West Valley Peaker,PRJ-WV-MA-1257,Compressor Blade Insp - Area 1,Gas Turbine,,Planned,Execution,06-10-2028,11-10-2028,138840.51,0.0,EthosEnergy,Sarah Miller,False
WV_MO_2028,West Valley Peaker,PRJ-WV-MA-1258,LOTO Walkdown - Area 2,Safety,,Planned,Execution,08-10-2028,13-10-2028,157587.6,0.0,GE Vernova,Sarah Miller,False
WV_MO_2028,West Valley Peaker,PRJ-WV-MA-1259,Exciter Diode Check - Area 2,Generator,,Planned,Execution,06-10-2028,11-10-2028,177007.31,0.0,Local Union 55,Sarah Miller,False
WV_MO_2028,West Valley Peaker,PRJ-WV-MA-1260,Stop Valve Insp - Area 4,Steam Turbine,,Planned,Execution,07-10-2028,12-10-2028,165340.76,0.0,APM,Sarah Miller,False
WV_MO_2028,West Valley Peaker,PRJ-WV-MA-1261,Wedge Check - Area 1,Generator,,Planned,Execution,06-10-2028,11-10-2028,155271.51,0.0,United Rentals,Sarah Miller,False
WV_MO_2028,West Valley Peaker,PRJ-WV-MA-1262,Transformer Oil - Area 4,BOP,,Planned,Execution,05-10-2028,10-10-2028,173347.45,0.0,EthosEnergy,Sarah Miller,False
WV_MO_2028,West Valley Peaker,PRJ-WV-MA-1263,Confined Space Setup - Area 4,Safety,,Planned,Execution,05-10-2028,10-10-2028,188597.26,0.0,FieldCore,Sarah Miller,False
WV_MO_2028,West Valley Peaker,PRJ-WV-MA-1264,HP Shell Removal - Area 4,Steam Turbine,,Planned,Execution,05-10-2028,10-10-2028,166988.84,0.0,BrandSafway,Sarah Miller,False
WV_MO_2028,West Valley Peaker,PRJ-WV-MA-1265,Tube Thickness Check - Area 2,HRSG,,Planned,Execution,05-10-2028,10-10-2028,186125.86,0.0,FieldCore,Sarah Miller,False
WV_MO_2028,West Valley Peaker,PRJ-WV-MA-1266,Bucket Exchange - Area 2,Gas Turbine,,Planned,Execution,07-10-2028,12-10-2028,145683.91,0.0,Mistras Group,Sarah Miller,False
WV_MO_2028,West Valley Peaker,PRJ-WV-MA-1267,Circ Pump Rebuild - Area 4,BOP,,Planned,Execution,06-10-2028,11-10-2028,180400.1,0.0,APM,Sarah Miller,False
WV_MO_2028,West Valley Peaker,PRJ-WV-MA-1268,LOTO Walkdown - Area 3,Safety,,Planned,Execution,07-10-2028,12-10-2028,147870.92,0.0,BrandSafway,Sarah Miller,False
WV_MO_2028,West Valley Peaker,PRJ-WV-MA-1269,Circ Pump Rebuild - Area 3,BOP,,Planned,Execution,05-10-2028,10-10-2028,193858.42,0.0,BrandSafway,Sarah Miller,False
WV_MO_2028,West Valley Peaker,PRJ-WV-MA-1270,Condenser Clean - Area 2,BOP,,Planned,Execution,08-10-2028,13-10-2028,191053.47,0.0,Siemens Energy,Sarah Miller,False
WV_MO_2028,West Valley Peaker,PRJ-WV-MA-1271,Wedge Check - Area 4,Generator,,Planned,Execution,07-10-2028,12-10-2028,184648.57,0.0,United Rentals,Sarah Miller,False
WV_MO_2028,West Valley Peaker,PRJ-WV-MA-1272,Diaphragm Clean - Area 4,Steam Turbine,,Planned,Execution,08-10-2028,13-10-2028,187629.53,0.0,GE Vernova,Sarah Miller,False
WV_MO_2028,West Valley Peaker,PRJ-WV-MA-1273,Wedge Check - Area 3,Generator,,Planned,Execution,07-10-2028,12-10-2028,190515.91,0.0,GE Vernova,Sarah Miller,False
WV_MO_2028,West Valley Peaker,PRJ-WV-MA-1274,Circ Pump Rebuild - Area 3,BOP,,Planned,Execution,06-10-2028,11-10-2028,173926.68,0.0,EthosEnergy,Sarah Miller,False
WV_MO_2028,West Valley Peaker,PRJ-WV-MA-1275,Robotic Insp - Area 3,Generator,,Planned,Execution,05-10-2028,10-10-2028,182128.22,0.0,GE Vernova,Sarah Miller,False
WV_MO_2028,West Valley Peaker,PRJ-WV-MA-1276,Stop Valve Insp - Area 4,Steam Turbine,,Planned,Execution,06-10-2028,11-10-2028,151904.14,0.0,BrandSafway,Sarah Miller,False
WV_MO_2028,West Valley Peaker,PRJ-WV-MA-1277,Robotic Insp - Area 4,Generator,,Planned,Execution,07-10-2028,12-10-2028,158805.76,0.0,GE Vernova,Sarah Miller,False
WV_MO_2028,West Valley Peaker,PRJ-WV-MA-1278,Catalyst Sample - Area 2,HRSG,,Planned,Execution,06-10-2028,11-10-2028,161636.07,0.0,Mistras Group,Sarah Miller,False
WV_MO_2028,West Valley Peaker,PRJ-WV-MA-1279,Safety Audit - Area 2,Safety,,Planned,Execution,08-10-2028,13-10-2028,177937.68,0.0,FieldCore,Sarah Miller,False
WV_MO_2028,West Valley Peaker,PRJ-WV-MA-1280,Transformer Oil - Area 1,BOP,,Planned,Execution,08-10-2028,13-10-2028,154145.77,0.0,Siemens Energy,Sarah Miller,False
WV_MO_2028,West Valley Peaker,PRJ-WV-MA-1281,Catalyst Sample - Area 4,HRSG,,Planned,Execution,06-10-2028,11-10-2028,173488.64,0.0,Local Union 55,Sarah Miller,False
WV_MO_2028,West Valley Peaker,PRJ-WV-MA-1282,Circ Pump Rebuild - Area 3,BOP,,Planned,Execution,07-10-2028,12-10-2028,163310.77,0.0,BrandSafway,Sarah Miller,False
WV_MO_2028,West Valley Peaker,PRJ-WV-MA-1283,Bucket Exchange - Area 3,Gas Turbine,,Planned,Execution,08-10-2028,13-10-2028,169033.46,0.0,United Rentals,Sarah Miller,False
WV_MO_2028,West Valley Peaker,PRJ-WV-MA-1284,Stack Damper - Area 1,HRSG,,Planned,Execution,07-10-2028,12-10-2028,134579.98,0.0,APM,Sarah Miller,False
WV_MO_2028,West Valley Peaker,PRJ-WV-MA-1285,Wedge Check - Area 2,Generator,,Planned,Execution,07-10-2028,12-10-2028,188907.76,0.0,FieldCore,Sarah Miller,False
WV_MO_2028,West Valley Peaker,PRJ-WV-MA-1286,Compressor Blade Insp - Area 1,Gas Turbine,,Planned,Execution,07-10-2028,12-10-2028,164000.79,0.0,Mistras Group,Sarah Miller,False
WV_MO_2028,West Valley Peaker,PRJ-WV-MA-1287,Air Monitoring - Area 3,Safety,,Planned,Execution,05-10-2028,10-10-2028,167450.87,0.0,Local Union 55,Sarah Miller,False
WV_MO_2028,West Valley Peaker,PRJ-WV-MA-1288,Safety Audit - Area 4,Safety,,Planned,Execution,08-10-2028,13-10-2028,134246.79,0.0,APM,Sarah Miller,False
WV_MO_2028,West Valley Peaker,PRJ-WV-MA-1289,Circ Pump Rebuild - Area 3,BOP,,Planned,Execution,07-10-2028,12-10-2028,152101.31,0.0,GE Vernova,Sarah Miller,False
WV_MO_2028,West Valley Peaker,PRJ-WV-MA-1290,Compressor Blade Insp - Area 2,Gas Turbine,,Planned,Execution,05-10-2028,10-10-2028,133265.47,0.0,GE Vernova,Sarah Miller,False
WV_MO_2028,West Valley Peaker,PRJ-WV-MA-1291,Cooling Tower Fill - Area 4,BOP,,Planned,Execution,05-10-2028,10-10-2028,163892.6,0.0,Local Union 55,Sarah Miller,False
WV_MO_2028,West Valley Peaker,PRJ-WV-MA-1292,Stack Damper - Area 2,HRSG,,Planned,Execution,08-10-2028,13-10-2028,150554.06,0.0,FieldCore,Sarah Miller,False
WV_MO_2028,West Valley Peaker,PRJ-WV-MA-1293,Wedge Check - Area 3,Generator,,Planned,Execution,06-10-2028,11-10-2028,132014.97,0.0,EthosEnergy,Sarah Miller,False
WV_MO_2028,West Valley Peaker,PRJ-WV-MA-1294,Air Monitoring - Area 2,Safety,,Planned,Execution,06-10-2028,11-10-2028,173342.21,0.0,EthosEnergy,Sarah Miller,False
WV_MO_2028,West Valley Peaker,PRJ-WV-MA-1295,Robotic Insp - Area 3,Generator,,Planned,Execution,06-10-2028,11-10-2028,166181.97,0.0,Local Union 55,Sarah Miller,False
WV_MO_2028,West Valley Peaker,PRJ-WV-MA-1296,Wedge Check - Area 2,Generator,,Planned,Execution,07-10-2028,12-10-2028,147245.88,0.0,GE Vernova,Sarah Miller,False
WV_MO_2028,West Valley Peaker,PRJ-WV-MA-1297,Air Monitoring - Area 1,Safety,,Planned,Execution,08-10-2028,13-10-2028,142639.57,0.0,Siemens Energy,Sarah Miller,False
WV_MO_2028,West Valley Peaker,PRJ-WV-MA-1298,Stack Damper - Area 4,HRSG,,Planned,Execution,08-10-2028,13-10-2028,137691.88,0.0,Mistras Group,Sarah Miller,False
WV_MO_2028,West Valley Peaker,PRJ-WV-MA-1299,Transformer Oil - Area 4,BOP,,Planned,Execution,05-10-2028,10-10-2028,166066.69,0.0,Mistras Group,Sarah Miller,False
WV_MO_2028,West Valley Peaker,PRJ-WV-MA-1300,Drum Insp - Area 4,HRSG,,Planned,Execution,06-10-2028,11-10-2028,159695.94,0.0,United Rentals,Sarah Miller,False
WV_MO_2028,West Valley Peaker,PRJ-WV-MA-1301,Robotic Insp - Area 1,Generator,,Planned,Execution,05-10-2028,10-10-2028,156155.71,0.0,United Rentals,Sarah Miller,False
WV_MO_2028,West Valley Peaker,PRJ-WV-MA-1302,Diaphragm Clean - Area 1,Steam Turbine,,Planned,Execution,06-10-2028,11-10-2028,190998.92,0.0,FieldCore,Sarah Miller,False
WV_MO_2028,West Valley Peaker,PRJ-WV-MA-1303,Condenser Clean - Area 3,BOP,,Planned,Execution,07-10-2028,12-10-2028,165703.15,0.0,GE Vernova,Sarah Miller,False
WV_MO_2028,West Valley Peaker,PRJ-WV-MA-1304,Catalyst Sample - Area 4,HRSG,,Planned,Execution,05-10-2028,10-10-2028,131365.27,0.0,EthosEnergy,Sarah Miller,False
WV_MO_2028,West Valley Peaker,PRJ-WV-MA-1305,Stop Valve Insp - Area 2,Steam Turbine,,Planned,Execution,08-10-2028,13-10-2028,178318.08,0.0,Siemens Energy,Sarah Miller,False
WV_MO_2028,West Valley Peaker,PRJ-WV-MA-1306,LP Hood Open - Area 4,Steam Turbine,,Planned,Execution,06-10-2028,11-10-2028,145250.74,0.0,Local Union 55,Sarah Miller,False
WV_MO_2028,West Valley Peaker,PRJ-WV-MA-1307,Rotor Insp - Area 3,Gas Turbine,,Planned,Execution,07-10-2028,12-10-2028,181552.48,0.0,United Rentals,Sarah Miller,False
WV_MO_2028,West Valley Peaker,PRJ-WV-MA-1308,Catalyst Sample - Area 1,HRSG,,Planned,Execution,07-10-2028,12-10-2028,183682.35,0.0,FieldCore,Sarah Miller,False
WV_MO_2028,West Valley Peaker,PRJ-WV-MA-1309,Stack Damper - Area 3,HRSG,,Planned,Execution,06-10-2028,11-10-2028,153985.21,0.0,Local Union 55,Sarah Miller,False
WV_MO_2028,West Valley Peaker,PRJ-WV-MA-1310,Confined Space Setup - Area 2,Safety,,Planned,Execution,05-10-2028,10-10-2028,187782.95,0.0,United Rentals,Sarah Miller,False
WV_MO_2028,West Valley Peaker,PRJ-WV-MA-1311,Circ Pump Rebuild - Area 1,BOP,,Planned,Execution,07-10-2028,12-10-2028,139890.64,0.0,Local Union 55,Sarah Miller,False
WV_MO_2028,West Valley Peaker,PRJ-WV-MA-1312,HP Shell Removal - Area 3,Steam Turbine,,Planned,Execution,07-10-2028,12-10-2028,172061.11,0.0,United Rentals,Sarah Miller,False
WV_MO_2028,West Valley Peaker,PRJ-WV-MA-1313,Control Valve Lapping - Area 3,Steam Turbine,,Planned,Execution,05-10-2028,10-10-2028,162891.89,0.0,EthosEnergy,Sarah Miller,False
WV_MO_2028,West Valley Peaker,PRJ-WV-MA-1314,Circ Pump Rebuild - Area 4,BOP,,Planned,Execution,07-10-2028,12-10-2028,137970.8,0.0,Local Union 55,Sarah Miller,False
WV_MO_2028,West Valley Peaker,PRJ-WV-MA-1315,Robotic Insp - Area 1,Generator,,Planned,Execution,05-10-2028,10-10-2028,137362.96,0.0,EthosEnergy,Sarah Miller,False
WV_MO_2028,West Valley Peaker,PRJ-WV-MA-1316,Rotor Insp - Area 2,Gas Turbine,,Planned,Execution,07-10-2028,12-10-2028,175412.11,0.0,EthosEnergy,Sarah Miller,False
WV_MO_2028,West Valley Peaker,PRJ-WV-MA-1317,Robotic Insp - Area 3,Generator,,Planned,Execution,06-10-2028,11-10-2028,173256.82,0.0,APM,Sarah Miller,False
WV_MO_2028,West Valley Peaker,PRJ-WV-MA-1318,LOTO Walkdown - Area 2,Safety,,Planned,Execution,08-10-2028,13-10-2028,179203.4,0.0,United Rentals,Sarah Miller,False
WV_MO_2028,West Valley Peaker,PRJ-WV-MA-1319,Stop Valve Insp - Area 3,Steam Turbine,,Planned,Execution,06-10-2028,11-10-2028,135534.37,0.0,APM,Sarah Miller,False
WV_MO_2028,West Valley Peaker,PRJ-WV-MA-1320,Rotor Insp - Area 2,Gas Turbine,,Planned,Execution,08-10-2028,13-10-2028,160572.49,0.0,FieldCore,Sarah Miller,False
WV_MO_2028,West Valley Peaker,PRJ-WV-MA-1321,Tube Thickness Check - Area 2,HRSG,,Planned,Execution,05-10-2028,10-10-2028,166293.63,0.0,FieldCore,Sarah Miller,False
WV_MO_2028,West Valley Peaker,PRJ-WV-MA-1322,Diaphragm Clean - Area 1,Steam Turbine,,Planned,Execution,07-10-2028,12-10-2028,140251.42,0.0,Local Union 55,Sarah Miller,False
WV_MO_2028,West Valley Peaker,PRJ-WV-MA-1323,Safety Audit - Area 3,Safety,,Planned,Execution,07-10-2028,12-10-2028,168270.05,0.0,BrandSafway,Sarah Miller,False
WV_MO_2028,West Valley Peaker,PRJ-WV-MA-1324,Inlet Filter - Area 2,Gas Turbine,,Planned,Execution,05-10-2028,10-10-2028,143946.08,0.0,United Rentals,Sarah Miller,False
WV_MO_2028,West Valley Peaker,PRJ-WV-MA-1325,LP Hood Open - Area 2,Steam Turbine,,Planned,Execution,08-10-2028,13-10-2028,170693.8,0.0,BrandSafway,Sarah Miller,False
WV_MO_2028,West Valley Peaker,PRJ-WV-MA-1326,Exciter Diode Check - Area 2,Generator,,Planned,Execution,08-10-2028,13-10-2028,153168.96,0.0,BrandSafway,Sarah Miller,False
WV_MO_2028,West Valley Peaker,PRJ-WV-MA-1327,Control Valve Lapping - Area 3,Steam Turbine,,Planned,Execution,08-10-2028,13-10-2028,181336.29,0.0,GE Vernova,Sarah Miller,False
WV_MO_2028,West Valley Peaker,PRJ-WV-MA-1328,Catalyst Sample - Area 1,HRSG,,Planned,Execution,05-10-2028,10-10-2028,156231.42,0.0,Mistras Group,Sarah Miller,False
WV_MO_2028,West Valley Peaker,PRJ-WV-MA-1329,Exciter Diode Check - Area 1,Generator,,Planned,Execution,06-10-2028,11-10-2028,162336.87,0.0,Siemens Energy,Sarah Miller,False
WV_MO_2028,West Valley Peaker,PRJ-WV-MA-1330,HP Shell Removal - Area 2,Steam Turbine,,Planned,Execution,06-10-2028,11-10-2028,184628.48,0.0,FieldCore,Sarah Miller,False
WV_MO_2028,West Valley Peaker,PRJ-WV-MA-1331,Transformer Oil - Area 2,BOP,,Planned,Execution,07-10-2028,12-10-2028,176162.59,0.0,EthosEnergy,Sarah Miller,False
WV_MO_2028,West Valley Peaker,PRJ-WV-MA-1332,Diaphragm Clean - Area 2,Steam Turbine,,Planned,Execution,06-10-2028,11-10-2028,131635.08,0.0,FieldCore,Sarah Miller,False
WV_MO_2028,West Valley Peaker,PRJ-WV-MA-1333,Stop Valve Insp - Area 2,Steam Turbine,,Planned,Execution,05-10-2028,10-10-2028,184006.14,0.0,APM,Sarah Miller,False
WV_MO_2028,West Valley Peaker,PRJ-WV-MA-1334,Circ Pump Rebuild - Area 4,BOP,,Planned,Execution,05-10-2028,10-10-2028,155996.0,0.0,Siemens Energy,Sarah Miller,False
WV_MO_2028,West Valley Peaker,PRJ-WV-MA-1335,Confined Space Setup - Area 4,Safety,,Planned,Execution,06-10-2028,11-10-2028,142076.2,0.0,BrandSafway,Sarah Miller,False
WV_MO_2028,West Valley Peaker,PRJ-WV-MA-1336,Air Monitoring - Area 3,Safety,,Planned,Execution,06-10-2028,11-10-2028,130466.8,0.0,APM,Sarah Miller,False
WV_MO_2028,West Valley Peaker,PRJ-WV-MA-1337,Tube Thickness Check - Area 2,HRSG,,Planned,Execution,05-10-2028,10-10-2028,192125.54,0.0,Local Union 55,Sarah Miller,False
WV_MO_2028,West Valley Peaker,PRJ-WV-MA-1338,Control Valve Lapping - Area 3,Steam Turbine,,Planned,Execution,06-10-2028,11-10-2028,173430.28,0.0,EthosEnergy,Sarah Miller,False
WV_MO_2028,West Valley Peaker,PRJ-WV-MA-1339,Exciter Diode Check - Area 4,Generator,,Planned,Execution,08-10-2028,13-10-2028,154506.63,0.0,EthosEnergy,Sarah Miller,False
WV_MO_2028,West Valley Peaker,PRJ-WV-MA-1340,Stack Damper - Area 3,HRSG,,Planned,Execution,05-10-2028,10-10-2028,143033.86,0.0,APM,Sarah Miller,False
WV_MO_2028,West Valley Peaker,PRJ-WV-MA-1341,Combustion Swap - Area 3,Gas Turbine,,Planned,Execution,06-10-2028,11-10-2028,163618.21,0.0,APM,Sarah Miller,False
WV_MO_2028,West Valley Peaker,PRJ-WV-MA-1342,Stop Valve Insp - Area 1,Steam Turbine,,Planned,Execution,08-10-2028,13-10-2028,182344.0,0.0,EthosEnergy,Sarah Miller,False
WV_MO_2028,West Valley Peaker,PRJ-WV-MA-1343,Inlet Filter - Area 3,Gas Turbine,,Planned,Execution,07-10-2028,12-10-2028,182479.06,0.0,Mistras Group,Sarah Miller,False
WV_MO_2028,West Valley Peaker,PRJ-WV-MA-1344,Air Monitoring - Area 3,Safety,,Planned,Execution,08-10-2028,13-10-2028,131522.2,0.0,APM,Sarah Miller,False
WV_MO_2028,West Valley Peaker,PRJ-WV-MA-1345,Diaphragm Clean - Area 2,Steam Turbine,,Planned,Execution,08-10-2028,13-10-2028,177716.2,0.0,Mistras Group,Sarah Miller,False
WV_MO_2028,West Valley Peaker,PRJ-WV-MA-1346,Diaphragm Clean - Area 1,Steam Turbine,,Planned,Execution,08-10-2028,13-10-2028,136417.79,0.0,United Rentals,Sarah Miller,False
WV_MO_2028,West Valley Peaker,PRJ-WV-MA-1347,Drum Insp - Area 4,HRSG,,Planned,Execution,08-10-2028,13-10-2028,156070.6,0.0,Siemens Energy,Sarah Miller,False
WV_MO_2028,West Valley Peaker,PRJ-WV-MA-1348,Condenser Clean - Area 1,BOP,,Planned,Execution,07-10-2028,12-10-2028,158603.42,0.0,Local Union 55,Sarah Miller,False
WV_MO_2028,West Valley Peaker,PRJ-WV-MA-1349,Tube Thickness Check - Area 4,HRSG,,Planned,Execution,08-10-2028,13-10-2028,144454.3,0.0,Mistras Group,Sarah Miller,False
WV_MO_2028,West Valley Peaker,PRJ-WV-MA-1350,Safety Audit - Area 1,Safety,,Planned,Execution,05-10-2028,10-10-2028,155677.05,0.0,Mistras Group,Sarah Miller,False
WV_MO_2028,West Valley Peaker,PRJ-WV-MA-1351,Safety Audit - Area 1,Safety,,Planned,Execution,05-10-2028,10-10-2028,164858.52,0.0,United Rentals,Sarah Miller,False
WV_MO_2028,West Valley Peaker,PRJ-WV-MA-1352,Stop Valve Insp - Area 2,Steam Turbine,,Planned,Execution,08-10-2028,13-10-2028,172407.1,0.0,FieldCore,Sarah Miller,False
WV_MO_2028,West Valley Peaker,PRJ-WV-MA-1353,LP Hood Open - Area 4,Steam Turbine,,Planned,Execution,08-10-2028,13-10-2028,183147.93,0.0,FieldCore,Sarah Miller,False
WV_MO_2028,West Valley Peaker,PRJ-WV-MA-1354,Cooling Tower Fill - Area 4,BOP,,Planned,Execution,08-10-2028,13-10-2028,168386.22,0.0,FieldCore,Sarah Miller,False
WV_MO_2028,West Valley Peaker,PRJ-WV-MA-1355,Wedge Check - Area 1,Generator,,Planned,Execution,07-10-2028,12-10-2028,185431.35,0.0,FieldCore,Sarah Miller,False
WV_MO_2028,West Valley Peaker,PRJ-WV-MA-1356,Compressor Blade Insp - Area 4,Gas Turbine,,Planned,Execution,06-10-2028,11-10-2028,161218.67,0.0,Siemens Energy,Sarah Miller,False
WV_MO_2028,West Valley Peaker,PRJ-WV-MA-1357,Stack Damper - Area 4,HRSG,,Planned,Execution,08-10-2028,13-10-2028,147589.19,0.0,EthosEnergy,Sarah Miller,False
WV_MO_2028,West Valley Peaker,PRJ-WV-MA-1358,Circ Pump Rebuild - Area 1,BOP,,Planned,Execution,08-10-2028,13-10-2028,193546.08,0.0,EthosEnergy,Sarah Miller,False
WV_MO_2028,West Valley Peaker,PRJ-WV-MA-1359,Confined Space Setup - Area 1,Safety,,Planned,Execution,06-10-2028,11-10-2028,141649.15,0.0,FieldCore,Sarah Miller,False
WV_MO_2028,West Valley Peaker,PRJ-WV-MA-1360,LP Hood Open - Area 2,Steam Turbine,,Planned,Execution,05-10-2028,10-10-2028,133537.95,0.0,Siemens Energy,Sarah Miller,False
WV_MO_2028,West Valley Peaker,PRJ-WV-MA-1361,HP Shell Removal - Area 1,Steam Turbine,,Planned,Execution,08-10-2028,13-10-2028,160628.42,0.0,Local Union 55,Sarah Miller,False
WV_MO_2028,West Valley Peaker,PRJ-WV-MA-1362,Compressor Blade Insp - Area 3,Gas Turbine,,Planned,Execution,06-10-2028,11-10-2028,178100.53,0.0,GE Vernova,Sarah Miller,False
WV_MO_2028,West Valley Peaker,PRJ-WV-MA-1363,Inlet Filter - Area 1,Gas Turbine,,Planned,Execution,08-10-2028,13-10-2028,193627.29,0.0,Mistras Group,Sarah Miller,False
WV_MO_2028,West Valley Peaker,PRJ-WV-MA-1364,IGV Bushing - Area 2,Gas Turbine,,Planned,Execution,06-10-2028,11-10-2028,175196.64,0.0,Local Union 55,Sarah Miller,False
WV_MO_2028,West Valley Peaker,PRJ-WV-MA-1365,Tube Thickness Check - Area 4,HRSG,,Planned,Execution,07-10-2028,12-10-2028,129465.34,0.0,Local Union 55,Sarah Miller,False
WV_MO_2028,West Valley Peaker,PRJ-WV-MA-1366,Confined Space Setup - Area 3,Safety,,Planned,Execution,08-10-2028,13-10-2028,161557.57,0.0,FieldCore,Sarah Miller,False
WV_MO_2028,West Valley Peaker,PRJ-WV-MA-1367,Air Monitoring - Area 1,Safety,,Planned,Execution,06-10-2028,11-10-2028,140183.11,0.0,FieldCore,Sarah Miller,False
WV_MO_2028,West Valley Peaker,PRJ-WV-MA-1368,Turbine Shell Lift - Area 2,Gas Turbine,,Planned,Execution,08-10-2028,13-10-2028,158076.23,0.0,Siemens Energy,Sarah Miller,False
WV_MO_2028,West Valley Peaker,PRJ-WV-MA-1369,Switchgear Test - Area 2,BOP,,Planned,Execution,08-10-2028,13-10-2028,164181.81,0.0,Local Union 55,Sarah Miller,False
WV_MO_2028,West Valley Peaker,PRJ-WV-MA-1370,Safety Audit - Area 4,Safety,,Planned,Execution,08-10-2028,13-10-2028,177283.6,0.0,Siemens Energy,Sarah Miller,False
WV_MO_2028,West Valley Peaker,PRJ-WV-MA-1371,Drum Insp - Area 1,HRSG,,Planned,Execution,05-10-2028,10-10-2028,193807.6,0.0,Mistras Group,Sarah Miller,False
WV_MO_2028,West Valley Peaker,PRJ-WV-MA-1372,Compressor Blade Insp - Area 2,Gas Turbine,,Planned,Execution,06-10-2028,11-10-2028,159642.12,0.0,APM,Sarah Miller,False
WV_MO_2028,West Valley Peaker,PRJ-WV-MA-1373,Safety Audit - Area 1,Safety,,Planned,Execution,07-10-2028,12-10-2028,152526.54,0.0,EthosEnergy,Sarah Miller,False
WV_MO_2028,West Valley Peaker,PRJ-WV-MA-1374,Transformer Oil - Area 1,BOP,,Planned,Execution,08-10-2028,13-10-2028,167637.69,0.0,Siemens Energy,Sarah Miller,False
WV_MO_2028,West Valley Peaker,PRJ-WV-MA-1375,LP Hood Open - Area 3,Steam Turbine,,Planned,Execution,05-10-2028,10-10-2028,162982.45,0.0,United Rentals,Sarah Miller,False
WV_MO_2028,West Valley Peaker,PRJ-WV-MA-1376,Robotic Insp - Area 3,Generator,,Planned,Execution,08-10-2028,13-10-2028,193500.0,0.0,Local Union 55,Sarah Miller,False
WV_MO_2028,West Valley Peaker,PRJ-WV-MA-1377,Robotic Insp - Area 3,Generator,,Planned,Execution,06-10-2028,11-10-2028,146960.08,0.0,Local Union 55,Sarah Miller,False
WV_MO_2028,West Valley Peaker,PRJ-WV-MA-1378,Exciter Diode Check - Area 3,Generator,,Planned,Execution,05-10-2028,10-10-2028,184045.05,0.0,APM,Sarah Miller,False
WV_MO_2028,West Valley Peaker,PRJ-WV-MA-1379,Safety Audit - Area 3,Safety,,Planned,Execution,08-10-2028,13-10-2028,174206.34,0.0,EthosEnergy,Sarah Miller,False
WV_MO_2028,West Valley Peaker,PRJ-WV-MA-1380,Combustion Swap - Area 4,Gas Turbine,,Planned,Execution,08-10-2028,13-10-2028,181247.36,0.0,FieldCore,Sarah Miller,False
WV_MO_2028,West Valley Peaker,PRJ-WV-MA-1381,Tube Thickness Check - Area 3,HRSG,,Planned,Execution,08-10-2028,13-10-2028,142177.3,0.0,GE Vernova,Sarah Miller,False
WV_MO_2028,West Valley Peaker,PRJ-WV-MA-1382,Wedge Check - Area 1,Generator,,Planned,Execution,06-10-2028,11-10-2028,158396.04,0.0,Siemens Energy,Sarah Miller,False
WV_MO_2028,West Valley Peaker,PRJ-WV-MA-1383,Tube Thickness Check - Area 2,HRSG,,Planned,Execution,08-10-2028,13-10-2028,160882.59,0.0,FieldCore,Sarah Miller,False
WV_MO_2028,West Valley Peaker,PRJ-WV-MA-1384,Air Monitoring - Area 4,Safety,,Planned,Execution,07-10-2028,12-10-2028,161262.53,0.0,GE Vernova,Sarah Miller,False
WV_MO_2028,West Valley Peaker,PRJ-WV-MA-1385,Tube Thickness Check - Area 4,HRSG,,Planned,Execution,06-10-2028,11-10-2028,137804.84,0.0,BrandSafway,Sarah Miller,False
WV_MO_2028,West Valley Peaker,PRJ-WV-MA-1386,Compressor Blade Insp - Area 2,Gas Turbine,,Planned,Execution,07-10-2028,12-10-2028,190098.44,0.0,Local Union 55,Sarah Miller,False
WV_MO_2028,West Valley Peaker,PRJ-WV-MA-1387,Cooling Tower Fill - Area 3,BOP,,Planned,Execution,06-10-2028,11-10-2028,188396.77,0.0,Siemens Energy,Sarah Miller,False
WV_MO_2028,West Valley Peaker,PRJ-WV-MA-1388,Transformer Oil - Area 3,BOP,,Planned,Execution,05-10-2028,10-10-2028,162505.15,0.0,GE Vernova,Sarah Miller,False
WV_MO_2028,West Valley Peaker,PRJ-WV-MA-1389,HP Shell Removal - Area 1,Steam Turbine,,Planned,Execution,07-10-2028,12-10-2028,148837.57,0.0,Mistras Group,Sarah Miller,False
WV_MO_2028,West Valley Peaker,PRJ-WV-MA-1390,HP Shell Removal - Area 2,Steam Turbine,,Planned,Execution,06-10-2028,11-10-2028,136735.64,0.0,BrandSafway,Sarah Miller,False
WV_MO_2028,West Valley Peaker,PRJ-WV-MA-1391,Safety Audit - Area 4,Safety,,Planned,Execution,06-10-2028,11-10-2028,178737.38,0.0,APM,Sarah Miller,False
WV_MO_2028,West Valley Peaker,PRJ-WV-MA-1392,Drum Insp - Area 2,HRSG,,Planned,Execution,08-10-2028,13-10-2028,173087.54,0.0,FieldCore,Sarah Miller,False
WV_MO_2028,West Valley Peaker,PRJ-WV-MA-1393,LP Hood Open - Area 4,Steam Turbine,,Planned,Execution,08-10-2028,13-10-2028,163226.92,0.0,BrandSafway,Sarah Miller,False
WV_MO_2028,West Valley Peaker,PRJ-WV-MA-1394,Catalyst Sample - Area 1,HRSG,,Planned,Execution,08-10-2028,13-10-2028,174723.3,0.0,Siemens Energy,Sarah Miller,False
WV_MO_2028,West Valley Peaker,PRJ-WV-MA-1395,Exciter Diode Check - Area 4,Generator,,Planned,Execution,06-10-2028,11-10-2028,144811.91,0.0,EthosEnergy,Sarah Miller,False
WV_MO_2028,West Valley Peaker,PRJ-WV-MA-1396,Catalyst Sample - Area 1,HRSG,,Planned,Execution,05-10-2028,10-10-2028,181527.61,0.0,Local Union 55,Sarah Miller,False
WV_MO_2028,West Valley Peaker,PRJ-WV-MA-1397,Cooling Tower Fill - Area 1,BOP,,Planned,Execution,05-10-2028,10-10-2028,167788.12,0.0,BrandSafway,Sarah Miller,False
WV_MO_2028,West Valley Peaker,PRJ-WV-MA-1398,IGV Bushing - Area 3,Gas Turbine,,Planned,Execution,05-10-2028,10-10-2028,163680.93,0.0,EthosEnergy,Sarah Miller,False
WV_MO_2028,West Valley Peaker,PRJ-WV-MA-1399,LOTO Walkdown - Area 2,Safety,,Planned,Execution,05-10-2028,10-10-2028,175431.65,0.0,FieldCore,Sarah Miller,False
WV_MO_2028,West Valley Peaker,PRJ-WV-MA-1400,HP Shell Removal - Area 4,Steam Turbine,,Planned,Execution,07-10-2028,12-10-2028,175373.75,0.0,APM,Sarah Miller,False
WV_MO_2028,West Valley Peaker,PRJ-WV-MA-1401,Circ Pump Rebuild - Area 4,BOP,,Planned,Execution,06-10-2028,11-10-2028,147010.88,0.0,Siemens Energy,Sarah Miller,False
WV_MO_2028,West Valley Peaker,PRJ-WV-MA-1402,T+1: Cooling Tower Fill Planning,BOP,,Planned,T+1,19-12-2028,18-01-2029,157559.85,0.0,Siemens Energy,Sarah Miller,False
WV_MO_2028,West Valley Peaker,PRJ-WV-MA-1403,T+1: LOTO Walkdown Planning,Safety,,Planned,T+1,21-12-2028,20-01-2029,183402.37,0.0,FieldCore,Sarah Miller,False
WV_MO_2028,West Valley Peaker,PRJ-WV-MA-1404,T+1: Catalyst Sample Planning,HRSG,,Planned,T+1,19-12-2028,18-01-2029,175055.63,0.0,Mistras Group,Sarah Miller,False
WV_MO_2028,West Valley Peaker,PRJ-WV-MA-1405,T+1: Robotic Insp Planning,Generator,,Planned,T+1,22-12-2028,21-01-2029,186251.03,0.0,EthosEnergy,Sarah Miller,False
WV_MO_2028,West Valley Peaker,PRJ-WV-MA-1406,T+1: Cooling Tower Fill Planning,BOP,,Planned,T+1,20-12-2028,19-01-2029,190743.32,0.0,Local Union 55,Sarah Miller,False
WV_MO_2028,West Valley Peaker,PRJ-WV-MA-1407,T+1: HP Shell Removal Planning,Steam Turbine,,Planned,T+1,22-12-2028,21-01-2029,159797.2,0.0,United Rentals,Sarah Miller,False
WV_MO_2028,West Valley Peaker,PRJ-WV-MA-1408,T+1: IGV Bushing Planning,Gas Turbine,,Planned,T+1,20-12-2028,19-01-2029,179326.36,0.0,Local Union 55,Sarah Miller,False
WV_MO_2028,West Valley Peaker,PRJ-WV-MA-1409,T+1: Condenser Clean Planning,BOP,,Planned,T+1,19-12-2028,18-01-2029,176541.12,0.0,Mistras Group,Sarah Miller,False
WV_MO_2028,West Valley Peaker,PRJ-WV-MA-1410,T+1: Switchgear Test Planning,BOP,,Planned,T+1,22-12-2028,21-01-2029,160687.68,0.0,APM,Sarah Miller,False
WV_MO_2028,West Valley Peaker,PRJ-WV-MA-1411,T+1: Diaphragm Clean Planning,Steam Turbine,,Planned,T+1,19-12-2028,18-01-2029,188008.35,0.0,GE Vernova,Sarah Miller,False
WV_MO_2028,West Valley Peaker,PRJ-WV-MA-1412,T+1: Robotic Insp Planning,Generator,,Planned,T+1,22-12-2028,21-01-2029,152429.7,0.0,APM,Sarah Miller,False
WV_MO_2028,West Valley Peaker,PRJ-WV-MA-1413,T+1: Condenser Clean Planning,BOP,,Planned,T+1,22-12-2028,21-01-2029,144761.05,0.0,EthosEnergy,Sarah Miller,False
WV_MO_2028,West Valley Peaker,PRJ-WV-MA-1414,T+1: Robotic Insp Planning,Generator,,Planned,T+1,20-12-2028,19-01-2029,190333.78,0.0,Local Union 55,Sarah Miller,False
WV_MO_2028,West Valley Peaker,PRJ-WV-MA-1415,T+1: Drum Insp Planning,HRSG,,Planned,T+1,21-12-2028,20-01-2029,188106.77,0.0,Mistras Group,Sarah Miller,False
WV_MO_2028,West Valley Peaker,PRJ-WV-MA-1416,T+1: Robotic Insp Planning,Generator,,Planned,T+1,22-12-2028,21-01-2029,171102.1,0.0,Local Union 55,Sarah Miller,False
WV_MO_2028,West Valley Peaker,PRJ-WV-MA-1417,T+1: IGV Bushing Planning,Gas Turbine,,Planned,T+1,19-12-2028,18-01-2029,169661.91,0.0,FieldCore,Sarah Miller,False
WV_MO_2028,West Valley Peaker,PRJ-WV-MA-1418,T+1: Circ Pump Rebuild Planning,BOP,,Planned,T+1,22-12-2028,21-01-2029,154704.4,0.0,FieldCore,Sarah Miller,False
WV_MO_2028,West Valley Peaker,PRJ-WV-MA-1419,T+1: Safety Audit Planning,Safety,,Planned,T+1,19-12-2028,18-01-2029,136602.19,0.0,United Rentals,Sarah Miller,False
WV_MO_2028,West Valley Peaker,PRJ-WV-MA-1420,T+1: IGV Bushing Planning,Gas Turbine,,Planned,T+1,20-12-2028,19-01-2029,149546.63,0.0,Siemens Energy,Sarah Miller,False
WV_MO_2028,West Valley Peaker,PRJ-WV-MA-1421,T+1: Stack Damper Planning,HRSG,,Planned,T+1,20-12-2028,19-01-2029,181139.18,0.0,Mistras Group,Sarah Miller,False
WV_MO_2028,West Valley Peaker,PRJ-WV-MA-1422,T+1: Rotor Insp Planning,Gas Turbine,,Planned,T+1,21-12-2028,20-01-2029,149728.35,0.0,GE Vernova,Sarah Miller,False
WV_MO_2028,West Valley Peaker,PRJ-WV-MA-1423,T+1: Robotic Insp Planning,Generator,,Planned,T+1,19-12-2028,18-01-2029,181354.45,0.0,EthosEnergy,Sarah Miller,False
WV_MO_2028,West Valley Peaker,PRJ-WV-MA-1424,T+1: Bucket Exchange Planning,Gas Turbine,,Planned,T+1,22-12-2028,21-01-2029,173239.86,0.0,Siemens Energy,Sarah Miller,False
